3024 3400
2 14 27 37 35 13 11 40 43 16 24 29 28 39 54 44 10 42 47 31 4 30 26 36 5 23 34 56 12 53 55 49 20 46 41 7 51 45 1 8 25 38 32 17 18 3 50 19 9 48 21 22 52 15 33 6
4 0 57 124 201 233 316 356 429 444 506 554 630 679 710 798 836 913 968 1017 1049 1118 1146 1202 1290 1314 1397 1446 1496 1552 1600 1627 1695 1757 1813 1862 1895 1989 2051 2071 2115 2171 2217 2284 2331 2382 2482 2509 2539 2620 2682 2744 2781 2808 2893 2939 3006
7 0 57 147 178 228 300 368 408 449 534 560 630 673 709 762 829 873 927 972 1073 1081 1145 1207 1264 1309 1373 1446 1511 1540 1600 1628 1689 1768 1833 1869 1924 1978 2023 2078 2155 2172 2242 2291 2372 2418 2468 2537 2577 2620 2651 2744 2757 2855 2909 2932 3006
7 0 57 160 185 220 307 368 421 435 526 554 609 682 740 774 818 896 944 1014 1072 1130 1179 1194 1264 1307 1367 1427 1498 1540 1602 1640 1695 1776 1811 1864 1915 1954 2023 2060 2155 2174 2247 2310 2323 2376 2461 2537 2545 2643 2659 2730 2772 2819 2910 2953 3004
7 0 59 145 196 223 311 356 399 463 517 584 643 699 713 786 823 883 937 976 1053 1119 1182 1240 1242 1297 1359 1420 1499 1528 1605 1644 1711 1771 1828 1839 1919 1967 2024 2076 2148 2178 2267 2278 2358 2421 2458 2534 2573 2605 2665 2705 2761 2820 2888 2931 3018
7 0 59 149 188 267 307 343 399 435 501 576 609 656 738 773 845 896 941 1024 1054 1103 1179 1192 1285 1307 1390 1453 1467 1543 1605 1640 1719 1728 1828 1868 1943 1987 2048 2091 2128 2190 2244 2278 2333 2424 2457 2510 2551 2597 2653 2714 2773 2809 2896 2931 3018
4 0 60 124 169 245 303 366 379 485 513 589 614 686 741 761 836 878 968 1003 1029 1111 1158 1197 1262 1331 1393 1436 1499 1549 1613 1624 1711 1746 1817 1842 1931 1967 2011 2100 2115 2212 2238 2284 2336 2401 2440 2496 2589 2613 2677 2748 2781 2808 2908 2961 2988
4 0 60 141 207 254 285 337 379 438 523 576 626 676 715 808 861 906 922 981 1037 1128 1159 1218 1260 1296 1390 1425 1502 1539 1613 1671 1723 1747 1817 1889 1913 1954 2010 2084 2128 2165 2255 2284 2362 2400 2432 2497 2564 2639 2674 2721 2784 2845 2870 2961 2988
7 0 60 148 205 246 280 366 425 459 502 576 638 689 753 765 814 885 966 997 1071 1093 1134 1193 1262 1348 1358 1420 1475 1549 1585 1647 1723 1756 1804 1860 1928 1959 2011 2102 2115 2196 2220 2301 2354 2407 2464 2496 2578 2627 2676 2701 2807 2833 2865 2937 3017
7 0 60 151 202 243 273 337 399 462 504 589 638 671 728 787 860 873 950 996 1034 1119 1169 1240 1260 1300 1395 1420 1492 1539 1585 1672 1711 1765 1829 1877 1919 1987 2010 2055 2128 2160 2267 2289 2370 2385 2446 2497 2552 2627 2686 2701 2760 2834 2873 2949 3017
4 0 61 134 173 263 313 373 426 438 513 576 616 651 723 802 828 883 948 1010 1065 1083 1184 1241 1294 1327 1383 1436 1458 1538 1580 1646 1684 1741 1806 1887 1914 1960 2016 2068 2148 2206 2254 2283 2341 2412 2436 2495 2547 2631 2689 2705 2755 2844 2891 2961 3001
7 0 62 141 180 242 300 337 397 442 508 582 604 669 702 804 840 900 922 979 1032 1120 1152 1205 1267 1309 1398 1425 1486 1555 1606 1628 1719 1729 1785 1889 1927 1978 2040 2064 2121 2187 2226 2291 2368 2400 2465 2517 2577 2644 2651 2729 2805 2845 2913 2966 3016
4 0 62 158 193 269 287 338 381 453 487 582 614 659 706 773 851 896 918 986 1054 1109 1181 1223 1285 1302 1384 1414 1464 1537 1606 1667 1719 1751 1802 1863 1941 1981 2040 2090 2120 2184 2219 2317 2330 2403 2478 2517 2551 2621 2658 2752 2792 2825 2896 2939 3016
4 0 64 112 205 269 276 360 378 453 498 582 626 657 726 798 846 883 921 997 1049 1117 1181 1228 1273 1314 1362 1419 1497 1525 1618 1667 1723 1756 1810 1881 1906 1960 2016 2057 2115 2164 2264 2312 2354 2395 2464 2492 2539 2621 2682 2740 2784 2859 2911 2939 2996
7 0 64 119 200 246 292 343 407 467 516 582 616 698 738 781 813 873 956 1019 1069 1103 1153 1192 1270 1337 1398 1448 1465 1524 1593 1621 1723 1742 1822 1853 1943 1981 2006 2098 2121 2211 2236 2301 2328 2417 2434 2502 2570 2619 2655 2700 2800 2828 2896 2931 3023
7 0 64 151 166 237 318 338 405 485 516 589 626 693 748 775 816 873 950 1023 1038 1081 1138 1207 1255 1336 1373 1419 1492 1539 1618 1645 1717 1742 1782 1845 1924 1981 2006 2088 2126 2207 2245 2291 2325 2418 2469 2502 2576 2621 2663 2740 2804 2834 2869 2961 2996
7 0 65 129 169 216 313 373 381 482 513 582 614 696 729 779 862 885 971 986 1027 1115 1140 1217 1261 1327 1383 1448 1506 1558 1604 1646 1684 1746 1827 1861 1941 1959 2011 2090 2143 2186 2219 2284 2353 2380 2440 2491 2580 2608 2655 2741 2794 2838 2897 2949 2989
7 0 65 142 205 240 277 360 423 480 502 582 638 698 755 762 846 878 945 1004 1073 1132 1157 1216 1288 1309 1361 1425 1459 1530 1604 1651 1684 1756 1785 1836 1929 1967 2011 2093 2155 2164 2223 2301 2347 2402 2464 2491 2577 2633 2651 2717 2805 2839 2883 2932 2989
7 0 66 137 187 256 290 366 395 456 533 572 638 689 739 765 810 913 953 1016 1071 1086 1138 1200 1245 1324 1396 1419 1494 1563 1597 1673 1697 1734 1793 1837 1902 1960 2037 2086 2126 2177 2243 2305 2354 2394 2480 2489 2578 2640 2698 2723 2780 2836 2881 2926 2977
7 0 66 154 197 242 315 373 426 484 489 572 604 675 702 800 845 883 925 976 1051 1117 1162 1205 1248 1304 1370 1440 1480 1559 1574 1660 1697 1779 1806 1849 1930 1987 2003 2105 2121 2187 2239 2312 2356 2388 2460 2524 2570 2602 2689 2718 2755 2827 2913 2931 3001
4 0 72 121 194 234 298 360 394 478 525 572 636 675 737 790 833 885 926 997 1061 1105 1181 1214 1293 1349 1402 1414 1497 1517 1578 1642 1690 1737 1823 1854 1890 1993 2043 2057 2120 2161 2264 2312 2365 2387 2472 2487 2542 2599 2671 2713 2803 2840 2892 2937 3008
7 0 72 136 192 244 282 345 394 449 491 555 604 666 745 757 814 900 939 999 1067 1085 1145 1212 1251 1326 1388 1446 1511 1551 1578 1628 1707 1779 1823 1882 1940 1959 2001 2078 2155 2194 2214 2312 2357 2423 2466 2530 2561 2604 2694 2707 2778 2861 2894 2937 3008
7 0 72 139 175 262 299 373 418 450 537 555 636 665 723 767 816 878 961 1003 1078 1083 1135 1241 1281 1322 1385 1414 1500 1521 1578 1655 1707 1733 1799 1865 1914 1981 2001 2075 2128 2207 2262 2289 2330 2410 2469 2530 2564 2599 2646 2713 2804 2834 2891 2961 3008
7 0 77 135 201 216 317 337 401 482 506 572 630 667 729 759 821 908 931 981 1077 1098 1159 1222 1277 1334 1396 1427 1502 1545 1607 1626 1684 1757 1814 1848 1891 1993 2051 2084 2126 2186 2255 2284 2367 2383 2482 2488 2543 2608 2660 2738 2762 2826 2892 2959 3019
7 0 78 112 188 217 310 360 406 455 501 560 609 687 720 785 840 906 921 983 1047 1091 1164 1195 1289 1319 1387 1419 1472 1550 1598 1669 1697 1728 1816 1881 1902 1978 2048 2059 2150 2195 2232 2278 2374 2395 2457 2490 2591 2634 2650 2709 2790 2859 2909 2966 3014
7 0 78 145 175 251 290 366 419 436 533 560 643 665 732 767 813 908 930 1003 1052 1098 1158 1222 1242 1324 1396 1414 1499 1528 1610 1673 1697 1766 1791 1849 1891 1981 2004 2100 2139 2211 2238 2284 2330 2383 2434 2534 2590 2626 2687 2728 2800 2828 2889 2931 3002
7 0 79 159 202 228 294 343 407 460 536 584 643 678 709 779 829 873 923 996 1027 1127 1167 1234 1276 1327 1356 1446 1494 1541 1577 1664 1697 1745 1822 1850 1911 1960 1998 2055 2143 2172 2267 2283 2370 2415 2468 2512 2580 2609 2655 2708 2800 2811 2880 2949 3023
7 0 83 135 200 239 315 345 378 473 489 572 636 694 750 777 818 908 931 978 1079 1117 1165 1228 1246 1335 1370 1419 1502 1545 1601 1629 1723 1733 1809 1843 1906 1954 2049 2077 2121 2191 2264 2289 2369 2388 2443 2521 2567 2593 2698 2719 2765 2826 2886 2953 2997
7 0 84 116 165 263 285 373 395 438 526 584 626 699 748 786 839 906 963 1006 1060 1091 1159 1195 1243 1296 1387 1427 1490 1553 1580 1671 1689 1752 1793 1839 1902 1960 2046 2095 2126 2182 2243 2278 2358 2395 2483 2508 2565 2631 2673 2705 2806 2849 2880 2953 2977
4 0 84 124 180 267 278 366 395 435 527 554 616 695 738 777 837 913 968 979 1079 1123 1154 1221 1266 1335 1381 1436 1496 1552 1580 1666 1719 1729 1793 1842 1918 1965 2022 2063 2121 2190 2227 2278 2368 2401 2465 2532 2567 2597 2698 2739 2780 2808 2866 2953 2977
7 0 85 136 193 232 304 366 406 432 487 555 614 686 739 761 834 900 939 980 1029 1086 1160 1200 1287 1325 1369 1427 1511 1551 1592 1648 1689 1751 1816 1883 1902 1978 2040 2062 2150 2200 2232 2317 2336 2422 2478 2493 2589 2642 2683 2706 2758 2861 2881 2926 3014
7 0 85 142 181 254 298 360 406 479 525 554 616 664 715 797 861 906 945 984 1074 1090 1180 1196 1265 1349 1402 1425 1477 1513 1592 1642 1690 1773 1816 1836 1907 1989 2007 2058 2139 2165 2227 2317 2360 2402 2432 2527 2562 2598 2650 2750 2790 2839 2893 2926 3014
7 0 85 160 180 251 318 366 384 436 508 554 604 660 753 768 837 896 929 1018 1045 1093 1187 1193 1287 1336 1380 1453 1487 1551 1610 1645 1690 1729 1832 1854 1928 1981 2040 2073 2150 2190 2261 2291 2329 2384 2465 2493 2576 2626 2663 2728 2754 2835 2865 2937 2995
7 0 87 115 170 250 320 356 431 459 510 576 609 651 720 775 833 873 932 1012 1038 1127 1160 1234 1255 1312 1356 1427 1469 1529 1602 1620 1717 1759 1807 1841 1911 1993 2041 2104 2150 2161 2244 2283 2367 2415 2472 2513 2576 2622 2688 2751 2803 2840 2869 2937 2974
4 0 87 116 169 243 276 373 402 467 498 582 609 653 702 795 862 908 963 1003 1032 1117 1135 1205 1267 1342 1362 1427 1500 1543 1602 1639 1711 1746 1835 1839 1930 1978 2027 2075 2115 2186 2262 2289 2336 2395 2440 2529 2585 2622 2668 2751 2783 2849 2913 2931 2974
7 0 87 118 167 256 311 356 429 480 517 582 614 669 739 803 810 913 970 1011 1033 1125 1164 1208 1255 1297 1359 1419 1466 1529 1570 1644 1711 1753 1813 1866 1893 1954 2041 2065 2150 2177 2219 2291 2369 2416 2480 2513 2556 2616 2682 2753 2781 2835 2874 2932 3006
7 0 88 120 170 266 318 338 429 448 508 554 630 700 708 785 853 885 935 1017 1047 1093 1171 1226 1288 1319 1380 1425 1470 1519 1594 1661 1717 1769 1818 1847 1895 1954 1999 2071 2150 2185 2217 2301 2362 2384 2462 2503 2591 2592 2650 2726 2788 2837 2910 2966 3000
4 0 88 138 173 249 290 345 378 436 532 554 643 651 745 802 827 908 932 1010 1035 1085 1158 1212 1283 1324 1397 1436 1507 1535 1596 1673 1717 1735 1809 1841 1940 1960 2017 2092 2115 2188 2231 2305 2341 2415 2442 2485 2578 2628 2698 2751 2765 2816 2894 2937 2997
7 0 89 126 207 256 282 356 421 480 491 555 608 676 718 808 822 908 964 981 1052 1085 1157 1238 1269 1303 1388 1425 1459 1546 1570 1651 1697 1731 1811 1858 1915 1954 2049 2093 2155 2198 2247 2305 2362 2423 2449 2515 2549 2616 2664 2753 2767 2815 2862 2959 3004
7 0 91 113 185 233 274 337 423 460 509 584 636 666 713 791 824 900 965 1014 1053 1108 1177 1240 1242 1331 1403 1414 1484 1562 1578 1654 1695 1776 1785 1882 1929 1967 2039 2084 2155 2168 2223 2284 2323 2397 2461 2501 2568 2604 2697 2707 2759 2848 2888 2949 2989
7 0 91 131 167 244 295 345 381 449 486 560 636 694 736 777 842 913 919 1011 1079 1109 1142 1223 1266 1348 1376 1414 1489 1560 1578 1631 1719 1778 1827 1855 1941 1959 2015 2065 2143 2203 2219 2301 2369 2411 2455 2526 2567 2604 2687 2707 2763 2851 2866 2932 2989
4 0 91 133 165 262 292 373 381 450 534 584 604 675 749 800 839 885 929 1008 1051 1093 1168 1226 1292 1337 1380 1446 1485 1512 1578 1621 1695 1752 1827 1854 1895 1981 2039 2082 2120 2182 2265 2301 2356 2384 2483 2501 2570 2599 2655 2713 2794 2860 2868 2932 2989
4 0 92 131 181 245 305 345 428 485 537 589 608 655 754 769 819 883 919 1010 1044 1106 1158 1213 1250 1329 1379 1414 1507 1542 1614 1624 1690 1731 1808 1855 1890 1987 2003 2092 2139 2199 2231 2305 2334 2411 2475 2498 2566 2613 2691 2747 2786 2851 2873 2961 2975
4 0 92 153 179 216 318 366 424 448 516 589 630 691 729 790 862 885 927 985 1061 1081 1171 1222 1293 1319 1373 1448 1478 1515 1572 1661 1690 1736 1804 1869 1908 1978 2012 2063 2126 2186 2221 2278 2350 2418 2440 2489 2542 2642 2699 2725 2783 2849 2892 2931 3018
7 0 92 156 192 259 315 345 424 464 489 555 638 648 730 782 814 906 958 1007 1037 1091 1175 1201 1250 1335 1370 1440 1482 1542 1572 1629 1723 1779 1804 1853 1896 1965 2003 2052 2139 2194 2233 2278 2349 2414 2466 2498 2590 2617 2676 2750 2807 2833 2879 2931 3018
4 0 93 134 186 259 317 337 397 457 506 560 638 671 730 787 846 900 953 1013 1034 1086 1184 1201 1253 1334 1396 1446 1458 1538 1575 1626 1684 1781 1785 1837 1901 1960 2028 2068 2139 2194 2252 2317 2370 2394 2433 2536 2552 2624 2651 2742 2805 2839 2879 2939 3016
7 0 94 113 174 217 315 373 382 473 504 576 636 656 737 767 856 908 957 1000 1052 1131 1165 1217 1242 1335 1353 1420 1484 1562 1615 1629 1697 1740 1835 1850 1925 1965 2036 2095 2120 2179 2249 2278 2339 2381 2436 2501 2590 2615 2676 2731 2775 2857 2889 2949 2994
4 0 95 141 214 262 288 338 409 439 531 576 604 674 749 756 863 906 954 983 1076 1084 1147 1226 1267 1333 1353 1427 1486 1555 1567 1632 1707 1767 1830 1867 1903 1989 2007 2069 2120 2182 2222 2289 2348 2427 2459 2517 2555 2610 2688 2735 2778 2812 2868 2966 2993
7 0 97 161 173 217 277 360 428 455 502 589 608 693 737 759 856 908 947 1010 1077 1105 1182 1214 1277 1309 1361 1420 1483 1516 1598 1651 1684 1741 1788 1875 1890 1978 2027 2092 2148 2179 2231 2291 2341 2428 2436 2519 2543 2634 2686 2709 2802 2830 2892 2937 2995
7 0 99 137 174 237 310 360 410 485 523 589 604 659 749 764 828 896 945 1000 1040 1130 1138 1194 1247 1344 1367 1425 1494 1563 1606 1645 1697 1740 1824 1863 1915 1960 2018 2086 2120 2206 2257 2310 2339 2376 2436 2487 2569 2621 2670 2752 2755 2844 2901 2961 2978
7 0 100 147 175 246 320 366 390 459 492 560 609 671 738 805 813 873 927 980 1050 1123 1160 1221 1295 1312 1374 1448 1511 1540 1585 1620 1707 1766 1794 1877 1918 1959 2045 2062 2128 2211 2232 2317 2353 2408 2434 2506 2579 2627 2685 2701 2774 2855 2866 2953 2976
7 0 101 120 186 267 309 343 428 435 514 554 643 678 732 779 844 885 935 1013 1027 1105 1154 1214 1261 1304 1402 1420 1470 1519 1605 1666 1684 1781 1808 1844 1890 1987 2020 2089 2139 2196 2231 2312 2370 2387 2433 2531 2580 2597 2679 2714 2798 2837 2897 2953 2975
7 0 101 142 201 223 293 356 403 463 539 554 609 651 719 775 836 906 948 981 1038 1113 1157 1215 1249 1336 1354 1453 1459 1530 1605 1669 1684 1757 1832 1887 1933 1967 2020 2093 2126 2171 2247 2305 2367 2412 2482 2531 2576 2605 2663 2705 2754 2836 2875 2961 2975
7 0 102 118 194 235 287 368 382 443 487 582 630 698 705 762 850 913 944 1016 1064 1109 1147 1239 1256 1342 1384 1427 1476 1520 1607 1627 1690 1769 1835 1836 1925 1965 2022 2080 2120 2205 2249 2301 2347 2403 2438 2516 2585 2630 2668 2717 2783 2860 2867 2926 2994
4 0 104 112 203 268 297 368 418 442 529 582 609 682 731 774 855 883 969 995 1072 1083 1142 1241 1289 1308 1383 1414 1472 1550 1566 1638 1707 1759 1820 1867 1914 1967 2024 2083 2143 2199 2262 2283 2323 2412 2438 2490 2545 2618 2658 2727 2774 2811 2883 2966 2986
4 0 104 121 196 227 278 368 405 451 517 572 643 672 709 809 827 885 949 1008 1047 1081 1137 1207 1289 1335 1391 1419 1463 1550 1583 1666 1717 1771 1809 1884 1924 1965 2024 2103 2143 2173 2245 2278 2326 2399 2458 2490 2567 2630 2698 2741 2765 2816 2909 2932 2970
4 0 105 135 163 263 270 338 423 438 512 584 636 678 723 805 817 896 935 1014 1050 1132 1159 1216 1246 1312 1375 1425 1502 1545 1571 1671 1684 1762 1802 1844 1929 1993 2029 2084 2128 2206 2223 2283 2345 2387 2448 2521 2579 2631 2685 2714 2766 2821 2915 2953 2973
7 0 106 132 194 250 273 360 395 462 531 572 638 698 720 762 833 873 958 1016 1073 1091 1169 1195 1264 1300 1370 1427 1462 1565 1593 1672 1689 1737 1790 1853 1902 1965 2038 2086 2121 2161 2243 2310 2347 2414 2472 2514 2577 2619 2660 2700 2785 2858 2909 2966 2980
7 0 106 155 203 244 288 338 405 444 531 554 636 678 736 805 835 873 957 973 1050 1131 1141 1223 1295 1333 1353 1453 1505 1533 1577 1632 1707 1737 1782 1850 1920 1965 2038 2070 2143 2203 2250 2312 2345 2381 2462 2514 2579 2609 2663 2708 2804 2814 2866 2939 2996
4 1 57 157 194 268 317 336 398 450 513 569 630 649 743 762 855 902 940 1018 1056 1104 1187 1206 1285 1340 1375 1439 1471 1552 1594 1628 1689 1757 1833 1853 1924 1982 2048 2075 2145 2176 2249 2277 2346 2383 2463 2495 2548 2640 2651 2721 2756 2828 2862 2928 3013
4 1 58 108 215 243 297 334 397 436 533 569 632 681 723 803 862 901 935 985 1050 1086 1145 1205 1248 1324 1375 1418 1502 1542 1617 1671 1710 1736 1827 1871 1912 1953 2042 2092 2145 2208 2263 2305 2345 2401 2448 2494 2570 2635 2680 2720 2770 2851 2863 2931 2972
7 1 59 114 185 267 302 353 421 434 517 576 605 656 744 774 845 901 944 985 1074 1130 1154 1192 1264 1311 1378 1443 1481 1528 1576 1666 1688 1774 1782 1883 1900 1980 2023 2101 2114 2181 2254 2307 2375 2404 2464 2485 2590 2597 2689 2745 2772 2834 2889 2931 3001
7 1 59 130 191 257 303 353 422 449 532 553 608 659 754 760 855 899 967 1000 1053 1133 1159 1207 1264 1316 1373 1442 1465 1528 1597 1655 1711 1759 1787 1876 1897 1982 2023 2078 2114 2176 2261 2308 2372 2389 2463 2485 2581 2592 2697 2744 2756 2828 2911 2928 2979
7 1 60 132 202 223 272 337 395 476 504 577 623 698 720 760 833 899 950 1016 1053 1095 1144 1240 1264 1347 1395 1443 1464 1513 1593 1625 1711 1777 1817 1866 1931 1958 2021 2083 2117 2213 2214 2307 2333 2409 2442 2501 2581 2639 2667 2728 2788 2856 2911 2925 2995
7 1 61 123 196 221 310 334 404 463 498 578 603 699 703 799 842 899 963 1007 1053 1101 1134 1205 1290 1306 1399 1441 1500 1564 1611 1664 1711 1751 1811 1838 1896 1984 2051 2069 2136 2184 2240 2282 2342 2395 2476 2503 2542 2601 2696 2705 2783 2842 2883 2931 3018
7 1 61 148 183 267 284 359 404 434 538 576 631 654 722 780 814 875 961 989 1072 1097 1154 1222 1265 1328 1391 1413 1508 1524 1611 1666 1713 1776 1811 1868 1915 1975 2017 2074 2145 2202 2221 2282 2323 2376 2457 2537 2570 2597 2676 2710 2804 2819 2896 2931 3018
7 1 61 149 211 266 316 334 383 461 508 576 608 655 706 772 853 903 935 991 1047 1099 1166 1230 1290 1319 1383 1418 1474 1564 1614 1652 1713 1741 1792 1862 1941 1980 2051 2097 2136 2171 2216 2306 2344 2411 2471 2503 2539 2620 2652 2726 2785 2808 2889 2925 3015
4 1 61 154 189 222 311 363 383 457 538 578 607 698 724 767 811 875 950 1015 1066 1125 1168 1208 1255 1296 1366 1419 1492 1535 1614 1638 1711 1776 1792 1866 1892 1975 2017 2072 2142 2177 2265 2306 2326 2409 2451 2537 2582 2618 2678 2728 2760 2833 2912 2925 3015
7 1 63 128 190 232 287 353 421 453 494 579 607 679 724 789 835 901 952 1022 1071 1092 1161 1237 1244 1348 1403 1440 1501 1563 1572 1669 1686 1775 1782 1882 1930 1953 2042 2055 2142 2167 2225 2283 2351 2399 2456 2489 2554 2593 2689 2724 2772 2844 2881 2955 3001
7 1 64 159 188 269 301 337 378 455 514 553 605 670 720 772 854 902 920 997 1047 1095 1167 1240 1269 1319 1382 1440 1479 1554 1607 1667 1714 1756 1814 1856 1931 1982 2048 2087 2136 2168 2232 2304 2329 2421 2477 2488 2539 2604 2652 2749 2764 2813 2911 2925 3014
7 1 68 142 183 266 277 360 397 460 503 575 607 672 713 762 852 878 952 989 1056 1092 1160 1228 1242 1340 1403 1434 1484 1529 1599 1668 1713 1776 1784 1882 1939 1953 2050 2058 2145 2164 2237 2306 2323 2399 2457 2527 2548 2621 2651 2732 2805 2829 2906 2928 3016
4 1 69 148 209 248 304 359 426 478 510 551 623 658 735 761 860 900 961 980 1028 1121 1157 1204 1262 1316 1368 1413 1471 1561 1567 1654 1689 1754 1810 1868 1942 1982 2005 2105 2119 2189 2233 2308 2366 2376 2458 2507 2589 2616 2690 2706 2758 2819 2908 2955 2991
4 1 70 155 204 261 316 362 421 465 519 553 633 696 721 777 815 878 926 976 1043 1092 1162 1237 1249 1319 1373 1440 1486 1538 1608 1652 1686 1748 1814 1855 1930 1980 2034 2102 2114 2162 2225 2306 2349 2429 2481 2510 2539 2607 2652 2752 2764 2854 2884 2947 2970
7 1 71 112 202 232 316 362 419 433 508 569 631 652 709 807 829 899 969 1016 1054 1114 1140 1212 1289 1327 1383 1418 1468 1556 1615 1645 1686 1741 1798 1878 1907 1984 2051 2083 2143 2183 2214 2283 2333 2396 2479 2492 2567 2613 2680 2727 2800 2810 2888 2925 3023
7 1 71 157 190 233 279 363 405 432 530 569 608 680 737 788 817 902 937 1022 1072 1131 1177 1209 1265 1301 1355 1413 1499 1524 1618 1651 1686 1775 1804 1881 1932 1981 2006 2062 2142 2185 2218 2282 2351 2378 2456 2537 2562 2634 2647 2716 2771 2831 2896 2954 3019
7 1 72 128 214 259 298 360 394 442 518 579 632 701 733 764 827 901 952 1020 1070 1103 1138 1194 1247 1323 1381 1434 1501 1563 1616 1671 1683 1744 1789 1860 1891 1956 2043 2079 2120 2160 2236 2304 2340 2422 2472 2486 2585 2633 2673 2713 2779 2844 2872 2930 2992
4 1 72 152 203 237 301 337 418 433 518 549 629 673 729 791 828 901 965 972 1046 1130 1140 1192 1293 1342 1378 1418 1468 1517 1589 1645 1714 1744 1795 1863 1900 1956 2043 2083 2143 2208 2257 2307 2339 2404 2482 2486 2572 2608 2670 2707 2807 2816 2905 2947 3020
4 1 73 158 181 257 279 334 401 432 491 577 608 655 754 772 843 902 946 1021 1047 1087 1177 1207 1269 1301 1394 1439 1469 1516 1601 1651 1714 1730 1828 1863 1943 1958 2049 2092 2114 2176 2227 2305 2344 2423 2475 2528 2539 2609 2671 2725 2786 2838 2911 2947 3004
7 1 75 125 189 269 293 361 380 455 487 553 632 659 710 807 862 875 918 1015 1054 1089 1167 1232 1268 1327 1356 1434 1493 1537 1616 1667 1710 1749 1827 1879 1895 1959 2015 2072 2143 2179 2265 2308 2326 2407 2478 2491 2567 2604 2680 2741 2770 2851 2910 2925 2989
4 1 75 134 179 239 317 337 423 485 511 575 632 691 748 787 830 900 922 1014 1032 1108 1153 1219 1243 1340 1377 1434 1507 1533 1616 1628 1688 1753 1784 1847 1923 1982 2005 2104 2117 2194 2230 2277 2322 2426 2465 2501 2548 2604 2651 2741 2805 2852 2886 2956 2989
4 1 76 159 191 268 271 353 418 480 509 553 633 695 743 782 855 902 923 1022 1051 1110 1161 1188 1276 1312 1356 1439 1501 1532 1619 1642 1683 1759 1831 1880 1933 1956 2044 2055 2143 2176 2225 2283 2350 2386 2463 2519 2545 2610 2669 2708 2774 2810 2879 2954 2982
7 1 77 108 184 244 296 360 401 482 506 577 608 693 749 758 835 893 959 1021 1031 1098 1145 1196 1252 1338 1398 1443 1502 1542 1598 1624 1710 1745 1816 1852 1943 1953 1999 2092 2119 2186 2227 2280 2341 2428 2436 2490 2589 2621 2667 2733 2789 2826 2907 2955 3017
7 1 77 114 166 269 313 332 411 444 516 577 605 668 720 799 857 900 943 974 1053 1121 1183 1240 1264 1306 1350 1442 1481 1528 1613 1661 1710 1738 1812 1871 1905 1958 2004 2071 2136 2168 2259 2308 2373 2393 2474 2485 2542 2615 2696 2734 2782 2835 2911 2931 3002
4 1 78 138 185 245 312 334 400 482 505 578 623 656 735 774 834 878 928 985 1078 1082 1145 1233 1283 1322 1401 1443 1502 1512 1593 1624 1683 1761 1799 1880 1909 1980 2034 2092 2119 2192 2263 2305 2375 2381 2476 2502 2586 2620 2668 2748 2755 2814 2877 2954 2976
7 1 78 151 213 237 316 334 425 433 519 549 631 667 750 802 814 899 958 977 1042 1133 1140 1207 1283 1327 1373 1440 1489 1512 1573 1645 1713 1748 1811 1885 1897 1959 2034 2061 2119 2187 2258 2308 2324 2389 2473 2502 2571 2608 2676 2722 2804 2819 2914 2947 2996
7 1 79 140 215 237 279 334 413 433 530 569 630 697 729 797 862 877 963 995 1037 1131 1158 1230 1292 1326 1355 1441 1490 1540 1573 1626 1714 1736 1800 1856 1910 1959 2045 2098 2142 2208 2249 2307 2335 2378 2448 2513 2582 2608 2646 2722 2796 2824 2866 2925 2995
4 1 80 132 203 218 277 362 388 437 503 575 603 682 721 781 843 901 964 972 1033 1092 1144 1237 1259 1343 1403 1416 1464 1513 1609 1665 1711 1780 1832 1870 1930 1958 2046 2083 2145 2205 2257 2283 2339 2399 2445 2506 2564 2643 2675 2720 2783 2841 2884 2947 2974
4 1 85 111 203 269 288 332 384 444 531 554 632 682 710 781 858 893 960 972 1052 1084 1174 1232 1270 1318 1352 1416 1469 1562 1613 1670 1714 1744 1783 1857 1899 1958 2032 2095 2143 2179 2246 2304 2339 2427 2482 2514 2545 2615 2663 2734 2775 2836 2910 2954 2994
7 1 85 118 164 232 322 332 412 453 500 579 631 658 709 801 859 877 961 1023 1073 1097 1161 1212 1270 1314 1391 1439 1462 1562 1591 1669 1689 1773 1806 1868 1924 1975 2032 2094 2143 2183 2235 2280 2327 2376 2449 2514 2546 2593 2699 2706 2767 2850 2888 2955 3017
7 1 85 133 214 247 272 360 401 441 531 579 629 669 745 783 827 893 925 990 1030 1129 1178 1228 1292 1347 1370 1441 1506 1539 1591 1625 1689 1744 1816 1853 1902 1958 2032 2059 2114 2160 2267 2307 2370 2398 2472 2514 2581 2598 2667 2701 2789 2834 2873 2928 3017
7 1 86 111 185 233 275 360 397 432 509 569 632 666 727 764 830 878 945 985 1073 1096 1177 1195 1270 1305 1351 1439 1469 1562 1582 1651 1688 1774 1784 1884 1912 1984 2031 2092 2114 2195 2263 2280 2375 2397 2464 2514 2583 2634 2651 2752 2805 2852 2888 2954 3016
7 1 86 133 167 264 292 332 380 450 532 569 629 648 729 800 826 903 943 982 1037 1099 1142 1230 1292 1308 1383 1442 1506 1539 1582 1673 1688 1752 1802 1854 1941 1959 2031 2096 2143 2182 2219 2306 2353 2411 2431 2514 2579 2644 2695 2742 2776 2815 2866 2928 3016
7 1 87 126 191 218 275 336 403 437 509 569 633 652 721 767 825 875 966 1000 1066 1096 1178 1210 1255 1326 1351 1441 1466 1565 1587 1630 1711 1759 1800 1864 1896 1983 2044 2099 2114 2205 2241 2283 2372 2397 2463 2508 2582 2643 2646 2743 2796 2860 2912 2952 3005
7 1 87 157 167 243 298 332 395 436 517 569 631 653 750 801 826 902 937 1003 1034 1095 1145 1240 1295 1323 1382 1443 1499 1524 1587 1671 1711 1752 1808 1838 1931 1956 2044 2095 2119 2182 2214 2304 2332 2421 2431 2508 2585 2635 2673 2751 2761 2831 2880 2931 3005
7 1 88 155 177 243 313 332 424 436 486 554 633 650 723 775 828 877 962 1005 1048 1085 1184 1189 1249 1336 1380 1441 1486 1538 1587 1631 1710 1769 1806 1841 1914 1956 2016 2081 2144 2208 2247 2305 2367 2386 2482 2510 2587 2635 2659 2751 2807 2816 2878 2947 3004
7 1 94 114 180 225 316 362 382 438 508 576 629 689 707 771 857 901 943 1020 1071 1099 1135 1239 1262 1327 1383 1413 1475 1534 1610 1645 1686 1781 1832 1854 1932 1959 2011 2073 2136 2204 2242 2308 2374 2411 2437 2533 2571 2623 2676 2700 2782 2835 2864 2930 2980
4 1 94 154 164 257 276 361 382 449 507 551 603 658 754 801 843 902 942 1023 1034 1100 1168 1236 1295 1321 1367 1439 1492 1535 1610 1646 1711 1747 1832 1842 1917 1975 2047 2072 2120 2176 2256 2308 2327 2377 2475 2497 2585 2592 2675 2731 2783 2841 2880 2930 2980
7 1 96 117 187 268 292 336 428 450 519 551 629 664 717 778 810 903 924 998 1045 1111 1142 1220 1244 1308 1396 1440 1503 1517 1594 1673 1683 1762 1793 1837 1919 1982 2019 2099 2144 2201 2243 2283 2329 2400 2447 2535 2587 2640 2688 2721 2798 2840 2908 2947 2974
4 1 96 127 179 244 316 362 426 461 519 549 608 691 749 787 817 903 967 1014 1036 1133 1166 1196 1247 1319 1373 1434 1504 1514 1570 1652 1686 1762 1804 1876 1908 1982 2019 2067 2119 2186 2266 2304 2322 2389 2455 2535 2544 2642 2647 2711 2771 2831 2907 2953 2997
7 1 96 152 208 256 286 336 399 475 520 549 623 676 751 789 863 901 965 996 1071 1086 1164 1210 1244 1337 1374 1419 1468 1517 1570 1620 1686 1761 1830 1865 1906 1984 2019 2057 2144 2173 2215 2305 2354 2402 2453 2535 2554 2602 2698 2750 2773 2816 2881 2952 2997
7 1 97 112 214 245 294 362 390 460 502 575 633 674 734 777 855 893 969 990 1027 1113 1181 1234 1248 1302 1384 1418 1503 1522 1577 1647 1683 1769 1831 1878 1913 1982 1998 2059 2120 2193 2267 2305 2370 2396 2445 2516 2555 2642 2669 2704 2774 2810 2886 2928 3011
7 1 97 123 163 239 314 361 382 485 495 575 630 670 736 763 842 902 963 993 1051 1131 1153 1209 1260 1343 1355 1416 1511 1553 1607 1628 1683 1734 1832 1856 1932 1959 2030 2100 2136 2206 2242 2282 2338 2378 2454 2484 2564 2604 2675 2749 2783 2842 2897 2956 2980
7 1 97 132 187 258 322 337 427 459 527 575 607 675 753 804 844 901 950 979 1070 1125 1155 1190 1252 1314 1366 1443 1459 1518 1577 1669 1683 1746 1795 1866 1909 1975 1998 2068 2144 2181 2237 2280 2348 2409 2465 2516 2546 2596 2699 2750 2777 2856 2867 2953 3011
7 1 97 160 166 244 293 361 427 461 492 549 633 690 728 776 818 878 966 974 1060 1096 1166 1195 1260 1342 1351 1418 1474 1553 1577 1652 1710 1738 1795 1864 1912 1983 2030 2097 2136 2207 2234 2280 2373 2397 2474 2484 2572 2642 2670 2704 2807 2827 2887 2953 3011
7 1 98 108 204 239 288 363 406 444 488 577 632 696 748 777 845 893 959 976 1027 1112 1174 1219 1248 1318 1395 1440 1502 1542 1574 1670 1683 1779 1809 1888 1919 1980 2003 2062 2117 2194 2264 2282 2349 2392 2450 2494 2555 2645 2653 2719 2779 2826 2886 2931 3018
7 1 98 127 186 264 270 353 406 484 516 549 630 671 729 790 826 903 967 1004 1046 1090 1150 1192 1293 1313 1393 1442 1504 1514 1574 1662 1712 1734 1809 1849 1940 1956 2008 2085 2142 2182 2244 2282 2368 2417 2431 2489 2573 2610 2672 2753 2761 2831 2905 2931 3018
7 1 98 128 163 245 313 359 396 482 516 577 607 655 735 778 856 903 953 993 1045 1121 1138 1204 1244 1336 1350 1419 1501 1563 1614 1631 1683 1734 1835 1862 1942 1956 2008 2079 2136 2192 2262 2305 2338 2393 2454 2489 2587 2620 2659 2726 2777 2843 2908 2955 2977
4 1 99 114 204 262 279 363 430 456 491 577 607 698 725 767 845 900 944 999 1066 1087 1135 1241 1291 1326 1394 1434 1475 1534 1599 1626 1686 1779 1824 1865 1908 1959 2000 2073 2114 2194 2262 2307 2326 2423 2450 2504 2582 2624 2646 2729 2772 2834 2875 2952 2985
7 1 99 117 174 266 276 360 430 460 507 551 623 694 706 790 853 903 924 1025 1046 1100 1181 1214 1293 1320 1367 1418 1503 1517 1599 1647 1712 1777 1824 1861 1938 1953 2018 2059 2120 2171 2233 2307 2345 2377 2471 2486 2573 2621 2664 2732 2754 2840 2905 2952 2985
7 1 100 126 213 266 294 332 384 460 520 551 633 693 713 775 837 893 970 977 1075 1080 1181 1231 1255 1302 1368 1419 1466 1565 1598 1647 1713 1748 1783 1852 1921 1981 2033 2096 2119 2164 2224 2306 2324 2418 2473 2508 2560 2621 2663 2733 2775 2858 2903 2952 2994
7 1 100 148 187 231 321 336 379 477 505 551 608 675 754 804 810 900 929 979 1034 1106 1154 1236 1295 1300 1392 1443 1508 1524 1598 1622 1713 1762 1788 1886 1911 1975 2033 2074 2114 2201 2231 2304 2348 2380 2447 2508 2583 2625 2656 2729 2785 2853 2880 2954 2994
7 1 100 159 180 244 310 360 379 482 498 578 633 663 728 798 854 877 920 1020 1044 1101 1138 1195 1276 1339 1399 1419 1501 1532 1598 1631 1686 1781 1788 1881 1906 1953 2022 2079 2136 2207 2236 2304 2374 2395 2437 2519 2538 2621 2678 2733 2764 2813 2887 2954 2994
4 1 101 111 184 221 286 334 431 463 510 554 631 650 726 802 831 893 960 1021 1058 1113 1177 1234 1271 1337 1384 1413 1469 1562 1611 1620 1688 1735 1801 1887 1913 1984 2025 2092 2142 2161 2227 2305 2341 2396 2446 2513 2554 2601 2698 2705 2803 2836 2894 2955 2977
4 1 101 139 179 267 291 359 396 434 493 554 603 678 744 800 844 903 942 1014 1037 1100 1179 1214 1292 1345 1367 1441 1491 1540 1611 1640 1688 1753 1835 1842 1938 1975 2025 2067 2117 2181 2266 2307 2322 2377 2465 2513 2579 2597 2659 2710 2777 2856 2866 2953 2977
7 1 101 140 178 228 304 359 387 455 510 553 630 696 742 783 829 893 934 973 1030 1080 1180 1231 1292 1316 1368 1442 1490 1540 1574 1654 1689 1735 1787 1888 1921 1984 2025 2076 2117 2209 2220 2306 2343 2418 2452 2513 2581 2645 2697 2719 2756 2855 2873 2925 3015
7 1 102 113 212 228 289 363 393 455 528 553 623 695 751 782 853 900 928 1001 1033 1082 1180 1208 1259 1330 1401 1416 1483 1513 1585 1654 1712 1732 1824 1880 1935 1980 2026 2084 2144 2200 2248 2283 2350 2381 2440 2506 2563 2645 2664 2708 2754 2840 2884 2925 3023
4 1 103 108 208 267 277 360 394 437 539 569 603 680 744 785 845 901 959 996 1076 1128 1144 1214 1253 1343 1369 1443 1489 1555 1586 1665 1713 1751 1789 1852 1911 1959 2011 2057 2117 2181 2215 2282 2354 2428 2464 2526 2566 2594 2673 2746 2779 2826 2866 2952 2992
4 1 104 128 193 231 319 353 425 477 526 577 603 672 754 757 827 903 952 982 1047 1133 1136 1207 1269 1318 1363 1440 1510 1554 1595 1640 1713 1771 1809 1882 1897 1958 2009 2056 2120 2201 2258 2304 2328 2399 2430 2488 2555 2625 2653 2732 2779 2844 2911 2928 2998
7 2 54 157 181 227 291 344 413 433 500 569 614 680 729 796 826 907 942 1014 1076 1115 1179 1230 1253 1327 1383 1433 1489 1549 1613 1638 1715 1753 1788 1889 1926 1959 2011 2058 2157 2169 2219 2297 2369 2378 2448 2524 2552 2644 2673 2710 2777 2854 2865 2965 2977
4 2 55 145 209 248 322 344 415 449 495 560 623 673 728 774 860 912 957 1014 1043 1087 1179 1194 1286 1307 1396 1455 1489 1561 1600 1621 1689 1760 1825 1849 1924 1985 2051 2058 2135 2174 2219 2297 2341 2376 2470 2509 2547 2614 2674 2716 2757 2819 2885 2960 3006
7 2 55 147 178 250 300 364 393 437 535 560 621 674 710 768 836 884 968 990 1078 1118 1175 1188 1252 1341 1387 1447 1506 1544 1602 1627 1689 1772 1805 1839 1902 1974 2023 2071 2154 2166 2240 2319 2331 2387 2453 2537 2539 2629 2664 2743 2786 2822 2909 2947 3004
7 2 55 155 199 233 292 364 420 464 530 554 623 660 703 756 817 892 937 983 1072 1088 1148 1200 1252 1301 1367 1455 1498 1544 1600 1647 1695 1777 1819 1862 1917 1966 2023 2102 2154 2205 2217 2311 2361 2394 2461 2537 2546 2614 2682 2716 2759 2851 2914 2945 3006
7 2 56 133 174 268 300 364 414 433 523 569 645 666 712 775 818 892 941 988 1073 1103 1152 1241 1281 1302 1399 1425 1490 1525 1594 1666 1689 1766 1819 1853 1892 1973 2009 2074 2149 2206 2249 2290 2347 2420 2430 2534 2580 2603 2651 2709 2789 2814 2895 2965 3013
7 2 56 140 193 232 281 367 415 450 524 569 614 649 725 773 834 891 928 979 1057 1087 1154 1194 1256 1311 1350 1455 1506 1551 1594 1646 1689 1765 1818 1888 1924 1974 2009 2093 2146 2204 2219 2316 2367 2422 2479 2534 2560 2600 2681 2712 2756 2861 2888 2938 3013
4 2 58 140 179 243 307 372 384 435 516 569 622 681 711 771 862 891 971 1004 1051 1124 1184 1205 1262 1334 1399 1444 1498 1559 1603 1631 1695 1773 1790 1838 1913 1966 2005 2065 2149 2172 2241 2319 2344 2400 2431 2527 2551 2635 2646 2736 2801 2818 2880 2931 3005
7 2 60 150 195 248 294 343 427 454 504 561 622 700 728 803 860 912 945 1025 1034 1096 1167 1211 1276 1308 1369 1455 1494 1548 1612 1636 1703 1775 1820 1848 1934 1988 2040 2053 2136 2174 2239 2283 2332 2385 2470 2489 2538 2609 2686 2701 2765 2811 2868 2957 3001
7 2 61 152 204 231 311 367 430 457 491 567 634 659 724 807 812 915 967 999 1040 1125 1153 1206 1268 1343 1357 1434 1475 1535 1566 1640 1722 1764 1792 1874 1891 1959 2034 2060 2127 2194 2226 2298 2325 2407 2466 2490 2578 2604 2680 2739 2807 2833 2894 2937 3017
7 2 62 125 172 263 306 364 422 473 528 583 623 660 735 756 824 883 940 1010 1072 1082 1141 1241 1294 1330 1385 1426 1504 1513 1585 1625 1704 1731 1806 1852 1914 1995 2026 2083 2134 2199 2263 2283 2361 2410 2480 2496 2546 2611 2652 2725 2780 2841 2872 2965 2986
4 2 62 158 208 240 315 375 403 481 487 583 608 654 704 791 843 904 932 972 1062 1101 1171 1221 1284 1302 1368 1452 1469 1515 1583 1651 1704 1780 1802 1863 1905 1973 2010 2090 2126 2213 2227 2290 2330 2408 2439 2512 2543 2637 2689 2723 2802 2849 2898 2947 2988
7 2 64 133 173 241 305 367 409 447 528 568 645 694 721 766 826 893 924 973 1058 1084 1156 1229 1281 1298 1386 1426 1490 1525 1605 1654 1703 1755 1831 1844 1896 1959 2001 2069 2146 2179 2259 2289 2374 2411 2438 2534 2591 2604 2671 2700 2799 2832 2910 2965 3008
7 2 64 140 170 261 306 364 390 439 528 567 614 692 719 779 862 893 971 990 1052 1113 1175 1210 1256 1330 1385 1452 1506 1551 1604 1625 1704 1755 1782 1861 1905 1959 2001 2071 2149 2161 2240 2319 2338 2378 2441 2534 2544 2623 2654 2749 2801 2818 2894 2938 3009
7 2 65 127 172 248 305 367 424 454 528 580 623 678 728 806 850 915 959 1011 1070 1114 1150 1194 1259 1298 1386 1452 1484 1530 1567 1654 1703 1731 1792 1843 1897 1965 2026 2064 2135 2174 2214 2283 2360 2381 2480 2493 2562 2609 2699 2746 2787 2857 2885 2938 3023
7 2 65 131 197 222 280 352 387 463 489 580 642 670 743 771 845 883 944 974 1051 1119 1183 1235 1261 1334 1400 1434 1503 1528 1567 1658 1703 1770 1828 1869 1923 1995 2026 2076 2149 2165 2267 2290 2356 2390 2467 2493 2551 2638 2646 2718 2762 2814 2881 2931 3023
7 2 68 150 188 263 315 375 378 473 502 588 621 664 735 801 860 884 945 978 1050 1132 1139 1198 1244 1326 1351 1425 1495 1547 1592 1627 1704 1759 1821 1845 1936 1985 2021 2087 2136 2199 2222 2283 2345 2388 2443 2519 2587 2611 2685 2719 2765 2811 2915 2960 2982
7 2 70 145 171 221 278 352 412 455 497 560 608 687 737 804 810 912 929 1025 1067 1122 1178 1224 1249 1314 1376 1432 1508 1542 1598 1637 1718 1780 1798 1886 1925 1975 1999 2076 2157 2168 2216 2290 2355 2379 2476 2530 2557 2618 2672 2714 2767 2848 2867 2957 2992
4 2 70 149 208 218 296 375 404 468 497 583 615 660 726 795 843 912 937 980 1063 1096 1170 1232 1273 1299 1359 1444 1463 1519 1589 1663 1695 1780 1796 1862 1913 1975 1999 2087 2135 2213 2220 2283 2322 2394 2439 2530 2549 2626 2696 2716 2794 2857 2912 2945 3002
7 2 71 108 168 258 309 343 422 435 533 569 637 649 738 773 845 904 964 1003 1048 1133 1145 1190 1258 1309 1382 1433 1497 1524 1575 1671 1696 1769 1806 1888 1914 1995 2018 2089 2134 2197 2263 2316 2367 2386 2434 2510 2570 2619 2673 2712 2760 2816 2896 2931 2986
4 2 72 108 189 261 314 351 417 463 501 580 637 684 719 792 862 893 926 975 1059 1105 1171 1219 1258 1319 1373 1452 1497 1524 1608 1670 1725 1737 1815 1871 1903 1966 2017 2062 2126 2161 2264 2298 2364 2382 2441 2510 2540 2599 2699 2705 2764 2856 2884 2931 3018
4 2 72 119 196 229 308 344 383 482 498 580 622 701 728 780 827 891 970 1008 1070 1087 1137 1194 1259 1333 1350 1419 1485 1521 1614 1631 1725 1744 1789 1846 1924 1965 2024 2094 2136 2192 2251 2316 2324 2422 2452 2503 2587 2632 2678 2733 2800 2809 2885 2960 3012
7 2 72 152 184 252 270 353 417 467 498 591 642 693 744 757 812 891 967 1004 1038 1090 1140 1191 1251 1342 1388 1447 1482 1528 1608 1628 1715 1744 1815 1868 1940 1965 2024 2078 2127 2196 2228 2298 2339 2414 2464 2503 2590 2597 2656 2707 2807 2833 2889 2931 3018
7 2 75 127 204 221 293 352 379 455 488 580 621 698 710 767 815 915 965 999 1064 1089 1151 1234 1255 1345 1403 1419 1477 1537 1598 1665 1696 1763 1827 1875 1942 1975 2033 2060 2154 2195 2226 2311 2325 2409 2467 2500 2576 2618 2678 2714 2761 2851 2862 2937 2987
7 2 75 150 181 239 270 353 423 438 498 561 621 687 746 789 819 912 921 1014 1079 1117 1168 1237 1244 1342 1388 1419 1495 1547 1598 1628 1715 1753 1783 1886 1921 1974 2014 2056 2157 2177 2221 2289 2369 2387 2448 2519 2548 2618 2698 2714 2766 2836 2886 2960 2987
7 2 77 123 214 221 309 343 409 458 518 568 645 657 737 783 810 912 943 973 1068 1121 1165 1193 1277 1346 1397 1432 1481 1545 1611 1634 1696 1738 1820 1855 1896 1985 2051 2069 2120 2168 2259 2311 2334 2395 2476 2486 2541 2615 2657 2717 2793 2821 2899 2947 3020
7 2 78 131 195 226 276 344 412 470 527 560 608 694 705 808 824 904 924 1025 1038 1116 1183 1230 1251 1341 1355 1447 1503 1528 1579 1651 1703 1775 1805 1844 1925 1995 2018 2076 2136 2210 2216 2298 2332 2411 2470 2503 2539 2631 2664 2700 2786 2835 2889 2965 2985
4 2 78 134 168 223 302 353 400 478 533 560 637 685 708 806 847 915 921 1017 1070 1093 1186 1213 1259 1349 1389 1419 1470 1521 1579 1630 1703 1769 1816 1847 1922 1985 2018 2052 2127 2195 2232 2316 2353 2426 2434 2503 2562 2592 2648 2739 2790 2852 2885 2946 2985
7 2 80 152 208 255 286 367 415 445 487 591 608 686 749 769 863 891 967 980 1051 1086 1160 1229 1261 1318 1395 1434 1482 1528 1569 1652 1695 1780 1818 1874 1895 1985 2010 2057 2135 2193 2250 2290 2322 2407 2439 2493 2554 2642 2681 2711 2756 2833 2881 2965 3013
4 2 80 153 185 218 294 351 428 466 503 591 642 682 755 764 859 892 925 998 1072 1127 1156 1220 1294 1308 1370 1426 1476 1513 1609 1636 1695 1745 1793 1841 1929 1988 2007 2084 2146 2184 2228 2283 2328 2418 2474 2496 2538 2628 2686 2737 2792 2840 2872 2947 2973
7 2 84 161 174 250 273 353 395 469 496 580 615 667 708 774 856 912 951 988 1043 1093 1169 1213 1286 1322 1400 1432 1460 1536 1573 1663 1689 1766 1783 1883 1922 1965 2036 2086 2149 2168 2237 2319 2347 2416 2430 2533 2547 2597 2658 2742 2806 2818 2885 2946 3016
7 2 85 110 169 222 314 375 393 463 508 554 637 700 743 766 847 893 945 972 1058 1098 1171 1208 1281 1319 1367 1425 1469 1562 1584 1670 1703 1734 1816 1848 1915 1974 2025 2090 2154 2165 2227 2290 2368 2385 2465 2498 2591 2638 2648 2701 2790 2852 2910 2957 2992
7 2 85 118 178 218 304 375 379 468 492 567 634 673 755 775 859 892 957 981 1073 1126 1176 1198 1281 1300 1358 1426 1461 1562 1589 1657 1689 1751 1827 1849 1942 1975 2025 2079 2154 2184 2226 2289 2340 2376 2474 2498 2580 2626 2653 2716 2785 2847 2895 2960 2987
7 2 87 109 200 250 288 364 402 437 510 569 637 651 708 807 856 912 930 1010 1040 1096 1141 1211 1274 1343 1369 1432 1504 1529 1602 1662 1725 1741 1835 1864 1934 1974 2014 2083 2127 2168 2263 2283 2333 2385 2430 2507 2578 2629 2680 2743 2764 2860 2888 2937 2972
4 2 88 146 194 263 285 372 414 451 508 591 623 693 735 757 860 884 956 994 1078 1103 1159 1241 1288 1304 1394 1425 1471 1512 1571 1639 1689 1754 1825 1868 1892 1988 2004 2067 2134 2199 2249 2298 2339 2425 2443 2492 2550 2634 2674 2707 2757 2819 2872 2957 3007
7 2 89 118 167 225 311 372 400 465 491 567 608 692 754 772 810 892 956 998 1035 1125 1173 1189 1269 1315 1357 1425 1509 1515 1568 1668 1718 1762 1798 1885 1907 1985 2035 2065 2127 2206 2247 2319 2345 2407 2437 2528 2556 2645 2672 2724 2767 2848 2874 2947 3004
7 2 89 158 168 241 277 372 402 444 520 583 623 665 720 757 857 904 932 1003 1038 1102 1172 1205 1269 1342 1356 1455 1469 1515 1600 1620 1703 1733 1835 1869 1934 1974 2035 2089 2127 2180 2263 2289 2367 2402 2472 2528 2590 2607 2656 2722 2787 2849 2871 2931 2972
7 2 91 109 164 255 292 364 390 445 530 588 622 690 749 793 820 893 930 1006 1031 1098 1165 1208 1249 1301 1367 1432 1476 1557 1577 1647 1695 1752 1782 1864 1915 1988 2047 2074 2120 2193 2230 2290 2358 2385 2483 2516 2573 2642 2654 2703 2801 2860 2904 2968 3009
4 2 91 125 178 223 323 364 381 478 509 560 645 673 737 775 836 907 940 981 1067 1115 1186 1224 1249 1328 1352 1426 1459 1557 1605 1630 1722 1772 1832 1852 1932 1975 2047 2063 2120 2166 2242 2297 2340 2410 2453 2516 2585 2592 2687 2713 2768 2841 2867 2946 2980
4 2 91 131 203 258 271 353 390 459 531 560 621 687 738 789 845 904 944 991 1079 1101 1143 1221 1266 1348 1368 1433 1475 1556 1577 1632 1722 1735 1782 1850 1905 1959 2030 2070 2149 2197 2240 2290 2369 2408 2434 2533 2548 2595 2693 2750 2762 2814 2864 2968 3009
4 2 91 149 185 243 272 337 378 474 509 588 621 661 714 788 828 907 965 978 1044 1089 1170 1240 1287 1329 1403 1433 1463 1519 1577 1656 1695 1772 1795 1875 1936 1975 2047 2087 2146 2169 2222 2319 2348 2409 2446 2516 2560 2595 2662 2750 2779 2828 2863 2938 3009
7 2 91 161 166 241 286 367 381 447 531 588 615 656 720 762 857 904 928 1009 1049 1091 1167 1197 1286 1327 1351 1455 1460 1536 1605 1643 1695 1735 1832 1882 1917 1959 2030 2088 2136 2180 2256 2297 2357 2428 2472 2533 2564 2604 2660 2700 2794 2842 2878 2946 2980
7 2 92 127 214 240 275 367 381 476 494 591 614 693 704 773 843 904 959 984 1048 1116 1151 1223 1258 1321 1384 1452 1477 1537 1604 1644 1696 1774 1832 1843 1932 1975 1998 2060 2120 2213 2242 2298 2323 2381 2439 2497 2570 2641 2660 2731 2794 2857 2896 2945 2980
7 2 92 130 171 243 304 337 427 474 494 561 622 687 711 804 811 904 950 1025 1045 1102 1169 1205 1267 1300 1356 1432 1492 1527 1577 1657 1725 1774 1814 1850 1934 1975 1998 2053 2149 2172 2239 2289 2355 2402 2482 2497 2580 2595 2653 2750 2800 2826 2880 2965 3008
7 2 95 113 163 231 307 343 411 444 516 583 645 657 736 783 842 884 941 1024 1068 1103 1134 1190 1278 1306 1399 1444 1466 1546 1586 1659 1722 1773 1822 1853 1943 1973 2005 2098 2136 2183 2224 2298 2334 2420 2447 2489 2541 2617 2696 2719 2768 2835 2898 2931 3018
7 2 95 145 197 224 275 344 411 448 520 588 634 663 714 778 813 883 957 974 1044 1126 1178 1240 1287 1321 1358 1455 1508 1542 1586 1644 1718 1764 1822 1849 1899 1975 2003 2076 2134 2187 2267 2298 2356 2376 2473 2491 2570 2610 2660 2725 2804 2819 2863 2931 3018
7 2 95 150 179 225 319 353 403 485 516 588 622 661 748 782 822 884 921 994 1032 1118 1136 1188 1276 1340 1387 1419 1494 1548 1614 1645 1718 1773 1801 1886 1902 1973 2005 2086 2126 2212 2230 2319 2354 2387 2431 2489 2561 2625 2663 2740 2763 2836 2870 2957 2989
7 2 95 157 169 229 312 344 403 482 522 583 608 658 734 808 833 893 942 972 1027 1113 1145 1210 1287 1322 1385 1433 1496 1542 1614 1623 1722 1762 1801 1889 1905 1965 2003 2090 2134 2186 2227 2319 2368 2378 2435 2491 2550 2632 2655 2733 2771 2854 2879 2957 2989
7 2 99 117 188 226 284 372 383 471 507 591 608 692 705 772 850 907 971 978 1035 1115 1134 1230 1254 1320 1383 1444 1505 1564 1597 1633 1704 1759 1824 1861 1926 1965 2016 2059 2136 2210 2250 2297 2345 2378 2443 2485 2556 2630 2666 2749 2802 2842 2889 2938 2976
4 2 99 134 177 240 295 353 419 476 517 591 634 686 755 756 846 883 921 997 1072 1119 1151 1220 1294 1301 1364 1419 1467 1523 1597 1644 1704 1750 1787 1847 1937 1988 2016 2070 2154 2162 2234 2290 2335 2426 2464 2485 2546 2641 2682 2738 2791 2852 2872 2945 2976
7 2 100 116 164 253 309 344 413 442 518 568 634 663 733 778 854 907 936 1008 1044 1121 1137 1195 1243 1309 1397 1434 1485 1523 1566 1671 1695 1781 1788 1862 1895 1995 2008 2094 2120 2209 2251 2316 2356 2395 2454 2536 2570 2631 2673 2713 2777 2825 2908 2945 2977
7 2 100 147 207 231 278 367 413 457 497 560 623 685 736 806 842 884 968 979 1050 1122 1154 1223 1295 1312 1376 1444 1506 1544 1566 1639 1704 1729 1788 1847 1926 1959 2050 2093 2157 2183 2219 2316 2353 2379 2447 2494 2583 2604 2670 2739 2780 2822 2864 2945 2977
4 2 104 108 197 257 278 352 410 451 512 580 615 701 709 780 845 893 964 1006 1075 1081 1159 1233 1279 1312 1362 1425 1471 1550 1606 1639 1718 1770 1809 1846 1907 1959 2001 2067 2134 2165 2237 2316 2324 2428 2467 2495 2583 2639 2670 2733 2760 2816 2893 2968 2983
4 2 104 144 211 233 281 337 411 454 524 580 642 671 703 772 817 892 953 996 1035 1126 1167 1240 1269 1320 1350 1455 1494 1554 1580 1636 1718 1765 1829 1842 1899 1973 2009 2053 2136 2205 2267 2289 2366 2384 2461 2487 2556 2624 2666 2726 2796 2813 2874 2938 3010
4 2 106 120 201 222 293 352 405 463 539 554 623 679 707 782 829 907 934 1022 1032 1115 1171 1224 1250 1340 1352 1452 1497 1512 1567 1670 1696 1760 1791 1859 1932 1995 2008 2062 2126 2201 2217 2297 2336 2410 2477 2531 2561 2638 2663 2718 2773 2834 2897 2957 2981
7 2 106 146 164 232 317 352 395 450 518 561 634 690 725 793 859 915 929 1006 1060 1093 1159 1213 1250 1337 1389 1432 1471 1512 1578 1640 1689 1781 1827 1839 1922 1988 2008 2067 2126 2204 2237 2316 2358 2426 2454 2531 2543 2600 2653 2727 2785 2847 2868 2947 2971
7 2 106 155 167 258 308 375 395 435 486 554 621 664 738 801 815 892 937 998 1050 1095 1184 1221 1295 1333 1363 1444 1498 1544 1578 1631 1696 1736 1827 1855 1912 1965 2044 2065 2149 2197 2247 2316 2345 2401 2465 2494 2587 2619 2678 2709 2761 2851 2864 2947 2971
7 2 107 123 185 227 300 337 417 433 535 588 645 656 729 791 828 892 931 998 1062 1090 1152 1191 1277 1302 1387 1447 1481 1545 1576 1666 1715 1772 1829 1836 1940 1966 2023 2084 2126 2169 2228 2297 2328 2415 2446 2486 2543 2644 2689 2747 2774 2834 2905 2947 3003
7 2 107 130 199 257 285 337 424 451 530 580 623 698 707 759 855 884 950 1011 1068 1085 1159 1222 1277 1304 1373 1432 1474 1545 1599 1639 1722 1777 1834 1850 1897 1974 2023 2064 2126 2167 2214 2311 2333 2402 2461 2486 2565 2639 2658 2740 2755 2826 2899 2968 2979
7 3 54 141 206 229 313 359 418 481 523 569 602 666 740 784 861 906 945 984 1047 1130 1152 1210 1267 1302 1351 1425 1475 1564 1590 1669 1680 1738 1817 1869 1936 1964 2007 2105 2137 2162 2241 2315 2362 2389 2432 2509 2580 2607 2650 2711 2791 2823 2895 2962 2999
4 3 56 108 215 238 297 331 392 465 525 569 636 697 752 805 851 870 941 989 1069 1111 1159 1201 1279 1337 1369 1425 1483 1521 1568 1642 1710 1740 1819 1852 1917 1976 2042 2104 2153 2206 2249 2313 2339 2387 2456 2494 2545 2631 2650 2714 2789 2838 2863 2936 3022
4 3 56 109 190 231 323 371 415 481 497 569 614 680 725 781 842 894 968 1014 1050 1120 1182 1216 1251 1312 1375 1446 1502 1549 1568 1638 1710 1767 1797 1859 1924 1950 2042 2058 2113 2171 2218 2288 2343 2422 2448 2494 2590 2605 2681 2739 2781 2821 2862 2962 3022
7 3 57 126 199 262 286 354 429 458 534 569 629 648 724 780 823 911 929 982 1051 1093 1146 1226 1264 1312 1399 1446 1498 1539 1601 1673 1695 1771 1797 1860 1892 1964 2005 2096 2151 2210 2217 2274 2331 2392 2431 2527 2590 2633 2681 2729 2781 2841 2895 2924 3007
7 3 60 126 202 224 321 369 395 441 522 587 629 698 726 778 833 893 950 998 1058 1113 1178 1240 1264 1298 1365 1410 1498 1539 1610 1623 1694 1762 1831 1849 1906 1965 2002 2063 2137 2160 2267 2310 2368 2403 2459 2527 2577 2630 2660 2701 2770 2819 2887 2924 3019
4 3 60 136 195 232 309 343 379 485 513 587 636 661 736 758 834 909 941 994 1077 1111 1160 1214 1278 1340 1369 1412 1499 1546 1615 1632 1694 1749 1820 1852 1902 1976 2040 2098 2136 2212 2264 2274 2361 2387 2455 2488 2541 2609 2656 2749 2763 2808 2876 2952 3014
4 3 60 147 176 229 298 369 379 447 520 559 602 664 740 808 813 883 930 999 1051 1126 1145 1210 1264 1296 1390 1446 1477 1539 1615 1644 1721 1764 1820 1889 1940 1975 2002 2084 2137 2162 2227 2274 2356 2402 2481 2527 2562 2641 2655 2718 2764 2854 2895 2952 3014
7 3 62 141 177 255 310 354 421 443 514 582 602 650 730 795 842 893 933 1021 1058 1083 1187 1229 1267 1342 1384 1451 1475 1564 1576 1647 1694 1751 1783 1887 1896 1950 1998 2069 2142 2179 2262 2289 2336 2413 2440 2509 2560 2637 2696 2703 2767 2836 2883 2962 3008
7 3 64 125 170 237 304 359 390 473 514 570 623 692 735 759 862 883 971 1010 1028 1126 1141 1210 1256 1332 1390 1451 1507 1561 1585 1624 1717 1728 1810 1848 1940 1952 2022 2095 2125 2185 2215 2274 2332 2402 2454 2500 2589 2620 2661 2740 2788 2825 2901 2962 3002
7 3 65 130 210 226 303 353 387 464 501 585 614 689 725 760 824 899 951 1016 1060 1103 1147 1188 1282 1310 1402 1424 1509 1558 1606 1648 1717 1746 1785 1858 1898 1992 2051 2052 2113 2176 2252 2299 2329 2401 2479 2511 2575 2610 2697 2728 2756 2848 2891 2922 3015
4 3 65 141 191 257 291 359 387 453 532 582 613 659 709 771 847 893 945 972 1075 1081 1159 1231 1260 1334 1400 1425 1511 1528 1606 1653 1720 1768 1785 1869 1927 1952 2025 2076 2153 2164 2223 2299 2345 2389 2465 2537 2552 2620 2648 2719 2805 2823 2911 2922 3015
7 3 65 142 211 253 322 331 396 440 501 582 624 650 703 795 817 899 955 988 1048 1106 1134 1201 1288 1320 1383 1410 1487 1552 1611 1645 1720 1746 1811 1887 1922 1992 2051 2075 2136 2203 2225 2289 2336 2391 2478 2511 2571 2601 2668 2703 2796 2812 2913 2936 3010
7 3 66 117 208 248 290 366 395 450 518 587 629 676 729 791 811 872 927 998 1062 1132 1173 1221 1293 1337 1374 1424 1503 1515 1582 1649 1680 1750 1830 1836 1906 1976 2037 2063 2126 2173 2267 2313 2363 2400 2480 2486 2542 2602 2653 2723 2798 2847 2876 2947 3020
4 3 66 152 187 222 320 366 401 475 507 546 623 664 706 790 838 894 930 996 1041 1120 1171 1222 1293 1308 1396 1449 1468 1515 1616 1621 1721 1760 1793 1889 1919 1952 2037 2060 2126 2201 2214 2288 2374 2402 2451 2486 2565 2640 2679 2718 2773 2849 2899 2952 2985
7 3 67 148 175 241 279 331 410 456 489 570 636 665 723 805 832 882 944 988 1033 1119 1134 1215 1246 1333 1394 1434 1487 1546 1600 1629 1721 1730 1795 1889 1908 1990 2049 2075 2112 2193 2225 2289 2371 2388 2469 2522 2582 2644 2647 2717 2804 2856 2904 2952 2997
4 3 70 131 163 260 311 369 412 472 493 560 629 694 705 778 819 872 947 985 1064 1116 1153 1239 1256 1317 1354 1451 1469 1527 1619 1649 1705 1771 1834 1876 1904 1987 2046 2084 2136 2170 2242 2274 2372 2411 2468 2533 2571 2603 2672 2726 2778 2808 2864 2936 2986
7 3 71 110 168 245 294 343 390 432 506 569 624 697 742 773 847 899 920 1016 1079 1101 1143 1234 1254 1348 1382 1446 1468 1556 1577 1645 1721 1769 1810 1850 1940 1952 2027 2089 2125 2195 2215 2313 2370 2415 2433 2525 2555 2615 2681 2716 2769 2859 2888 2922 3002
4 3 76 135 179 253 272 366 418 441 499 548 623 700 703 790 817 899 939 1025 1053 1101 1178 1238 1274 1347 1388 1410 1498 1530 1566 1623 1695 1777 1817 1862 1936 1964 2014 2063 2137 2203 2241 2313 2338 2409 2478 2495 2553 2600 2684 2724 2758 2851 2875 2964 2999
7 3 77 118 205 238 273 353 394 471 495 570 614 689 748 760 823 906 936 1020 1060 1091 1148 1213 1271 1347 1394 1451 1474 1535 1592 1622 1710 1765 1816 1865 1943 1964 2007 2101 2112 2210 2232 2313 2329 2416 2431 2484 2575 2625 2661 2721 2781 2841 2903 2924 3023
7 3 77 151 172 254 310 342 412 454 514 575 614 675 704 796 859 870 925 1004 1070 1116 1184 1239 1252 1321 1384 1451 1459 1549 1592 1667 1705 1751 1799 1877 1904 1975 1998 2064 2148 2174 2242 2276 2340 2380 2445 2493 2550 2625 2699 2721 2772 2858 2865 2962 3023
7 3 78 154 168 230 287 353 386 459 513 560 639 665 753 806 845 870 944 1016 1040 1124 1147 1191 1280 1306 1389 1412 1509 1534 1618 1652 1721 1769 1782 1889 1899 1987 2020 2052 2125 2197 2252 2299 2370 2388 2433 2518 2554 2626 2670 2717 2783 2850 2864 2952 2994
7 3 79 126 210 254 322 369 413 465 501 569 614 649 704 794 825 911 950 979 1036 1094 1155 1239 1286 1319 1383 1410 1486 1551 1613 1646 1682 1746 1812 1849 1926 1980 2051 2093 2148 2174 2218 2299 2365 2403 2479 2496 2547 2614 2646 2750 2777 2819 2865 2936 3011
7 3 79 157 171 252 297 359 428 436 525 569 624 648 716 780 812 909 934 1010 1078 1111 1141 1214 1259 1317 1369 1424 1507 1529 1607 1662 1682 1772 1805 1860 1902 1987 2010 2095 2153 2211 2215 2274 2331 2387 2432 2537 2563 2627 2680 2729 2793 2822 2896 2937 3017
7 3 80 130 185 233 309 342 415 485 503 575 636 672 750 765 824 909 951 1001 1063 1121 1160 1195 1243 1340 1377 1434 1505 1562 1600 1632 1695 1739 1833 1862 1894 1950 2031 2092 2113 2209 2250 2299 2322 2397 2445 2497 2548 2608 2649 2752 2756 2848 2906 2964 2984
4 3 80 145 177 250 297 331 394 436 503 560 624 650 742 795 810 909 928 1021 1048 1091 1141 1213 1292 1317 1389 1451 1502 1513 1581 1662 1710 1739 1834 1839 1943 1950 2031 2100 2125 2189 2232 2310 2336 2420 2453 2497 2571 2629 2672 2751 2778 2817 2909 2947 3004
7 3 80 147 205 240 291 369 415 457 536 560 623 665 702 806 820 882 930 979 1042 1120 1155 1216 1253 1334 1396 1446 1486 1530 1600 1653 1710 1729 1833 1889 1924 1952 2011 2093 2112 2169 2218 2299 2370 2402 2468 2517 2552 2644 2648 2717 2757 2854 2885 2964 2984
4 3 81 110 185 264 281 342 403 475 517 575 624 682 719 797 824 893 969 972 1052 1113 1171 1205 1254 1346 1376 1449 1468 1556 1608 1621 1682 1739 1815 1873 1942 1992 2017 2060 2126 2209 2239 2310 2351 2391 2445 2525 2584 2599 2669 2704 2793 2810 2915 2922 2991
7 3 85 124 184 245 307 343 406 432 487 546 636 661 737 758 836 882 935 1005 1077 1086 1158 1192 1257 1305 1393 1435 1511 1545 1577 1629 1720 1778 1822 1885 1931 1952 2011 2077 2142 2200 2236 2315 2361 2424 2476 2512 2541 2615 2692 2716 2766 2861 2899 2947 2988
7 3 85 145 198 229 285 342 406 481 519 585 624 676 740 797 813 883 927 976 1072 1104 1182 1220 1292 1349 1402 1446 1502 1513 1577 1638 1680 1743 1822 1836 1911 1980 2026 2058 2113 2162 2255 2315 2357 2400 2481 2497 2564 2607 2658 2723 2799 2818 2884 2947 2988
7 3 85 154 213 257 322 331 393 453 519 546 641 692 709 766 845 883 944 974 1063 1097 1166 1236 1243 1319 1367 1434 1481 1562 1585 1646 1720 1743 1806 1848 1939 1980 2026 2090 2125 2164 2228 2299 2325 2429 2467 2497 2547 2620 2646 2740 2783 2850 2906 2959 2980
4 3 87 140 173 250 318 331 410 436 502 569 641 651 731 766 856 882 957 1012 1035 1095 1175 1211 1266 1339 1399 1435 1480 1537 1581 1627 1717 1781 1795 1838 1900 1950 2015 2080 2151 2200 2233 2304 2366 2390 2456 2536 2576 2629 2647 2751 2804 2831 2862 2937 2997
4 3 88 158 177 244 293 354 429 453 486 582 614 696 741 773 842 911 919 986 1079 1089 1166 1232 1268 1348 1359 1434 1481 1558 1570 1646 1710 1751 1797 1879 1893 1990 2028 2090 2125 2179 2216 2276 2371 2414 2440 2526 2555 2634 2681 2707 2781 2821 2874 2922 3007
7 3 90 117 178 237 301 369 418 460 512 548 623 696 735 806 834 911 956 1025 1040 1130 1173 1210 1244 1306 1363 1425 1503 1515 1570 1639 1680 1761 1812 1879 1936 1976 2013 2063 2125 2185 2241 2310 2339 2377 2482 2535 2554 2634 2670 2707 2754 2817 2901 2952 3005
4 3 90 124 171 244 308 354 407 453 488 546 623 691 720 757 822 882 935 981 1039 1095 1159 1199 1269 1318 1364 1425 1511 1545 1570 1653 1682 1731 1823 1884 1913 1990 2049 2076 2153 2199 2214 2304 2360 2425 2474 2499 2588 2634 2693 2707 2780 2861 2894 2959 3005
7 3 90 146 194 259 285 342 407 480 519 548 614 675 739 796 860 894 951 983 1070 1103 1183 1197 1245 1349 1402 1434 1472 1514 1570 1638 1680 1755 1823 1858 1890 1992 2013 2067 2151 2161 2238 2304 2340 2401 2442 2535 2550 2599 2673 2742 2801 2831 2872 2959 3005
7 3 91 130 165 255 286 354 378 443 534 585 641 699 720 770 831 899 957 1007 1053 1095 1160 1199 1255 1312 1399 1412 1505 1562 1576 1673 1695 1735 1807 1838 1913 1950 2041 2092 2136 2188 2244 2288 2359 2390 2472 2485 2572 2637 2698 2703 2779 2842 2894 2959 2978
4 3 91 157 208 241 296 359 422 484 498 585 636 676 723 791 849 893 934 998 1030 1098 1151 1215 1249 1310 1381 1424 1476 1560 1575 1654 1695 1778 1785 1860 1929 1976 1999 2105 2112 2193 2226 2315 2363 2387 2452 2529 2575 2616 2697 2700 2756 2822 2904 2924 2979
7 3 92 125 198 228 279 371 399 433 489 570 639 688 734 785 844 883 971 976 1049 1119 1177 1207 1258 1304 1394 1439 1507 1561 1589 1658 1682 1779 1808 1863 1918 1987 2000 2058 2112 2187 2255 2288 2357 2388 2444 2498 2538 2642 2671 2747 2806 2825 2873 2947 3003
7 3 92 156 206 240 283 371 424 484 537 548 623 675 702 774 848 906 925 984 1037 1114 1151 1216 1258 1322 1386 1424 1476 1561 1599 1654 1705 1731 1832 1877 1930 1965 2000 2105 2112 2169 2241 2304 2362 2380 2439 2498 2570 2617 2659 2721 2755 2853 2885 2962 2992
4 3 93 114 185 218 296 359 404 483 517 559 624 657 740 780 859 911 961 1001 1051 1130 1170 1210 1264 1329 1363 1410 1462 1553 1611 1635 1695 1739 1835 1874 1936 1975 2017 2087 2113 2174 2254 2310 2322 2377 2445 2513 2590 2595 2663 2710 2772 2858 2895 2962 2981
4 3 93 140 189 253 292 331 431 440 496 559 600 699 745 793 860 893 957 1006 1030 1129 1158 1236 1283 1324 1366 1435 1484 1533 1611 1620 1695 1759 1809 1838 1907 1992 2017 2104 2142 2161 2231 2313 2337 2390 2442 2513 2573 2601 2688 2703 2801 2831 2869 2959 2981
4 3 94 116 176 254 311 369 431 465 490 559 600 660 715 788 813 906 956 1006 1037 1128 1159 1237 1265 1323 1357 1425 1483 1512 1613 1642 1705 1764 1794 1837 1907 1980 2034 2104 2153 2162 2231 2276 2349 2419 2481 2514 2556 2614 2687 2750 2799 2818 2877 2947 2996
4 3 94 118 213 232 276 371 400 449 490 570 602 692 754 766 837 906 936 974 1035 1100 1183 1212 1242 1339 1391 1434 1474 1535 1593 1669 1694 1764 1832 1875 1923 1980 2034 2065 2151 2194 2253 2274 2325 2404 2444 2514 2576 2645 2647 2712 2767 2841 2886 2937 3017
7 3 94 132 168 255 321 369 428 476 522 570 623 665 720 806 831 899 970 1016 1042 1106 1144 1219 1265 1298 1365 1412 1467 1512 1593 1623 1694 1732 1805 1853 1902 1987 2034 2089 2153 2188 2215 2289 2370 2410 2472 2514 2552 2603 2686 2753 2787 2834 2873 2922 3017
7 3 97 134 162 237 314 354 427 460 495 575 613 682 735 797 862 883 933 995 1072 1082 1153 1226 1292 1307 1353 1451 1490 1524 1573 1660 1680 1737 1800 1873 1903 1990 2036 2062 2136 2185 2230 2310 2351 2427 2454 2485 2564 2634 2699 2704 2771 2843 2884 2924 3019
7 3 98 108 200 233 283 371 406 448 537 546 636 694 750 807 825 893 947 1005 1027 1083 1186 1195 1279 1322 1386 1449 1483 1521 1578 1654 1705 1730 1801 1876 1931 1980 2001 2077 2113 2209 2236 2289 2344 2411 2443 2494 2551 2645 2679 2726 2765 2832 2906 2936 3010
7 3 98 146 162 232 313 359 396 449 523 570 636 688 736 791 835 872 940 995 1062 1092 1183 1214 1293 1302 1351 1449 1472 1514 1578 1669 1680 1737 1811 1882 1922 1992 2008 2067 2136 2212 2225 2288 2351 2426 2454 2487 2542 2645 2689 2726 2775 2842 2876 2937 3010
7 3 98 151 176 256 308 331 396 478 488 546 639 664 731 808 814 899 966 999 1050 1095 1184 1211 1251 1328 1364 1446 1459 1549 1578 1643 1705 1779 1811 1854 1900 1975 2001 2064 2153 2195 2247 2288 2356 2425 2467 2494 2563 2618 2668 2753 2796 2815 2862 2937 3010
7 3 102 131 173 266 303 353 419 444 501 548 629 658 724 759 851 883 918 1012 1028 1104 1165 1220 1256 1310 1402 1410 1469 1527 1610 1648 1717 1781 1786 1845 1911 1976 2016 2070 2151 2206 2243 2315 2366 2400 2456 2533 2589 2593 2684 2738 2789 2838 2901 2936 2976
7 3 102 160 172 250 272 343 379 469 499 548 613 675 742 796 810 909 943 1004 1038 1101 1149 1234 1295 1299 1388 1451 1492 1528 1573 1672 1717 1744 1820 1858 1940 1975 2047 2079 2137 2189 2227 2304 2340 2409 2453 2502 2583 2596 2656 2742 2763 2833 2888 2922 3014
7 3 103 133 203 267 307 343 388 435 529 569 641 680 716 781 845 872 964 1000 1078 1092 1178 1214 1259 1304 1351 1410 1470 1565 1580 1630 1720 1735 1806 1859 1922 1987 2046 2091 2137 2197 2233 2288 2343 2426 2433 2502 2562 2594 2646 2739 2783 2850 2896 2952 2985
7 3 103 141 199 238 311 354 401 465 493 569 600 651 748 801 823 906 933 981 1038 1114 1159 1228 1295 1323 1354 1451 1511 1528 1580 1642 1720 1771 1793 1887 1919 1952 2046 2076 2126 2210 2214 2304 2332 2413 2431 2502 2578 2631 2665 2702 2786 2836 2888 2936 2985
7 3 106 159 210 239 295 353 399 461 539 585 624 685 713 757 824 882 921 979 1039 1119 1168 1207 1269 1342 1362 1439 1495 1526 1591 1661 1682 1746 1815 1846 1918 1950 2015 2055 2148 2176 2255 2289 2365 2420 2479 2519 2588 2592 2669 2709 2793 2810 2894 2964 2995
7 3 107 126 184 259 304 366 430 439 526 587 614 661 739 758 823 893 929 1005 1029 1080 1175 1197 1286 1332 1378 1435 1486 1551 1584 1624 1710 1774 1816 1852 1914 1952 2025 2073 2151 2161 2240 2274 2361 2399 2480 2496 2589 2640 2661 2749 2781 2841 2872 2936 2986
4 3 107 135 191 230 320 366 427 459 532 575 613 672 753 765 814 872 939 995 1036 1118 1165 1190 1286 1297 1372 1410 1477 1551 1583 1633 1721 1768 1830 1862 1903 1975 2025 2062 2151 2197 2230 2299 2322 2409 2465 2496 2576 2626 2691 2752 2761 2851 2865 2937 2987
4 4 55 135 189 219 310 324 427 463 505 584 615 699 726 808 846 895 953 1017 1059 1102 1146 1217 1275 1313 1375 1450 1500 1554 1605 1660 1711 1750 1798 1844 1919 1988 2048 2062 2122 2161 2233 2282 2335 2380 2468 2510 2557 2601 2699 2715 2761 2858 2871 2921 3018
7 4 55 145 196 245 311 367 392 450 528 584 607 701 725 773 834 864 954 1024 1066 1114 1179 1192 1263 1307 1377 1409 1485 1534 1614 1631 1711 1760 1792 1843 1897 1961 2024 2064 2138 2190 2265 2314 2341 2424 2438 2534 2578 2641 2678 2716 2757 2809 2888 2938 3009
4 4 55 149 188 269 307 324 392 439 507 576 599 676 721 786 850 907 929 976 1035 1092 1182 1240 1275 1297 1376 1418 1486 1554 1614 1656 1719 1748 1792 1855 1941 1977 2048 2087 2122 2178 2222 2314 2345 2421 2471 2510 2562 2607 2649 2749 2785 2820 2896 2938 3009
7 4 56 131 168 257 296 339 416 442 523 553 599 665 744 775 845 895 944 988 1059 1130 1153 1212 1251 1308 1372 1448 1487 1541 1597 1666 1711 1763 1797 1876 1892 1991 1999 2101 2127 2188 2261 2311 2375 2396 2478 2509 2590 2603 2697 2740 2762 2812 2895 2916 2979
7 4 56 141 210 263 291 344 389 434 523 576 637 656 751 760 863 895 970 1000 1049 1125 1159 1207 1272 1316 1376 1404 1491 1521 1576 1671 1688 1763 1822 1887 1900 1991 1999 2094 2122 2176 2255 2273 2357 2389 2436 2509 2564 2631 2688 2715 2772 2828 2891 2961 3001
7 4 57 117 168 238 312 329 407 482 513 583 610 665 729 775 811 864 949 988 1078 1090 1136 1233 1293 1328 1391 1448 1497 1526 1593 1646 1696 1776 1813 1875 1908 1991 2034 2099 2143 2198 2263 2282 2375 2388 2466 2492 2572 2612 2655 2741 2778 2811 2875 2948 2993
7 4 57 120 204 255 276 360 408 449 534 583 638 698 733 758 821 910 945 1005 1064 1081 1154 1191 1257 1311 1385 1421 1511 1563 1593 1673 1696 1756 1812 1859 1914 1944 2034 2086 2111 2172 2223 2300 2347 2414 2472 2492 2585 2633 2695 2720 2773 2855 2872 2930 2993
4 4 57 149 200 240 322 324 398 440 537 583 625 697 703 771 841 900 929 974 1033 1106 1166 1225 1290 1315 1363 1418 1501 1539 1590 1654 1696 1743 1823 1855 1912 1949 2006 2077 2152 2163 2264 2285 2369 2421 2439 2520 2591 2622 2664 2729 2794 2820 2898 2961 2996
4 4 61 143 191 249 310 324 416 451 511 545 607 693 735 767 834 907 956 1021 1067 1130 1187 1212 1270 1335 1371 1448 1465 1560 1617 1638 1711 1751 1792 1864 1892 1966 2002 2067 2152 2169 2261 2300 2340 2398 2460 2520 2550 2644 2678 2713 2757 2809 2905 2933 2984
7 4 61 148 204 261 305 367 416 459 534 576 638 681 720 765 822 864 935 997 1055 1095 1156 1237 1265 1297 1357 1418 1479 1538 1617 1658 1679 1756 1792 1856 1937 1991 2034 2102 2127 2171 2216 2300 2355 2429 2472 2488 2562 2604 2649 2752 2785 2849 2891 2933 2984
7 4 61 149 192 263 289 370 430 434 511 576 625 651 717 757 828 907 930 981 1061 1097 1159 1241 1290 1318 1390 1421 1501 1539 1581 1671 1679 1751 1795 1868 1909 1966 2002 2085 2106 2209 2249 2282 2346 2416 2459 2520 2576 2631 2674 2710 2800 2819 2869 2961 3022
7 4 62 120 164 242 297 355 381 436 528 583 594 697 742 771 832 910 963 1011 1079 1091 1142 1227 1262 1344 1391 1409 1510 1564 1596 1655 1719 1753 1783 1855 1921 1958 2032 2066 2143 2181 2224 2285 2369 2387 2480 2519 2545 2615 2683 2729 2792 2836 2879 2938 2994
7 4 62 149 213 253 323 370 401 468 504 583 615 658 724 795 855 900 930 980 1028 1120 1182 1209 1267 1311 1368 1421 1486 1554 1591 1627 1719 1780 1812 1868 1916 1977 2033 2087 2119 2187 2218 2268 2337 2416 2442 2518 2585 2593 2695 2703 2773 2819 2913 2921 3000
7 4 62 158 215 247 321 336 407 441 538 583 610 683 714 805 851 895 940 988 1054 1125 1172 1199 1284 1303 1363 1426 1460 1537 1591 1635 1719 1747 1806 1874 1908 1981 2033 2099 2152 2199 2263 2273 2329 2403 2447 2518 2573 2595 2650 2701 2780 2829 2904 2916 3000
7 4 62 159 203 251 320 355 407 470 510 584 615 678 709 796 845 877 933 983 1044 1127 1161 1204 1262 1316 1352 1421 1471 1564 1591 1643 1718 1770 1806 1846 1939 1991 2032 2097 2143 2208 2233 2273 2334 2415 2458 2519 2579 2593 2673 2703 2758 2816 2915 2916 3000
7 4 63 111 187 253 284 355 389 468 533 583 630 657 729 790 830 884 941 1015 1078 1098 1182 1233 1293 1349 1399 1418 1493 1520 1569 1627 1674 1730 1822 1867 1900 1991 2037 2080 2122 2183 2255 2312 2355 2405 2480 2499 2557 2593 2664 2724 2795 2835 2875 2921 3001
7 4 63 120 177 246 294 339 417 440 488 583 607 683 725 805 828 910 945 1025 1060 1099 1167 1213 1250 1338 1400 1440 1511 1563 1569 1653 1674 1775 1794 1874 1930 1966 2037 2071 2138 2189 2232 2273 2329 2398 2479 2499 2566 2616 2689 2701 2765 2855 2866 2961 3001
7 4 63 123 174 224 274 344 389 462 494 540 607 685 735 778 829 895 925 1017 1076 1107 1162 1230 1244 1321 1384 1440 1508 1559 1569 1644 1718 1779 1822 1872 1931 1961 2013 2070 2152 2194 2225 2312 2349 2424 2482 2524 2558 2616 2688 2701 2772 2861 2887 2921 3001
7 4 63 158 214 226 304 370 402 473 494 583 638 665 720 809 837 895 938 1006 1042 1102 1176 1216 1289 1344 1354 1409 1484 1514 1597 1649 1674 1779 1783 1876 1920 1961 2013 2085 2127 2205 2223 2282 2341 2402 2442 2524 2545 2603 2683 2740 2792 2831 2912 2953 2973
7 4 63 160 212 257 319 339 379 442 533 540 638 688 730 782 843 884 937 994 1030 1086 1179 1236 1250 1324 1366 1409 1471 1563 1597 1639 1718 1730 1807 1854 1925 1991 2037 2079 2138 2202 2252 2305 2342 2429 2455 2499 2561 2603 2677 2740 2763 2843 2897 2930 2973
7 4 64 123 184 219 321 368 420 441 498 540 610 688 726 782 846 895 971 1022 1049 1113 1172 1197 1271 1303 1402 1450 1506 1561 1578 1635 1688 1755 1811 1854 1923 1949 2043 2053 2127 2161 2240 2305 2342 2395 2468 2503 2542 2623 2682 2740 2803 2815 2892 2960 3012
7 4 64 131 199 241 322 344 409 465 498 553 630 696 704 763 830 895 922 973 1042 1094 1143 1226 1291 1315 1401 1447 1488 1540 1608 1654 1674 1755 1822 1871 1899 1949 2043 2076 2150 2210 2217 2285 2358 2384 2452 2503 2591 2635 2664 2728 2795 2835 2910 2963 2981
7 4 64 159 192 256 284 355 420 449 535 553 640 651 722 757 814 908 933 981 1063 1082 1154 1238 1269 1302 1397 1421 1511 1524 1578 1673 1674 1757 1811 1846 1915 1966 2017 2086 2111 2186 2248 2305 2346 2415 2453 2530 2574 2632 2694 2731 2789 2816 2884 2960 3012
4 4 67 119 212 249 284 324 382 451 533 556 638 674 711 794 852 910 929 992 1027 1108 1152 1217 1245 1302 1399 1418 1498 1542 1617 1673 1706 1730 1817 1881 1913 1966 2037 2092 2149 2193 2241 2305 2344 2394 2455 2494 2574 2644 2694 2713 2782 2851 2886 2921 2977
7 4 67 132 177 261 320 367 413 459 488 556 607 667 713 773 839 884 927 979 1065 1122 1171 1229 1273 1316 1374 1448 1459 1515 1617 1643 1706 1775 1786 1870 1918 1991 2037 2088 2106 2179 2262 2273 2375 2409 2479 2494 2579 2604 2673 2752 2777 2839 2874 2953 2977
4 4 67 147 211 264 294 324 390 460 488 571 599 671 738 786 863 884 958 990 1050 1101 1175 1225 1245 1328 1400 1440 1470 1542 1574 1663 1691 1775 1834 1863 1917 1991 2037 2062 2149 2167 2259 2282 2351 2396 2445 2494 2547 2627 2681 2704 2774 2826 2863 2961 3022
7 4 70 116 209 226 318 339 398 473 493 583 625 658 747 770 839 908 942 974 1077 1117 1176 1214 1294 1330 1385 1426 1491 1545 1606 1649 1688 1744 1809 1839 1912 1991 2051 2077 2111 2179 2264 2268 2361 2377 2479 2504 2546 2603 2650 2731 2777 2839 2875 2953 3011
7 4 70 143 195 239 321 368 389 436 538 583 630 698 731 758 834 869 956 1015 1073 1125 1168 1207 1258 1310 1363 1404 1507 1519 1607 1628 1688 1761 1814 1859 1900 1961 2018 2080 2152 2190 2255 2300 2347 2403 2438 2537 2577 2618 2656 2720 2757 2809 2912 2938 3010
7 4 70 155 170 257 281 370 404 442 538 553 625 651 730 757 835 869 957 1002 1061 1087 1153 1222 1249 1322 1401 1426 1508 1527 1606 1666 1718 1761 1803 1846 1894 1961 2018 2081 2150 2202 2238 2305 2346 2391 2463 2537 2576 2603 2669 2731 2804 2810 2911 2916 3011
7 4 70 157 213 238 302 370 409 482 519 583 594 652 739 791 855 879 947 987 1074 1103 1136 1189 1249 1338 1359 1440 1506 1527 1607 1646 1688 1780 1794 1860 1893 1949 2018 2090 2150 2187 2224 2290 2330 2406 2442 2537 2566 2612 2689 2726 2765 2827 2898 2948 3010
7 4 71 135 214 254 291 336 408 434 512 584 637 701 712 773 818 895 966 1006 1065 1081 1159 1191 1254 1316 1387 1421 1501 1553 1616 1671 1696 1741 1806 1843 1914 1949 2043 2085 2106 2175 2223 2314 2341 2412 2481 2495 2579 2639 2673 2716 2758 2844 2893 2953 2999
4 4 71 147 213 224 307 324 425 456 512 561 640 652 735 791 829 895 958 987 1054 1130 1137 1212 1283 1331 1372 1440 1489 1523 1595 1621 1719 1741 1798 1863 1892 1949 2043 2061 2119 2194 2253 2311 2330 2396 2482 2495 2586 2622 2653 2723 2807 2826 2905 2933 3020
7 4 71 160 190 218 300 329 401 471 497 561 637 655 752 792 843 864 937 1007 1063 1120 1149 1209 1269 1299 1389 1421 1510 1524 1616 1630 1719 1769 1813 1889 1916 1958 2009 2059 2138 2185 2218 2305 2370 2393 2473 2530 2539 2639 2671 2716 2763 2843 2884 2963 2999
7 4 72 119 209 246 305 367 429 456 493 556 625 673 725 807 828 910 959 1011 1046 1114 1137 1192 1282 1333 1398 1440 1489 1551 1600 1621 1679 1744 1795 1878 1897 1989 2051 2061 2119 2189 2229 2268 2324 2404 2479 2502 2560 2600 2674 2733 2800 2819 2888 2938 3023
7 4 72 138 210 243 319 367 411 477 500 545 615 656 724 760 811 908 928 1000 1052 1082 1145 1238 1282 1324 1397 1404 1470 1551 1618 1639 1691 1735 1791 1851 1915 1991 2051 2093 2119 2198 2256 2305 2357 2415 2466 2502 2561 2604 2677 2751 2778 2811 2882 2948 3004
7 4 72 157 182 223 300 368 411 446 525 556 594 674 737 794 833 907 936 1022 1061 1121 1172 1215 1249 1299 1362 1426 1506 1527 1618 1630 1679 1768 1791 1881 1932 1958 2016 2053 2152 2164 2240 2305 2344 2387 2456 2537 2539 2643 2671 2713 2784 2838 2911 2948 3004
4 4 73 119 169 251 299 324 380 433 508 586 615 660 709 808 838 879 929 987 1045 1129 1137 1204 1260 1304 1378 1418 1489 1551 1589 1645 1679 1732 1808 1881 1937 1989 2025 2061 2143 2208 2253 2311 2373 2394 2465 2526 2572 2630 2680 2727 2797 2851 2915 2948 3021
7 4 73 161 192 261 277 360 403 444 490 586 607 649 713 759 859 908 925 981 1056 1107 1186 1229 1281 1310 1384 1426 1478 1529 1589 1672 1679 1751 1784 1872 1932 1961 2025 2086 2106 2179 2248 2300 2346 2424 2459 2526 2548 2619 2686 2738 2802 2824 2874 2960 3021
4 4 76 109 209 233 280 324 385 472 503 571 610 698 721 781 817 910 956 1011 1058 1092 1164 1240 1251 1337 1395 1448 1461 1536 1593 1632 1688 1777 1817 1859 1941 1981 2028 2061 2111 2213 2229 2311 2324 2403 2445 2515 2581 2633 2675 2720 2803 2845 2896 2938 2974
7 4 76 118 196 266 271 370 385 454 509 553 638 665 704 809 852 864 930 1024 1042 1089 1161 1226 1291 1331 1353 1421 1504 1530 1593 1658 1706 1737 1817 1875 1904 1949 2029 2064 2143 2185 2265 2311 2341 2407 2463 2514 2545 2612 2694 2741 2782 2851 2910 2938 2974
7 4 78 123 188 227 296 360 386 442 507 540 599 682 733 764 827 895 925 995 1041 1081 1153 1191 1280 1308 1387 1426 1508 1559 1609 1666 1691 1748 1816 1884 1914 1988 2048 2081 2150 2199 2245 2314 2326 2412 2471 2486 2589 2634 2698 2728 2774 2861 2872 2930 3003
7 4 78 145 211 235 283 355 419 484 524 540 607 677 719 779 817 908 919 990 1052 1110 1147 1227 1263 1303 1360 1450 1485 1534 1599 1672 1691 1775 1811 1861 1901 1981 2000 2097 2149 2213 2225 2273 2351 2379 2445 2534 2542 2626 2682 2709 2803 2845 2903 2938 3013
7 4 78 157 199 268 310 360 406 451 505 556 607 672 753 759 855 907 947 1008 1036 1083 1187 1196 1280 1335 1375 1450 1474 1559 1599 1638 1674 1750 1824 1867 1924 1977 2048 2058 2150 2173 2262 2290 2323 2399 2457 2486 2569 2626 2658 2709 2765 2827 2876 2921 3013
4 4 80 110 188 235 294 324 396 466 536 576 640 656 755 791 850 877 928 995 1074 1127 1143 1204 1277 1338 1352 1447 1483 1513 1579 1653 1691 1748 1793 1851 1939 1966 2021 2082 2150 2178 2244 2273 2326 2415 2471 2523 2566 2644 2689 2751 2766 2840 2869 2948 3016
4 4 80 132 164 257 310 324 429 443 505 556 625 697 730 771 843 884 948 1011 1033 1083 1164 1222 1277 1313 1375 1409 1461 1513 1612 1660 1711 1778 1834 1866 1897 1958 2021 2061 2150 2202 2229 2311 2369 2399 2455 2523 2591 2602 2666 2719 2788 2817 2911 2963 2982
7 4 81 116 207 231 309 344 385 485 497 584 607 685 749 778 839 907 942 985 1076 1089 1154 1226 1267 1336 1380 1421 1492 1544 1615 1638 1706 1739 1786 1837 1904 1981 2040 2104 2111 2209 2265 2268 2349 2379 2448 2528 2558 2599 2673 2736 2777 2839 2864 2963 3005
7 4 82 109 202 218 277 329 388 471 490 586 610 701 727 775 832 895 954 1012 1059 1107 1144 1230 1251 1347 1384 1447 1461 1536 1616 1635 1711 1754 1827 1843 1931 1958 2022 2083 2106 2210 2226 2312 2339 2424 2450 2515 2590 2639 2659 2716 2781 2847 2895 2938 2988
4 4 82 140 169 222 310 324 423 485 511 586 637 686 738 766 838 877 943 1023 1029 1101 1154 1225 1266 1335 1371 1421 1492 1521 1616 1638 1711 1732 1793 1838 1917 1977 2022 2104 2111 2208 2227 2290 2337 2426 2465 2515 2569 2607 2658 2748 2796 2852 2863 2961 2988
7 4 83 118 182 235 277 360 379 484 490 540 638 673 755 758 850 877 959 994 1073 1128 1147 1195 1291 1310 1384 1447 1504 1530 1575 1672 1679 1754 1785 1878 1925 1977 2022 2079 2152 2178 2252 2285 2372 2404 2471 2514 2577 2626 2656 2733 2785 2820 2877 2938 2994
7 4 83 123 169 258 289 370 381 457 511 540 637 700 743 769 858 895 971 987 1071 1119 1136 1200 1261 1318 1390 1448 1506 1561 1575 1671 1679 1732 1783 1856 1921 1958 2022 2090 2143 2188 2224 2290 2373 2393 2465 2514 2565 2625 2685 2734 2790 2815 2873 2933 2994
7 4 84 133 207 263 312 344 379 434 527 584 594 699 717 808 839 879 922 999 1045 1128 1184 1195 1260 1328 1377 1447 1479 1552 1576 1646 1679 1739 1807 1844 1925 1991 2010 2074 2138 2209 2252 2282 2335 2411 2448 2525 2572 2631 2655 2715 2784 2832 2915 2953 2973
7 4 84 161 204 223 315 355 402 483 496 584 637 650 706 807 858 910 934 1005 1046 1108 1186 1211 1282 1322 1369 1404 1478 1529 1576 1633 1679 1769 1783 1883 1920 1961 2010 2086 2127 2195 2223 2305 2347 2425 2458 2525 2560 2606 2685 2739 2790 2815 2888 2930 2973
7 4 86 109 213 226 286 367 380 443 504 586 615 682 720 760 837 895 954 987 1049 1095 1164 1237 1272 1336 1403 1409 1461 1536 1609 1660 1688 1780 1832 1884 1937 1981 2033 2061 2150 2205 2253 2268 2330 2383 2442 2493 2564 2634 2667 2728 2776 2847 2891 2933 2995
7 4 86 120 185 263 273 360 406 471 509 586 594 668 717 797 828 907 945 976 1044 1115 1149 1195 1262 1326 1351 1421 1510 1564 1592 1630 1688 1758 1824 1859 1938 1989 2007 2059 2138 2209 2250 2273 2348 2414 2459 2519 2578 2594 2658 2750 2765 2855 2915 2938 3013
7 4 87 131 164 243 311 367 431 477 528 571 594 662 739 766 830 877 922 1019 1029 1128 1153 1223 1266 1307 1377 1426 1487 1541 1618 1631 1711 1753 1800 1844 1896 1991 2032 2101 2150 2183 2230 2285 2361 2411 2480 2493 2569 2604 2687 2751 2795 2835 2863 2921 2989
7 4 87 135 191 256 273 336 390 472 509 571 599 663 722 804 814 908 966 990 1028 1117 1146 1210 1267 1305 1351 1421 1500 1554 1586 1651 1711 1758 1833 1843 1917 1988 2007 2062 2152 2186 2259 2268 2371 2412 2453 2518 2577 2609 2661 2753 2762 2844 2913 2938 3023
7 4 89 157 204 247 277 360 400 441 520 583 625 657 741 790 821 879 947 997 1045 1105 1172 1228 1295 1347 1354 1450 1506 1527 1567 1635 1679 1756 1810 1867 1910 1958 2046 2053 2127 2172 2264 2312 2355 2399 2472 2491 2590 2595 2659 2724 2800 2827 2879 2916 3008
7 4 92 120 186 222 309 355 403 485 516 586 607 676 750 779 848 907 963 981 1030 1121 1154 1215 1250 1336 1362 1409 1511 1563 1614 1638 1696 1731 1832 1855 1932 1944 2008 2086 2122 2196 2248 2305 2352 2387 2431 2499 2564 2607 2667 2749 2776 2836 2897 2961 2972
7 4 93 109 180 268 312 329 404 466 527 571 607 663 753 804 837 910 954 1001 1064 1114 1143 1196 1252 1320 1377 1447 1483 1515 1584 1653 1696 1739 1803 1843 1894 1961 2010 2082 2150 2173 2238 2268 2371 2424 2475 2516 2540 2611 2696 2753 2776 2847 2876 2953 3011
7 4 93 132 190 266 315 329 431 454 496 561 630 652 704 764 843 879 948 1020 1041 1129 1171 1235 1252 1308 1369 1404 1459 1515 1607 1648 1706 1769 1802 1860 1905 1991 2010 2088 2150 2185 2221 2311 2357 2405 2473 2516 2589 2612 2698 2726 2788 2817 2901 2930 2987
7 4 95 141 165 225 305 329 396 435 534 576 640 688 740 776 861 895 937 995 1076 1095 1158 1235 1267 1333 1357 1421 1467 1544 1578 1621 1718 1762 1827 1854 1939 1989 2027 2082 2127 2175 2244 2268 2348 2429 2437 2528 2560 2623 2674 2740 2767 2860 2864 2930 2980
7 4 96 147 197 263 277 360 386 471 520 561 610 670 751 783 863 895 958 973 1071 1102 1144 1216 1253 1347 1354 1404 1489 1523 1592 1635 1679 1776 1816 1857 1920 1989 2027 2054 2149 2176 2239 2282 2360 2402 2436 2527 2551 2594 2698 2750 2774 2826 2880 2963 3003
7 4 99 123 193 236 312 344 429 482 527 571 610 649 728 780 827 864 925 982 1055 1114 1136 1192 1271 1328 1377 1440 1506 1561 1594 1646 1679 1740 1834 1872 1897 1958 2009 2090 2150 2200 2229 2314 2325 2424 2470 2503 2547 2614 2681 2738 2774 2861 2885 2960 2982
7 4 99 131 204 251 300 368 430 433 497 571 630 698 709 758 845 877 944 1005 1073 1097 1158 1241 1291 1305 1389 1421 1488 1540 1594 1623 1679 1769 1833 1857 1909 1944 2009 2060 2127 2208 2249 2311 2347 2417 2458 2503 2577 2630 2661 2722 2762 2812 2877 2963 2982
4 4 99 135 209 235 299 324 400 466 514 571 637 662 719 766 817 908 953 974 1056 1105 1166 1228 1254 1319 1373 1450 1501 1553 1579 1629 1679 1777 1820 1844 1910 1966 2017 2077 2119 2213 2264 2285 2361 2380 2445 2495 2541 2644 2647 2751 2790 2858 2902 2953 2997
4 4 101 127 185 219 280 324 428 463 503 545 640 656 703 791 819 879 970 998 1074 1106 1173 1225 1249 1337 1395 1426 1476 1565 1605 1632 1688 1757 1808 1887 1912 1988 2047 2092 2138 2184 2235 2305 2326 2389 2460 2500 2566 2601 2690 2715 2787 2843 2898 2961 2972
7 4 101 156 192 236 315 355 387 454 503 553 630 680 742 790 814 879 946 996 1045 1091 1171 1227 1295 1308 1361 1448 1494 1519 1568 1648 1679 1757 1797 1878 1921 1988 2047 2052 2106 2186 2217 2314 2331 2418 2453 2500 2590 2642 2697 2725 2762 2844 2879 2938 3009
4 4 104 116 176 255 284 324 405 449 533 583 640 652 714 791 813 908 948 1023 1054 1098 1154 1199 1284 1302 1399 1409 1492 1544 1587 1673 1706 1766 1820 1860 1935 1981 2000 2104 2122 2191 2227 2290 2330 2405 2439 2510 2586 2633 2683 2726 2755 2833 2904 2930 2992
4 4 104 141 211 251 279 324 404 433 524 571 607 693 750 767 863 900 970 1001 1067 1087 1158 1222 1284 1326 1365 1426 1467 1544 1589 1623 1718 1775 1823 1849 1894 1989 2000 2082 2122 2167 2238 2273 2340 2427 2445 2510 2550 2630 2687 2727 2772 2828 2890 2963 2990
7 4 105 126 195 219 286 367 413 463 504 584 625 650 703 807 840 884 967 1015 1048 1086 1146 1223 1269 1336 1403 1421 1469 1557 1581 1660 1688 1761 1786 1883 1938 1944 2050 2093 2152 2184 2243 2305 2347 2392 2438 2497 2558 2601 2673 2739 2777 2838 2900 2921 2977
7 4 106 111 172 231 307 368 411 439 512 561 599 687 749 787 839 907 944 1014 1036 1130 1182 1190 1257 1297 1372 1421 1493 1520 1586 1656 1674 1773 1791 1876 1915 1991 2011 2080 2119 2209 2256 2300 2334 2396 2448 2535 2541 2645 2671 2718 2784 2832 2901 2953 3004
7 4 106 117 180 258 291 336 431 457 512 540 625 677 730 779 822 907 921 1021 1030 1115 1136 1236 1250 1316 1387 1440 1497 1526 1600 1671 1696 1773 1800 1861 1896 1991 2011 2099 2150 2201 2230 2273 2351 2377 2440 2535 2564 2625 2688 2709 2794 2840 2897 2933 2989
7 4 106 146 199 256 280 336 386 472 531 561 610 655 728 805 860 910 965 973 1060 1108 1164 1211 1250 1337 1369 1409 1468 1526 1586 1632 1674 1755 1815 1852 1920 1988 2011 2054 2150 2181 2239 2305 2358 2425 2452 2535 2566 2609 2690 2753 2779 2810 2866 2948 3004
7 4 107 119 170 218 321 336 414 471 538 586 625 676 752 779 852 879 929 996 1052 1106 1144 1210 1282 1303 1363 1404 1489 1551 1582 1635 1719 1761 1830 1855 1927 1949 2018 2054 2149 2185 2215 2305 2352 2421 2463 2502 2542 2639 2682 2749 2782 2851 2882 2938 2976
7 5 54 154 207 219 320 371 388 458 538 574 613 689 718 761 822 865 936 1003 1074 1106 1172 1202 1248 1303 1373 1426 1503 1527 1606 1629 1712 1768 1792 1857 1914 1973 2031 2081 2155 2183 2265 2305 2326 2409 2444 2537 2582 2617 2690 2730 2767 2810 2898 2934 3004
7 5 54 156 176 267 292 373 403 456 538 577 630 660 731 758 814 865 961 994 1072 1088 1148 1226 1258 1328 1400 1422 1494 1518 1600 1648 1709 1768 1813 1878 1916 1973 2031 2068 2153 2191 2217 2288 2334 2384 2475 2537 2556 2602 2667 2710 2796 2813 2907 2938 3010
7 5 54 158 197 257 316 325 388 452 500 577 615 651 706 778 853 911 927 986 1041 1108 1166 1218 1282 1298 1394 1424 1482 1564 1606 1639 1709 1734 1792 1863 1941 1993 2051 2079 2134 2165 2239 2305 2338 2415 2478 2517 2550 2622 2659 2725 2797 2816 2908 2934 3004
7 5 56 120 189 245 275 344 408 476 521 577 611 698 733 808 821 882 960 1005 1066 1084 1180 1192 1257 1349 1398 1438 1460 1523 1593 1636 1711 1742 1822 1844 1931 1993 2015 2070 2107 2211 2235 2315 2345 2419 2454 2507 2570 2631 2646 2709 2788 2818 2908 2945 2995
4 5 56 132 202 257 272 373 386 452 497 577 641 648 707 809 841 884 929 1024 1032 1122 1166 1231 1277 1342 1363 1432 1485 1525 1592 1639 1711 1743 1821 1870 1897 1945 2021 2075 2125 2164 2264 2303 2354 2386 2475 2501 2554 2622 2692 2740 2783 2859 2911 2934 2996
4 5 56 148 186 236 318 325 416 473 521 576 641 681 720 766 833 882 950 1023 1039 1095 1138 1234 1254 1339 1356 1432 1504 1526 1592 1625 1712 1742 1791 1836 1934 1993 2015 2083 2127 2193 2244 2286 2333 2429 2457 2507 2581 2622 2654 2740 2804 2860 2864 2951 2996
7 5 57 126 197 248 277 360 429 484 529 561 631 670 702 759 825 911 920 986 1051 1089 1157 1221 1272 1304 1392 1453 1491 1532 1612 1671 1703 1776 1812 1848 1900 1964 2003 2079 2141 2213 2239 2269 2338 2389 2435 2527 2564 2633 2686 2715 2799 2856 2902 2934 3001
7 5 57 140 204 254 275 360 392 476 534 567 611 659 728 790 860 882 945 985 1065 1096 1180 1191 1272 1349 1385 1405 1477 1532 1597 1636 1696 1771 1823 1861 1912 1992 2003 2053 2141 2169 2226 2317 2332 2390 2437 2527 2538 2621 2679 2751 2806 2832 2887 2954 3016
4 5 57 147 169 227 305 358 407 454 534 561 643 700 704 779 820 882 918 981 1058 1095 1137 1234 1263 1309 1356 1441 1484 1541 1612 1637 1703 1771 1833 1869 1934 1992 2003 2078 2143 2173 2253 2286 2372 2429 2473 2527 2565 2606 2671 2741 2765 2843 2880 2917 3001
4 5 58 126 202 232 321 358 385 445 516 587 631 701 705 756 822 884 964 1024 1065 1118 1161 1213 1272 1306 1378 1405 1491 1532 1615 1645 1694 1773 1825 1852 1898 1973 2002 2075 2143 2183 2264 2317 2354 2420 2444 2527 2572 2628 2656 2706 2767 2810 2887 2934 3014
7 5 58 159 187 269 287 344 385 447 505 559 595 664 734 778 844 898 942 998 1041 1102 1178 1240 1287 1298 1382 1441 1487 1542 1615 1667 1721 1758 1825 1850 1940 1981 2040 2090 2134 2160 2223 2317 2325 2403 2470 2488 2550 2598 2659 2736 2764 2819 2903 2934 3014
7 5 59 134 165 255 312 358 422 466 529 576 641 688 727 770 830 865 941 1003 1048 1088 1145 1213 1259 1308 1358 1453 1483 1525 1619 1630 1696 1733 1828 1888 1928 1982 2046 2103 2134 2190 2244 2288 2367 2426 2472 2521 2550 2592 2648 2732 2773 2842 2865 2934 2985
7 5 62 130 213 220 284 340 401 480 530 541 630 658 743 790 855 884 930 996 1065 1098 1169 1209 1267 1349 1396 1432 1475 1515 1574 1626 1694 1757 1834 1849 1923 1993 2037 2065 2141 2164 2242 2315 2333 2378 2461 2511 2538 2636 2679 2743 2795 2823 2892 2954 3021
7 5 62 159 184 264 299 373 430 437 510 559 630 660 708 758 824 898 929 987 1072 1080 1138 1241 1286 1316 1389 1432 1489 1540 1574 1662 1675 1731 1806 1846 1922 1962 2025 2097 2127 2196 2254 2306 2334 2410 2446 2524 2556 2636 2680 2743 2781 2833 2877 2964 3021
7 5 65 123 172 241 277 360 423 458 528 557 595 661 732 783 810 882 924 1023 1058 1084 1172 1229 1261 1346 1393 1426 1503 1558 1589 1629 1703 1738 1823 1872 1894 1982 2011 2081 2155 2199 2246 2315 2346 2424 2464 2486 2561 2595 2698 2717 2786 2861 2882 2951 2984
7 5 65 140 196 247 313 373 381 436 528 567 641 679 731 809 834 882 941 1012 1042 1088 1175 1226 1288 1344 1358 1438 1479 1530 1581 1625 1692 1738 1799 1888 1916 1982 2011 2082 2143 2211 2240 2269 2322 2426 2440 2486 2544 2638 2683 2741 2768 2836 2907 2938 2992
7 5 66 136 214 259 289 361 400 437 518 587 628 701 744 756 819 900 962 1013 1059 1082 1138 1201 1253 1325 1369 1432 1489 1563 1602 1662 1692 1751 1785 1852 1901 1945 2026 2097 2127 2168 2229 2317 2354 2422 2480 2509 2578 2640 2672 2706 2780 2848 2872 2936 2986
4 5 67 112 185 242 270 361 380 457 517 587 615 661 740 780 818 882 966 1005 1077 1095 1163 1232 1273 1329 1403 1405 1500 1516 1589 1660 1709 1780 1795 1872 1936 1981 2039 2072 2155 2169 2233 2286 2349 2382 2480 2530 2549 2595 2656 2717 2797 2853 2891 2945 2981
7 5 67 131 166 241 298 360 390 458 516 574 615 683 741 762 830 913 945 1016 1079 1090 1143 1221 1274 1340 1401 1405 1509 1564 1589 1659 1721 1732 1784 1850 1899 1982 2043 2059 2125 2190 2256 2297 2370 2400 2472 2526 2554 2595 2693 2717 2773 2842 2862 2934 2981
7 5 67 161 203 258 321 342 381 441 516 587 621 666 710 789 858 913 934 1002 1049 1118 1167 1197 1294 1319 1378 1422 1458 1543 1578 1631 1709 1732 1799 1882 1916 1982 2043 2091 2143 2203 2240 2290 2342 2420 2434 2526 2565 2604 2660 2702 2790 2814 2913 2917 2992
7 5 68 119 170 255 321 358 426 466 514 557 643 700 732 779 813 891 933 980 1058 1083 1144 1229 1261 1319 1380 1451 1471 1514 1619 1631 1694 1766 1818 1876 1895 1982 2042 2094 2107 2185 2257 2290 2372 2421 2456 2531 2565 2592 2660 2732 2771 2831 2882 2953 2975
7 5 71 147 175 245 320 361 389 471 508 561 595 654 733 805 821 882 918 989 1031 1120 1160 1233 1283 1303 1402 1438 1484 1541 1613 1629 1721 1755 1795 1889 1904 1973 2032 2054 2123 2211 2237 2305 2358 2408 2454 2505 2582 2637 2690 2716 2764 2843 2866 2966 2972
4 5 73 119 186 264 320 371 417 475 508 557 630 678 708 785 826 891 933 983 1070 1111 1176 1241 1288 1304 1402 1438 1471 1514 1608 1628 1712 1755 1808 1881 1890 1964 2032 2061 2127 2196 2249 2269 2373 2417 2443 2503 2577 2597 2673 2704 2757 2831 2877 2966 3000
7 5 73 123 212 261 293 344 403 463 512 557 628 691 716 799 842 882 924 981 1039 1096 1162 1210 1244 1306 1364 1440 1503 1558 1608 1672 1712 1751 1822 1884 1893 1973 2032 2090 2153 2200 2241 2317 2330 2412 2482 2503 2548 2596 2681 2705 2754 2861 2874 2917 3000
7 5 75 113 170 247 299 373 390 436 510 561 628 700 753 779 854 900 971 980 1053 1113 1139 1199 1256 1316 1389 1451 1507 1547 1581 1662 1675 1754 1784 1869 1899 1982 2001 2095 2125 2189 2256 2286 2372 2376 2469 2501 2571 2638 2665 2741 2801 2824 2886 2945 2981
7 5 75 134 200 258 309 342 423 441 510 541 611 694 745 771 860 900 951 1001 1032 1121 1145 1193 1277 1296 1379 1432 1483 1525 1578 1654 1696 1754 1823 1855 1894 1982 2001 2103 2155 2168 2246 2303 2366 2396 2438 2501 2591 2604 2679 2702 2806 2832 2911 2964 2984
7 5 75 146 189 225 318 361 418 474 521 561 611 666 736 776 861 913 962 995 1055 1133 1142 1188 1267 1300 1356 1432 1467 1538 1578 1664 1675 1742 1827 1882 1922 1964 2015 2102 2143 2171 2266 2315 2355 2392 2454 2487 2580 2604 2650 2702 2785 2838 2902 2951 2984
7 5 76 122 200 246 313 340 402 473 494 574 613 694 741 771 813 911 930 1001 1079 1089 1138 1221 1274 1344 1392 1432 1504 1552 1599 1625 1723 1737 1796 1838 1900 1982 2048 2083 2127 2185 2265 2269 2366 2389 2456 2536 2544 2612 2683 2719 2771 2831 2862 2953 2997
7 5 76 161 188 267 312 344 398 442 494 589 595 664 733 778 854 911 924 997 1041 1084 1167 1192 1282 1308 1393 1440 1458 1543 1594 1630 1709 1737 1801 1872 1931 1982 2048 2091 2123 2189 2245 2288 2325 2424 2469 2536 2550 2616 2648 2714 2801 2824 2908 2945 3003
4 5 77 113 182 228 320 371 409 474 508 561 621 687 714 781 856 900 971 1014 1029 1120 1177 1203 1259 1304 1402 1453 1507 1547 1577 1628 1712 1760 1812 1836 1935 1945 2026 2056 2123 2162 2218 2288 2352 2408 2448 2498 2564 2601 2686 2734 2799 2824 2884 2951 3022
7 5 77 130 212 216 289 340 407 472 518 561 643 690 755 800 851 865 930 981 1074 1126 1159 1204 1277 1337 1369 1432 1461 1528 1577 1650 1712 1751 1814 1849 1934 1981 2026 2078 2153 2192 2253 2303 2330 2378 2482 2498 2543 2626 2650 2710 2800 2823 2868 2936 3022
4 5 77 156 214 254 287 371 412 476 518 577 628 693 728 770 818 865 923 1004 1048 1109 1150 1212 1259 1298 1371 1424 1464 1547 1617 1667 1696 1751 1792 1840 1929 1981 2026 2105 2123 2169 2214 2317 2363 2418 2480 2498 2550 2621 2659 2731 2797 2853 2865 2945 2980
7 5 77 160 210 260 273 360 387 471 501 561 628 652 748 798 863 880 958 1016 1046 1091 1143 1190 1275 1320 1372 1424 1509 1535 1617 1647 1712 1763 1816 1881 1902 1992 2012 2059 2107 2176 2256 2297 2327 2391 2435 2512 2568 2621 2687 2731 2754 2841 2880 2966 2980
7 5 78 140 215 230 279 325 416 443 519 567 631 683 747 805 862 882 945 988 1031 1131 1136 1218 1283 1338 1361 1440 1477 1532 1569 1633 1721 1728 1791 1850 1919 1966 2038 2098 2155 2200 2258 2303 2328 2400 2462 2515 2582 2614 2654 2717 2804 2832 2866 2934 2996
4 5 79 131 193 249 284 342 400 432 530 574 641 689 712 761 834 913 951 1017 1069 1082 1165 1201 1250 1301 1396 1432 1511 1562 1592 1673 1692 1757 1799 1857 1901 1966 2037 2092 2107 2171 2229 2305 2326 2394 2481 2493 2586 2632 2683 2730 2768 2836 2905 2954 2973
4 5 79 138 185 216 312 344 394 466 494 557 641 668 755 774 851 865 922 999 1072 1128 1145 1194 1286 1308 1393 1432 1510 1540 1592 1630 1709 1778 1805 1877 1925 1964 2007 2076 2155 2192 2228 2306 2355 2381 2482 2524 2540 2632 2658 2730 2769 2855 2877 2953 2973
4 5 79 151 213 230 316 325 417 443 530 557 630 661 742 783 814 913 966 983 1049 1133 1147 1219 1292 1314 1366 1441 1501 1520 1569 1622 1709 1757 1813 1872 1890 1966 2037 2061 2125 2205 2249 2315 2346 2382 2461 2493 2571 2614 2667 2717 2796 2813 2914 2945 2995
7 5 79 159 205 227 322 344 408 446 536 574 630 683 704 762 820 882 942 977 1042 1112 1179 1207 1286 1327 1373 1441 1489 1540 1569 1661 1692 1736 1822 1850 1910 1945 2007 2055 2155 2173 2255 2297 2370 2403 2473 2524 2591 2614 2646 2717 2788 2819 2909 2964 2995
7 5 80 110 193 262 279 371 430 434 496 576 613 689 717 761 849 901 943 1017 1074 1080 1146 1241 1277 1338 1383 1432 1481 1528 1599 1633 1675 1779 1832 1867 1922 1966 2023 2066 2123 2204 2254 2303 2326 2416 2459 2498 2582 2610 2654 2720 2763 2835 2868 2966 2993
7 5 80 113 171 246 300 340 428 473 537 576 621 650 727 768 810 884 934 1015 1048 1118 1139 1213 1259 1341 1378 1424 1507 1547 1599 1624 1675 1739 1834 1882 1898 1982 2023 2095 2153 2199 2222 2317 2335 2420 2464 2498 2553 2612 2688 2719 2786 2861 2865 2951 2993
7 5 80 130 196 223 298 371 398 440 537 541 643 679 745 809 823 884 933 1012 1032 1083 1160 1193 1277 1340 1380 1438 1461 1528 1590 1659 1711 1739 1801 1876 1931 1982 2023 2077 2123 2202 2245 2297 2322 2421 2439 2498 2554 2642 2693 2752 2756 2820 2911 2936 3003
7 5 82 122 189 221 303 340 386 485 496 587 631 666 750 776 826 898 930 995 1067 1122 1165 1231 1246 1335 1360 1432 1499 1557 1611 1620 1711 1752 1809 1838 1897 1964 2049 2104 2107 2196 2264 2290 2355 2389 2443 2516 2568 2607 2672 2747 2757 2831 2867 2966 3009
4 5 83 124 171 247 301 351 396 477 486 589 630 691 731 764 834 882 954 985 1035 1095 1149 1232 1268 1348 1403 1438 1481 1515 1608 1661 1675 1761 1815 1884 1936 1966 2038 2063 2153 2211 2216 2286 2364 2382 2440 2510 2588 2596 2670 2705 2781 2822 2901 2954 2990
4 5 83 146 194 264 279 371 411 475 519 589 628 693 738 770 825 884 947 1024 1048 1103 1142 1202 1245 1308 1361 1440 1467 1538 1608 1663 1675 1728 1801 1868 1917 1964 2038 2102 2134 2166 2238 2306 2363 2427 2483 2510 2550 2597 2648 2704 2801 2854 2878 2934 2990
7 5 84 121 170 246 316 358 418 452 530 557 615 691 741 799 813 911 954 1022 1036 1133 1166 1188 1253 1298 1366 1432 1485 1536 1570 1639 1675 1766 1797 1884 1922 1981 2028 2075 2125 2185 2266 2317 2330 2382 2456 2535 2551 2634 2658 2705 2776 2825 2896 2954 3016
7 5 84 154 196 259 282 371 418 480 509 541 621 677 710 781 823 898 936 972 1052 1102 1140 1238 1280 1312 1376 1426 1474 1556 1570 1656 1692 1739 1797 1857 1942 1964 2049 2105 2143 2202 2247 2317 2362 2409 2439 2514 2541 2597 2669 2742 2766 2810 2871 2954 3016
7 5 86 119 166 267 309 344 428 442 515 567 630 683 731 762 855 880 940 1016 1042 1105 1144 1226 1288 1296 1374 1405 1471 1514 1594 1654 1694 1769 1834 1853 1898 1982 2019 2094 2153 2191 2222 2303 2370 2379 2433 2503 2591 2616 2679 2714 2795 2823 2907 2966 2993
7 5 86 123 165 223 294 371 402 440 515 559 628 688 744 770 858 880 971 1003 1038 1113 1172 1198 1244 1299 1389 1453 1503 1558 1590 1647 1703 1769 1796 1869 1900 1982 2019 2081 2127 2203 2265 2305 2367 2376 2434 2503 2560 2642 2663 2752 2790 2814 2875 2917 2997
7 5 87 115 193 231 282 371 408 438 509 576 628 688 748 770 849 891 968 976 1038 1112 1182 1207 1255 1312 1376 1441 1502 1554 1566 1656 1692 1779 1808 1888 1910 1993 2009 2056 2107 2204 2255 2288 2367 2399 2459 2494 2560 2645 2649 2732 2780 2817 2864 2938 3010
4 5 87 151 189 219 298 371 410 458 537 557 615 668 724 774 846 913 923 995 1028 1125 1143 1203 1255 1340 1380 1424 1466 1554 1606 1659 1711 1752 1835 1877 1930 1973 2009 2102 2107 2177 2266 2306 2355 2380 2443 2494 2584 2617 2662 2730 2760 2858 2874 2951 2970
4 5 89 115 208 267 270 361 400 442 539 567 611 680 733 776 849 900 968 974 1067 1120 1144 1233 1247 1335 1381 1451 1501 1555 1580 1654 1709 1744 1785 1860 1904 1966 2004 2064 2107 2189 2226 2288 2340 2428 2474 2532 2568 2616 2672 2727 2780 2817 2866 2966 2986
4 5 89 150 194 241 314 361 405 458 500 574 643 662 732 802 844 884 931 1024 1030 1098 1143 1209 1247 1324 1396 1424 1466 1555 1583 1659 1703 1781 1807 1848 1923 1981 2004 2102 2107 2199 2238 2315 2363 2378 2430 2532 2569 2595 2697 2722 2765 2818 2904 2934 2983
7 5 89 152 203 230 312 344 405 443 529 567 613 673 742 796 841 901 957 992 1026 1130 1136 1240 1295 1305 1358 1453 1505 1527 1583 1633 1709 1733 1807 1863 1913 1945 2046 2070 2143 2205 2248 2315 2352 2385 2433 2490 2572 2614 2657 2703 2805 2838 2894 2934 2983
7 5 92 130 205 226 292 358 393 456 536 561 630 652 736 798 823 865 933 1020 1055 1111 1148 1188 1267 1328 1402 1451 1475 1515 1595 1648 1723 1736 1828 1881 1943 1964 2007 2088 2123 2170 2220 2297 2327 2417 2473 2511 2558 2643 2665 2731 2756 2820 2902 2954 3015
7 5 92 150 192 269 285 342 409 438 489 561 621 666 734 789 844 898 931 1014 1049 1094 1182 1228 1292 1309 1372 1441 1502 1520 1611 1656 1723 1753 1833 1838 1935 1962 2025 2056 2107 2160 2218 2315 2342 2388 2470 2493 2565 2607 2671 2747 2765 2818 2914 2953 2999
4 5 93 124 165 258 287 371 410 444 505 559 630 699 710 785 858 913 932 1017 1064 1102 1146 1238 1268 1342 1382 1422 1481 1515 1600 1622 1696 1769 1835 1861 1942 1945 2029 2066 2134 2203 2254 2303 2353 2403 2434 2510 2583 2601 2662 2711 2760 2845 2871 2954 2970
4 5 93 126 170 267 285 373 410 456 489 561 611 690 733 800 854 911 920 1022 1031 1094 1161 1233 1283 1331 1372 1440 1491 1532 1600 1634 1694 1754 1835 1849 1930 1973 2024 2075 2107 2189 2266 2303 2330 2388 2469 2515 2586 2602 2652 2710 2770 2856 2866 2954 2970
7 5 93 140 184 221 308 373 387 447 511 559 631 688 750 802 824 891 941 984 1030 1087 1180 1231 1283 1324 1359 1438 1477 1532 1566 1665 1696 1731 1793 1888 1932 1992 2024 2053 2107 2196 2227 2305 2337 2426 2446 2515 2569 2645 2697 2732 2778 2836 2867 2934 3004
7 5 93 146 166 256 302 351 387 484 505 561 628 654 716 792 841 913 962 1016 1043 1082 1184 1200 1245 1322 1369 1441 1467 1538 1566 1644 1694 1769 1793 1852 1902 1945 2029 2059 2153 2205 2256 2305 2370 2422 2433 2510 2552 2624 2671 2753 2805 2838 2884 2934 3004
4 5 95 136 204 239 305 351 417 459 534 576 611 650 754 768 819 911 962 982 1041 1133 1158 1219 1287 1312 1356 1441 1510 1542 1587 1634 1709 1771 1808 1882 1890 1964 2003 2062 2127 2210 2249 2317 2335 2392 2437 2488 2560 2625 2649 2719 2780 2848 2903 2917 3000
7 5 95 148 197 262 312 344 403 434 529 576 631 674 746 780 863 882 970 989 1077 1088 1146 1226 1273 1305 1358 1422 1473 1557 1587 1633 1709 1776 1822 1860 1916 1992 2003 2074 2134 2176 2217 2269 2336 2426 2435 2488 2549 2610 2681 2733 2754 2841 2891 2966 3000
7 5 95 159 167 219 277 351 396 458 529 574 595 648 724 788 824 882 929 988 1066 1092 1172 1200 1287 1346 1392 1453 1487 1542 1596 1629 1711 1776 1815 1870 1892 1992 2003 2096 2127 2177 2260 2306 2375 2386 2466 2488 2590 2617 2670 2740 2781 2833 2876 2934 2990
7 5 96 160 203 267 305 351 380 456 534 561 641 687 731 781 855 880 950 992 1052 1095 1161 1232 1251 1312 1356 1405 1482 1562 1576 1634 1709 1733 1794 1836 1936 1993 2041 2085 2143 2191 2233 2288 2352 2429 2433 2492 2541 2602 2669 2734 2769 2850 2901 2954 2982
7 5 98 128 194 226 305 358 386 456 492 577 641 693 712 770 850 880 959 1024 1038 1123 1161 1230 1244 1312 1398 1440 1491 1530 1595 1634 1703 1781 1809 1840 1897 1964 2014 2075 2107 2194 2264 2317 2363 2381 2430 2531 2560 2643 2649 2731 2779 2839 2875 2938 3009
7 5 98 140 210 219 270 358 409 457 539 567 615 656 724 799 824 882 941 977 1039 1120 1163 1203 1244 1329 1381 1453 1479 1530 1605 1660 1712 1734 1833 1886 1935 1962 2014 2093 2107 2177 2218 2305 2365 2428 2466 2531 2548 2618 2657 2709 2778 2836 2874 2964 2999
4 5 98 143 174 261 289 340 386 436 503 567 630 659 742 790 832 898 932 1015 1026 1102 1139 1240 1295 1325 1382 1451 1507 1518 1595 1662 1712 1730 1809 1861 1940 1945 2044 2095 2125 2175 2222 2317 2332 2403 2441 2500 2578 2623 2672 2751 2757 2825 2894 2938 3009
7 5 99 110 185 259 323 371 429 480 517 577 615 668 744 774 819 900 943 999 1028 1113 1169 1198 1254 1311 1350 1432 1475 1534 1570 1626 1723 1780 1812 1867 1900 1964 2039 2065 2141 2168 2239 2286 2355 2416 2480 2499 2584 2597 2692 2742 2793 2835 2875 2917 3001
7 5 99 124 162 260 320 371 419 471 538 589 595 659 748 766 816 882 932 1012 1039 1112 1160 1207 1254 1303 1373 1422 1461 1534 1597 1629 1712 1759 1787 1861 1910 1981 2039 2077 2141 2176 2245 2297 2356 2403 2483 2499 2581 2621 2691 2751 2803 2845 2864 2938 2974
7 5 100 156 188 239 321 342 389 459 514 541 615 677 754 796 818 901 923 975 1026 1125 1148 1228 1295 1306 1380 1451 1494 1518 1585 1645 1709 1766 1795 1877 1904 1973 2042 2068 2123 2210 2237 2317 2347 2380 2438 2500 2572 2625 2656 2720 2797 2853 2894 2953 2972
4 5 105 112 208 216 295 340 405 472 524 559 621 660 734 768 816 911 961 990 1041 1130 1163 1240 1287 1299 1359 1453 1500 1516 1577 1646 1709 1772 1796 1878 1913 1981 2028 2072 2107 2213 2248 2306 2324 2384 2445 2516 2560 2626 2663 2710 2790 2858 2903 2938 2994
7 5 105 123 176 239 311 360 387 465 490 559 631 664 752 759 842 880 924 984 1052 1123 1153 1196 1280 1325 1355 1426 1505 1556 1591 1641 1709 1773 1816 1872 1932 1945 2030 2053 2153 2212 2227 2317 2344 2424 2471 2514 2563 2619 2687 2714 2754 2861 2871 2945 2980
7 5 105 148 188 258 316 325 391 444 530 559 643 687 745 786 860 900 950 975 1067 1085 1146 1236 1246 1314 1366 1432 1473 1557 1577 1622 1709 1766 1810 1836 1925 1992 2028 2074 2123 2168 2231 2290 2347 2429 2438 2516 2558 2601 2680 2734 2777 2860 2867 2954 2994
4 5 106 150 175 247 289 361 431 436 518 561 630 670 731 759 821 898 931 1008 1052 1126 1139 1232 1251 1325 1369 1424 1502 1520 1607 1662 1692 1755 1782 1848 1905 1993 2022 2100 2153 2211 2220 2269 2338 2378 2454 2534 2563 2638 2687 2715 2788 2818 2901 2945 3002
7 5 107 118 176 220 320 361 424 475 538 589 630 664 743 759 841 891 942 984 1051 1112 1176 1209 1281 1304 1373 1426 1468 1545 1572 1628 1721 1768 1826 1850 1908 1945 2031 2064 2141 2164 2216 2288 2344 2403 2475 2484 2564 2640 2686 2736 2783 2859 2892 2934 2985
7 5 107 122 172 259 299 325 422 437 525 587 630 661 710 783 823 898 940 1023 1049 1105 1138 1197 1294 1316 1374 1426 1504 1552 1572 1662 1723 1761 1828 1853 1928 1982 1998 2083 2134 2202 2244 2286 2346 2379 2439 2517 2571 2640 2665 2736 2756 2820 2913 2936 2985
7 5 107 131 171 245 294 351 426 471 525 589 611 650 733 768 834 898 951 1015 1041 1121 1143 1192 1282 1299 1379 1424 1509 1564 1582 1647 1721 1761 1818 1855 1895 1982 1998 2059 2107 2211 2257 2305 2335 2396 2440 2517 2560 2637 2663 2747 2768 2836 2908 2938 2975
7 6 54 116 164 227 309 349 384 485 500 592 606 680 736 778 852 886 968 986 1050 1111 1137 1205 1267 1331 1376 1442 1506 1549 1613 1639 1684 1739 1817 1837 1941 1949 2019 2096 2143 2209 2229 2297 2353 2395 2447 2514 2580 2622 2668 2741 2798 2815 2908 2965 2974
7 6 54 153 201 217 272 360 413 465 496 592 632 701 752 759 842 869 952 1008 1073 1122 1156 1195 1279 1309 1368 1417 1483 1537 1613 1651 1684 1744 1788 1848 1933 1968 2019 2093 2132 2180 2236 2316 2340 2425 2457 2514 2583 2633 2661 2730 2805 2825 2871 2945 2974
7 6 55 134 173 240 313 335 422 473 528 576 632 688 727 803 826 916 937 1025 1026 1088 1169 1225 1263 1330 1357 1409 1498 1527 1597 1642 1684 1777 1797 1837 1937 1971 2016 2070 2134 2205 2217 2292 2352 2426 2464 2495 2542 2614 2652 2733 2805 2841 2891 2965 2983
4 6 56 141 177 266 290 376 391 439 521 576 604 676 703 756 842 876 963 983 1072 1101 1176 1220 1272 1330 1391 1409 1508 1523 1614 1664 1713 1767 1797 1862 1921 1968 2017 2069 2154 2180 2216 2295 2342 2400 2457 2537 2542 2600 2652 2738 2805 2825 2903 2945 3015
7 6 56 149 211 267 316 335 386 438 515 576 621 650 734 767 855 912 940 1015 1042 1081 1168 1208 1281 1296 1390 1430 1480 1547 1611 1624 1713 1740 1820 1868 1940 1996 2051 2095 2129 2177 2221 2278 2339 2409 2464 2503 2558 2606 2676 2714 2779 2833 2889 2921 3018
7 6 57 121 197 241 276 360 408 470 529 588 646 663 747 783 832 886 920 990 1057 1129 1181 1221 1293 1346 1392 1414 1503 1526 1566 1629 1703 1749 1823 1847 1901 1971 2034 2054 2111 2184 2267 2307 2362 2393 2472 2490 2557 2621 2647 2720 2787 2840 2878 2929 3017
7 6 57 139 203 269 312 329 407 443 529 567 632 680 705 787 850 886 937 996 1040 1088 1167 1235 1257 1313 1357 1417 1475 1563 1613 1670 1722 1749 1803 1837 1927 1971 2034 2097 2143 2179 2240 2320 2344 2426 2466 2490 2540 2622 2657 2741 2770 2836 2907 2926 2970
7 6 59 136 197 247 312 372 410 434 529 576 646 651 735 809 834 889 956 1012 1055 1130 1145 1189 1288 1345 1357 1417 1479 1512 1581 1638 1679 1749 1799 1883 1909 1968 2034 2067 2134 2183 2242 2307 2340 2385 2472 2488 2550 2605 2681 2745 2800 2834 2903 2926 3022
4 6 60 118 203 219 275 329 379 476 520 567 646 673 755 802 850 876 938 994 1059 1126 1148 1217 1291 1347 1354 1428 1460 1529 1575 1635 1711 1749 1802 1866 1930 1954 2041 2083 2154 2179 2248 2307 2346 2376 2466 2528 2555 2639 2679 2738 2781 2824 2874 2943 3021
7 6 62 108 180 265 282 372 397 449 530 592 630 669 736 798 840 873 922 1012 1050 1131 1145 1205 1267 1326 1365 1432 1479 1540 1573 1622 1698 1731 1783 1871 1922 1949 2045 2067 2118 2172 2242 2307 2358 2382 2483 2523 2560 2635 2680 2744 2795 2856 2908 2943 3021
7 6 62 153 175 250 287 335 379 453 489 592 621 665 706 767 861 869 952 1003 1046 1109 1175 1234 1271 1335 1403 1440 1483 1537 1573 1656 1698 1772 1802 1885 1930 1954 2045 2074 2154 2166 2248 2295 2324 2388 2444 2523 2554 2636 2674 2743 2786 2825 2862 2955 3021
7 6 64 130 173 248 276 360 378 451 528 552 632 666 753 759 855 889 959 1002 1070 1114 1135 1194 1256 1304 1393 1452 1491 1542 1582 1671 1703 1777 1812 1872 1894 1996 2016 2092 2115 2177 2260 2292 2375 2397 2464 2486 2585 2619 2685 2740 2779 2833 2876 2921 2990
4 6 65 139 205 263 272 360 424 476 502 567 642 683 739 798 860 886 945 1007 1050 1099 1149 1216 1287 1326 1361 1456 1510 1528 1619 1634 1684 1770 1823 1875 1890 1983 2047 2057 2118 2169 2218 2273 2343 2392 2436 2519 2560 2595 2680 2719 2755 2828 2887 2943 3000
7 6 67 125 199 235 287 346 382 459 489 592 604 693 703 780 817 889 967 1001 1048 1109 1150 1228 1273 1331 1403 1442 1469 1514 1617 1660 1687 1775 1817 1870 1936 1973 2042 2072 2154 2210 2214 2273 2347 2388 2438 2498 2580 2624 2668 2717 2798 2852 2895 2953 2975
4 6 67 130 170 216 323 372 410 478 489 552 599 691 722 799 835 889 959 1022 1044 1119 1174 1204 1244 1307 1369 1440 1491 1542 1572 1650 1726 1775 1799 1858 1917 1973 2042 2052 2129 2189 2234 2278 2329 2412 2468 2498 2587 2596 2681 2735 2800 2833 2873 2955 3022
7 6 67 140 180 249 307 372 413 477 533 592 632 674 751 771 840 891 919 1008 1037 1086 1158 1230 1244 1324 1359 1414 1481 1542 1617 1646 1687 1731 1786 1856 1933 1971 2042 2093 2129 2172 2236 2305 2362 2426 2483 2498 2558 2608 2646 2732 2801 2850 2879 2921 2975
4 6 68 124 183 247 273 360 378 445 503 588 621 690 735 763 834 889 952 1007 1076 1109 1149 1228 1262 1343 1403 1417 1510 1543 1577 1665 1713 1763 1812 1885 1936 1954 2038 2057 2158 2183 2218 2273 2365 2388 2472 2512 2547 2594 2685 2718 2779 2855 2863 2940 2990
4 6 69 142 163 253 284 362 389 461 512 565 599 670 749 787 817 886 939 1013 1040 1098 1134 1191 1257 1306 1389 1456 1462 1518 1612 1641 1722 1747 1831 1877 1943 1973 2031 2098 2115 2169 2245 2281 2355 2412 2480 2535 2540 2617 2664 2724 2797 2853 2907 2953 3004
7 6 69 158 175 269 274 351 402 462 492 565 606 665 720 767 857 902 925 1003 1042 1100 1174 1223 1269 1296 1384 1440 1459 1531 1600 1667 1722 1743 1808 1878 1931 1954 2049 2085 2129 2163 2237 2320 2324 2419 2474 2517 2558 2603 2676 2749 2792 2817 2902 2921 3016
4 6 70 147 176 224 302 351 412 482 516 565 642 682 739 760 813 873 954 1023 1026 1103 1154 1212 1263 1336 1372 1409 1485 1527 1609 1621 1726 1742 1794 1858 1935 1981 2000 2084 2118 2207 2231 2292 2328 2418 2474 2495 2584 2599 2677 2744 2807 2827 2891 2955 3020
4 6 70 152 162 261 296 360 421 448 500 565 617 677 726 797 848 891 921 976 1058 1115 1185 1229 1273 1315 1389 1442 1473 1525 1616 1652 1726 1748 1789 1889 1911 1957 2009 2057 2115 2185 2250 2273 2368 2394 2459 2486 2539 2626 2696 2712 2763 2857 2884 2965 3013
4 6 71 121 208 235 303 360 399 464 497 562 620 668 752 785 843 912 920 976 1063 1122 1185 1195 1289 1341 1399 1414 1473 1556 1606 1637 1687 1758 1824 1847 1933 1996 2051 2057 2144 2161 2250 2273 2322 2393 2471 2487 2563 2619 2671 2716 2776 2840 2871 2945 3006
7 6 71 154 175 248 278 376 419 451 533 552 620 659 718 773 816 902 918 1003 1075 1104 1135 1233 1254 1302 1387 1414 1499 1541 1606 1671 1698 1772 1804 1857 1914 1981 2001 2085 2154 2211 2237 2297 2324 2405 2444 2537 2581 2619 2691 2716 2789 2812 2896 2921 3006
7 6 71 157 176 238 307 372 405 456 533 562 621 682 735 760 812 902 960 1023 1072 1130 1179 1189 1272 1324 1359 1409 1492 1523 1602 1646 1687 1772 1798 1879 1909 1981 2001 2068 2158 2191 2247 2295 2328 2383 2443 2537 2538 2634 2667 2721 2765 2826 2903 2926 3010
4 6 73 132 167 258 299 349 405 481 532 562 621 661 709 801 831 873 940 1023 1073 1081 1167 1238 1279 1349 1390 1417 1504 1537 1577 1632 1679 1732 1822 1868 1909 1996 1998 2068 2143 2203 2247 2316 2337 2409 2465 2514 2541 2609 2665 2702 2790 2851 2871 2955 2985
7 6 74 161 193 266 294 351 384 440 509 592 606 665 721 767 851 912 930 986 1042 1096 1181 1219 1281 1324 1395 1414 1461 1530 1610 1658 1713 1750 1786 1885 1941 1981 2040 2096 2111 2161 2229 2295 2324 2410 2463 2521 2558 2599 2646 2743 2801 2839 2889 2940 3005
7 6 75 118 212 232 299 329 399 466 526 552 604 685 753 804 837 891 938 979 1070 1083 1183 1194 1256 1349 1396 1428 1476 1514 1591 1632 1701 1729 1818 1866 1924 1996 2032 2094 2144 2192 2257 2316 2331 2376 2449 2516 2541 2638 2665 2725 2794 2824 2876 2953 3012
7 6 75 122 192 245 320 362 414 470 487 552 617 681 722 806 814 916 969 1025 1044 1106 1181 1204 1244 1302 1370 1414 1503 1525 1591 1629 1701 1768 1804 1853 1929 1973 2032 2054 2111 2160 2233 2305 2334 2408 2476 2516 2581 2617 2691 2746 2789 2814 2873 2965 3012
7 6 75 127 206 250 286 376 403 475 488 552 642 666 706 809 861 869 945 1019 1055 1099 1141 1188 1282 1345 1361 1440 1509 1513 1608 1663 1701 1742 1827 1875 1919 1983 2030 2060 2134 2166 2252 2292 2325 2392 2444 2518 2550 2613 2681 2736 2771 2841 2909 2926 2994
4 6 75 137 176 253 280 351 399 461 488 565 617 664 711 788 813 869 930 978 1045 1122 1134 1195 1243 1311 1368 1414 1505 1552 1591 1641 1687 1742 1818 1870 1933 1983 2030 2055 2158 2207 2250 2316 2373 2425 2474 2518 2565 2617 2687 2746 2773 2861 2913 2953 3012
4 6 75 154 179 255 314 351 423 450 499 552 630 691 729 763 830 902 922 1021 1076 1131 1187 1219 1243 1343 1365 1452 1488 1552 1608 1623 1701 1730 1808 1871 1906 1949 2030 2063 2158 2176 2249 2278 2364 2382 2440 2518 2547 2628 2685 2721 2783 2808 2881 2940 2994
7 6 78 119 183 231 300 329 386 442 507 567 630 652 729 762 828 873 948 1016 1077 1081 1152 1208 1259 1309 1382 1430 1508 1545 1595 1622 1713 1769 1829 1882 1940 1968 2023 2094 2158 2199 2221 2316 2357 2417 2466 2530 2553 2612 2692 2700 2757 2861 2894 2929 3008
4 6 82 147 202 249 275 329 386 448 490 565 632 670 751 787 863 873 954 973 1028 1123 1165 1230 1253 1310 1384 1432 1485 1527 1592 1672 1711 1774 1829 1877 1896 1996 1998 2071 2129 2172 2264 2281 2355 2397 2460 2505 2552 2638 2692 2724 2757 2827 2879 2965 3008
4 6 82 148 201 232 286 376 425 466 496 576 632 689 753 777 829 886 951 990 1060 1093 1146 1203 1246 1338 1352 1432 1488 1558 1592 1670 1701 1744 1791 1859 1934 1949 2019 2105 2115 2192 2217 2316 2358 2407 2457 2484 2582 2638 2653 2724 2804 2809 2868 2929 3008
4 6 84 129 181 263 299 349 388 435 526 578 642 699 739 772 817 916 953 999 1071 1080 1153 1216 1266 1307 1396 1428 1494 1553 1580 1673 1679 1729 1800 1842 1910 1973 2032 2091 2118 2169 2230 2278 2354 2380 2480 2507 2572 2637 2695 2715 2797 2853 2887 2953 2972
7 6 84 154 197 258 315 376 422 481 509 578 630 663 709 783 845 876 918 990 1045 1117 1146 1197 1243 1312 1374 1414 1488 1552 1568 1654 1679 1769 1797 1857 1937 1971 2021 2105 2134 2203 2217 2316 2362 2405 2451 2518 2570 2609 2697 2711 2760 2812 2913 2940 2983
7 6 85 119 175 224 304 349 393 439 492 567 606 680 739 778 813 873 948 974 1050 1080 1176 1216 1287 1317 1354 1409 1508 1545 1586 1664 1698 1743 1822 1876 1910 1983 2049 2069 2154 2207 2225 2320 2353 2422 2474 2501 2580 2642 2683 2701 2773 2861 2887 2953 2997
7 6 86 152 183 243 315 329 424 464 509 567 642 655 717 799 828 889 965 1007 1044 1108 1185 1209 1244 1329 1374 1414 1473 1525 1567 1637 1726 1769 1813 1845 1890 1957 2021 2057 2144 2199 2218 2305 2365 2414 2466 2516 2587 2611 2658 2750 2807 2811 2873 2940 3011
7 6 88 136 175 234 301 351 420 472 537 565 646 670 755 789 857 900 943 974 1066 1113 1150 1200 1288 1315 1367 1442 1479 1512 1588 1648 1698 1743 1789 1861 1939 1949 2004 2062 2154 2163 2232 2281 2353 2421 2474 2488 2539 2628 2696 2742 2763 2847 2892 2926 3014
7 6 89 138 168 227 274 372 405 462 520 545 606 695 736 794 827 902 932 1022 1051 1131 1174 1205 1266 1296 1356 1428 1491 1534 1585 1667 1703 1771 1798 1880 1922 1996 2020 2052 2143 2209 2234 2278 2331 2391 2473 2527 2567 2645 2667 2703 2765 2810 2908 2943 3010
7 6 89 140 167 236 312 372 381 442 529 567 620 679 731 772 856 916 919 987 1071 1088 1136 1225 1266 1345 1357 1414 1489 1534 1606 1638 1679 1762 1835 1856 1937 1983 2020 2065 2143 2160 2258 2292 2373 2426 2433 2527 2572 2607 2658 2727 2784 2850 2887 2929 2988
7 6 91 151 175 232 323 376 398 466 489 552 621 670 734 789 816 873 939 974 1027 1119 1183 1214 1292 1325 1369 1442 1501 1519 1592 1632 1722 1772 1782 1877 1905 1949 2045 2069 2129 2211 2225 2295 2353 2412 2444 2493 2579 2638 2693 2724 2758 2844 2881 2953 2999
7 6 93 124 164 259 270 376 381 467 505 565 621 670 709 789 859 912 963 986 1027 1117 1140 1197 1262 1342 1378 1409 1510 1543 1602 1624 1684 1739 1835 1861 1937 1983 2014 2066 2143 2202 2258 2281 2353 2401 2447 2512 2579 2613 2677 2742 2766 2843 2913 2940 2988
7 6 94 110 182 240 304 349 397 473 490 576 646 650 747 773 848 902 962 988 1075 1131 1169 1205 1254 1339 1356 1432 1477 1565 1599 1642 1698 1728 1832 1850 1922 1957 2044 2091 2111 2185 2242 2278 2333 2391 2459 2515 2581 2614 2653 2731 2763 2857 2896 2965 2971
4 6 94 157 191 243 275 329 400 464 490 562 604 657 741 804 821 902 960 997 1029 1100 1151 1223 1295 1310 1384 1452 1492 1523 1567 1672 1711 1728 1814 1843 1931 1957 2044 2097 2132 2176 2239 2320 2360 2419 2450 2515 2583 2611 2660 2750 2756 2826 2880 2945 3003
4 6 95 161 168 218 275 329 403 445 520 588 606 649 713 775 859 916 948 981 1053 1080 1178 1209 1281 1347 1354 1430 1461 1530 1589 1635 1711 1771 1827 1876 1919 1983 2020 2099 2134 2178 2252 2278 2372 2422 2473 2521 2570 2623 2663 2733 2788 2820 2877 2940 2994
7 6 96 109 197 261 275 360 388 448 520 588 632 701 727 759 832 873 958 1012 1073 1080 1165 1216 1251 1310 1354 1428 1478 1562 1616 1672 1679 1749 1784 1867 1910 1957 2041 2079 2134 2184 2230 2320 2340 2422 2472 2491 2583 2626 2660 2712 2785 2842 2900 2943 2987
7 6 96 149 209 236 288 335 389 447 536 588 646 661 702 770 835 900 940 975 1032 1120 1173 1234 1276 1327 1351 1430 1494 1533 1584 1648 1679 1737 1816 1868 1920 1973 2005 2070 2115 2189 2267 2292 2366 2409 2468 2529 2589 2602 2663 2702 2800 2833 2866 2955 3020
4 6 96 155 203 231 274 351 412 452 520 545 646 678 729 789 828 873 962 996 1027 1131 1162 1219 1292 1342 1356 1430 1496 1521 1584 1620 1722 1749 1794 1850 1906 1957 2041 2077 2143 2199 2259 2307 2344 2391 2466 2491 2579 2602 2677 2702 2807 2811 2881 2940 3020
4 6 98 130 165 222 301 346 431 482 537 565 599 676 744 776 831 876 942 1018 1037 1113 1135 1237 1244 1322 1367 1414 1491 1542 1614 1640 1703 1734 1801 1862 1901 1996 2013 2092 2154 2203 2245 2305 2322 2421 2465 2498 2554 2600 2687 2738 2790 2851 2879 2955 2973
7 6 99 116 197 221 300 362 389 446 507 592 642 674 706 771 853 886 968 990 1046 1120 1178 1234 1271 1298 1382 1430 1506 1549 1583 1634 1679 1769 1831 1856 1920 1954 2023 2054 2134 2195 2267 2305 2362 2377 2451 2510 2549 2643 2664 2732 2797 2815 2862 2929 3004
4 6 99 155 195 233 290 362 410 474 527 545 606 677 713 803 824 873 921 973 1026 1119 1141 1204 1271 1330 1385 1440 1467 1549 1600 1664 1726 1750 1833 1889 1917 1968 2023 2102 2134 2162 2234 2295 2363 2394 2461 2510 2542 2641 2652 2712 2769 2854 2882 2965 2986
7 6 100 110 184 226 288 329 413 447 487 578 646 673 719 802 824 900 965 1014 1059 1086 1173 1230 1254 1327 1400 1414 1477 1565 1566 1648 1687 1760 1788 1874 1933 1968 2039 2088 2132 2162 2236 2297 2346 2385 2461 2515 2555 2612 2697 2729 2769 2854 2912 2965 2974
7 6 100 127 211 241 273 360 413 470 539 552 604 659 726 758 826 869 945 1015 1056 1115 1143 1229 1275 1340 1369 1456 1509 1513 1566 1668 1713 1740 1788 1852 1911 1971 2029 2058 2129 2205 2257 2297 2339 2416 2464 2526 2552 2621 2661 2720 2805 2841 2884 2965 2974
7 6 101 128 163 267 313 335 431 438 493 545 620 678 718 778 837 886 929 1013 1050 1129 1138 1221 1267 1317 1392 1432 1458 1540 1611 1655 1684 1778 1801 1838 1901 1996 2007 2098 2154 2192 2245 2307 2355 2393 2449 2523 2580 2606 2683 2714 2794 2824 2908 2953 2973
7 6 101 150 162 255 293 346 392 468 510 545 630 677 729 797 821 912 967 976 1027 1096 1155 1219 1292 1318 1395 1442 1502 1519 1569 1662 1684 1757 1796 1848 1941 1957 2036 2087 2158 2176 2220 2295 2368 2410 2450 2493 2571 2610 2678 2753 2756 2826 2881 2945 3015
7 6 104 138 201 245 285 372 421 457 517 578 646 651 702 809 821 869 932 1008 1055 1085 1158 1192 1282 1329 1401 1428 1481 1544 1575 1666 1701 1755 1825 1880 1924 1957 2018 2093 2115 2181 2236 2305 2340 2391 2445 2485 2550 2630 2695 2748 2772 2810 2909 2945 2976
4 6 105 157 201 216 271 372 422 478 504 578 630 669 731 798 821 886 960 990 1050 1088 1163 1225 1287 1328 1400 1409 1470 1545 1572 1661 1684 1755 1796 1879 1937 1973 2031 2105 2132 2181 2217 2320 2358 2383 2445 2501 2560 2596 2678 2735 2756 2826 2887 2929 2984
7 6 107 123 170 261 283 335 418 448 530 588 604 690 726 800 839 902 929 1022 1047 1110 1165 1210 1277 1301 1364 1432 1485 1551 1578 1672 1726 1775 1828 1854 1923 1981 2001 2071 2129 2185 2215 2273 2329 2378 2468 2503 2573 2626 2650 2749 2754 2829 2904 2943 3000
7 6 107 129 199 217 282 346 412 465 530 592 599 648 721 776 817 902 953 997 1042 1131 1156 1219 1281 1298 1365 1430 1500 1547 1596 1651 1722 1775 1831 1840 1906 1981 2001 2076 2118 2210 2259 2278 2351 2382 2438 2503 2549 2633 2664 2747 2797 2853 2889 2945 2981
7 6 107 149 176 233 278 346 424 474 533 588 621 664 713 788 841 900 942 978 1053 1108 1177 1209 1281 1346 1387 1414 1480 1547 1578 1627 1726 1772 1823 1881 1890 1983 2001 2087 2118 2162 2218 2295 2373 2401 2443 2503 2557 2641 2647 2734 2787 2831 2877 2921 3000
7 7 54 124 207 233 277 346 388 471 523 564 595 689 748 788 822 882 936 1012 1058 1092 1160 1202 1248 1346 1397 1448 1480 1541 1597 1627 1726 1738 1823 1851 1943 1987 2003 2101 2135 2211 2237 2311 2324 2424 2450 2509 2575 2627 2675 2716 2781 2812 2896 2919 3006
7 7 54 140 182 238 317 352 413 485 523 592 637 674 751 760 812 882 955 1023 1043 1086 1148 1213 1272 1344 1358 1407 1492 1518 1602 1633 1700 1738 1798 1865 1928 1987 2003 2098 2129 2199 2232 2269 2334 2426 2475 2509 2556 2602 2661 2741 2796 2841 2883 2961 3001
7 7 54 153 178 254 303 366 418 449 492 592 595 662 709 805 859 892 920 976 1073 1116 1185 1238 1279 1309 1382 1448 1479 1522 1597 1667 1700 1758 1793 1877 1918 1968 2023 2063 2125 2186 2242 2271 2340 2408 2451 2489 2551 2627 2699 2716 2776 2849 2870 2960 3006
7 7 54 155 183 243 302 342 413 460 492 564 597 670 714 796 828 892 931 998 1071 1126 1184 1239 1252 1327 1383 1447 1466 1549 1602 1657 1726 1758 1798 1889 1907 1968 2023 2058 2148 2164 2253 2269 2371 2390 2446 2489 2540 2633 2689 2711 2769 2858 2882 2961 3001
4 7 55 126 196 220 320 367 400 470 522 584 646 699 702 773 840 886 922 986 1060 1120 1181 1223 1258 1302 1377 1433 1507 1526 1612 1628 1717 1760 1831 1848 1900 1945 2031 2064 2131 2184 2267 2288 2368 2403 2435 2527 2577 2601 2673 2720 2775 2825 2893 2919 3010
7 7 55 138 212 227 303 348 427 483 518 584 622 685 706 804 851 865 918 979 1074 1109 1152 1205 1257 1309 1356 1456 1493 1527 1612 1667 1717 1764 1805 1841 1911 1968 2031 2090 2149 2187 2241 2271 2330 2400 2458 2527 2551 2612 2699 2710 2765 2845 2880 2936 3010
7 7 57 117 198 242 280 366 392 481 526 583 619 654 740 790 818 865 923 1004 1072 1110 1173 1222 1293 1349 1385 1424 1504 1532 1583 1643 1704 1756 1830 1861 1905 1996 2026 2053 2109 2167 2255 2312 2355 2376 2480 2496 2552 2613 2659 2730 2802 2847 2879 2940 2988
4 7 57 143 207 263 316 325 399 444 537 583 617 689 710 788 815 867 949 1012 1062 1118 1187 1195 1270 1329 1368 1448 1469 1552 1585 1634 1704 1748 1813 1852 1916 1987 2010 2074 2158 2198 2263 2294 2324 2411 2439 2512 2571 2640 2652 2715 2778 2808 2913 2936 2986
7 7 57 144 171 265 286 376 426 458 537 568 619 672 724 756 812 867 951 1010 1061 1093 1141 1241 1282 1330 1396 1424 1509 1539 1583 1659 1718 1748 1797 1842 1902 1987 2010 2059 2107 2199 2261 2292 2327 2410 2475 2512 2569 2613 2662 2730 2796 2841 2873 2961 2988
4 7 58 140 172 227 304 346 425 483 516 559 637 687 706 806 838 916 950 1025 1047 1094 1180 1207 1272 1334 1366 1405 1492 1518 1576 1638 1717 1763 1790 1838 1938 1970 1998 2065 2135 2187 2227 2271 2344 2418 2471 2509 2564 2612 2653 2746 2804 2846 2878 2961 3008
7 7 59 135 179 225 281 342 399 470 499 584 622 678 747 771 822 888 958 1011 1067 1101 1142 1227 1274 1344 1403 1428 1509 1548 1591 1668 1718 1774 1799 1872 1939 1987 2033 2058 2158 2181 2241 2269 2357 2387 2481 2518 2553 2597 2665 2700 2758 2836 2864 2919 3000
7 7 60 124 208 225 300 368 415 437 520 559 646 660 747 809 822 888 936 1006 1048 1121 1158 1190 1291 1331 1366 1428 1488 1533 1574 1620 1675 1746 1811 1884 1922 1947 2037 2057 2135 2181 2248 2311 2336 2391 2481 2511 2549 2630 2688 2748 2781 2812 2902 2959 3021
4 7 63 154 211 251 311 348 385 463 488 541 613 677 742 772 863 892 952 998 1030 1116 1168 1215 1254 1310 1381 1446 1476 1563 1571 1636 1718 1767 1829 1842 1940 1996 2043 2090 2129 2171 2221 2271 2343 2409 2452 2505 2556 2592 2694 2724 2767 2822 2889 2961 3008
7 7 64 112 165 262 306 327 427 466 513 582 646 696 719 770 830 882 956 989 1042 1086 1140 1226 1273 1327 1400 1448 1483 1512 1619 1653 1704 1755 1822 1883 1916 1968 2039 2082 2149 2211 2236 2269 2340 2384 2441 2521 2580 2605 2648 2713 2800 2818 2897 2942 2992
7 7 64 142 198 263 274 367 417 480 512 582 638 681 739 762 817 886 935 1004 1050 1099 1149 1198 1242 1312 1362 1456 1474 1542 1619 1639 1704 1756 1831 1882 1935 1964 2039 2093 2109 2168 2216 2294 2355 2427 2480 2521 2568 2604 2668 2714 2780 2848 2867 2917 2992
7 7 65 129 198 253 305 367 424 437 526 582 619 650 749 798 817 916 967 1005 1041 1133 1158 1201 1261 1326 1361 1428 1488 1528 1587 1620 1677 1756 1800 1875 1903 1945 2026 2057 2135 2168 2249 2312 2354 2398 2480 2488 2554 2601 2682 2746 2793 2835 2911 2936 3022
7 7 65 144 183 220 318 325 395 470 503 543 619 687 702 778 816 892 950 998 1037 1095 1142 1218 1282 1308 1365 1428 1509 1539 1587 1668 1717 1745 1828 1838 1924 1988 2002 2058 2158 2184 2253 2288 2371 2418 2460 2512 2591 2601 2660 2746 2788 2842 2898 2961 3022
7 7 66 126 201 254 305 367 411 467 496 562 595 668 709 766 831 908 922 974 1063 1107 1150 1238 1289 1296 1390 1433 1473 1560 1613 1651 1677 1750 1788 1848 1926 1996 2051 2093 2125 2186 2247 2294 2367 2403 2479 2497 2543 2609 2671 2751 2784 2825 2870 2959 3004
4 7 68 159 186 263 280 366 410 444 521 559 646 664 710 777 820 908 930 978 1052 1107 1148 1238 1280 1318 1390 1407 1505 1529 1581 1673 1704 1728 1784 1840 1926 1945 2030 2086 2129 2198 2248 2294 2352 2403 2434 2520 2587 2640 2687 2719 2800 2829 2869 2960 3012
7 7 69 108 168 267 309 327 426 452 535 564 622 675 748 793 845 916 954 980 1058 1133 1144 1202 1248 1298 1372 1447 1463 1536 1570 1666 1694 1754 1797 1876 1902 1987 2020 2089 2107 2178 2261 2312 2372 2387 2469 2515 2570 2603 2689 2727 2770 2840 2896 2940 2988
7 7 69 114 162 236 303 366 392 483 492 559 622 688 747 767 848 865 968 1003 1048 1111 1152 1190 1291 1309 1382 1447 1497 1538 1570 1667 1700 1752 1830 1865 1931 1947 2029 2087 2158 2170 2230 2292 2358 2413 2434 2506 2591 2603 2659 2727 2802 2816 2902 2961 2988
7 7 70 117 215 230 302 342 404 473 519 583 617 683 720 797 857 865 923 994 1053 1109 1136 1205 1254 1332 1356 1446 1504 1532 1601 1652 1726 1742 1789 1836 1911 1974 2044 2091 2150 2208 2263 2271 2333 2400 2442 2535 2566 2607 2696 2731 2762 2847 2866 2942 3009
7 7 70 140 165 251 279 325 404 432 505 592 636 662 713 805 838 882 950 989 1039 1119 1158 1210 1256 1333 1395 1428 1464 1545 1601 1625 1718 1740 1789 1877 1939 1989 2049 2082 2135 2200 2236 2271 2340 2378 2457 2531 2585 2623 2654 2716 2804 2846 2915 2942 3009
7 7 71 139 215 267 307 327 399 452 533 562 637 688 719 792 844 865 955 994 1056 1086 1179 1226 1258 1300 1358 1433 1460 1553 1570 1630 1719 1741 1813 1865 1916 1987 2046 2091 2158 2206 2263 2288 2333 2426 2443 2499 2538 2603 2671 2727 2760 2842 2897 2942 2986
4 7 73 130 169 234 293 352 395 448 491 564 597 675 716 793 823 865 929 979 1057 1110 1155 1204 1244 1301 1350 1446 1508 1551 1578 1650 1698 1765 1828 1876 1924 1988 2008 2078 2158 2208 2253 2312 2372 2412 2477 2530 2571 2596 2681 2727 2768 2861 2904 2936 3022
7 7 73 149 186 256 277 376 424 460 523 564 636 664 713 777 841 907 933 978 1075 1092 1170 1241 1281 1302 1397 1407 1490 1514 1578 1671 1698 1733 1800 1855 1903 1945 2008 2085 2135 2196 2249 2288 2352 2424 2430 2530 2564 2619 2686 2704 2789 2824 2884 2961 3022
4 7 74 156 195 233 270 348 417 467 509 582 638 698 753 784 824 865 965 1004 1053 1089 1150 1209 1246 1331 1355 1433 1473 1530 1593 1651 1726 1734 1805 1844 1935 1947 2029 2093 2125 2206 2216 2311 2359 2414 2464 2501 2579 2631 2657 2707 2807 2821 2874 2940 3020
7 7 75 128 192 264 276 342 414 479 511 564 646 681 716 789 814 886 969 996 1057 1114 1171 1204 1244 1346 1388 1448 1468 1557 1619 1628 1675 1749 1823 1882 1921 1988 2047 2056 2109 2179 2214 2310 2328 2393 2446 2525 2575 2604 2675 2714 2781 2820 2904 2946 2980
7 7 75 137 182 263 311 367 418 480 488 541 646 694 710 773 815 867 924 984 1064 1116 1153 1238 1268 1311 1381 1448 1475 1533 1619 1635 1700 1773 1818 1870 1918 1964 2038 2055 2129 2198 2242 2298 2373 2409 2439 2533 2573 2604 2678 2714 2754 2833 2869 2959 2980
7 7 77 123 169 229 289 348 399 478 495 568 638 684 755 784 858 882 959 979 1066 1119 1152 1210 1277 1307 1395 1447 1493 1542 1572 1672 1698 1765 1799 1869 1939 1987 2003 2090 2158 2173 2241 2271 2372 2378 2477 2484 2565 2626 2650 2733 2773 2823 2873 2917 3000
4 7 77 128 172 252 284 342 399 464 516 562 637 661 752 769 837 888 969 994 1073 1118 1136 1195 1279 1310 1384 1448 1504 1522 1572 1662 1704 1763 1799 1882 1916 1996 1998 2091 2148 2188 2263 2271 2375 2393 2471 2489 2586 2625 2665 2734 2758 2820 2870 2917 3000
7 7 77 148 209 242 315 376 412 481 495 562 597 666 740 770 860 882 945 985 1042 1131 1156 1206 1273 1298 1371 1405 1469 1547 1596 1660 1704 1765 1815 1840 1936 1987 2003 2105 2131 2167 2228 2312 2370 2388 2437 2484 2580 2613 2679 2717 2791 2837 2897 2960 2975
4 7 77 155 202 265 304 366 411 458 516 568 597 652 741 768 863 888 966 1000 1046 1121 1141 1190 1252 1313 1366 1405 1466 1549 1596 1659 1698 1763 1816 1855 1922 1996 1998 2102 2125 2183 2251 2311 2349 2391 2440 2489 2589 2613 2693 2717 2768 2821 2908 2961 2975
7 7 79 135 177 240 316 325 417 438 502 584 636 666 707 805 846 888 945 1014 1073 1099 1166 1198 1250 1309 1401 1456 1495 1562 1588 1654 1704 1762 1805 1840 1935 1947 2037 2084 2125 2160 2216 2292 2337 2388 2461 2491 2551 2622 2699 2717 2765 2850 2900 2960 3020
4 7 79 154 199 234 297 348 417 436 536 568 646 672 716 756 823 865 952 982 1056 1111 1146 1229 1276 1336 1386 1446 1510 1529 1588 1648 1719 1736 1805 1842 1892 1964 2005 2072 2109 2208 2259 2292 2327 2409 2477 2524 2574 2608 2657 2730 2807 2822 2877 2960 3020
7 7 80 125 192 238 318 366 415 485 503 592 613 648 741 761 836 907 953 978 1036 1121 1148 1190 1263 1343 1365 1428 1505 1563 1607 1633 1675 1745 1832 1868 1922 1974 2002 2086 2109 2209 2248 2294 2346 2392 2451 2496 2576 2602 2654 2736 2761 2848 2908 2961 2998
7 7 80 156 207 216 286 367 415 463 537 541 617 670 726 806 848 906 931 974 1047 1113 1150 1194 1259 1334 1396 1424 1473 1530 1607 1655 1726 1748 1832 1889 1923 1947 2010 2093 2135 2165 2247 2294 2362 2390 2439 2488 2564 2628 2653 2711 2762 2857 2892 2961 2998
7 7 81 113 209 236 308 327 388 483 493 584 646 666 747 770 815 907 948 985 1067 1129 1180 1227 1274 1330 1375 1405 1492 1544 1594 1638 1700 1736 1818 1853 1912 1987 2048 2065 2135 2170 2267 2292 2370 2397 2468 2522 2554 2603 2678 2704 2754 2833 2864 2936 3011
4 7 81 133 196 216 311 367 389 463 517 584 613 701 707 769 840 892 967 1018 1073 1125 1168 1198 1250 1310 1352 1428 1497 1519 1607 1636 1700 1760 1786 1859 1910 1947 2035 2069 2148 2184 2265 2320 2336 2416 2435 2534 2586 2628 2665 2711 2771 2830 2900 2917 2997
4 7 81 149 199 269 295 352 389 454 493 564 617 648 715 780 858 907 934 982 1032 1097 1173 1234 1275 1317 1388 1424 1460 1543 1607 1670 1719 1736 1786 1868 1941 1987 2048 2097 2109 2173 2235 2320 2327 2411 2477 2522 2568 2602 2663 2736 2773 2823 2896 2917 2997
7 7 81 155 167 267 272 366 414 452 517 564 646 664 719 777 824 892 966 996 1052 1095 1144 1222 1249 1335 1391 1405 1496 1520 1594 1666 1719 1760 1793 1855 1921 1947 2035 2056 2149 2206 2214 2288 2352 2391 2464 2534 2587 2603 2669 2704 2807 2821 2901 2940 3011
4 7 83 119 168 247 291 348 411 468 535 543 622 685 717 804 827 906 938 1022 1074 1082 1174 1229 1261 1349 1389 1428 1485 1516 1591 1631 1675 1754 1816 1846 1922 1996 2020 2080 2125 2195 2251 2312 2330 2421 2469 2501 2551 2592 2660 2705 2801 2859 2876 2960 2975
4 7 83 122 184 225 276 342 412 470 511 543 617 683 722 797 812 916 934 1025 1053 1097 1181 1239 1246 1346 1388 1433 1507 1530 1591 1628 1675 1777 1815 1868 1936 1987 2020 2064 2131 2205 2228 2311 2333 2411 2470 2501 2566 2597 2684 2700 2786 2851 2874 2961 2975
7 7 85 117 180 229 304 366 406 478 500 541 646 677 755 777 857 907 923 976 1075 1115 1185 1199 1281 1334 1380 1424 1479 1557 1599 1638 1698 1743 1832 1861 1930 1970 2040 2063 2150 2173 2242 2271 2338 2376 2478 2486 2564 2626 2653 2706 2762 2847 2884 2946 3007
7 7 85 142 184 246 279 367 406 456 531 562 613 661 718 769 836 906 935 983 1074 1091 1134 1192 1257 1333 1371 1456 1489 1527 1599 1625 1675 1767 1832 1882 1917 1989 2000 2088 2131 2182 2254 2271 2375 2427 2479 2527 2585 2598 2654 2734 2761 2848 2880 2946 3007
4 7 86 108 174 255 321 368 428 477 532 592 617 662 751 774 821 888 949 1019 1043 1118 1144 1213 1272 1307 1368 1405 1463 1536 1598 1641 1694 1742 1811 1852 1896 1987 2033 2089 2149 2183 2222 2271 2370 2411 2483 2490 2542 2594 2674 2742 2795 2845 2883 2946 3007
7 7 86 129 213 231 281 367 406 446 499 592 595 693 733 766 849 906 967 984 1031 1090 1153 1223 1266 1343 1403 1428 1475 1541 1598 1669 1694 1774 1832 1875 1930 1970 2033 2055 2150 2195 2242 2298 2342 2398 2447 2490 2576 2634 2654 2702 2761 2835 2862 2919 3007
4 7 86 159 183 230 270 348 428 447 509 559 595 687 750 778 814 908 938 998 1079 1117 1168 1235 1256 1331 1355 1428 1476 1558 1598 1651 1726 1758 1811 1881 1897 1988 2004 2090 2148 2179 2221 2271 2371 2386 2446 2519 2549 2634 2688 2702 2781 2820 2875 2946 3007
7 7 87 108 164 264 320 367 429 479 522 564 617 670 720 806 825 916 954 1017 1047 1106 1171 1192 1272 1302 1377 1407 1463 1536 1580 1628 1717 1759 1800 1847 1901 1964 2032 2061 2150 2175 2235 2269 2362 2417 2472 2490 2564 2604 2686 2753 2789 2840 2878 2946 3017
4 7 87 124 212 226 272 368 395 454 517 564 597 695 738 794 837 882 936 979 1031 1095 1183 1218 1266 1341 1391 1428 1480 1541 1580 1660 1717 1764 1833 1884 1924 1996 2032 2078 2149 2200 2253 2298 2330 2391 2458 2490 2548 2645 2667 2713 2766 2812 2862 2917 3017
7 7 87 135 166 250 290 376 390 471 515 564 622 668 717 802 846 908 945 1010 1028 1098 1141 1203 1274 1345 1367 1405 1509 1548 1613 1647 1717 1752 1835 1848 1938 1988 2004 2059 2125 2191 2261 2292 2332 2380 2430 2518 2578 2609 2669 2751 2765 2850 2904 2919 2983
4 7 87 158 178 238 270 376 429 442 509 582 597 696 741 770 836 907 926 976 1067 1089 1174 1233 1274 1326 1355 1428 1486 1548 1580 1656 1700 1758 1800 1883 1910 1989 2004 2079 2125 2209 2226 2269 2340 2414 2451 2518 2554 2645 2682 2713 2793 2815 2864 2946 3017
4 7 88 139 166 237 280 352 429 481 521 562 619 656 718 804 816 865 955 982 1074 1106 1173 1192 1257 1349 1390 1407 1460 1553 1605 1643 1717 1728 1828 1886 1901 1989 2030 2097 2125 2190 2235 2320 2360 2404 2454 2500 2551 2618 2660 2707 2788 2842 2880 2960 2987
4 7 88 156 186 236 310 342 404 443 521 582 646 681 747 789 848 865 931 1002 1057 1101 1138 1227 1283 1323 1361 1447 1477 1526 1584 1648 1698 1728 1789 1850 1939 1989 2030 2068 2135 2170 2236 2294 2328 2429 2434 2500 2575 2643 2696 2747 2762 2857 2864 2919 3009
7 7 89 144 174 233 319 346 383 471 507 543 638 662 753 774 844 892 950 1019 1030 1125 1141 1209 1269 1317 1389 1405 1509 1539 1597 1647 1718 1781 1807 1877 1899 1987 2009 2059 2125 2206 2252 2320 2370 2378 2443 2526 2555 2627 2677 2716 2760 2842 2874 2942 2970
7 7 89 158 201 246 282 346 393 438 539 583 619 658 718 776 836 906 926 974 1038 1128 1166 1207 1269 1342 1363 1456 1495 1539 1566 1654 1677 1750 1817 1874 1904 1974 2009 2084 2125 2182 2255 2269 2367 2423 2479 2526 2589 2616 2664 2705 2793 2815 2866 2961 3001
7 7 90 155 173 246 305 367 380 456 526 568 646 694 723 773 828 888 931 992 1064 1101 1139 1237 1249 1326 1361 1424 1496 1520 1599 1620 1677 1755 1824 1850 1929 1989 2027 2061 2148 2177 2259 2269 2373 2429 2433 2534 2573 2598 2662 2734 2769 2858 2888 2940 3002
7 7 92 130 198 227 307 368 393 452 494 564 637 681 706 762 851 865 971 1004 1055 1128 1179 1207 1264 1300 1397 1456 1498 1561 1584 1630 1677 1778 1814 1850 1904 1964 2005 2053 2135 2187 2255 2310 2355 2389 2458 2511 2562 2643 2646 2747 2790 2819 2878 2940 3005
4 7 92 135 192 230 309 342 424 473 535 564 636 648 750 761 814 908 958 978 1063 1133 1165 1201 1250 1341 1372 1428 1495 1562 1601 1622 1677 1749 1833 1872 1903 1974 2025 2085 2107 2179 2249 2320 2346 2387 2446 2491 2548 2607 2667 2731 2766 2836 2910 2960 2987
7 7 93 114 175 230 305 367 398 447 496 559 638 680 720 762 857 865 968 1018 1055 1106 1168 1192 1264 1296 1390 1446 1497 1538 1568 1651 1677 1781 1792 1873 1901 1970 2021 2069 2129 2208 2265 2320 2356 2404 2442 2533 2562 2634 2651 2732 2792 2816 2878 2946 3016
4 7 93 120 192 227 308 348 410 483 511 559 646 653 729 756 828 907 965 978 1061 1130 1180 1215 1253 1330 1357 1433 1472 1565 1612 1638 1677 1749 1824 1874 1926 1968 2047 2086 2107 2164 2248 2310 2346 2384 2446 2507 2569 2612 2662 2710 2769 2858 2903 2961 2972
7 7 94 112 175 234 319 367 415 448 507 559 646 699 716 773 857 906 928 1006 1060 1082 1163 1229 1273 1321 1389 1405 1483 1512 1594 1642 1698 1781 1832 1857 1922 1974 2009 2057 2109 2208 2248 2312 2368 2421 2442 2521 2577 2596 2653 2712 2762 2847 2877 2942 2998
7 7 94 123 211 236 282 327 428 483 539 559 595 664 712 786 812 892 933 998 1050 1127 1152 1225 1242 1329 1363 1456 1493 1542 1594 1667 1698 1750 1819 1855 1897 1987 2009 2090 2149 2205 2221 2294 2343 2424 2470 2521 2544 2603 2680 2704 2786 2851 2867 2961 2998
7 7 95 135 211 228 279 325 413 479 531 564 597 664 715 786 821 908 945 998 1032 1131 1142 1234 1275 1300 1371 1456 1509 1548 1581 1658 1718 1767 1814 1840 1907 1987 2000 2058 2129 2213 2253 2288 2343 2388 2452 2517 2562 2640 2646 2719 2790 2850 2896 2946 2985
4 7 99 125 209 252 293 346 400 465 491 592 638 662 730 774 817 907 953 985 1030 1115 1167 1228 1254 1325 1350 1446 1505 1563 1568 1626 1704 1765 1831 1852 1900 1945 2008 2065 2131 2210 2267 2271 2370 2407 2437 2505 2555 2624 2668 2742 2780 2848 2889 2936 3010
7 7 99 134 186 231 317 348 427 446 523 592 636 680 737 790 846 865 946 1002 1072 1086 1153 1226 1293 1308 1358 1448 1462 1523 1568 1669 1704 1733 1805 1873 1916 1988 2008 2068 2129 2191 2236 2288 2328 2426 2430 2505 2552 2634 2699 2732 2765 2850 2879 2919 3010
7 7 100 117 177 226 295 368 411 454 524 541 617 696 742 774 810 907 956 1014 1030 1130 1173 1215 1254 1317 1357 1407 1504 1532 1580 1670 1704 1762 1788 1883 1926 1996 2016 2053 2125 2196 2247 2310 2337 2384 2461 2535 2555 2645 2677 2713 2778 2813 2889 2942 3004
7 7 100 133 189 264 279 367 411 479 505 568 597 659 716 792 826 908 967 1000 1056 1082 1142 1229 1276 1300 1395 1428 1465 1550 1580 1658 1675 1740 1788 1859 1922 1964 2049 2102 2158 2179 2251 2310 2363 2416 2433 2502 2538 2604 2671 2753 2784 2830 2877 2942 3004
7 7 100 134 188 263 284 342 384 480 520 541 597 670 739 796 860 916 958 993 1071 1080 1153 1193 1263 1337 1380 1428 1462 1523 1580 1635 1704 1766 1815 1847 1914 1988 2016 2068 2150 2168 2245 2294 2371 2412 2436 2535 2540 2604 2679 2753 2791 2837 2872 2959 3004
7 7 100 153 168 246 300 368 390 456 520 568 619 684 718 784 859 916 920 980 1053 1094 1139 1207 1254 1331 1366 1446 1468 1532 1600 1620 1675 1766 1835 1869 1938 1988 2016 2089 2125 2182 2261 2271 2372 2418 2456 2535 2579 2598 2657 2733 2776 2849 2866 2940 2983
4 7 101 128 188 231 306 327 431 473 536 564 595 664 733 786 827 886 930 1021 1050 1120 1136 1223 1247 1328 1377 1446 1504 1522 1615 1652 1704 1735 1796 1840 1900 1996 2006 2091 2150 2195 2237 2288 2343 2403 2469 2523 2544 2606 2681 2719 2801 2859 2862 2960 2982
4 7 101 135 207 262 293 346 392 466 491 564 637 670 719 806 822 908 958 974 1052 1110 1166 1222 1249 1325 1350 1424 1495 1562 1579 1626 1704 1738 1801 1847 1905 1947 2036 2084 2158 2211 2255 2269 2362 2412 2450 2492 2559 2605 2663 2753 2758 2836 2901 2959 3019
4 7 103 120 182 240 301 325 416 438 488 583 646 652 702 783 848 882 966 1023 1066 1095 1167 1218 1253 1332 1391 1446 1472 1565 1588 1653 1698 1773 1789 1855 1924 1947 2038 2098 2131 2165 2232 2298 2334 2391 2439 2507 2566 2622 2696 2717 2762 2857 2898 2961 2996
7 7 104 113 173 264 280 352 416 444 526 583 646 658 716 802 826 908 942 1023 1028 1110 1148 1204 1274 1318 1385 1428 1492 1544 1574 1673 1717 1755 1809 1841 1924 1970 2027 2098 2109 2179 2232 2269 2342 2376 2433 2522 2578 2639 2695 2738 2775 2839 2904 2936 2976
4 7 105 138 195 232 281 367 423 450 499 584 636 675 723 807 834 865 954 1004 1033 1101 1149 1237 1280 1343 1403 1407 1474 1546 1578 1669 1694 1761 1792 1876 1929 1974 2044 2093 2158 2190 2216 2294 2359 2387 2435 2502 2546 2596 2685 2727 2759 2808 2888 2940 2990
4 7 107 145 195 237 286 367 418 458 532 584 619 650 718 798 834 867 928 1009 1041 1091 1141 1192 1290 1330 1401 1405 1466 1559 1589 1659 1726 1761 1818 1881 1917 1968 2012 2102 2125 2190 2243 2310 2354 2396 2435 2497 2554 2641 2678 2740 2754 2813 2880 2946 2980
7 8 56 128 190 256 287 371 416 473 521 579 595 659 750 763 814 866 947 1021 1068 1095 1157 1238 1279 1330 1375 1429 1504 1521 1597 1643 1686 1758 1797 1854 1906 1995 2042 2077 2113 2193 2247 2268 2356 2403 2483 2489 2551 2605 2668 2737 2801 2860 2881 2960 2975
7 8 56 150 215 248 295 331 391 448 521 551 594 694 727 808 844 866 931 1005 1046 1101 1184 1211 1251 1322 1369 1447 1478 1549 1572 1636 1714 1758 1819 1858 1931 1995 2042 2100 2153 2209 2254 2269 2326 2411 2458 2489 2567 2631 2664 2715 2765 2815 2908 2941 3001
7 8 57 120 207 260 296 325 418 468 514 583 633 697 705 788 848 872 925 995 1064 1116 1153 1218 1257 1311 1368 1451 1493 1533 1619 1647 1725 1748 1830 1870 1903 1944 2050 2074 2117 2165 2255 2270 2347 2387 2438 2531 2555 2622 2696 2728 2774 2852 2868 2941 3003
4 8 59 142 211 224 320 371 415 470 501 540 633 677 722 809 833 915 936 1006 1030 1106 1176 1216 1288 1344 1366 1416 1471 1533 1569 1640 1718 1759 1796 1872 1907 1952 2037 2058 2108 2205 2225 2269 2350 2402 2455 2499 2571 2597 2688 2745 2796 2831 2914 2941 3001
4 8 59 160 212 251 319 326 391 462 517 540 605 685 720 799 837 872 938 1020 1039 1102 1187 1210 1264 1329 1374 1443 1462 1558 1569 1649 1718 1745 1819 1845 1931 1995 2037 2085 2153 2186 2254 2293 2341 2421 2445 2499 2545 2637 2657 2705 2772 2838 2897 2917 3001
7 8 62 125 194 246 291 326 397 468 508 583 641 654 755 770 844 875 955 989 1072 1120 1160 1220 1294 1330 1391 1412 1485 1540 1571 1639 1675 1753 1825 1868 1938 1995 2043 2067 2145 2188 2264 2268 2361 2390 2479 2505 2559 2637 2659 2703 2761 2819 2866 2941 3008
7 8 62 130 165 221 286 334 397 463 514 541 602 677 740 784 831 866 936 1005 1075 1095 1148 1205 1267 1306 1376 1451 1500 1535 1571 1657 1718 1780 1825 1872 1940 1984 2019 2092 2157 2175 2262 2268 2375 2402 2476 2530 2572 2595 2653 2745 2767 2844 2894 2941 3008
7 8 64 129 187 231 299 325 391 458 513 579 637 668 752 765 849 887 964 995 1063 1112 1153 1236 1284 1340 1403 1416 1493 1524 1584 1656 1674 1777 1814 1888 1930 1995 2033 2074 2153 2177 2255 2270 2367 2380 2462 2491 2543 2619 2649 2729 2760 2823 2881 2924 3007
4 8 64 142 215 219 301 325 407 438 535 540 602 688 707 805 846 915 940 976 1045 1125 1149 1197 1284 1312 1374 1406 1480 1524 1603 1659 1714 1756 1810 1877 1910 1969 2033 2098 2153 2204 2266 2280 2355 2399 2460 2491 2588 2623 2662 2714 2780 2827 2900 2960 2987
7 8 66 122 196 235 296 325 401 482 502 587 594 701 739 786 823 866 964 1021 1070 1099 1151 1197 1245 1321 1378 1416 1497 1518 1607 1636 1725 1739 1805 1840 1935 1952 2035 2084 2130 2202 2240 2308 2350 2428 2436 2516 2574 2640 2665 2733 2789 2830 2867 2960 3012
7 8 66 146 191 234 276 325 411 467 496 591 637 693 738 765 825 872 950 1024 1031 1107 1155 1217 1245 1338 1383 1443 1473 1518 1608 1633 1721 1746 1830 1862 1943 1946 2035 2098 2130 2186 2218 2280 2342 2425 2457 2516 2576 2614 2666 2723 2804 2825 2907 2916 3011
7 8 66 152 168 241 298 347 426 477 502 591 633 682 734 777 838 866 954 1015 1041 1095 1143 1205 1248 1348 1376 1447 1463 1515 1608 1641 1721 1739 1815 1855 1940 1952 2035 2089 2107 2209 2234 2268 2335 2402 2464 2516 2584 2615 2650 2722 2807 2839 2901 2928 3011
7 8 67 121 177 258 319 367 430 439 517 587 618 666 739 792 858 915 959 999 1070 1125 1145 1197 1245 1323 1374 1443 1495 1542 1588 1654 1676 1745 1786 1859 1910 1952 2037 2069 2106 2180 2244 2280 2348 2399 2480 2490 2568 2604 2699 2735 2787 2850 2867 2917 3017
7 8 67 144 187 269 320 367 413 465 501 542 595 668 732 765 844 872 935 995 1031 1105 1174 1223 1245 1315 1366 1416 1472 1542 1613 1669 1721 1759 1795 1866 1908 1995 2037 2093 2106 2188 2237 2308 2367 2403 2479 2490 2576 2596 2690 2752 2761 2819 2907 2941 2991
7 8 67 157 166 234 282 375 430 454 516 542 633 690 728 775 840 907 952 981 1076 1097 1157 1214 1259 1336 1386 1429 1484 1543 1588 1662 1721 1731 1786 1843 1919 1944 2004 2097 2113 2196 2235 2280 2360 2387 2474 2524 2586 2627 2680 2713 2807 2837 2877 2917 3017
4 8 68 113 195 238 312 334 407 467 504 540 602 677 725 784 824 907 921 976 1075 1088 1155 1233 1274 1302 1387 1443 1473 1550 1593 1633 1676 1776 1800 1880 1910 1992 2048 2098 2130 2201 2266 2269 2375 2381 2471 2501 2572 2610 2657 2736 2791 2840 2887 2968 2997
7 8 68 122 199 226 310 334 414 469 534 542 645 668 736 802 823 911 964 977 1051 1133 1164 1215 1274 1337 1382 1405 1464 1550 1594 1634 1674 1747 1801 1888 1920 1988 2048 2054 2130 2167 2258 2308 2331 2380 2473 2501 2561 2609 2669 2729 2789 2830 2912 2924 2996
4 8 68 145 176 252 319 367 396 442 517 540 645 700 715 760 813 887 927 993 1058 1102 1141 1229 1290 1323 1374 1405 1501 1531 1594 1654 1676 1766 1818 1857 1912 1956 2015 2064 2153 2191 2250 2276 2368 2421 2435 2534 2591 2609 2677 2729 2799 2813 2903 2956 2996
7 8 68 150 187 246 275 367 407 476 524 542 633 670 755 798 844 875 931 1017 1066 1126 1139 1192 1290 1326 1365 1412 1496 1531 1593 1623 1674 1759 1800 1871 1942 1969 2015 2060 2153 2188 2235 2269 2345 2397 2479 2534 2552 2628 2684 2719 2765 2815 2895 2968 2997
7 8 69 140 180 219 286 367 403 463 512 563 602 669 707 769 840 866 922 994 1068 1099 1148 1197 1262 1306 1378 1455 1499 1560 1605 1657 1686 1754 1831 1882 1935 1944 2014 2093 2153 2204 2238 2308 2357 2428 2466 2534 2545 2598 2681 2715 2782 2861 2900 2917 3002
7 8 69 143 204 261 310 324 392 455 534 563 633 681 722 767 815 907 948 985 1044 1083 1156 1240 1269 1309 1382 1405 1477 1538 1598 1662 1686 1747 1788 1865 1936 1992 2048 2087 2108 2169 2236 2319 2329 2429 2468 2500 2575 2617 2678 2749 2757 2854 2891 2924 3009
7 8 69 148 191 249 305 367 392 460 511 551 595 693 709 765 847 864 959 1024 1063 1114 1187 1201 1262 1340 1369 1443 1491 1560 1598 1650 1699 1755 1788 1860 1911 1946 2014 2055 2153 2171 2260 2319 2342 2398 2447 2534 2543 2641 2649 2725 2785 2822 2905 2924 3009
7 8 70 111 178 258 287 371 409 444 511 583 594 697 739 781 858 915 971 1011 1071 1124 1155 1193 1263 1318 1385 1443 1505 1564 1577 1655 1686 1744 1796 1865 1893 1945 2026 2066 2130 2180 2220 2270 2354 2406 2480 2514 2561 2599 2689 2734 2795 2842 2871 2924 3007
7 8 70 116 180 244 285 347 391 481 500 583 633 660 755 777 854 865 956 994 1072 1128 1159 1220 1294 1334 1400 1404 1504 1532 1577 1652 1686 1754 1814 1878 1930 1995 2026 2075 2153 2190 2255 2276 2357 2395 2466 2514 2553 2626 2652 2707 2757 2813 2866 2918 3007
7 8 71 110 191 222 320 367 401 474 500 551 645 694 736 760 847 903 924 992 1079 1111 1171 1237 1272 1344 1367 1404 1463 1556 1601 1640 1721 1755 1824 1851 1915 1952 2025 2060 2130 2171 2259 2269 2374 2415 2447 2521 2571 2604 2688 2721 2768 2840 2890 2918 2992
7 8 71 112 178 256 286 367 399 445 512 587 596 673 735 806 829 872 927 1011 1054 1132 1164 1192 1272 1306 1378 1405 1461 1556 1589 1657 1686 1744 1795 1881 1936 1984 2025 2057 2130 2208 2229 2268 2354 2396 2480 2521 2572 2634 2653 2723 2797 2847 2915 2968 3005
7 8 73 149 204 231 314 375 424 458 491 579 618 659 718 790 858 907 932 985 1075 1085 1153 1226 1267 1325 1353 1451 1481 1535 1595 1656 1676 1765 1786 1873 1904 1945 2007 2087 2117 2210 2236 2268 2329 2407 2449 2530 2566 2619 2699 2718 2787 2850 2894 2924 3023
7 8 73 150 203 242 301 325 382 447 510 542 618 684 738 787 845 875 925 1013 1029 1107 1184 1217 1247 1334 1399 1451 1478 1549 1595 1637 1714 1751 1828 1847 1943 1995 2043 2100 2149 2179 2248 2276 2336 2410 2452 2493 2544 2619 2661 2718 2775 2821 2907 2916 3023
7 8 73 152 194 226 311 367 424 469 508 542 641 663 709 807 838 915 954 1011 1045 1114 1164 1201 1279 1336 1372 1429 1461 1517 1595 1634 1714 1753 1786 1863 1911 1956 2043 2057 2107 2194 2229 2268 2338 2394 2479 2493 2586 2609 2680 2727 2807 2839 2905 2924 3023
7 8 75 128 210 246 300 347 390 476 499 542 605 663 730 772 814 903 947 991 1057 1090 1139 1221 1267 1301 1386 1451 1467 1557 1585 1623 1675 1768 1804 1864 1896 1988 2040 2089 2113 2213 2256 2268 2372 2393 2463 2508 2577 2628 2661 2726 2801 2860 2912 2968 3005
7 8 75 140 194 222 278 367 404 474 531 542 594 662 713 762 838 887 922 989 1056 1108 1154 1206 1256 1300 1371 1455 1507 1552 1601 1658 1675 1753 1818 1882 1917 1952 2022 2102 2145 2194 2230 2315 2361 2428 2479 2527 2541 2604 2692 2721 2784 2861 2899 2928 2988
7 8 75 144 170 262 301 363 414 446 510 542 645 690 706 775 839 872 929 977 1074 1107 1140 1241 1282 1312 1399 1404 1489 1525 1601 1659 1675 1773 1809 1843 1920 1969 2022 2054 2149 2212 2258 2280 2360 2410 2450 2527 2588 2613 2662 2713 2781 2826 2895 2964 2988
7 8 75 157 193 243 318 331 399 447 526 542 641 692 731 761 821 907 946 978 1035 1083 1151 1240 1287 1315 1382 1416 1490 1537 1585 1671 1675 1742 1795 1867 1936 1984 2040 2090 2130 2178 2229 2319 2325 2429 2467 2508 2576 2618 2690 2736 2761 2843 2882 2916 3005
7 8 76 120 195 232 300 325 398 471 499 548 594 675 717 786 829 907 925 976 1061 1097 1149 1214 1261 1299 1386 1451 1480 1546 1592 1626 1699 1768 1791 1870 1919 1984 2040 2098 2108 2210 2266 2280 2375 2387 2478 2507 2583 2624 2651 2749 2792 2852 2888 2968 3016
7 8 76 144 183 253 305 367 410 437 503 548 645 700 721 760 817 866 935 987 1058 1095 1137 1238 1282 1325 1375 1416 1489 1525 1612 1665 1699 1762 1831 1866 1906 1945 2021 2057 2145 2202 2253 2268 2368 2403 2442 2527 2591 2600 2675 2720 2788 2819 2911 2964 2995
4 8 78 113 168 245 323 363 400 484 513 540 645 685 729 775 847 907 921 985 1076 1115 1180 1213 1259 1328 1379 1416 1473 1550 1612 1624 1721 1761 1824 1841 1908 1946 2047 2073 2107 2178 2250 2293 2364 2420 2440 2517 2586 2612 2688 2709 2768 2840 2877 2924 2993
4 8 78 123 215 220 276 325 419 470 519 540 605 700 705 803 846 866 945 1005 1041 1116 1154 1218 1280 1308 1361 1455 1509 1528 1612 1663 1721 1756 1805 1866 1903 1988 2047 2100 2145 2204 2254 2276 2326 2393 2460 2517 2559 2600 2682 2720 2773 2835 2868 2941 2993
7 8 80 111 168 248 300 347 396 471 522 591 594 667 727 794 838 907 951 985 1035 1121 1149 1211 1263 1299 1364 1406 1505 1564 1582 1626 1675 1739 1818 1884 1912 1956 2016 2073 2153 2209 2250 2308 2364 2417 2464 2514 2543 2608 2692 2750 2784 2861 2908 2924 2996
7 8 80 116 196 250 282 371 394 454 522 541 633 677 723 809 852 907 923 1021 1030 1085 1157 1203 1294 1336 1380 1412 1504 1532 1593 1662 1725 1739 1832 1880 1928 1956 2016 2077 2130 2173 2247 2268 2350 2379 2436 2514 2571 2610 2694 2736 2774 2847 2909 2918 2985
7 8 80 121 208 246 278 367 394 476 505 591 602 682 730 769 843 911 959 987 1033 1104 1137 1237 1253 1333 1395 1443 1489 1548 1593 1625 1675 1780 1832 1859 1922 1969 2028 2057 2117 2213 2253 2268 2343 2399 2433 2502 2581 2628 2666 2719 2803 2850 2896 2918 2985
7 8 82 126 196 253 300 325 382 437 522 587 633 673 721 788 823 875 940 1000 1043 1120 1178 1236 1258 1301 1364 1406 1494 1538 1587 1623 1699 1739 1828 1860 1923 1988 2016 2082 2157 2202 2267 2268 2371 2418 2436 2512 2577 2600 2661 2746 2775 2844 2913 2924 3023
7 8 82 138 212 241 287 334 382 455 511 563 596 685 751 799 849 865 921 1020 1033 1109 1175 1215 1253 1330 1385 1443 1472 1548 1587 1643 1721 1744 1828 1841 1943 1995 2026 2092 2149 2192 2248 2268 2341 2420 2446 2502 2551 2638 2668 2709 2769 2814 2896 2924 3023
4 8 83 118 208 224 318 331 396 470 518 540 645 654 747 795 839 903 955 993 1057 1121 1176 1211 1291 1346 1390 1406 1465 1545 1611 1640 1675 1732 1809 1868 1912 1992 2051 2064 2117 2181 2250 2311 2337 2390 2482 2513 2555 2597 2662 2703 2781 2826 2887 2941 3006
4 8 83 148 168 243 301 363 383 447 535 540 618 682 731 777 847 875 959 1015 1072 1125 1184 1209 1246 1334 1374 1447 1507 1544 1602 1637 1675 1761 1785 1859 1898 1952 2027 2071 2153 2178 2252 2319 2335 2399 2440 2537 2553 2618 2652 2719 2785 2822 2914 2918 3015
7 8 84 130 191 232 303 375 383 464 496 541 637 694 752 760 836 866 953 992 1058 1122 1159 1208 1282 1323 1357 1404 1482 1553 1572 1670 1699 1746 1826 1858 1927 1952 2035 2097 2153 2176 2223 2280 2374 2389 2457 2498 2591 2631 2677 2715 2790 2827 2911 2956 2973
7 8 84 131 168 246 296 375 392 468 502 563 633 685 755 775 859 872 963 985 1074 1132 1153 1192 1282 1311 1378 1416 1481 1553 1569 1647 1675 1739 1821 1845 1936 1946 2035 2087 2153 2188 2236 2268 2364 2396 2464 2498 2588 2637 2663 2705 2786 2834 2895 2960 2975
7 8 84 140 189 224 276 371 416 470 496 563 605 683 747 774 862 866 971 988 1048 1129 1154 1212 1283 1308 1383 1443 1507 1552 1569 1663 1675 1746 1797 1867 1922 1952 2035 2102 2157 2181 2231 2311 2348 2404 2459 2498 2573 2597 2668 2745 2801 2812 2885 2916 2975
7 8 85 114 182 219 311 367 393 463 508 541 645 694 746 760 848 911 931 1001 1079 1098 1170 1223 1270 1336 1372 1412 1469 1545 1605 1634 1714 1773 1832 1858 1916 1944 2024 2069 2108 2165 2242 2280 2374 2411 2438 2533 2571 2598 2694 2715 2774 2852 2892 2941 2986
7 8 85 128 168 247 299 324 428 435 513 579 645 669 715 791 827 866 970 1015 1048 1112 1139 1228 1265 1331 1403 1412 1467 1557 1605 1665 1675 1761 1798 1882 1938 1988 2047 2089 2153 2197 2234 2293 2335 2380 2440 2510 2556 2598 2673 2715 2781 2838 2904 2928 2986
7 8 85 149 192 262 276 371 393 453 519 579 602 651 754 761 843 907 932 1008 1035 1097 1168 1216 1287 1338 1361 1455 1481 1535 1605 1633 1675 1756 1832 1868 1917 1946 2047 2070 2106 2164 2241 2280 2366 2413 2483 2510 2576 2606 2666 2706 2803 2850 2882 2941 2986
7 8 86 130 199 249 285 334 430 481 536 542 633 692 713 759 823 865 936 981 1056 1106 1159 1206 1256 1334 1366 1451 1482 1553 1619 1652 1699 1747 1828 1872 1919 1952 2046 2097 2106 2167 2235 2319 2327 2402 2473 2526 2544 2620 2661 2730 2775 2844 2899 2960 2974
7 8 88 111 199 231 280 363 401 459 493 591 605 692 718 759 858 907 971 981 1032 1129 1162 1219 1257 1332 1383 1451 1511 1558 1585 1638 1674 1770 1824 1867 1915 1952 2011 2072 2130 2210 2259 2270 2327 2404 2449 2506 2569 2618 2660 2736 2795 2842 2901 2917 2992
4 8 88 113 181 261 303 347 404 457 493 540 596 688 722 789 815 907 949 1022 1030 1097 1165 1216 1288 1323 1361 1405 1497 1526 1589 1670 1725 1770 1818 1850 1917 1952 2011 2068 2145 2169 2230 2280 2370 2413 2468 2506 2591 2615 2677 2742 2799 2811 2914 2964 2988
7 8 90 112 195 231 291 325 412 458 527 548 605 700 718 803 829 911 927 1025 1041 1104 1169 1219 1248 1330 1373 1447 1503 1515 1584 1639 1676 1768 1789 1857 1939 1995 2012 2082 2130 2210 2243 2268 2326 2421 2478 2516 2559 2619 2659 2729 2797 2847 2901 2956 2980
7 8 90 122 210 244 292 347 405 481 527 542 594 690 732 794 814 911 939 1022 1031 1098 1165 1223 1245 1341 1372 1443 1497 1518 1577 1646 1682 1768 1812 1849 1916 1995 2012 2068 2107 2213 2230 2280 2341 2411 2463 2516 2547 2626 2667 2707 2806 2856 2907 2960 2987
7 8 90 152 185 228 318 325 407 474 526 542 633 697 723 788 828 915 948 1017 1064 1083 1171 1234 1248 1346 1382 1404 1463 1515 1577 1640 1682 1769 1810 1865 1942 1992 2012 2060 2130 2195 2235 2311 2347 2429 2452 2516 2555 2599 2662 2734 2780 2845 2876 2928 2987
7 8 92 142 166 244 306 326 428 466 516 591 633 693 755 776 846 864 940 1010 1078 1120 1141 1220 1288 1313 1364 1405 1471 1533 1598 1631 1682 1731 1798 1860 1938 1988 2004 2094 2153 2190 2234 2280 2331 2418 2474 2499 2567 2641 2674 2725 2780 2827 2866 2941 2986
7 8 92 144 165 261 304 324 428 455 506 548 595 675 711 786 839 866 929 1005 1070 1122 1175 1225 1245 1314 1363 1443 1472 1542 1598 1643 1725 1774 1798 1870 1909 1992 2013 2092 2149 2181 2262 2280 2375 2383 2482 2490 2574 2617 2673 2749 2781 2826 2867 2941 2986
4 8 94 123 208 261 297 331 409 457 539 540 637 682 711 769 839 866 944 987 1068 1124 1165 1193 1262 1329 1379 1443 1475 1562 1608 1670 1686 1732 1819 1855 1893 1969 2032 2090 2107 2181 2220 2319 2343 2412 2482 2532 2545 2615 2657 2722 2772 2836 2900 2964 2983
4 8 94 137 178 233 312 326 401 442 504 540 641 654 731 770 836 865 962 1004 1072 1088 1167 1209 1246 1308 1387 1455 1486 1565 1580 1627 1686 1778 1805 1839 1935 1952 2046 2101 2130 2187 2240 2311 2361 2381 2445 2518 2559 2629 2682 2731 2773 2845 2914 2956 3012
4 8 94 145 190 234 316 325 415 467 490 540 633 673 728 788 854 887 927 1006 1043 1108 1147 1214 1292 1310 1402 1447 1501 1531 1608 1642 1686 1781 1814 1881 1907 1946 2032 2058 2113 2196 2225 2315 2371 2396 2460 2532 2577 2614 2652 2723 2757 2813 2877 2968 2983
7 8 94 150 214 221 299 325 401 435 539 551 645 665 740 783 831 866 925 992 1042 1129 1139 1219 1292 1331 1377 1451 1496 1531 1580 1665 1674 1732 1805 1847 1915 1969 2032 2060 2113 2175 2259 2311 2351 2410 2476 2532 2564 2623 2665 2737 2789 2821 2878 2956 3012
4 8 94 160 204 219 285 347 400 438 536 540 645 659 746 790 819 872 947 985 1054 1105 1149 1223 1295 1327 1366 1451 1505 1516 1580 1659 1686 1747 1806 1854 1908 1945 2046 2073 2108 2165 2250 2308 2329 2403 2468 2518 2587 2623 2672 2737 2800 2829 2892 2960 3012
7 8 95 116 183 226 295 331 411 449 503 583 645 654 736 795 852 865 923 1018 1057 1109 1162 1215 1267 1311 1385 1451 1479 1557 1580 1648 1714 1762 1830 1839 1943 1946 2021 2104 2130 2167 2218 2268 2337 2420 2442 2508 2555 2629 2696 2731 2774 2847 2912 2928 3011
7 8 95 129 170 233 319 326 426 442 510 579 645 651 729 801 862 887 933 1010 1061 1096 1141 1204 1261 1323 1381 1451 1471 1546 1580 1654 1718 1773 1815 1842 1940 1952 2022 2094 2107 2189 2234 2280 2327 2415 2450 2507 2568 2629 2699 2731 2758 2856 2888 2916 3011
7 8 96 128 178 234 310 324 412 454 534 542 637 662 738 762 837 903 970 1004 1029 1133 1157 1217 1247 1309 1382 1412 1504 1521 1579 1662 1686 1778 1793 1882 1918 1995 2018 2077 2130 2186 2263 2315 2361 2380 2445 2523 2569 2627 2684 2721 2772 2838 2907 2917 2976
7 8 96 140 207 233 273 363 413 469 491 542 595 697 729 788 862 887 971 995 1043 1115 1148 1213 1292 1301 1394 1451 1499 1560 1573 1651 1686 1737 1804 1865 1908 1944 2036 2093 2157 2189 2237 2311 2347 2406 2450 2504 2577 2602 2661 2734 2801 2812 2877 2924 2982
7 8 99 127 208 244 286 367 400 466 514 591 594 686 732 762 843 903 968 993 1029 1105 1141 1223 1247 1332 1376 1451 1501 1549 1592 1631 1686 1780 1824 1853 1908 1946 2019 2064 2107 2213 2250 2276 2337 2392 2433 2493 2569 2641 2660 2732 2795 2858 2907 2941 2993
7 8 99 152 179 232 316 325 419 471 538 591 641 681 752 763 836 866 948 1009 1068 1112 1140 1236 1279 1317 1354 1404 1461 1517 1592 1635 1686 1757 1805 1865 1930 1984 2019 2083 2149 2176 2228 2293 2333 2429 2457 2493 2551 2624 2682 2749 2773 2845 2881 2924 2993
7 8 100 116 202 232 297 331 413 464 539 541 596 678 717 793 829 907 923 1014 1044 1115 1159 1213 1271 1329 1379 1451 1504 1532 1581 1670 1686 1760 1795 1839 1908 1995 2002 2075 2106 2210 2237 2293 2336 2420 2478 2536 2549 2631 2653 2706 2797 2847 2889 2956 2991
7 8 100 125 210 238 299 324 416 450 539 551 618 690 725 794 824 907 929 1022 1035 1129 1160 1212 1263 1340 1377 1443 1485 1540 1588 1656 1675 1760 1788 1843 1922 1995 2002 2067 2113 2201 2231 2270 2341 2410 2471 2536 2543 2627 2649 2713 2785 2846 2908 2964 2984
7 8 100 137 207 258 286 367 416 439 514 541 633 670 721 798 815 864 954 997 1066 1095 1167 1238 1275 1332 1376 1429 1486 1565 1588 1631 1686 1748 1788 1855 1906 1952 2050 2101 2157 2198 2247 2270 2345 2402 2438 2488 2552 2604 2678 2735 2757 2854 2911 2964 2984
7 8 100 148 170 248 296 375 390 448 514 551 596 651 751 801 833 864 932 1010 1055 1090 1184 1221 1295 1321 1368 1451 1507 1544 1581 1636 1675 1748 1817 1868 1896 1952 2050 2071 2149 2185 2256 2308 2327 2413 2475 2488 2574 2631 2665 2706 2776 2851 2890 2941 2991
7 8 102 160 193 222 291 326 394 444 527 548 645 653 736 801 827 864 938 978 1055 1104 1155 1237 1295 1314 1373 1443 1505 1516 1586 1655 1675 1742 1798 1845 1922 1956 2039 2066 2130 2171 2253 2315 2325 2421 2467 2518 2574 2635 2673 2738 2781 2838 2890 2960 3021
7 8 103 113 182 258 291 325 431 444 508 583 645 665 721 783 815 864 949 1024 1042 1120 1155 1236 1259 1314 1391 1429 1473 1550 1600 1655 1676 1773 1813 1873 1923 1992 2024 2098 2145 2198 2218 2280 2351 2390 2438 2517 2564 2599 2683 2711 2799 2811 2913 2924 2998
7 8 103 130 212 233 275 324 431 469 524 542 618 690 731 794 836 865 953 1020 1035 1126 1148 1240 1287 1299 1365 1455 1500 1535 1600 1651 1718 1745 1813 1849 1894 1984 2031 2092 2153 2187 2248 2280 2341 2397 2445 2510 2543 2602 2692 2707 2790 2827 2882 2924 2998
7 8 104 122 179 224 305 347 418 437 511 587 645 655 747 790 862 866 939 1009 1075 1101 1137 1211 1274 1325 1369 1443 1464 1550 1586 1665 1718 1755 1815 1849 1931 1944 2014 2083 2117 2181 2228 2269 2333 2411 2459 2501 2566 2630 2699 2743 2758 2856 2887 2924 3019
4 8 106 113 190 242 318 325 423 447 518 540 641 659 720 763 854 907 949 1021 1039 1121 1151 1210 1264 1315 1390 1429 1497 1526 1595 1671 1682 1781 1791 1873 1913 1995 2002 2084 2117 2196 2240 2308 2356 2390 2460 2531 2581 2619 2685 2718 2759 2811 2897 2918 2990
7 8 106 120 192 241 310 334 405 455 518 548 633 653 734 759 844 907 960 1008 1032 1130 1156 1205 1257 1309 1398 1406 1493 1533 1587 1662 1674 1781 1800 1874 1905 1995 2002 2070 2107 2209 2241 2315 2366 2395 2458 2531 2569 2638 2684 2709 2765 2815 2901 2941 2999
4 8 106 148 200 220 281 367 405 470 506 540 596 673 746 806 841 875 959 989 1054 1098 1154 1223 1295 1302 1384 1443 1507 1544 1587 1663 1682 1743 1800 1860 1916 1945 2044 2102 2157 2163 2230 2315 2354 2398 2435 2488 2572 2600 2657 2746 2791 2822 2892 2941 2999
7 9 55 112 205 232 276 351 400 467 495 582 622 698 748 760 816 894 950 1013 1064 1081 1154 1212 1263 1347 1383 1443 1482 1527 1593 1645 1723 1764 1826 1867 1943 1958 2016 2088 2118 2201 2223 2296 2325 2423 2441 2492 2576 2625 2668 2715 2800 2827 2911 2916 3023
7 9 55 151 166 250 318 336 422 448 505 589 622 677 726 804 846 876 921 990 1059 1117 1175 1239 1252 1320 1388 1443 1470 1548 1593 1667 1717 1744 1805 1886 1911 1973 2006 2057 2137 2180 2259 2268 2354 2380 2453 2502 2539 2625 2699 2715 2763 2850 2869 2944 3023
7 9 55 156 168 246 313 335 422 482 522 582 633 682 734 775 811 877 964 1023 1049 1085 1138 1207 1258 1336 1362 1433 1497 1532 1593 1623 1723 1738 1805 1853 1935 1976 2016 2089 2134 2207 2236 2268 2346 2418 2464 2492 2574 2606 2655 2733 2807 2834 2867 2944 3023
4 9 56 155 183 235 289 350 389 455 524 553 594 670 737 808 817 892 919 1017 1052 1126 1139 1205 1257 1303 1398 1435 1490 1541 1607 1636 1714 1765 1819 1889 1931 1973 2002 2070 2148 2184 2220 2281 2366 2401 2481 2534 2540 2628 2664 2709 2764 2843 2895 2966 3014
7 9 56 159 188 257 301 351 386 438 515 553 606 665 748 764 845 890 925 1024 1046 1081 1179 1212 1280 1300 1397 1453 1480 1549 1610 1639 1714 1743 1818 1846 1943 1987 2048 2096 2135 2177 2237 2299 2324 2410 2463 2488 2554 2603 2670 2737 2774 2833 2911 2916 3011
7 9 57 119 188 240 317 336 398 439 515 567 606 692 721 778 826 906 924 974 1035 1084 1144 1211 1282 1297 1381 1404 1495 1555 1604 1654 1704 1743 1830 1881 1905 1972 2048 2069 2145 2195 2222 2299 2374 2394 2463 2487 2591 2643 2672 2721 2801 2851 2898 2966 3009
7 9 58 132 164 227 318 336 408 473 505 570 606 692 745 778 820 892 969 998 1035 1083 1151 1191 1277 1320 1388 1431 1493 1531 1585 1667 1717 1736 1829 1858 1940 1944 2014 2085 2155 2197 2229 2297 2374 2414 2447 2508 2591 2598 2647 2746 2788 2815 2903 2956 3002
7 9 58 142 200 217 286 336 423 466 494 582 633 698 755 759 856 864 951 1010 1066 1132 1141 1210 1277 1332 1352 1432 1483 1531 1598 1630 1705 1748 1788 1851 1934 1974 2014 2103 2155 2185 2236 2296 2326 2402 2478 2508 2582 2639 2658 2730 2796 2825 2871 2929 2988
7 9 59 145 185 233 317 352 394 441 517 540 636 688 704 765 830 876 922 991 1048 1094 1141 1213 1286 1297 1379 1432 1510 1533 1578 1654 1688 1733 1828 1839 1923 1972 2017 2076 2155 2168 2250 2299 2358 2426 2445 2530 2591 2629 2672 2744 2803 2848 2914 2956 3012
7 9 59 155 214 256 307 335 394 435 506 553 621 665 738 764 863 892 952 998 1042 1103 1184 1208 1247 1334 1401 1446 1488 1543 1578 1624 1674 1772 1828 1846 1924 1993 2043 2066 2133 2169 2248 2299 2324 2383 2452 2503 2558 2636 2694 2737 2779 2809 2885 2956 3012
7 9 60 139 164 254 313 335 413 436 522 567 607 692 750 778 825 903 936 998 1079 1121 1184 1234 1243 1336 1362 1431 1488 1559 1617 1623 1723 1746 1802 1881 1906 1944 2008 2066 2148 2181 2248 2299 2374 2382 2437 2519 2547 2630 2683 2721 2777 2813 2887 2946 2994
7 9 61 114 176 262 291 336 383 457 538 567 633 652 743 759 845 913 969 1002 1069 1125 1135 1194 1278 1304 1394 1431 1492 1522 1587 1673 1687 1754 1806 1874 1908 1987 2000 2099 2137 2177 2247 2298 2372 2397 2463 2502 2579 2640 2683 2739 2774 2833 2874 2916 2985
4 9 61 141 206 251 302 336 416 451 511 552 594 666 742 762 863 906 965 993 1038 1130 1158 1191 1278 1312 1365 1433 1465 1522 1582 1655 1703 1780 1830 1869 1894 1993 2000 2103 2137 2169 2252 2296 2367 2406 2452 2502 2580 2615 2693 2705 2779 2809 2906 2956 2990
7 9 61 151 195 248 314 354 426 450 538 552 622 667 749 780 860 913 958 989 1033 1133 1140 1189 1252 1317 1372 1404 1470 1548 1582 1666 1703 1754 1821 1872 1915 1987 2000 2093 2119 2190 2260 2308 2357 2385 2444 2502 2589 2597 2685 2723 2758 2811 2896 2944 2990
4 9 61 152 196 235 313 373 426 468 522 567 594 679 737 786 861 894 963 973 1041 1121 1143 1205 1268 1299 1362 1433 1481 1564 1582 1661 1687 1738 1821 1855 1936 1958 2016 2105 2148 2184 2240 2308 2369 2382 2436 2486 2588 2615 2650 2705 2792 2830 2895 2944 2990
7 9 63 137 181 257 290 366 385 438 537 540 622 688 748 765 843 913 968 995 1079 1118 1153 1236 1243 1340 1387 1431 1490 1559 1603 1666 1714 1752 1784 1839 1910 1973 2005 2056 2118 2177 2230 2299 2358 2380 2465 2519 2560 2603 2698 2744 2780 2823 2887 2930 2987
7 9 63 139 199 268 304 366 421 458 509 579 607 668 724 805 855 891 923 976 1051 1115 1149 1197 1243 1312 1370 1435 1488 1559 1584 1653 1674 1779 1794 1852 1930 1993 2005 2102 2118 2204 2217 2296 2361 2399 2451 2519 2584 2594 2689 2708 2760 2827 2915 2946 3007
7 9 65 111 196 250 272 373 396 465 502 567 633 673 721 809 861 892 957 1019 1035 1095 1149 1211 1282 1348 1358 1435 1509 1515 1608 1647 1717 1738 1827 1884 1895 1972 2035 2082 2118 2184 2247 2268 2323 2396 2436 2529 2560 2608 2692 2747 2775 2847 2898 2930 2975
4 9 67 132 184 234 277 351 381 437 488 570 594 649 708 781 831 892 925 981 1072 1116 1157 1200 1259 1316 1368 1453 1478 1546 1596 1636 1687 1780 1786 1870 1933 1984 2025 2088 2119 2205 2254 2296 2375 2386 2474 2518 2586 2624 2686 2748 2792 2859 2904 2959 3021
7 9 69 126 200 218 323 363 402 484 510 566 607 698 719 759 825 876 950 1010 1069 1113 1178 1198 1254 1304 1351 1432 1504 1518 1599 1643 1723 1776 1802 1867 1896 1974 2044 2073 2137 2168 2265 2310 2326 2423 2450 2527 2579 2618 2683 2715 2777 2813 2899 2916 3005
7 9 69 146 180 268 306 352 397 434 497 589 607 677 724 804 831 894 922 977 1027 1120 1142 1197 1267 1305 1393 1432 1479 1560 1599 1638 1702 1734 1807 1886 1925 1984 2040 2067 2118 2204 2238 2268 2354 2379 2475 2531 2572 2618 2653 2715 2805 2847 2915 2959 3005
4 9 70 152 185 263 318 366 421 433 505 570 594 672 732 791 828 891 939 1008 1058 1083 1187 1238 1268 1342 1388 1443 1481 1564 1576 1646 1688 1744 1794 1887 1893 1957 2006 2060 2155 2192 2254 2298 2341 2414 2434 2486 2555 2626 2689 2707 2760 2855 2876 2944 3007
7 9 70 156 176 240 314 351 421 483 538 553 633 695 721 788 826 906 943 1022 1031 1088 1171 1223 1258 1341 1372 1404 1497 1532 1576 1642 1705 1754 1794 1837 1930 1993 2000 2055 2118 2195 2217 2298 2352 2429 2463 2492 2556 2599 2652 2734 2796 2856 2885 2944 3007
7 9 71 144 199 235 291 336 408 468 530 566 636 668 737 805 817 892 935 976 1072 1105 1174 1220 1283 1349 1402 1435 1502 1523 1571 1629 1687 1749 1829 1844 1904 1993 2043 2054 2106 2184 2264 2308 2361 2378 2481 2490 2563 2615 2647 2716 2788 2818 2878 2945 3002
7 9 72 117 208 234 283 354 386 464 518 579 643 668 747 795 822 864 935 997 1063 1132 1181 1232 1293 1346 1375 1418 1492 1519 1590 1650 1687 1745 1823 1844 1912 1987 2034 2052 2135 2166 2267 2296 2370 2378 2472 2509 2542 2597 2649 2716 2798 2846 2883 2945 3006
7 9 72 129 176 223 316 352 418 452 501 579 607 679 719 804 862 906 963 1022 1059 1091 1172 1224 1249 1320 1391 1453 1496 1563 1590 1669 1687 1760 1791 1855 1933 1944 2034 2055 2137 2162 2217 2297 2352 2382 2456 2509 2539 2607 2699 2705 2776 2854 2872 2944 3006
7 9 72 154 171 248 290 366 418 450 537 552 643 656 732 758 811 892 966 1009 1052 1083 1140 1238 1275 1340 1387 1418 1500 1528 1590 1666 1714 1735 1791 1857 1893 1976 2023 2063 2106 2207 2257 2297 2339 2415 2464 2520 2590 2597 2669 2716 2807 2834 2876 2944 3006
7 9 73 110 163 268 285 373 383 458 532 579 621 658 746 763 819 877 961 1019 1077 1085 1149 1233 1279 1330 1391 1417 1509 1516 1574 1653 1702 1753 1806 1873 1908 1987 2046 2082 2137 2183 2247 2268 2356 2388 2483 2524 2562 2594 2666 2718 2790 2850 2883 2946 2985
7 9 73 124 183 225 273 336 383 469 490 566 606 700 736 778 834 913 951 1017 1079 1109 1146 1235 1267 1336 1400 1432 1500 1558 1574 1664 1714 1765 1806 1863 1922 1976 2037 2057 2148 2167 2233 2268 2366 2391 2481 2532 2547 2609 2683 2702 2774 2844 2863 2946 2985
4 9 73 159 215 248 311 354 380 450 532 566 594 683 732 797 844 877 942 994 1029 1112 1179 1203 1246 1307 1367 1433 1480 1549 1582 1626 1714 1753 1800 1856 1916 1987 2046 2096 2155 2207 2266 2297 2331 2411 2431 2524 2582 2597 2684 2723 2764 2815 2913 2929 2977
4 9 73 161 213 234 320 366 395 464 490 579 594 667 708 791 854 913 927 979 1043 1123 1181 1200 1288 1310 1353 1433 1459 1537 1582 1650 1702 1765 1784 1872 1926 1976 2037 2086 2119 2205 2224 2281 2346 2417 2451 2532 2571 2597 2673 2723 2806 2831 2904 2945 2977
7 9 74 127 210 218 320 350 384 458 490 579 624 701 719 757 825 876 954 1018 1059 1123 1166 1224 1249 1325 1353 1432 1493 1536 1611 1635 1717 1766 1801 1845 1901 1944 2036 2068 2119 2168 2255 2317 2347 2417 2450 2535 2585 2644 2679 2722 2759 2832 2872 2946 3016
7 9 74 156 181 242 279 324 396 434 493 582 624 657 716 797 826 877 943 995 1029 1127 1142 1217 1246 1332 1383 1432 1479 1550 1611 1638 1714 1752 1788 1889 1922 1972 2049 2067 2118 2193 2219 2298 2358 2377 2465 2523 2582 2644 2658 2722 2796 2856 2913 2966 3016
7 9 76 125 192 269 315 352 413 454 503 553 621 651 727 760 844 894 955 987 1064 1121 1186 1234 1263 1317 1356 1431 1460 1520 1602 1665 1723 1759 1807 1879 1906 1987 2003 2078 2106 2161 2248 2308 2372 2388 2477 2500 2576 2600 2697 2741 2761 2818 2911 2929 2989
7 9 76 155 200 232 272 366 418 465 494 553 633 699 743 777 835 892 952 976 1071 1116 1149 1200 1261 1348 1368 1417 1488 1543 1586 1647 1723 1748 1791 1843 1933 1944 2014 2102 2137 2206 2217 2296 2360 2386 2478 2489 2583 2627 2669 2724 2807 2809 2868 2945 3006
7 9 77 148 188 263 316 335 399 433 501 570 621 665 734 764 860 864 961 1024 1042 1085 1187 1207 1265 1344 1391 1453 1467 1547 1573 1646 1704 1760 1820 1873 1935 1987 2034 2074 2145 2190 2258 2282 2324 2388 2444 2504 2558 2626 2686 2710 2758 2811 2867 2944 3022
7 9 77 154 166 233 310 324 399 469 521 568 643 695 704 786 830 876 943 990 1041 1101 1146 1240 1275 1299 1359 1432 1500 1528 1573 1664 1705 1751 1820 1837 1934 1984 2018 2057 2148 2168 2259 2282 2354 2429 2445 2520 2588 2601 2650 2734 2793 2858 2888 2944 3022
7 9 79 127 165 252 317 336 422 441 515 579 636 668 714 805 851 876 941 1010 1072 1098 1141 1194 1259 1297 1381 1453 1483 1546 1568 1654 1704 1778 1805 1852 1935 1976 2013 2103 2134 2203 2236 2296 2361 2381 2432 2518 2563 2609 2699 2708 2763 2845 2904 2916 3023
4 9 79 132 194 269 273 336 385 440 536 568 594 693 727 762 844 894 969 977 1067 1118 1169 1236 1259 1339 1354 1431 1478 1546 1618 1661 1714 1758 1800 1858 1910 1957 2013 2075 2134 2161 2230 2317 2340 2414 2477 2518 2550 2614 2684 2745 2764 2815 2909 2959 2972
4 9 79 139 186 224 316 335 395 485 501 579 594 669 742 794 833 891 936 979 1030 1091 1135 1231 1292 1344 1391 1431 1506 1541 1618 1646 1704 1762 1790 1881 1926 1958 2032 2086 2137 2196 2224 2310 2373 2382 2449 2499 2577 2614 2667 2745 2770 2813 2865 2966 2972
7 9 83 153 171 250 294 351 381 448 487 589 606 650 721 764 861 892 962 1009 1042 1088 1175 1223 1247 1344 1403 1435 1464 1530 1581 1667 1674 1761 1786 1888 1930 1958 2045 2063 2145 2184 2257 2310 2339 2398 2436 2517 2558 2625 2686 2726 2792 2830 2885 2944 3021
7 9 85 110 168 223 294 324 423 452 487 579 636 667 704 791 847 877 958 1023 1058 1101 1172 1240 1257 1342 1403 1435 1462 1562 1571 1669 1703 1761 1788 1872 1934 1974 2045 2089 2155 2178 2236 2281 2346 2385 2439 2515 2555 2607 2689 2723 2766 2853 2888 2944 2988
7 9 85 133 187 251 276 373 384 451 519 579 624 668 742 795 832 892 920 1018 1030 1116 1168 1231 1292 1347 1360 1446 1491 1526 1571 1645 1703 1729 1827 1844 1901 1958 2045 2068 2106 2169 2255 2296 2370 2393 2483 2515 2576 2615 2668 2716 2799 2860 2865 2929 2988
7 9 86 155 169 227 314 354 397 438 538 553 643 696 745 795 820 892 919 988 1030 1088 1153 1228 1292 1317 1372 1431 1490 1541 1583 1666 1703 1730 1807 1862 1925 1984 2025 2056 2118 2197 2238 2310 2342 2429 2447 2499 2576 2634 2697 2747 2761 2843 2865 2916 3005
7 9 88 123 183 266 303 335 419 462 493 540 607 700 705 778 849 892 926 1017 1035 1116 1165 1231 1277 1297 1360 1432 1463 1535 1599 1668 1717 1779 1828 1838 1901 1976 2023 2070 2145 2164 2220 2296 2366 2393 2468 2504 2591 2606 2672 2726 2803 2829 2903 2966 2986
7 9 88 129 177 246 310 354 424 482 521 582 607 650 749 773 828 903 962 992 1036 1133 1138 1189 1249 1339 1359 1432 1496 1563 1599 1623 1674 1751 1824 1888 1915 1957 2018 2090 2135 2192 2262 2317 2330 2398 2434 2509 2575 2606 2658 2726 2760 2855 2896 2944 2986
7 9 88 148 196 218 290 363 424 484 537 540 621 677 710 788 847 894 921 973 1031 1118 1156 1209 1265 1341 1387 1418 1467 1547 1599 1665 1717 1735 1824 1886 1938 1974 2023 2105 2118 2178 2240 2317 2369 2380 2439 2504 2556 2618 2652 2715 2766 2853 2877 2944 2986
7 9 89 111 214 234 271 354 413 464 539 567 607 656 708 773 831 892 957 998 1062 1126 1163 1229 1285 1329 1374 1453 1509 1515 1590 1668 1702 1750 1807 1857 1906 1987 2007 2066 2106 2205 2248 2281 2324 2424 2474 2526 2548 2597 2653 2716 2805 2847 2874 2956 2989
4 9 90 126 170 240 274 351 380 483 489 566 594 649 737 781 833 876 950 994 1072 1094 1155 1220 1283 1334 1400 1443 1504 1518 1576 1658 1704 1768 1790 1883 1916 1993 2041 2096 2148 2180 2266 2299 2375 2406 2466 2496 2586 2599 2667 2734 2770 2813 2878 2930 2987
7 9 90 143 208 242 315 373 412 484 492 566 624 668 716 795 845 891 941 997 1030 1111 1156 1217 1245 1317 1369 1418 1467 1552 1584 1665 1704 1769 1789 1852 1937 1987 2010 2105 2118 2193 2215 2308 2370 2381 2446 2529 2576 2594 2697 2708 2778 2828 2913 2916 2979
7 9 91 117 184 230 287 350 426 462 531 540 621 688 735 792 812 903 955 1025 1045 1121 1181 1205 1266 1300 1356 1433 1492 1519 1570 1652 1687 1772 1803 1879 1936 1987 2020 2052 2119 2186 2240 2299 2331 2388 2482 2535 2561 2642 2662 2703 2762 2826 2897 2966 3009
7 9 91 127 214 241 275 336 428 478 531 552 624 656 703 773 819 903 941 998 1036 1111 1151 1235 1249 1307 1369 1453 1493 1536 1605 1662 1674 1772 1785 1852 1920 1987 2020 2085 2133 2213 2229 2297 2324 2381 2452 2535 2575 2640 2691 2720 2795 2845 2896 2946 2974
4 9 92 112 215 222 285 350 381 456 532 570 594 692 712 808 857 906 936 981 1028 1091 1154 1224 1250 1328 1391 1417 1482 1527 1604 1655 1723 1753 1832 1881 1933 1958 2046 2088 2145 2194 2254 2297 2344 2382 2431 2505 2564 2643 2661 2721 2784 2841 2879 2946 2974
7 9 92 125 178 261 323 363 428 476 510 570 606 672 720 775 822 877 928 1005 1049 1127 1186 1219 1258 1304 1351 1404 1460 1520 1604 1643 1723 1774 1785 1843 1920 1987 2046 2078 2133 2166 2229 2298 2357 2410 2472 2505 2574 2613 2688 2751 2798 2846 2867 2945 2974
7 9 92 131 203 230 271 350 399 462 510 589 622 691 728 793 845 877 954 978 1044 1101 1165 1240 1250 1329 1403 1432 1463 1527 1570 1668 1705 1774 1833 1876 1934 1987 2046 2070 2145 2193 2259 2281 2334 2385 2446 2505 2548 2642 2653 2703 2778 2828 2864 2916 3008
7 9 92 149 185 246 272 366 429 446 494 570 622 688 749 765 828 903 930 991 1079 1089 1166 1221 1267 1348 1368 1432 1475 1558 1570 1647 1723 1744 1804 1879 1896 1972 2019 2087 2119 2192 2239 2268 2358 2413 2434 2532 2560 2642 2692 2703 2800 2814 2863 2929 3008
4 9 92 161 166 240 286 336 428 439 494 589 594 693 737 762 846 903 940 1004 1067 1105 1167 1220 1288 1332 1352 1417 1459 1537 1604 1630 1705 1744 1785 1880 1904 1972 2019 2099 2148 2180 2245 2298 2340 2428 2453 2532 2550 2643 2691 2721 2795 2817 2878 2945 2974
7 9 94 123 163 257 314 351 428 438 507 540 643 658 718 763 858 892 926 1019 1050 1105 1153 1220 1262 1317 1402 1417 1463 1535 1610 1666 1705 1781 1786 1854 1904 1987 2007 2084 2133 2206 2245 2308 2356 2378 2455 2521 2589 2603 2685 2737 2793 2829 2897 2930 2973
7 9 95 128 186 256 283 335 423 435 518 579 636 658 711 790 833 890 926 1023 1027 1132 1138 1210 1267 1325 1375 1432 1497 1560 1578 1671 1705 1762 1801 1854 1934 1993 2015 2089 2135 2196 2236 2268 2329 2378 2449 2531 2585 2636 2679 2737 2759 2824 2915 2930 2975
7 9 95 161 176 233 293 352 396 441 520 579 621 651 710 760 862 913 927 1002 1064 1102 1167 1204 1290 1347 1370 1446 1459 1537 1578 1627 1705 1760 1827 1876 1895 1972 2015 2099 2118 2162 2247 2282 2372 2412 2456 2531 2576 2629 2668 2744 2799 2831 2882 2916 2975
4 9 97 114 180 238 316 352 428 485 527 589 594 671 754 771 831 891 942 1004 1034 1112 1135 1213 1260 1344 1367 1435 1492 1522 1607 1646 1687 1734 1786 1856 1904 1987 2010 2099 2133 2204 2245 2282 2327 2411 2475 2522 2558 2600 2686 2736 2792 2859 2864 2956 2973
7 9 97 141 178 254 315 352 414 470 492 552 633 662 722 782 835 906 965 1007 1028 1084 1185 1204 1260 1340 1369 1418 1465 1522 1569 1642 1723 1769 1791 1867 1913 1973 2010 2076 2133 2208 2234 2299 2355 2408 2476 2522 2590 2596 2669 2750 2807 2809 2870 2916 3011
7 9 97 154 164 239 276 351 428 451 495 552 624 670 707 801 830 892 943 998 1071 1127 1168 1219 1248 1347 1383 1404 1475 1553 1607 1645 1723 1746 1786 1889 1920 1972 2035 2085 2148 2176 2229 2282 2374 2377 2437 2496 2559 2628 2685 2709 2793 2858 2880 2956 2973
7 9 98 148 169 222 302 336 396 456 511 570 636 686 736 805 847 864 921 988 1051 1109 1154 1235 1295 1312 1365 1443 1494 1521 1588 1655 1703 1730 1788 1840 1922 1972 2050 2075 2118 2170 2219 2317 2342 2426 2447 2507 2584 2643 2689 2738 2766 2853 2863 2946 3016
7 9 99 137 208 240 306 350 400 439 497 589 633 686 721 776 843 864 968 997 1042 1120 1167 1223 1247 1313 1393 1446 1506 1543 1588 1630 1704 1769 1834 1840 1898 1958 2004 2052 2118 2195 2267 2299 2370 2379 2446 2503 2546 2643 2648 2738 2780 2823 2885 2945 3015
7 9 99 144 185 254 299 324 400 436 517 568 636 672 750 791 818 890 928 1008 1043 1081 1137 1212 1283 1310 1397 1443 1502 1523 1588 1671 1723 1733 1834 1843 1943 1957 2017 2092 2119 2181 2223 2299 2341 2410 2445 2490 2571 2630 2673 2751 2756 2826 2909 2945 3015
4 9 100 153 181 249 283 354 398 479 518 568 594 657 712 797 861 913 962 995 1069 1082 1165 1206 1254 1346 1375 1432 1477 1518 1592 1650 1687 1762 1821 1859 1897 1972 2015 2056 2145 2167 2230 2310 2358 2428 2454 2527 2541 2593 2650 2753 2792 2830 2899 2930 3019
7 9 101 110 177 240 315 373 403 483 503 553 636 665 737 758 846 903 961 992 1052 1121 1171 1205 1257 1340 1356 1417 1462 1562 1600 1642 1704 1733 1835 1873 1936 1973 2031 2090 2106 2180 2262 2299 2330 2388 2453 2515 2590 2599 2669 2710 2763 2850 2895 2944 2971
7 9 101 153 195 233 273 363 403 469 536 568 606 672 710 775 862 913 939 989 1049 1118 1146 1209 1247 1336 1354 1446 1464 1530 1600 1664 1688 1743 1835 1887 1938 1944 2029 2093 2134 2162 2260 2299 2357 2414 2456 2517 2574 2601 2655 2707 2776 2854 2877 2944 2971
4 9 102 112 213 238 273 363 394 440 490 582 594 681 754 766 855 894 950 996 1044 1094 1169 1213 1250 1339 1400 1432 1482 1527 1592 1661 1688 1765 1824 1883 1923 1993 2037 2071 2133 2204 2250 2281 2329 2406 2451 2505 2575 2645 2658 2701 2760 2827 2864 2946 3017
4 9 104 129 197 217 306 352 411 466 529 582 594 653 727 771 832 903 963 991 1046 1121 1141 1234 1280 1313 1362 1453 1510 1549 1596 1630 1702 1768 1809 1855 1906 1958 2001 2076 2134 2213 2250 2299 2345 2382 2438 2488 2546 2639 2648 2732 2806 2854 2911 2929 2984
7 9 104 144 210 220 290 363 411 450 523 566 643 649 725 809 818 892 928 1018 1035 1103 1140 1208 1282 1340 1401 1404 1470 1555 1596 1666 1717 1766 1809 1870 1924 1973 2002 2093 2119 2176 2231 2299 2347 2383 2450 2487 2560 2624 2698 2748 2756 2826 2898 2929 2984
7 9 105 113 182 217 320 366 397 479 490 553 643 665 755 758 856 864 930 988 1078 1120 1165 1197 1286 1310 1353 1432 1477 1557 1573 1650 1702 1766 1817 1873 1925 1957 2036 2056 2145 2185 2238 2299 2330 2419 2478 2506 2564 2626 2680 2710 2771 2851 2884 2946 2994
7 9 106 109 199 250 275 336 385 448 531 566 633 698 721 759 817 894 965 1011 1066 1084 1180 1211 1251 1307 1369 1433 1484 1565 1593 1662 1674 1749 1800 1867 1905 1973 2042 2100 2118 2184 2235 2310 2326 2408 2481 2507 2582 2625 2684 2715 2764 2843 2898 2966 2972
7 9 107 117 200 239 285 350 422 451 532 579 636 651 707 807 818 864 955 1010 1055 1085 1158 1207 1289 1328 1391 1433 1465 1545 1575 1655 1723 1776 1834 1879 1935 1973 2024 2103 2137 2176 2236 2282 2326 2388 2450 2485 2553 2628 2673 2741 2756 2826 2894 2929 2992
7 9 107 149 168 218 299 324 414 458 533 579 606 669 710 794 847 894 924 996 1064 1084 1166 1204 1290 1346 1381 1418 1475 1558 1589 1635 1723 1761 1823 1881 1913 1972 1999 2087 2134 2178 2234 2310 2373 2394 2439 2510 2542 2644 2649 2745 2798 2820 2882 2946 2978
4 10 55 118 163 240 317 341 398 482 507 582 597 696 740 786 841 891 959 976 1034 1104 1162 1211 1291 1321 1384 1449 1502 1548 1604 1656 1684 1743 1826 1836 1941 1962 2005 2079 2152 2192 2223 2285 2374 2390 2451 2497 2591 2607 2651 2733 2794 2814 2896 2957 2989
7 10 57 143 185 216 288 339 399 465 505 567 639 656 743 806 845 867 944 1011 1062 1119 1150 1194 1285 1298 1394 1422 1509 1540 1618 1658 1715 1779 1797 1889 1921 1987 2007 2076 2124 2174 2247 2278 2356 2381 2455 2512 2551 2640 2653 2730 2776 2857 2873 2963 2971
7 10 58 136 196 218 318 339 409 470 515 585 621 699 709 781 847 910 945 1011 1060 1081 1150 1203 1289 1296 1402 1423 1509 1547 1611 1653 1717 1736 1788 1845 1911 1985 2051 2076 2123 2173 2247 2278 2345 2380 2479 2511 2552 2611 2689 2720 2765 2853 2884 2919 3010
7 10 58 158 214 257 319 339 398 442 494 582 597 669 715 770 843 904 942 976 1048 1102 1177 1212 1289 1308 1383 1414 1487 1547 1606 1657 1720 1758 1802 1869 1941 1991 2051 2079 2123 2160 2223 2287 2323 2415 2478 2511 2545 2598 2648 2731 2792 2824 2897 2945 3015
4 10 59 128 186 265 283 327 378 444 506 586 621 676 710 792 833 880 927 988 1052 1132 1136 1217 1247 1318 1351 1446 1478 1556 1577 1627 1691 1759 1796 1864 1938 1985 2030 2089 2115 2194 2248 2313 2372 2380 2469 2525 2585 2629 2682 2744 2779 2859 2915 2935 3012
4 10 60 141 195 251 314 341 379 458 504 557 639 661 731 798 834 906 941 1020 1037 1088 1187 1214 1278 1335 1371 1444 1466 1561 1589 1625 1703 1765 1804 1862 1894 1954 2000 2082 2152 2210 2266 2271 2322 2427 2445 2497 2544 2639 2678 2735 2786 2848 2906 2933 2984
4 10 60 152 205 229 303 366 379 457 535 567 634 683 702 807 816 881 923 999 1042 1109 1185 1236 1279 1334 1358 1449 1479 1531 1589 1644 1692 1764 1804 1863 1942 1991 2011 2060 2115 2201 2218 2271 2351 2429 2440 2486 2562 2627 2679 2748 2785 2849 2895 2933 2984
4 10 61 114 186 255 321 369 426 476 508 567 640 683 708 785 831 880 940 988 1069 1093 1154 1229 1278 1304 1374 1444 1460 1524 1619 1641 1684 1766 1834 1883 1890 1987 2033 2089 2122 2191 2248 2271 2372 2411 2462 2533 2565 2597 2650 2726 2755 2823 2873 2935 3000
4 10 61 118 213 263 293 339 430 468 524 567 634 692 724 775 824 906 924 981 1028 1100 1162 1203 1255 1311 1381 1450 1502 1548 1619 1671 1684 1751 1830 1875 1891 1962 2033 2079 2151 2195 2218 2287 2342 2407 2455 2533 2576 2618 2680 2705 2754 2851 2869 2919 3000
4 10 62 143 210 249 290 341 397 471 487 543 639 661 751 798 863 891 965 1005 1037 1086 1158 1201 1285 1326 1365 1414 1509 1540 1617 1652 1717 1780 1826 1871 1892 1985 2002 2067 2122 2168 2252 2286 2322 2398 2460 2512 2544 2615 2687 2725 2759 2835 2899 2963 2990
7 10 62 156 197 254 306 364 422 466 529 582 639 682 734 778 825 879 918 998 1041 1085 1142 1218 1243 1308 1361 1414 1488 1564 1617 1670 1677 1757 1802 1850 1929 1963 2026 2105 2134 2184 2219 2314 2369 2418 2480 2488 2545 2615 2648 2725 2792 2842 2883 2934 2990
7 10 64 114 170 264 320 364 417 465 514 567 612 673 732 779 811 880 940 992 1059 1105 1171 1241 1291 1319 1385 1449 1460 1524 1608 1636 1717 1755 1814 1871 1895 1954 2041 2071 2109 2212 2258 2285 2373 2423 2433 2522 2577 2592 2679 2714 2775 2823 2870 2963 2975
7 10 64 141 165 260 305 327 378 437 514 582 610 669 721 770 861 880 957 1024 1033 1095 1187 1225 1255 1343 1400 1450 1466 1561 1572 1647 1703 1755 1796 1869 1923 1954 2041 2082 2146 2181 2262 2287 2323 2400 2438 2522 2560 2632 2682 2731 2779 2832 2864 2962 3012
7 10 67 113 170 251 299 341 380 458 538 556 634 673 752 779 853 910 959 992 1064 1112 1139 1204 1274 1303 1398 1449 1498 1542 1589 1673 1677 1732 1795 1850 1927 1954 1999 2096 2148 2189 2234 2297 2373 2376 2457 2506 2572 2639 2695 2735 2791 2819 2886 2934 2976
7 10 67 147 210 265 296 341 413 469 490 543 611 685 736 771 863 873 962 972 1050 1131 1145 1211 1274 1324 1359 1432 1464 1542 1573 1664 1691 1780 1829 1856 1915 1991 1999 2093 2148 2168 2228 2313 2355 2396 2460 2506 2588 2604 2683 2702 2780 2813 2901 2957 2992
4 10 68 121 174 237 314 351 407 463 504 557 604 681 703 764 832 867 943 1009 1055 1088 1140 1192 1290 1300 1371 1421 1500 1512 1591 1660 1693 1730 1818 1860 1917 1990 2036 2062 2152 2175 2257 2310 2371 2427 2436 2518 2591 2624 2673 2739 2802 2844 2914 2957 3021
7 10 72 111 188 265 275 370 393 469 525 580 636 670 736 791 840 891 919 1008 1051 1111 1177 1226 1293 1337 1380 1414 1485 1521 1568 1631 1691 1733 1815 1851 1914 1963 2042 2081 2123 2168 2264 2313 2369 2397 2483 2505 2552 2604 2646 2707 2803 2860 2885 2919 3008
7 10 72 131 167 230 295 340 411 454 491 580 604 684 703 800 842 881 952 1014 1053 1109 1168 1240 1251 1331 1403 1446 1484 1563 1568 1668 1691 1767 1798 1885 1938 1973 2042 2065 2152 2182 2214 2271 2333 2384 2461 2505 2567 2599 2696 2713 2778 2848 2866 2962 3008
4 10 74 116 209 257 281 370 402 442 493 582 634 653 702 809 835 867 938 1008 1055 1117 1177 1220 1294 1345 1352 1422 1485 1516 1597 1657 1693 1750 1821 1880 1905 1961 2013 2081 2115 2174 2264 2313 2348 2395 2465 2485 2546 2598 2681 2740 2777 2859 2911 2945 3002
7 10 74 134 164 249 304 370 417 455 507 558 621 663 710 789 847 879 947 991 1074 1105 1185 1241 1294 1309 1397 1449 1467 1516 1598 1646 1717 1735 1788 1886 1895 1947 2013 2072 2115 2209 2258 2286 2360 2412 2442 2485 2538 2631 2689 2724 2765 2853 2892 2957 3001
7 10 76 127 209 237 311 369 385 463 499 580 640 698 703 785 817 879 956 998 1053 1128 1173 1240 1251 1306 1350 1407 1503 1532 1605 1626 1693 1762 1831 1852 1920 1973 2024 2056 2115 2175 2267 2310 2358 2409 2452 2535 2582 2624 2684 2724 2767 2810 2866 2934 3004
4 10 76 149 165 266 288 339 385 447 505 558 597 669 738 770 853 909 924 1024 1048 1084 1166 1213 1276 1298 1394 1450 1458 1525 1605 1658 1715 1737 1831 1868 1943 1954 2049 2100 2134 2189 2245 2310 2323 2416 2457 2510 2545 2616 2659 2732 2791 2819 2910 2934 3004
4 10 77 113 169 218 321 369 414 451 508 556 611 696 709 808 847 910 959 1025 1027 1114 1178 1210 1264 1304 1374 1423 1498 1542 1582 1641 1684 1761 1812 1836 1937 1947 2037 2056 2134 2173 2241 2310 2352 2390 2479 2517 2542 2630 2674 2733 2798 2819 2876 2957 3021
7 10 79 127 196 259 322 369 413 459 515 556 621 672 713 788 823 904 956 995 1056 1080 1143 1229 1281 1297 1398 1407 1479 1556 1602 1624 1692 1736 1805 1852 1903 1991 2051 2103 2148 2197 2240 2278 2361 2409 2479 2489 2559 2621 2661 2750 2761 2810 2868 2935 3018
4 10 79 128 210 230 319 369 428 439 494 557 612 661 723 798 814 910 969 1005 1032 1118 1136 1219 1281 1332 1383 1414 1478 1556 1614 1633 1691 1758 1812 1862 1914 1985 2051 2089 2148 2161 2230 2271 2322 2399 2482 2489 2549 2614 2691 2735 2781 2817 2893 2945 3006
7 10 79 141 181 243 275 370 400 475 525 557 621 663 706 789 861 906 957 974 1074 1100 1170 1189 1272 1337 1380 1407 1508 1520 1602 1631 1691 1772 1817 1861 1904 1990 2003 2064 2146 2169 2221 2287 2360 2408 2450 2537 2538 2621 2660 2750 2779 2832 2914 2926 3018
7 10 79 157 193 229 289 370 428 457 530 556 604 662 702 757 821 909 931 1004 1078 1117 1157 1220 1272 1304 1370 1423 1492 1520 1614 1672 1692 1767 1812 1843 1905 1987 2003 2090 2146 2201 2239 2271 2343 2378 2435 2537 2542 2627 2674 2722 2798 2846 2911 2945 3006
7 10 80 127 192 257 290 366 414 438 487 556 611 697 715 790 843 904 920 1025 1049 1101 1173 1222 1293 1327 1365 1414 1503 1532 1610 1651 1693 1780 1832 1849 1937 1973 2002 2056 2109 2160 2241 2313 2330 2383 2478 2493 2577 2602 2671 2737 2770 2847 2887 2963 2999
4 10 80 129 187 265 288 364 414 444 505 558 604 689 710 756 849 906 949 1007 1074 1084 1141 1241 1294 1333 1394 1422 1473 1513 1610 1622 1691 1779 1832 1842 1916 1947 2007 2074 2134 2194 2261 2313 2336 2416 2453 2488 2571 2629 2662 2711 2778 2841 2892 2963 2999
7 10 80 152 176 240 318 366 415 447 538 558 640 695 740 791 841 891 923 979 1051 1087 1171 1221 1293 1296 1379 1449 1478 1532 1595 1653 1691 1729 1793 1863 1939 1985 2002 2053 2109 2192 2227 2278 2344 2429 2451 2493 2552 2642 2689 2736 2760 2849 2885 2934 3014
7 10 80 156 185 263 314 351 415 458 505 556 639 672 724 788 824 906 951 1006 1047 1082 1187 1195 1243 1335 1370 1450 1488 1564 1595 1625 1693 1779 1793 1852 1902 1947 2007 2059 2146 2195 2263 2278 2361 2414 2455 2488 2569 2628 2652 2750 2796 2808 2876 2934 3014
4 10 82 142 199 268 301 351 415 433 509 586 612 668 732 801 810 906 943 974 1031 1113 1149 1196 1268 1326 1388 1421 1481 1559 1594 1642 1720 1744 1793 1887 1939 1985 2048 2058 2109 2208 2227 2286 2341 2399 2463 2521 2578 2596 2652 2709 2796 2822 2915 2926 3014
7 10 83 121 189 260 290 366 427 472 487 543 634 683 721 807 861 880 953 1016 1042 1086 1140 1190 1275 1327 1365 1450 1500 1512 1619 1651 1693 1732 1816 1883 1902 1990 2050 2062 2122 2181 2251 2297 2351 2398 2438 2532 2562 2597 2686 2726 2777 2834 2900 2926 2977
7 10 83 129 199 251 282 340 427 479 486 558 640 692 731 776 834 906 949 974 1035 1090 1156 1231 1246 1320 1391 1444 1473 1513 1619 1655 1677 1760 1816 1875 1926 1961 2046 2058 2151 2210 2227 2297 2341 2382 2445 2536 2589 2618 2670 2705 2793 2841 2889 2926 2977
7 10 84 108 188 249 289 370 392 455 530 580 639 698 751 785 840 873 951 1019 1069 1082 1159 1201 1253 1304 1370 1432 1472 1553 1598 1672 1692 1733 1783 1852 1896 1947 2038 2087 2122 2168 2237 2310 2358 2414 2483 2490 2565 2631 2650 2724 2806 2858 2899 2935 2991
4 10 85 115 199 257 298 370 392 442 536 567 611 692 715 776 858 873 971 974 1077 1127 1170 1222 1265 1322 1385 1444 1508 1545 1597 1664 1720 1744 1783 1841 1912 1961 2023 2064 2109 2160 2221 2287 2341 2402 2463 2524 2547 2598 2650 2740 2806 2839 2887 2959 2991
7 10 85 145 169 226 294 339 379 473 508 585 611 653 745 782 823 867 937 1002 1061 1088 1134 1214 1292 1330 1401 1444 1491 1527 1597 1634 1703 1761 1797 1880 1894 1991 2037 2100 2115 2197 2266 2310 2375 2396 2479 2509 2585 2598 2669 2740 2761 2810 2891 2935 2991
7 10 86 136 168 223 314 341 391 485 504 586 636 649 736 777 847 909 945 994 1057 1131 1160 1211 1266 1335 1371 1421 1494 1562 1615 1625 1703 1730 1824 1840 1915 1947 2036 2099 2123 2209 2250 2278 2337 2385 2442 2500 2569 2622 2652 2752 2765 2853 2901 2957 2970
4 10 88 109 166 249 320 364 419 471 521 586 610 668 751 775 840 873 922 1012 1028 1123 1165 1224 1249 1311 1378 1432 1480 1526 1592 1645 1717 1754 1782 1845 1900 1963 2045 2083 2151 2168 2220 2286 2366 2403 2483 2507 2576 2615 2680 2751 2803 2860 2875 2919 2983
7 10 89 144 195 260 301 369 413 472 509 543 611 677 722 808 812 904 967 972 1030 1102 1140 1239 1269 1317 1388 1421 1469 1555 1593 1651 1703 1744 1805 1844 1915 1987 2048 2093 2152 2180 2228 2287 2370 2410 2468 2514 2539 2597 2661 2753 2761 2821 2871 2926 3018
4 10 89 145 165 241 280 366 431 445 529 543 612 662 725 777 830 909 920 1024 1057 1129 1134 1221 1266 1301 1386 1414 1491 1527 1614 1662 1703 1755 1787 1843 1897 1991 2028 2100 2146 2211 2245 2285 2323 2389 2438 2534 2569 2627 2687 2722 2799 2828 2901 2934 2996
7 10 90 108 170 230 305 351 412 454 514 580 612 667 723 801 862 873 951 1023 1065 1103 1168 1219 1248 1321 1400 1450 1472 1553 1579 1668 1677 1755 1790 1874 1928 1962 2041 2077 2148 2161 2238 2285 2342 2392 2433 2495 2543 2599 2699 2702 2784 2858 2893 2962 3020
7 10 90 138 197 253 278 366 385 451 512 580 640 670 735 791 834 880 939 998 1040 1132 1178 1236 1283 1347 1354 1423 1498 1518 1579 1641 1677 1757 1816 1851 1920 1954 2041 2056 2134 2176 2267 2313 2369 2377 2480 2495 2563 2594 2670 2707 2793 2841 2862 2933 3020
4 10 91 136 192 230 282 340 422 454 486 585 636 697 723 790 814 910 961 1025 1064 1085 1181 1218 1266 1320 1391 1414 1494 1562 1568 1655 1677 1776 1803 1873 1929 1973 2032 2078 2124 2161 2219 2285 2330 2387 2482 2500 2561 2599 2697 2713 2763 2836 2894 2957 2989
7 10 91 143 203 267 322 340 390 440 534 543 634 687 725 787 845 891 944 983 1057 1087 1161 1221 1266 1297 1379 1421 1487 1562 1586 1624 1720 1728 1789 1841 1939 1991 2032 2095 2124 2185 2251 2278 2328 2429 2443 2500 2559 2612 2661 2745 2776 2857 2901 2959 2972
7 10 91 160 200 255 305 351 390 437 536 585 610 699 708 781 831 880 922 1006 1040 1123 1187 1199 1242 1343 1378 1444 1488 1560 1586 1647 1677 1752 1789 1845 1926 1963 2014 2059 2152 2191 2263 2278 2345 2403 2462 2518 2573 2637 2669 2720 2769 2809 2904 2959 2972
7 10 93 122 205 223 270 364 398 462 527 543 636 683 736 807 823 879 940 999 1050 1104 1186 1211 1274 1328 1364 1449 1459 1533 1571 1669 1684 1739 1802 1883 1941 1991 2004 2055 2123 2209 2223 2297 2351 2411 2467 2516 2554 2645 2685 2726 2756 2815 2901 2935 3015
4 10 95 131 199 245 322 340 417 459 534 558 621 660 738 763 834 904 952 991 1048 1133 1143 1213 1276 1297 1379 1446 1510 1537 1577 1624 1720 1760 1814 1885 1895 1954 1998 2072 2109 2210 2258 2314 2324 2384 2445 2498 2553 2636 2668 2737 2786 2848 2910 2933 2975
7 10 95 155 214 265 307 327 409 444 518 558 636 674 736 765 863 873 954 973 1077 1103 1141 1226 1267 1315 1366 1432 1481 1546 1577 1622 1720 1776 1822 1866 1922 1985 1998 2066 2123 2168 2236 2285 2326 2426 2460 2498 2558 2629 2692 2744 2759 2835 2885 2963 2975
7 10 97 114 162 267 309 327 428 452 492 557 612 700 725 786 845 891 933 1005 1034 1111 1154 1226 1291 1300 1380 1421 1460 1524 1594 1665 1684 1769 1818 1837 1914 1987 2009 2089 2146 2185 2230 2313 2370 2397 2443 2522 2591 2600 2673 2704 2802 2831 2896 2963 2999
7 10 97 141 201 217 270 364 414 484 527 557 610 668 716 775 842 906 941 977 1028 1114 1163 1210 1255 1328 1364 1423 1466 1561 1594 1669 1684 1734 1832 1887 1937 1973 2009 2105 2109 2182 2241 2314 2366 2401 2461 2522 2576 2596 2662 2709 2778 2848 2869 2962 2999
7 10 104 130 172 249 278 327 411 455 512 580 604 678 710 796 823 909 933 1014 1031 1132 1159 1217 1268 1316 1354 1421 1493 1559 1591 1672 1717 1771 1820 1858 1938 1991 2028 2065 2134 2209 2214 2286 2328 2377 2467 2521 2583 2631 2666 2732 2756 2815 2915 2935 2985
4 10 104 142 165 235 306 327 410 434 529 582 612 696 746 786 861 910 932 973 1079 1085 1141 1227 1268 1345 1361 1422 1481 1559 1582 1633 1715 1755 1821 1836 1921 1990 2028 2066 2134 2181 2236 2285 2374 2418 2438 2521 2546 2630 2681 2733 2777 2834 2867 2926 2994
7 10 105 130 169 259 293 339 422 461 524 585 636 700 713 805 823 904 933 1025 1026 1110 1169 1194 1256 1311 1381 1407 1506 1546 1575 1671 1684 1761 1802 1837 1929 1963 2022 2078 2134 2197 2219 2286 2352 2397 2479 2510 2571 2619 2685 2704 2756 2815 2904 2963 2990
7 10 105 149 186 217 277 351 397 484 519 585 597 676 716 792 841 881 929 988 1073 1092 1182 1195 1276 1349 1399 1446 1458 1525 1575 1650 1684 1766 1826 1879 1892 1985 2022 2085 2122 2182 2252 2314 2372 2413 2462 2510 2564 2596 2651 2727 2794 2814 2884 2934 2990
4 10 106 133 199 248 311 341 386 463 486 557 640 655 740 769 860 879 965 991 1075 1104 1173 1211 1250 1306 1364 1414 1463 1565 1567 1626 1720 1760 1810 1859 1941 1987 2046 2096 2109 2184 2235 2297 2324 2411 2445 2515 2575 2613 2691 2715 2783 2845 2896 2957 2974
4 10 106 149 196 222 295 339 386 454 539 585 604 679 704 780 847 881 924 995 1042 1124 1168 1208 1275 1331 1355 1450 1472 1512 1567 1668 1692 1736 1810 1868 1910 1947 2029 2077 2148 2173 2265 2297 2361 2416 2479 2532 2588 2606 2676 2721 2798 2819 2900 2957 2974
7 10 106 157 177 236 282 327 399 483 486 585 621 676 746 792 812 879 955 996 1052 1085 1157 1227 1295 1330 1391 1444 1492 1520 1570 1646 1692 1760 1797 1879 1921 1987 2046 2090 2124 2180 2247 2314 2372 2387 2468 2515 2585 2600 2669 2727 2761 2821 2867 2926 2971
7 10 107 128 184 216 320 366 427 465 521 586 612 649 743 777 835 880 927 979 1056 1123 1171 1199 1281 1319 1378 1407 1478 1556 1596 1636 1715 1775 1816 1840 1926 1961 2025 2053 2151 2174 2227 2278 2337 2403 2465 2489 2570 2640 2686 2752 2777 2859 2868 2945 2977
7 10 107 136 181 239 300 340 426 471 525 586 621 660 727 763 819 909 961 1010 1048 1121 1158 1202 1289 1317 1356 1414 1509 1547 1574 1652 1715 1772 1834 1873 1890 1987 2003 2067 2122 2211 2248 2287 2324 2387 2450 2511 2553 2626 2647 2749 2758 2836 2897 2919 3000
4 11 54 135 212 240 273 337 384 472 526 550 612 690 743 804 843 872 920 977 1074 1116 1169 1205 1267 1349 1399 1427 1479 1527 1588 1644 1712 1758 1834 1843 1935 1991 2037 2084 2149 2186 2242 2302 2323 2388 2461 2488 2547 2627 2660 2710 2799 2826 2891 2936 3022
7 11 54 156 193 243 319 367 413 477 526 577 627 692 734 773 811 872 927 998 1054 1102 1151 1223 1258 1307 1353 1424 1487 1537 1617 1657 1685 1758 1792 1850 1929 1991 2037 2093 2120 2165 2239 2287 2355 2429 2480 2488 2540 2598 2653 2752 2797 2857 2882 2939 2991
4 11 56 124 212 260 270 333 414 484 524 554 627 695 719 799 836 882 947 977 1033 1095 1140 1215 1254 1317 1354 1450 1504 1548 1619 1672 1712 1758 1822 1884 1910 1967 2039 2079 2149 2193 2247 2287 2323 2401 2461 2533 2548 2605 2682 2709 2778 2851 2864 2924 2993
7 11 57 138 167 224 279 331 398 479 506 554 627 664 755 793 854 874 944 999 1075 1119 1135 1211 1282 1302 1384 1427 1509 1541 1592 1663 1718 1779 1811 1877 1925 1982 1998 2056 2152 2174 2247 2288 2367 2400 2482 2524 2550 2640 2648 2729 2772 2842 2865 2935 2985
7 11 57 157 214 248 304 370 426 468 506 583 613 665 707 789 855 874 930 986 1056 1122 1157 1189 1272 1319 1360 1423 1461 1552 1582 1660 1689 1779 1812 1838 1937 1982 1998 2105 2113 2187 2223 2302 2366 2383 2435 2524 2564 2612 2689 2728 2771 2846 2913 2939 2995
4 11 58 131 178 222 321 357 409 441 492 548 616 696 704 781 859 881 971 1014 1042 1124 1168 1206 1263 1296 1402 1450 1498 1547 1567 1642 1694 1773 1813 1845 1923 1955 2026 2076 2120 2172 2241 2306 2351 2390 2467 2517 2542 2635 2686 2748 2795 2811 2890 2960 3021
7 11 60 148 206 240 289 370 425 472 513 559 637 699 743 762 841 885 957 986 1071 1104 1157 1216 1278 1327 1366 1412 1461 1561 1576 1656 1712 1746 1783 1836 1938 1959 2000 2105 2124 2186 2223 2302 2374 2380 2463 2496 2565 2627 2651 2721 2804 2839 2878 2927 3013
7 11 62 125 201 220 310 345 407 482 489 583 612 658 729 777 830 897 920 996 1077 1116 1164 1233 1294 1334 1399 1419 1491 1556 1614 1650 1694 1751 1808 1843 1906 1991 2051 2078 2116 2192 2255 2276 2357 2388 2466 2498 2538 2593 2650 2743 2770 2837 2868 2954 3019
7 11 62 147 179 266 275 370 403 437 538 559 612 655 732 768 836 874 953 1000 1075 1080 1165 1226 1245 1341 1401 1419 1494 1535 1614 1648 1718 1772 1812 1846 1894 1967 2012 2072 2140 2191 2230 2306 2324 2397 2463 2537 2575 2593 2663 2743 2796 2833 2903 2924 3019
7 11 62 157 195 231 321 357 379 436 538 583 631 689 722 780 812 874 955 1003 1065 1106 1172 1219 1265 1317 1356 1412 1499 1515 1615 1620 1694 1772 1825 1853 1895 1967 2012 2082 2152 2188 2264 2287 2348 2421 2447 2537 2573 2617 2656 2729 2761 2820 2898 2931 3018
7 11 62 159 197 257 319 333 379 448 489 559 602 663 728 784 845 897 918 1004 1044 1109 1179 1218 1286 1307 1390 1441 1464 1564 1615 1657 1718 1751 1825 1840 1940 1991 2051 2079 2128 2184 2219 2287 2342 2415 2470 2498 2540 2621 2653 2725 2764 2830 2895 2931 3018
7 11 63 111 188 252 292 341 379 481 525 583 631 665 747 801 839 878 934 1003 1078 1111 1174 1214 1293 1349 1385 1424 1497 1512 1573 1623 1682 1752 1829 1865 1895 1991 2034 2082 2128 2177 2264 2302 2355 2396 2472 2506 2552 2603 2655 2702 2803 2834 2868 2927 3013
7 11 65 128 183 257 317 337 418 461 528 586 602 654 728 808 850 901 950 972 1070 1130 1159 1218 1260 1304 1351 1437 1474 1539 1603 1669 1693 1738 1785 1864 1920 1964 2005 2055 2128 2184 2253 2311 2373 2381 2465 2486 2552 2608 2699 2746 2777 2845 2895 2927 3020
7 11 65 140 209 243 290 345 381 438 495 586 627 676 734 781 860 882 944 981 1042 1119 1186 1223 1270 1296 1384 1412 1503 1529 1603 1672 1693 1770 1823 1877 1913 1982 2005 2065 2120 2165 2267 2279 2370 2400 2431 2486 2542 2638 2686 2717 2784 2840 2882 2960 3020
7 11 66 150 202 261 305 367 411 459 508 550 608 648 718 760 822 897 928 1002 1051 1103 1139 1229 1290 1316 1389 1412 1459 1559 1618 1652 1697 1731 1800 1858 1916 1991 2051 2102 2125 2197 2246 2306 2361 2411 2479 2493 2554 2598 2675 2751 2756 2815 2891 2935 3015
7 11 68 140 185 237 296 333 426 483 517 559 637 688 712 806 834 910 949 1025 1038 1081 1186 1230 1244 1341 1355 1419 1503 1529 1570 1626 1693 1763 1812 1867 1937 1982 2019 2065 2113 2195 2223 2291 2325 2426 2470 2513 2575 2592 2663 2739 2796 2835 2869 2950 2995
7 11 68 147 173 263 314 361 416 440 502 559 616 664 703 802 820 874 942 1021 1053 1110 1187 1238 1274 1348 1382 1437 1482 1547 1592 1634 1693 1730 1782 1877 1920 1952 2027 2054 2152 2202 2254 2283 2359 2402 2436 2505 2544 2640 2697 2729 2775 2844 2867 2960 2974
7 11 73 140 162 219 318 331 405 485 510 586 637 682 751 766 840 882 944 1023 1033 1096 1148 1224 1244 1343 1378 1427 1503 1529 1602 1629 1712 1732 1787 1861 1935 1963 2014 2104 2116 2200 2220 2283 2343 2418 2469 2513 2581 2615 2647 2740 2804 2840 2874 2950 3002
4 11 74 131 164 261 271 370 382 459 528 558 613 692 718 789 859 872 971 1000 1052 1128 1165 1216 1266 1346 1397 1437 1494 1551 1617 1625 1697 1735 1821 1850 1915 1988 2008 2072 2120 2197 2230 2306 2339 2385 2441 2520 2569 2598 2677 2752 2795 2811 2904 2927 2970
7 11 76 123 171 268 295 345 427 476 509 558 640 695 708 757 810 882 943 979 1031 1096 1152 1233 1274 1326 1391 1437 1486 1532 1619 1653 1682 1762 1823 1884 1926 1955 2038 2053 2149 2211 2226 2283 2364 2405 2451 2521 2588 2605 2677 2709 2793 2812 2889 2954 2973
7 11 77 137 207 222 318 331 414 474 514 573 608 699 704 808 859 881 957 999 1070 1095 1135 1215 1275 1304 1374 1450 1509 1542 1601 1668 1712 1745 1806 1836 1910 1988 2040 2056 2128 2172 2247 2288 2328 2380 2467 2511 2552 2601 2699 2721 2757 2850 2879 2927 3010
7 11 77 144 206 236 320 367 399 464 516 573 613 701 717 765 812 872 967 1024 1074 1118 1161 1192 1271 1297 1379 1415 1504 1528 1606 1625 1712 1760 1792 1839 1890 1967 2025 2057 2124 2188 2265 2314 2336 2417 2447 2527 2585 2628 2690 2723 2761 2820 2887 2931 3005
7 11 77 156 179 267 299 341 414 432 516 577 640 655 708 768 824 872 965 1000 1062 1084 1138 1214 1259 1336 1400 1419 1484 1540 1601 1659 1708 1760 1806 1878 1922 1967 2025 2067 2149 2212 2235 2288 2324 2377 2474 2527 2587 2613 2649 2710 2807 2817 2908 2927 3010
7 11 78 150 188 251 315 361 416 464 501 573 612 665 725 801 845 874 925 1003 1040 1129 1139 1191 1251 1301 1386 1424 1459 1559 1582 1648 1697 1769 1782 1838 1930 1991 2028 2102 2113 2199 2245 2311 2355 2388 2454 2532 2590 2612 2697 2728 2775 2818 2915 2931 2974
7 11 80 123 193 265 312 357 430 443 487 558 631 689 705 780 849 882 943 1005 1065 1088 1136 1241 1277 1305 1397 1427 1486 1532 1612 1627 1685 1778 1833 1866 1903 1952 2003 2069 2120 2200 2258 2311 2348 2424 2460 2517 2573 2629 2668 2717 2754 2812 2885 2963 2975
7 11 80 138 177 227 292 331 429 481 521 550 631 676 709 805 827 878 944 976 1073 1114 1174 1198 1243 1349 1389 1427 1488 1562 1612 1623 1693 1748 1834 1877 1911 1979 2031 2090 2125 2162 2214 2314 2347 2400 2458 2489 2547 2629 2660 2717 2799 2842 2905 2960 2975
7 11 80 147 192 260 317 337 415 445 487 550 637 648 719 760 836 882 953 1013 1042 1086 1187 1190 1263 1344 1392 1450 1482 1547 1572 1629 1693 1778 1799 1858 1901 1952 2003 2054 2140 2193 2263 2306 2361 2386 2461 2517 2563 2644 2676 2751 2796 2833 2890 2939 3016
7 11 81 156 201 265 296 341 411 469 517 548 616 658 742 777 863 901 965 996 1026 1130 1151 1217 1246 1301 1355 1419 1487 1537 1568 1666 1685 1763 1826 1878 1921 1991 2019 2093 2125 2163 2241 2311 2357 2377 2453 2500 2589 2603 2698 2707 2768 2817 2901 2950 2987
7 11 83 125 189 239 317 337 378 485 487 573 613 684 741 772 830 907 920 978 1067 1089 1148 1222 1268 1344 1392 1427 1503 1544 1607 1629 1693 1733 1786 1848 1911 1982 2048 2104 2116 2196 2265 2276 2367 2383 2462 2516 2567 2595 2672 2749 2770 2837 2886 2963 3009
7 11 83 149 194 267 312 333 381 453 487 558 602 663 754 784 855 907 947 1008 1044 1088 1168 1202 1275 1302 1397 1450 1483 1538 1605 1630 1708 1733 1831 1862 1943 1982 2048 2091 2120 2166 2238 2288 2342 2424 2457 2516 2540 2592 2658 2704 2791 2825 2907 2939 3011
4 11 84 111 204 229 296 341 402 484 491 554 640 650 755 768 858 907 934 982 1075 1115 1185 1211 1282 1341 1381 1424 1458 1550 1599 1626 1685 1729 1824 1865 1929 1982 2048 2073 2140 2169 2250 2291 2329 2396 2477 2515 2575 2637 2663 2718 2783 2834 2865 2924 2996
4 11 84 157 209 250 301 357 422 472 491 550 616 676 723 781 817 907 955 981 1030 1085 1157 1239 1280 1316 1376 1412 1461 1552 1593 1656 1689 1729 1800 1853 1942 1982 2048 2105 2124 2170 2228 2314 2370 2421 2473 2515 2554 2616 2675 2742 2756 2820 2862 2936 3003
7 11 85 124 204 269 299 341 406 435 536 554 616 682 715 777 858 882 959 979 1077 1112 1183 1232 1248 1334 1380 1447 1495 1557 1602 1661 1708 1729 1798 1861 1907 1952 2003 2063 2116 2169 2216 2314 2332 2402 2477 2512 2538 2615 2650 2740 2779 2838 2914 2954 2990
7 11 85 155 213 233 306 331 417 434 531 554 640 652 735 795 824 881 966 993 1055 1121 1141 1213 1292 1345 1367 1441 1501 1513 1587 1632 1708 1734 1806 1862 1914 1955 2026 2061 2125 2204 2250 2311 2322 2405 2482 2489 2579 2620 2649 2716 2807 2817 2893 2939 3006
7 11 85 159 209 218 300 333 401 449 536 573 640 673 714 785 820 882 918 981 1043 1120 1178 1237 1287 1321 1379 1441 1511 1518 1587 1653 1689 1729 1822 1840 1893 1952 2003 2065 2124 2167 2267 2291 2370 2415 2473 2512 2580 2620 2671 2716 2789 2830 2899 2960 3006
4 11 86 119 213 220 278 367 402 433 499 586 608 686 734 760 855 881 967 993 1042 1102 1176 1223 1270 1344 1403 1415 1465 1514 1597 1668 1694 1780 1824 1876 1929 1982 2042 2061 2140 2187 2250 2276 2322 2379 2435 2502 2563 2642 2676 2730 2771 2846 2882 2939 2996
7 11 89 117 175 241 310 342 405 436 489 583 640 665 731 789 857 872 925 1024 1052 1116 1134 1205 1266 1325 1399 1441 1480 1546 1587 1659 1697 1781 1787 1838 1935 1963 2022 2103 2116 2208 2220 2302 2366 2388 2438 2525 2569 2607 2696 2728 2755 2852 2904 2931 3002
7 11 92 142 190 220 318 361 427 433 510 586 612 680 729 801 846 878 942 974 1078 1096 1176 1233 1293 1304 1378 1437 1468 1533 1596 1668 1682 1744 1785 1863 1926 1988 2002 2058 2116 2192 2226 2288 2339 2418 2450 2484 2552 2642 2699 2731 2777 2849 2868 2939 3011
4 11 94 114 197 242 282 333 382 465 539 559 612 653 743 783 845 901 960 992 1071 1128 1152 1216 1278 1348 1359 1437 1460 1523 1596 1665 1697 1751 1782 1837 1915 1959 2001 2080 2149 2184 2230 2276 2354 2423 2470 2533 2544 2623 2697 2750 2775 2818 2878 2963 3009
7 11 94 124 175 217 305 367 378 437 508 559 627 680 744 773 858 878 959 1024 1028 1114 1161 1198 1254 1316 1389 1423 1504 1548 1596 1652 1697 1781 1786 1863 1911 1982 2001 2057 2116 2207 2265 2314 2366 2400 2438 2533 2566 2642 2662 2731 2779 2838 2869 2924 3009
4 11 95 125 183 263 292 331 423 440 525 583 640 652 703 795 817 897 946 1023 1055 1111 1148 1193 1273 1299 1385 1415 1503 1544 1595 1673 1693 1762 1819 1852 1917 1982 2023 2104 2128 2202 2220 2283 2322 2396 2439 2511 2579 2640 2695 2725 2766 2810 2913 2936 2986
4 11 95 129 179 224 320 361 415 479 516 558 640 663 755 776 862 885 918 974 1061 1120 1176 1191 1281 1300 1379 1415 1468 1546 1595 1621 1718 1760 1827 1840 1939 1952 2025 2058 2140 2174 2226 2288 2350 2415 2474 2509 2570 2640 2674 2725 2760 2859 2885 2931 2986
7 11 96 138 215 267 294 345 389 432 534 550 637 687 708 792 854 878 944 975 1057 1096 1172 1233 1247 1311 1378 1412 1488 1562 1576 1624 1708 1737 1784 1861 1926 1963 2045 2092 2152 2212 2263 2288 2345 2418 2443 2485 2558 2613 2675 2735 2772 2842 2889 2954 2976
7 11 96 139 175 265 298 370 399 469 534 573 613 665 742 789 833 878 938 1024 1056 1083 1179 1226 1292 1337 1374 1441 1485 1517 1573 1637 1685 1737 1817 1865 1890 1963 2045 2057 2128 2163 2265 2311 2366 2392 2483 2485 2564 2603 2671 2702 2794 2845 2892 2924 2979
7 11 98 149 168 219 289 370 429 455 513 558 616 695 742 757 847 907 947 982 1076 1083 1173 1226 1273 1327 1366 1415 1483 1538 1580 1656 1712 1730 1788 1884 1890 1979 2016 2087 2125 2209 2236 2283 2364 2401 2441 2518 2543 2645 2674 2709 2800 2825 2892 2924 3023
7 11 98 158 173 237 284 342 431 432 513 577 608 693 737 772 852 907 923 1021 1067 1115 1172 1227 1268 1320 1371 1412 1488 1542 1618 1624 1693 1730 1791 1864 1913 1979 2016 2092 2152 2170 2217 2291 2359 2408 2436 2518 2567 2643 2694 2706 2802 2809 2886 2927 2983
4 11 101 119 194 268 300 333 403 476 536 558 613 671 753 796 855 910 967 992 1060 1118 1152 1188 1252 1321 1379 1447 1460 1519 1575 1653 1689 1733 1812 1839 1894 1967 1999 2080 2140 2166 2230 2276 2358 2417 2457 2528 2562 2605 2689 2753 2771 2846 2883 2954 3019
7 11 101 129 193 219 301 357 407 455 491 558 637 692 751 773 849 885 969 998 1028 1125 1173 1224 1249 1316 1376 1424 1493 1522 1575 1656 1689 1778 1808 1888 1906 1991 1999 2076 2116 2200 2255 2306 2355 2382 2460 2528 2566 2645 2662 2714 2758 2808 2874 2924 3019
7 11 101 142 189 231 299 357 391 436 536 554 602 664 730 793 846 910 942 978 1038 1112 1134 1206 1249 1336 1380 1441 1480 1522 1615 1659 1693 1733 1835 1877 1934 1967 1999 2103 2116 2181 2266 2288 2367 2402 2462 2528 2587 2617 2649 2729 2777 2849 2864 2960 2978
4 11 102 128 188 225 306 357 391 439 501 577 612 698 723 786 850 910 950 1005 1064 1085 1136 1239 1246 1345 1395 1419 1486 1527 1614 1632 1682 1769 1835 1841 1942 1955 2028 2069 2128 2195 2258 2311 2353 2403 2454 2510 2579 2635 2649 2701 2777 2845 2862 2936 2978
4 11 102 133 182 222 270 333 431 441 490 548 612 653 714 783 827 885 949 1008 1071 1120 1168 1237 1259 1347 1388 1419 1483 1553 1614 1642 1712 1744 1796 1886 1893 1979 2024 2091 2152 2162 2238 2288 2354 2406 2458 2514 2544 2635 2698 2701 2799 2842 2899 2960 2978
7 11 102 146 186 260 315 345 420 484 501 548 637 671 719 792 841 910 958 1007 1046 1091 1185 1190 1258 1322 1386 1424 1458 1516 1575 1626 1712 1769 1783 1839 1896 1955 2028 2073 2140 2193 2224 2287 2362 2425 2456 2510 2570 2605 2651 2753 2804 2839 2890 2931 3018
7 11 102 153 190 239 308 370 420 435 490 577 613 692 741 789 842 885 924 974 1052 1100 1183 1222 1283 1325 1350 1447 1495 1528 1575 1661 1682 1744 1783 1888 1899 1979 2024 2063 2116 2196 2221 2287 2339 2427 2450 2514 2569 2645 2696 2714 2759 2836 2886 2931 3018
7 11 103 108 170 233 305 345 394 460 508 550 640 690 735 757 862 901 939 1020 1076 1103 1150 1213 1272 1327 1389 1423 1462 1550 1578 1641 1718 1781 1827 1846 1931 1959 2001 2077 2125 2204 2244 2302 2369 2411 2443 2526 2543 2594 2674 2707 2760 2859 2893 2924 3007
7 11 103 143 193 258 270 361 394 441 524 583 612 665 749 801 815 885 938 998 1040 1104 1168 1236 1295 1347 1354 1450 1498 1535 1578 1642 1685 1758 1827 1865 1919 1964 2039 2076 2120 2161 2255 2302 2355 2392 2480 2487 2590 2599 2652 2702 2781 2841 2871 2924 3007
4 11 104 108 203 251 286 357 425 452 518 577 602 693 725 793 845 874 969 1001 1075 1093 1150 1241 1282 1298 1394 1424 1462 1550 1571 1649 1718 1754 1825 1842 1898 1959 2030 2077 2124 2199 2262 2291 2338 2428 2454 2515 2550 2624 2653 2727 2764 2830 2865 2963 2971
7 11 105 140 194 258 306 331 382 439 531 559 612 687 749 779 860 910 944 992 1079 1108 1136 1236 1256 1345 1367 1427 1476 1556 1588 1632 1708 1755 1821 1861 1915 1988 2004 2080 2120 2161 2230 2279 2358 2418 2434 2536 2541 2601 2688 2735 2784 2840 2871 2954 2970
7 11 106 117 194 247 285 342 431 458 531 548 612 675 732 771 811 907 925 1008 1030 1129 1158 1228 1242 1324 1386 1441 1493 1533 1611 1662 1689 1755 1791 1838 1893 1991 2004 2091 2140 2210 2238 2279 2342 2388 2434 2535 2563 2625 2694 2718 2802 2852 2901 2939 2983
4 11 107 136 213 248 286 367 418 452 530 586 602 682 707 766 855 874 959 972 1068 1110 1150 1238 1289 1298 1382 1423 1484 1560 1590 1649 1708 1780 1831 1861 1920 1967 2012 2055 2125 2187 2253 2283 2343 2402 2435 2493 2545 2628 2658 2740 2791 2825 2863 2954 2973
4 12 54 124 193 245 309 327 430 464 526 546 645 653 736 795 834 912 954 980 1068 1133 1160 1197 1267 1346 1393 1427 1486 1546 1612 1624 1685 1738 1820 1885 1902 1978 2040 2066 2123 2161 2258 2315 2324 2395 2467 2496 2558 2622 2668 2716 2781 2815 2909 2940 2988
4 12 54 144 204 228 297 356 393 476 520 546 641 669 755 807 844 867 942 1011 1065 1115 1142 1208 1282 1321 1367 1428 1489 1522 1585 1635 1685 1753 1813 1864 1939 1962 2010 2053 2154 2169 2219 2291 2342 2383 2476 2527 2542 2644 2679 2738 2783 2809 2906 2968 3016
7 12 54 150 198 260 313 340 408 444 526 550 641 674 716 763 812 912 938 973 1043 1083 1143 1213 1276 1315 1389 1428 1505 1537 1585 1673 1680 1738 1798 1858 1922 1978 2040 2086 2109 2168 2244 2319 2346 2426 2461 2496 2574 2644 2695 2738 2759 2848 2890 2939 3016
4 12 55 127 183 242 294 371 415 460 528 572 617 700 734 774 850 915 971 999 1071 1113 1151 1216 1258 1307 1396 1452 1494 1561 1574 1655 1697 1748 1792 1849 1891 1947 2037 2058 2112 2164 2239 2286 2360 2385 2480 2489 2538 2606 2689 2745 2795 2853 2892 2927 3001
4 12 57 115 207 235 303 340 399 485 514 588 597 689 738 768 815 886 949 990 1060 1103 1147 1195 1270 1342 1351 1415 1503 1526 1606 1629 1725 1758 1803 1846 1917 1950 2031 2104 2128 2209 2252 2301 2322 2413 2445 2511 2563 2636 2690 2741 2793 2810 2878 2964 3021
7 12 58 122 183 259 316 356 423 485 528 587 617 655 742 780 814 867 946 1010 1062 1091 1147 1229 1273 1329 1374 1415 1503 1520 1616 1629 1680 1748 1813 1853 1890 1995 2037 2104 2128 2199 2233 2286 2349 2411 2480 2486 2539 2611 2676 2736 2786 2835 2872 2965 2985
7 12 58 129 176 269 279 375 408 475 516 546 617 664 711 791 862 885 945 998 1051 1081 1173 1221 1284 1337 1386 1415 1509 1532 1616 1661 1721 1736 1827 1843 1919 1978 2000 2055 2109 2173 2247 2316 2350 2400 2474 2524 2550 2611 2646 2736 2773 2847 2909 2934 2985
7 12 58 144 212 234 294 345 397 432 528 546 611 679 754 782 837 867 919 1012 1041 1088 1175 1201 1250 1330 1396 1452 1468 1542 1582 1632 1721 1748 1818 1866 1943 1995 2037 2092 2139 2198 2257 2292 2326 2410 2451 2486 2566 2638 2663 2730 2761 2833 2907 2927 3020
7 12 60 117 182 242 322 356 427 446 523 587 600 673 734 803 850 915 959 1011 1059 1125 1142 1217 1243 1308 1369 1452 1489 1548 1583 1665 1692 1749 1802 1848 1905 1955 2026 2053 2129 2164 2219 2291 2364 2376 2480 2509 2547 2620 2699 2735 2798 2850 2891 2919 3006
7 12 60 136 214 227 289 346 397 457 506 587 642 662 743 764 855 874 950 985 1056 1119 1180 1228 1278 1334 1400 1410 1492 1513 1583 1663 1692 1765 1831 1863 1933 1995 2026 2060 2139 2160 2267 2271 2366 2380 2448 2509 2540 2627 2651 2728 2770 2839 2872 2939 3006
7 12 61 111 170 265 287 371 415 447 538 588 616 690 738 781 853 915 968 1006 1060 1106 1163 1195 1270 1296 1387 1436 1490 1538 1568 1666 1698 1741 1792 1857 1914 1950 2042 2081 2109 2180 2215 2279 2368 2397 2483 2499 2550 2597 2689 2739 2795 2849 2878 2934 3001
7 12 61 124 180 236 278 327 387 474 498 588 626 663 752 786 837 870 954 972 1057 1123 1159 1227 1268 1329 1403 1427 1493 1539 1568 1667 1698 1780 1819 1885 1930 1995 2042 2063 2153 2182 2255 2286 2367 2395 2468 2499 2567 2631 2647 2705 2778 2815 2866 2927 3001
7 12 62 115 197 246 309 333 403 464 529 562 645 672 747 783 815 912 949 989 1063 1121 1160 1188 1294 1346 1390 1422 1473 1556 1600 1624 1677 1747 1825 1873 1901 1992 2051 2080 2128 2176 2250 2301 2329 2386 2479 2497 2559 2621 2667 2701 2793 2810 2880 2922 3017
7 12 62 143 169 248 287 371 420 462 538 543 645 684 706 766 838 885 925 974 1066 1100 1150 1238 1285 1296 1387 1422 1508 1531 1600 1666 1698 1772 1808 1861 1910 1955 2011 2056 2154 2186 2253 2274 2353 2403 2444 2537 2580 2621 2658 2701 2789 2825 2902 2949 3017
7 12 62 145 211 250 310 345 407 443 529 543 626 686 730 758 817 912 939 988 1034 1083 1134 1213 1286 1305 1389 1410 1477 1564 1613 1662 1698 1747 1783 1857 1922 1992 2051 2097 2116 2177 2245 2319 2327 2426 2466 2497 2569 2617 2684 2743 2778 2836 2876 2934 3004
7 12 62 148 176 254 307 372 407 452 538 562 600 682 707 772 841 885 959 998 1061 1125 1184 1204 1262 1322 1369 1436 1498 1555 1613 1642 1677 1772 1783 1848 1920 1955 2011 2055 2153 2162 2247 2319 2350 2376 2437 2537 2545 2635 2671 2725 2791 2818 2912 2934 3004
7 12 68 133 203 258 307 327 397 452 503 557 600 678 748 793 845 885 933 1013 1027 1092 1184 1197 1271 1322 1402 1451 1462 1543 1571 1642 1722 1728 1818 1844 1943 1995 2043 2091 2139 2185 2257 2279 2332 2420 2441 2515 2562 2631 2653 2702 2771 2837 2896 2940 3020
7 12 68 149 188 236 303 375 414 474 514 588 600 656 723 801 850 896 928 1000 1078 1103 1159 1214 1261 1304 1351 1451 1470 1512 1571 1667 1692 1759 1802 1868 1896 1947 2029 2087 2128 2210 2231 2292 2337 2413 2433 2530 2551 2631 2699 2702 2798 2850 2900 2927 3020
7 12 69 111 162 252 316 356 427 433 510 588 611 685 733 808 851 915 968 1017 1070 1118 1162 1190 1257 1304 1392 1451 1490 1538 1573 1654 1680 1740 1802 1858 1895 1968 2034 2082 2116 2170 2230 2271 2340 2396 2472 2513 2551 2616 2699 2727 2798 2849 2870 2939 3006
7 12 69 115 208 237 270 333 397 470 497 588 641 649 752 785 849 886 949 981 1057 1120 1186 1227 1268 1341 1391 1422 1503 1526 1573 1639 1680 1753 1831 1873 1933 1995 2034 2064 2139 2181 2267 2291 2356 2386 2473 2513 2568 2619 2662 2724 2759 2810 2866 2919 3006
7 12 71 128 215 245 283 327 419 464 530 562 616 697 703 792 856 880 957 1016 1033 1110 1138 1224 1269 1323 1358 1455 1509 1533 1612 1647 1721 1741 1794 1841 1899 1978 2050 2091 2154 2194 2254 2279 2341 2378 2438 2523 2555 2622 2682 2716 2779 2852 2886 2922 2970
4 12 71 161 182 248 293 356 389 461 512 587 616 653 728 758 850 912 937 1015 1034 1096 1167 1215 1286 1332 1357 1455 1467 1524 1612 1621 1698 1749 1824 1885 1924 1947 2036 2098 2123 2164 2240 2274 2361 2412 2480 2536 2569 2622 2656 2716 2795 2853 2876 2927 2970
7 12 72 135 207 249 308 327 418 478 491 572 642 700 703 794 842 874 933 972 1053 1110 1159 1224 1249 1316 1352 1451 1493 1528 1619 1663 1725 1744 1822 1880 1899 1968 2047 2063 2128 2189 2255 2286 2340 2384 2460 2521 2559 2600 2696 2713 2758 2835 2886 2922 3014
4 12 77 127 180 223 289 340 407 434 506 572 597 689 716 768 823 915 961 1017 1060 1083 1139 1213 1259 1338 1400 1410 1508 1547 1603 1659 1698 1765 1816 1876 1922 1955 2026 2067 2153 2204 2245 2316 2322 2416 2482 2491 2563 2623 2693 2710 2763 2861 2890 2939 2971
7 12 77 135 182 256 287 371 412 473 523 572 600 650 745 761 814 874 933 1015 1075 1092 1146 1241 1277 1341 1402 1407 1493 1528 1603 1620 1698 1749 1812 1844 1898 1995 2026 2077 2123 2199 2260 2291 2361 2420 2480 2491 2554 2601 2677 2731 2786 2835 2881 2965 2971
4 12 77 157 212 262 322 340 387 440 523 562 616 679 727 782 849 874 934 1012 1054 1080 1187 1200 1259 1340 1369 1452 1478 1547 1567 1633 1707 1749 1814 1867 1931 1995 2026 2095 2153 2202 2254 2274 2326 2421 2450 2491 2553 2626 2654 2729 2756 2813 2897 2919 3007
4 12 78 158 174 251 271 372 378 439 519 587 617 662 751 764 853 896 922 1024 1028 1109 1161 1204 1280 1332 1378 1455 1480 1532 1601 1645 1697 1737 1824 1863 1935 1950 2044 2089 2116 2180 2233 2271 2366 2408 2483 2528 2569 2608 2656 2728 2795 2849 2867 2934 2981
7 12 79 128 163 228 315 375 394 484 515 557 641 678 755 766 856 886 957 996 1066 1129 1171 1208 1281 1296 1366 1407 1480 1562 1581 1639 1697 1757 1817 1838 1925 1950 2031 2079 2154 2169 2221 2279 2359 2381 2464 2488 2580 2637 2658 2708 2779 2852 2906 2949 2998
7 12 80 127 193 216 298 371 398 477 487 591 597 692 714 770 851 896 971 974 1054 1126 1150 1212 1259 1327 1383 1452 1508 1547 1604 1650 1685 1764 1832 1849 1932 1968 2023 2056 2123 2201 2253 2274 2330 2385 2439 2491 2564 2610 2650 2752 2794 2853 2897 2939 2991
7 12 80 135 171 254 303 340 396 474 487 550 600 687 707 800 818 896 944 1014 1045 1109 1159 1204 1277 1304 1378 1427 1493 1528 1588 1667 1725 1764 1834 1840 1935 1968 2023 2063 2153 2162 2214 2271 2363 2408 2461 2491 2591 2612 2659 2750 2799 2823 2912 2965 3008
4 12 80 141 211 255 297 356 396 436 501 591 616 686 742 758 863 880 964 988 1056 1091 1165 1229 1278 1310 1384 1410 1487 1513 1588 1647 1685 1763 1834 1878 1890 1992 2005 2082 2129 2203 2259 2271 2327 2401 2449 2509 2546 2642 2692 2720 2767 2817 2872 2965 3008
7 12 80 142 191 228 300 340 428 476 522 591 642 693 755 771 856 886 930 1004 1075 1120 1149 1231 1277 1298 1360 1407 1486 1528 1604 1628 1685 1729 1803 1836 1929 1978 2023 2078 2153 2169 2218 2291 2352 2418 2464 2491 2543 2644 2686 2719 2797 2834 2881 2922 2991
7 12 81 132 162 255 312 372 422 482 510 572 611 677 745 771 820 886 919 990 1075 1088 1155 1241 1277 1334 1396 1427 1485 1519 1593 1641 1685 1740 1790 1866 1902 1995 2034 2089 2112 2200 2266 2271 2367 2410 2472 2501 2543 2596 2648 2732 2785 2846 2881 2964 2984
7 12 81 150 181 246 293 346 422 461 493 550 616 687 747 797 815 912 938 1025 1067 1117 1167 1207 1254 1332 1376 1422 1505 1537 1593 1621 1707 1763 1790 1886 1942 1950 2015 2060 2157 2176 2227 2271 2365 2397 2479 2520 2548 2624 2678 2704 2756 2848 2862 2964 2984
7 12 82 134 215 230 294 345 393 460 532 550 617 687 710 797 862 915 939 991 1036 1118 1151 1190 1278 1307 1392 1410 1465 1536 1598 1655 1721 1737 1827 1886 1895 1962 2033 2088 2154 2204 2263 2271 2365 2396 2442 2485 2580 2618 2646 2704 2773 2847 2893 2949 3000
4 12 82 150 168 234 279 375 404 432 522 550 626 697 754 775 831 912 957 989 1079 1087 1146 1232 1251 1336 1380 1407 1484 1558 1596 1662 1721 1752 1786 1841 1904 1967 1999 2087 2123 2198 2243 2292 2358 2378 2457 2519 2582 2638 2687 2716 2804 2829 2875 2922 3002
7 12 83 145 164 262 288 375 404 440 535 543 641 684 727 766 830 912 945 980 1067 1096 1147 1222 1242 1339 1385 1415 1511 1530 1595 1673 1707 1733 1786 1861 1918 1962 2014 2096 2128 2202 2229 2274 2353 2383 2469 2530 2579 2626 2687 2701 2804 2830 2874 2940 3002
7 12 83 146 203 244 322 340 379 446 503 543 600 687 718 800 835 915 938 982 1045 1106 1142 1195 1291 1308 1387 1428 1460 1517 1598 1665 1707 1728 1816 1886 1914 1967 2043 2083 2154 2195 2251 2279 2363 2397 2441 2500 2591 2618 2655 2704 2801 2852 2898 2964 2999
4 12 84 108 196 242 276 371 416 460 509 550 642 660 706 809 840 870 936 1018 1069 1100 1168 1238 1282 1331 1376 1428 1470 1553 1574 1637 1692 1729 1787 1888 1910 1947 2035 2077 2157 2192 2256 2291 2331 2414 2459 2494 2557 2606 2695 2745 2770 2855 2902 2949 2972
7 12 84 119 189 265 298 371 422 447 487 557 626 668 721 807 826 867 943 1010 1065 1088 1179 1241 1282 1327 1383 1427 1458 1553 1568 1650 1685 1752 1797 1878 1902 1950 2035 2070 2157 2196 2266 2292 2343 2422 2436 2494 2542 2597 2673 2739 2782 2844 2906 2965 2977
4 12 84 151 191 258 296 375 392 452 509 557 616 663 727 802 819 870 937 1004 1026 1096 1184 1222 1283 1333 1357 1436 1498 1552 1568 1642 1685 1729 1826 1885 1918 1947 2035 2055 2153 2206 2241 2316 2352 2412 2464 2494 2556 2631 2698 2705 2767 2861 2874 2940 2977
4 12 85 115 205 216 290 345 412 450 536 562 597 697 714 792 820 912 920 1025 1043 1122 1186 1212 1270 1322 1371 1436 1503 1526 1596 1658 1680 1767 1783 1841 1936 1995 2002 2064 2123 2201 2223 2279 2341 2415 2471 2511 2545 2638 2671 2716 2791 2840 2897 2964 2999
7 12 85 128 206 252 285 372 423 456 513 562 641 657 712 809 812 880 960 1024 1069 1091 1161 1229 1281 1331 1384 1415 1480 1562 1595 1627 1680 1743 1798 1882 1890 1967 2025 2089 2157 2191 2233 2271 2335 2401 2437 2488 2557 2593 2695 2734 2759 2848 2903 2949 3000
7 12 85 151 169 234 304 375 379 432 513 546 597 653 739 795 823 880 937 1003 1046 1086 1175 1214 1292 1320 1367 1436 1499 1551 1596 1632 1698 1743 1816 1885 1914 1967 2025 2061 2154 2212 2251 2315 2324 2412 2474 2488 2581 2638 2693 2716 2763 2861 2883 2927 2999
7 12 90 122 162 262 313 340 405 440 526 543 642 677 744 771 845 911 944 990 1031 1130 1147 1209 1244 1315 1389 1427 1503 1520 1567 1673 1680 1769 1789 1869 1911 1995 2008 2104 2116 2185 2252 2301 2367 2380 2441 2516 2587 2626 2683 2729 2771 2837 2901 2940 2994
7 12 90 151 200 246 283 371 405 464 494 546 616 694 747 781 859 880 971 992 1038 1132 1138 1207 1283 1323 1394 1452 1498 1552 1567 1647 1677 1730 1789 1845 1927 1955 2030 2102 2157 2176 2236 2301 2364 2389 2434 2494 2573 2621 2663 2734 2790 2828 2862 2940 2994
7 12 91 122 177 217 311 356 398 469 486 543 645 683 736 775 842 911 946 977 1079 1104 1164 1234 1255 1336 1362 1415 1466 1556 1594 1630 1722 1773 1832 1853 1932 1968 2017 2053 2123 2189 2253 2291 2371 2411 2460 2536 2582 2616 2687 2707 2758 2835 2871 2922 2991
7 12 91 123 176 252 278 346 428 433 498 588 645 664 712 791 812 880 967 998 1038 1123 1162 1228 1242 1342 1403 1415 1488 1557 1594 1654 1677 1772 1803 1872 1929 1978 2050 2084 2153 2191 2218 2274 2350 2395 2437 2503 2563 2616 2690 2707 2793 2813 2904 2939 2991
4 12 92 137 206 250 279 371 399 443 516 543 642 657 718 809 836 896 947 1024 1045 1103 1134 1195 1291 1336 1386 1415 1504 1527 1609 1662 1725 1736 1832 1870 1917 1967 2000 2070 2112 2188 2252 2292 2335 2377 2444 2489 2582 2617 2687 2747 2758 2841 2898 2934 2990
7 12 95 123 208 266 297 333 415 436 520 588 616 701 723 769 849 880 967 1006 1078 1086 1165 1214 1261 1310 1367 1428 1488 1557 1607 1647 1707 1753 1814 1856 1914 1947 2010 2081 2112 2181 2215 2315 2331 2412 2473 2484 2583 2632 2654 2744 2756 2813 2900 2968 2979
7 12 95 137 178 223 312 333 421 434 510 572 645 672 746 783 836 867 947 1008 1063 1088 1139 1201 1261 1316 1396 1451 1474 1557 1576 1659 1722 1762 1822 1837 1943 1962 2010 2101 2112 2175 2234 2292 2329 2410 2458 2484 2559 2623 2696 2737 2758 2841 2914 2939 3011
7 12 98 117 194 237 285 372 386 459 513 591 611 693 722 771 850 911 959 1001 1031 1104 1158 1230 1244 1331 1384 1436 1495 1542 1618 1627 1680 1754 1835 1836 1936 1947 2013 2052 2129 2210 2249 2291 2352 2388 2433 2492 2587 2630 2666 2719 2798 2850 2901 2927 2982
4 12 98 146 178 216 301 346 431 477 511 591 626 674 743 780 835 867 938 1008 1062 1119 1150 1228 1273 1324 1354 1422 1463 1514 1618 1650 1680 1756 1791 1858 1933 1992 2013 2101 2154 2172 2234 2279 2329 2426 2465 2492 2539 2610 2681 2738 2801 2852 2872 2939 2982
7 12 99 146 188 256 271 372 430 441 514 591 600 682 745 772 860 867 960 987 1061 1088 1164 1241 1291 1319 1383 1415 1460 1517 1566 1657 1697 1759 1820 1862 1902 1978 2029 2059 2123 2199 2258 2292 2350 2422 2433 2500 2545 2634 2674 2712 2775 2829 2881 2964 2988
7 12 100 129 203 246 297 333 431 464 520 546 611 684 717 787 828 885 945 1013 1028 1115 1138 1237 1280 1310 1367 1455 1509 1532 1600 1647 1707 1740 1795 1861 1909 1992 2024 2091 2154 2205 2257 2271 2332 2383 2430 2528 2546 2621 2692 2701 2806 2847 2867 2940 2978
4 12 104 126 208 244 272 345 421 446 524 587 642 676 718 757 822 886 963 981 1050 1129 1178 1223 1269 1326 1355 1455 1511 1549 1570 1628 1707 1770 1823 1867 1909 1962 2019 2064 2112 2195 2267 2279 2356 2392 2455 2506 2575 2618 2656 2732 2796 2808 2869 2919 3010
7 12 106 128 192 235 311 372 392 475 486 557 616 681 738 757 815 886 960 1004 1050 1114 1173 1205 1269 1305 1362 1415 1509 1533 1579 1661 1707 1773 1790 1882 1918 1992 2017 2055 2109 2209 2241 2319 2351 2401 2445 2523 2575 2645 2678 2709 2756 2848 2869 2922 3015
4 12 107 109 180 266 283 327 427 436 530 588 611 689 722 768 837 885 955 1017 1051 1082 1165 1226 1288 1323 1358 1410 1487 1545 1610 1647 1721 1780 1818 1846 1895 1955 2011 2082 2129 2182 2230 2301 2322 2407 2468 2493 2573 2632 2663 2741 2761 2833 2905 2968 2989
7 12 107 122 204 257 271 345 427 441 519 587 600 698 702 777 845 867 944 1011 1063 1109 1164 1233 1294 1319 1378 1422 1466 1556 1610 1657 1722 1774 1818 1840 1905 1968 2007 2053 2116 2172 2219 2301 2342 2408 2455 2497 2565 2633 2653 2740 2771 2837 2880 2968 2989
4 13 54 134 168 257 292 355 387 440 523 592 598 665 731 784 847 879 952 984 1052 1103 1153 1227 1253 1340 1403 1417 1501 1541 1610 1669 1709 1768 1788 1872 1936 1946 2047 2052 2153 2180 2236 2299 2344 2396 2475 2534 2552 2607 2654 2725 2805 2813 2895 2919 3009
4 13 54 153 188 262 312 326 403 453 515 592 624 656 726 801 839 895 955 1000 1049 1113 1146 1209 1279 1314 1376 1407 1465 1552 1605 1621 1709 1739 1798 1887 1925 1992 2048 2074 2122 2199 2232 2281 2336 2381 2463 2533 2586 2601 2655 2706 2796 2828 2915 2920 3014
7 13 58 121 202 217 311 358 398 450 504 587 646 698 723 756 832 867 944 1010 1064 1119 1182 1234 1248 1311 1378 1421 1503 1520 1594 1629 1705 1773 1818 1847 1914 1946 2035 2075 2110 2172 2267 2300 2371 2409 2436 2535 2582 2635 2672 2730 2772 2837 2872 2929 3004
4 13 58 146 168 269 298 328 420 456 504 570 625 665 725 784 859 867 961 984 1040 1088 1180 1236 1250 1328 1391 1417 1468 1518 1600 1660 1721 1773 1813 1862 1908 1946 2035 2073 2141 2198 2215 2320 2344 2392 2471 2535 2564 2612 2657 2736 2804 2808 2907 2933 2997
4 13 58 149 171 266 282 327 398 442 494 570 610 649 751 768 853 898 927 1018 1033 1102 1166 1225 1287 1323 1394 1456 1487 1531 1594 1647 1721 1734 1818 1855 1943 1948 2049 2091 2108 2160 2239 2300 2343 2424 2469 2522 2560 2622 2664 2743 2779 2824 2903 2929 3004
7 13 59 132 177 244 320 371 415 458 486 556 606 696 724 774 846 894 971 1014 1027 1120 1166 1195 1264 1325 1399 1456 1498 1558 1574 1631 1706 1771 1787 1860 1935 1947 2037 2081 2108 2178 2234 2272 2331 2414 2455 2494 2581 2605 2674 2745 2788 2829 2874 2951 3022
7 13 59 158 173 264 293 354 415 455 532 571 646 675 711 773 852 911 929 979 1051 1108 1171 1229 1285 1316 1389 1417 1508 1512 1574 1673 1691 1749 1787 1863 1909 1946 2008 2092 2109 2179 2259 2272 2344 2409 2431 2524 2574 2637 2681 2714 2781 2839 2877 2951 3022
4 13 61 125 199 262 287 371 415 453 534 592 625 648 741 807 830 894 943 1013 1037 1121 1146 1216 1268 1338 1359 1421 1481 1539 1572 1621 1687 1751 1787 1879 1909 1946 2042 2058 2109 2184 2259 2303 2371 2392 2483 2498 2568 2601 2674 2739 2788 2845 2895 2920 3022
7 13 62 161 173 254 299 328 397 432 528 592 625 665 708 784 856 911 938 979 1040 1084 1183 1239 1286 1306 1376 1406 1496 1535 1582 1671 1677 1729 1812 1872 1926 1957 2017 2092 2122 2170 2259 2299 2344 2410 2451 2532 2564 2636 2680 2725 2794 2833 2870 2951 3012
7 13 63 158 206 238 306 327 402 439 537 587 646 666 719 765 836 895 948 995 1042 1113 1174 1223 1285 1315 1355 1408 1508 1512 1588 1666 1676 1736 1822 1878 1910 1961 2004 2089 2137 2188 2267 2281 2370 2403 2443 2524 2580 2603 2676 2701 2787 2819 2887 2951 3017
7 13 64 152 208 249 288 339 378 437 514 570 597 649 738 768 863 866 966 982 1048 1095 1185 1212 1270 1341 1391 1408 1466 1525 1596 1657 1687 1767 1831 1855 1933 1996 2032 2057 2141 2181 2253 2300 2343 2385 2454 2511 2545 2619 2688 2743 2792 2832 2879 2964 3021
4 13 65 116 167 265 293 354 406 470 532 543 641 684 752 761 853 916 959 980 1053 1112 1157 1199 1284 1316 1389 1438 1507 1530 1573 1673 1691 1738 1800 1856 1916 1948 2020 2096 2138 2160 2228 2270 2373 2405 2469 2485 2572 2633 2683 2746 2779 2824 2892 2929 2992
4 13 65 132 192 252 278 376 406 451 503 556 628 697 753 756 844 894 971 983 1064 1124 1162 1196 1252 1311 1398 1451 1498 1558 1573 1662 1677 1770 1800 1874 1903 1977 1999 2085 2110 2165 2241 2270 2372 2399 2457 2506 2582 2638 2672 2741 2790 2829 2868 2929 2992
7 13 66 146 180 245 323 376 400 472 508 543 610 677 721 783 825 894 918 973 1031 1120 1180 1233 1293 1316 1387 1438 1468 1518 1593 1645 1721 1776 1800 1886 1896 1946 2042 2073 2118 2201 2226 2272 2364 2425 2438 2492 2572 2625 2683 2711 2779 2853 2899 2948 2998
7 13 68 128 212 261 275 339 396 469 524 542 628 680 709 782 848 868 942 1002 1054 1100 1139 1200 1260 1303 1360 1435 1492 1547 1608 1672 1706 1728 1830 1875 1891 1957 2041 2079 2153 2200 2256 2320 2333 2422 2479 2510 2552 2611 2692 2729 2777 2861 2884 2919 2978
7 13 70 118 183 224 315 355 398 473 493 570 610 686 750 762 852 876 968 1018 1034 1117 1162 1211 1256 1332 1390 1451 1491 1538 1592 1640 1726 1740 1816 1836 1943 1946 2021 2091 2110 2179 2239 2271 2332 2425 2431 2513 2589 2607 2651 2744 2781 2839 2907 2951 3006
7 13 70 152 207 216 290 328 412 471 497 570 641 689 752 785 848 866 966 1009 1058 1122 1140 1217 1268 1342 1351 1421 1466 1525 1592 1630 1726 1735 1803 1845 1917 1957 2021 2103 2138 2209 2219 2303 2341 2394 2471 2513 2578 2636 2671 2716 2807 2832 2873 2919 3006
7 13 70 153 206 254 280 335 398 432 511 592 641 657 712 774 861 895 937 995 1027 1119 1183 1234 1254 1325 1382 1421 1499 1519 1592 1671 1705 1742 1816 1877 1914 1948 2027 2089 2108 2166 2267 2271 2370 2405 2437 2507 2581 2636 2674 2716 2759 2846 2883 2951 3006
7 13 74 135 189 216 278 327 402 475 503 544 596 699 751 793 821 895 932 1006 1071 1102 1159 1225 1249 1337 1398 1451 1476 1534 1576 1636 1726 1770 1822 1844 1943 1976 1999 2088 2122 2210 2235 2303 2327 2420 2460 2496 2557 2631 2676 2706 2787 2835 2903 2929 3017
7 13 75 115 182 258 284 355 418 450 510 552 597 694 732 796 815 916 924 1025 1058 1080 1182 1238 1268 1337 1393 1421 1503 1525 1578 1629 1676 1763 1827 1846 1939 1976 2016 2075 2110 2187 2252 2303 2346 2415 2464 2513 2567 2593 2666 2721 2791 2859 2873 2964 2976
7 13 75 128 169 234 280 354 423 474 511 542 597 658 711 795 833 868 942 1023 1069 1108 1161 1229 1267 1346 1382 1421 1492 1547 1578 1650 1687 1742 1823 1882 1909 1977 2027 2056 2158 2208 2251 2315 2328 2416 2474 2502 2538 2593 2695 2721 2792 2861 2877 2951 2976
7 13 75 141 195 265 314 354 399 470 499 552 628 667 702 798 840 895 923 1012 1042 1085 1187 1226 1267 1344 1358 1451 1479 1547 1573 1644 1676 1754 1783 1873 1899 1948 2027 2076 2158 2210 2260 2285 2351 2427 2440 2502 2547 2633 2665 2746 2797 2836 2906 2919 2981
7 13 75 152 205 235 303 355 399 469 521 542 641 697 731 807 819 894 941 1011 1037 1103 1185 1227 1268 1322 1371 1438 1466 1525 1573 1625 1687 1753 1783 1874 1936 1996 2016 2057 2110 2201 2224 2285 2322 2429 2445 2513 2568 2638 2690 2741 2773 2858 2895 2919 2981
7 13 76 108 196 244 309 327 396 458 509 574 596 699 724 793 835 916 957 999 1071 1100 1145 1200 1282 1324 1396 1435 1509 1561 1611 1653 1706 1748 1791 1842 1891 1992 2051 2082 2118 2178 2256 2272 2327 2386 2466 2523 2557 2605 2689 2708 2770 2853 2869 2933 3019
7 13 76 158 208 257 305 327 385 447 505 571 610 649 721 768 843 911 948 982 1033 1084 1177 1224 1282 1313 1383 1408 1458 1561 1615 1646 1709 1752 1796 1878 1941 1996 2051 2090 2118 2189 2220 2299 2343 2403 2470 2523 2560 2600 2675 2719 2780 2819 2908 2918 3015
4 13 77 133 163 256 308 327 412 481 495 556 646 696 747 765 832 898 932 1015 1067 1131 1184 1224 1271 1339 1356 1451 1469 1544 1619 1620 1705 1749 1818 1880 1895 1957 2044 2082 2138 2167 2242 2272 2340 2384 2441 2525 2554 2630 2672 2723 2772 2837 2881 2918 2990
7 13 77 146 181 264 295 358 412 476 518 570 641 688 720 763 825 867 918 1009 1038 1109 1142 1230 1264 1323 1361 1456 1464 1522 1619 1634 1691 1757 1818 1885 1917 1977 2038 2103 2118 2169 2219 2272 2367 2426 2472 2531 2560 2615 2664 2738 2779 2853 2863 2918 2990
7 13 78 126 211 242 275 355 398 445 524 587 646 655 735 802 840 876 919 1010 1045 1126 1178 1227 1283 1347 1360 1435 1507 1521 1584 1628 1691 1728 1816 1848 1914 1948 2041 2075 2108 2171 2267 2303 2363 2397 2480 2500 2575 2620 2651 2722 2781 2852 2891 2919 3006
4 13 79 134 208 239 311 354 400 480 514 556 597 654 739 795 830 916 923 993 1026 1125 1153 1228 1292 1311 1370 1451 1501 1541 1580 1629 1709 1767 1800 1887 1896 1946 2032 2052 2118 2213 2226 2300 2332 2413 2454 2495 2582 2637 2672 2708 2790 2843 2912 2920 2998
4 13 80 119 195 223 270 358 398 438 536 556 624 667 746 798 838 867 925 1012 1035 1117 1144 1211 1261 1339 1399 1451 1480 1513 1571 1659 1726 1739 1818 1881 1943 1948 2029 2098 2108 2174 2239 2281 2351 2417 2456 2528 2554 2643 2672 2737 2772 2831 2911 2948 3004
4 13 81 123 183 246 310 354 385 482 493 571 610 687 729 780 828 866 959 982 1046 1116 1134 1193 1277 1333 1395 1438 1502 1537 1593 1670 1678 1740 1826 1866 1941 1957 2021 2090 2158 2202 2220 2271 2368 2395 2431 2502 2591 2602 2670 2733 2803 2817 2896 2964 2983
4 13 82 114 210 246 313 335 402 482 500 587 646 661 729 764 811 898 940 995 1077 1115 1183 1221 1278 1334 1374 1406 1499 1557 1599 1620 1678 1737 1828 1865 1910 1976 2040 2089 2122 2202 2267 2271 2366 2393 2448 2504 2544 2602 2656 2726 2775 2820 2867 2948 3010
7 13 83 116 182 244 321 358 427 445 491 543 606 687 724 803 835 916 959 1025 1047 1125 1178 1195 1243 1301 1386 1435 1507 1530 1577 1628 1678 1761 1782 1866 1930 1961 2026 2075 2108 2178 2252 2300 2346 2395 2466 2528 2548 2618 2686 2733 2798 2824 2874 2964 3021
7 13 83 119 213 245 289 326 378 472 519 543 624 661 743 801 855 879 940 978 1074 1104 1180 1204 1261 1349 1385 1417 1480 1513 1577 1645 1678 1733 1831 1865 1933 1996 2026 2061 2141 2180 2253 2315 2330 2393 2467 2528 2561 2625 2685 2726 2795 2815 2871 2948 3021
7 13 86 108 184 236 314 354 397 485 499 592 625 669 736 757 835 898 957 979 1068 1131 1171 1193 1272 1344 1358 1407 1508 1562 1606 1644 1676 1756 1824 1846 1926 1961 2025 2092 2118 2196 2259 2272 2334 2382 2447 2495 2556 2616 2655 2747 2770 2853 2889 2964 2999
7 13 86 130 162 269 296 339 419 452 515 542 625 658 725 762 851 876 930 1016 1034 1098 1169 1236 1256 1300 1392 1407 1476 1539 1606 1654 1726 1778 1802 1858 1898 1976 2009 2077 2141 2198 2230 2315 2361 2377 2479 2511 2589 2616 2684 2747 2800 2815 2907 2920 2999
7 13 86 150 179 261 277 335 402 469 499 542 598 663 742 800 822 898 936 1008 1026 1102 1139 1225 1292 1301 1394 1451 1485 1541 1595 1672 1726 1756 1828 1845 1943 1961 2025 2086 2137 2167 2235 2300 2347 2424 2452 2495 2577 2611 2656 2742 2775 2809 2912 2919 3010
7 13 92 132 175 224 306 326 428 473 537 570 606 665 720 778 833 879 938 998 1038 1106 1162 1230 1264 1341 1355 1408 1498 1558 1610 1640 1677 1736 1831 1872 1920 1977 2004 2085 2153 2208 2225 2320 2350 2410 2474 2494 2545 2607 2688 2725 2792 2861 2863 2951 2970
7 13 93 109 199 229 305 358 397 460 505 571 646 698 710 756 858 894 960 1013 1064 1084 1156 1239 1252 1320 1383 1406 1470 1533 1599 1638 1677 1781 1824 1867 1926 1961 2023 2058 2118 2204 2259 2315 2371 2403 2453 2531 2582 2618 2662 2711 2763 2827 2868 2920 2999
4 13 93 143 167 266 271 354 397 462 506 543 596 661 751 801 853 898 935 1023 1049 1086 1161 1228 1295 1314 1362 1456 1492 1532 1599 1663 1706 1738 1824 1865 1935 1957 2044 2056 2122 2160 2251 2315 2330 2398 2469 2509 2586 2602 2655 2726 2770 2834 2900 2920 2999
7 13 94 149 190 236 290 376 428 456 497 570 606 692 736 764 835 898 927 998 1077 1122 1173 1214 1278 1305 1351 1407 1487 1531 1604 1667 1678 1750 1782 1884 1920 1992 2005 2085 2138 2196 2225 2270 2336 2394 2447 2530 2544 2645 2686 2723 2798 2824 2867 2933 3020
7 13 96 108 198 260 289 328 389 455 519 574 641 689 715 785 816 916 961 1017 1058 1097 1171 1215 1253 1319 1385 1417 1508 1562 1585 1673 1676 1733 1804 1852 1912 1961 2026 2092 2109 2168 2221 2299 2341 2401 2481 2515 2578 2640 2693 2709 2764 2848 2888 2948 2971
4 13 98 117 179 256 280 335 386 481 511 542 625 668 747 790 822 911 964 997 1031 1108 1134 1208 1293 1325 1382 1438 1497 1518 1590 1671 1705 1756 1801 1861 1931 1947 2012 2095 2158 2167 2230 2272 2358 2416 2452 2492 2565 2630 2690 2753 2755 2830 2899 2933 3019
7 13 98 130 166 257 308 327 431 447 492 542 598 690 731 786 855 876 930 1006 1037 1126 1159 1227 1268 1296 1360 1421 1476 1539 1615 1664 1705 1779 1820 1837 1914 1996 2006 2088 2153 2180 2235 2303 2349 2397 2467 2498 2588 2600 2695 2719 2795 2815 2895 2948 2993
4 13 100 133 199 234 303 355 416 474 505 574 646 655 711 802 854 879 946 1021 1045 1104 1163 1204 1271 1300 1385 1408 1469 1544 1588 1648 1687 1781 1788 1859 1933 1976 2023 2102 2109 2208 2214 2315 2363 2393 2453 2525 2575 2593 2697 2712 2762 2822 2904 2918 2979
7 13 100 141 203 222 295 339 416 454 518 552 598 666 742 805 847 895 945 988 1049 1130 1152 1237 1295 1309 1361 1456 1494 1532 1588 1649 1709 1757 1788 1878 1890 1947 2038 2077 2137 2205 2257 2315 2331 2406 2449 2509 2583 2603 2654 2701 2805 2813 2900 2918 2979
7 13 100 143 172 223 288 339 379 483 514 574 596 648 746 806 838 867 943 1002 1063 1088 1139 1236 1295 1341 1391 1451 1492 1532 1576 1657 1687 1760 1794 1879 1908 1977 2038 2079 2137 2174 2256 2320 2372 2392 2456 2509 2579 2598 2653 2739 2776 2826 2885 2920 2991
7 13 102 127 183 244 299 327 431 458 528 556 624 654 719 795 817 876 955 1018 1069 1113 1166 1223 1258 1346 1376 1406 1487 1553 1611 1631 1678 1729 1820 1887 1910 1992 2017 2091 2158 2183 2239 2300 2332 2381 2441 2493 2538 2605 2695 2708 2795 2855 2887 2951 2993
7 13 102 151 173 240 296 376 391 452 528 544 625 688 741 802 820 876 918 994 1045 1090 1169 1220 1283 1300 1379 1438 1484 1527 1590 1654 1691 1729 1790 1885 1916 1992 2017 2069 2109 2206 2243 2299 2329 2426 2451 2493 2575 2645 2697 2738 2760 2848 2891 2918 3015
4 13 103 117 188 235 296 376 401 469 515 542 624 670 743 773 850 911 939 986 1051 1098 1185 1197 1285 1329 1392 1408 1464 1550 1607 1625 1691 1739 1835 1848 1938 1977 2048 2059 2141 2189 2258 2281 2350 2377 2463 2484 2574 2638 2667 2707 2778 2856 2877 2919 3008
4 13 104 123 168 220 323 376 404 466 523 571 598 649 753 777 829 866 927 994 1036 1124 1169 1196 1280 1319 1373 1407 1484 1555 1596 1641 1721 1768 1815 1855 1903 1961 2047 2069 2141 2197 2243 2299 2334 2424 2475 2484 2584 2619 2687 2743 2783 2851 2868 2929 2980
7 13 105 128 168 216 311 354 391 475 504 544 625 669 752 757 848 866 942 994 1068 1112 1159 1199 1269 1304 1378 1421 1494 1545 1572 1636 1709 1773 1826 1882 1916 1947 2035 2069 2153 2209 2243 2320 2334 2416 2471 2489 2556 2631 2694 2710 2777 2861 2892 2929 2977
7 13 105 136 197 239 312 326 416 480 512 544 606 675 739 778 834 911 951 997 1033 1130 1143 1237 1287 1297 1379 1456 1500 1531 1574 1639 1709 1761 1792 1863 1890 1976 2003 2067 2109 2213 2257 2300 2339 2387 2450 2522 2550 2637 2668 2714 2801 2849 2903 2933 2975
7 14 57 132 175 257 271 355 398 440 537 568 594 695 754 762 843 899 968 977 1079 1106 1164 1227 1264 1340 1375 1442 1501 1552 1592 1655 1722 1758 1811 1853 1897 1946 2021 2075 2123 2163 2225 2287 2371 2386 2475 2519 2545 2606 2693 2744 2792 2820 2899 2936 2982
7 14 57 150 188 262 315 355 421 470 515 588 613 656 709 796 845 866 941 982 1062 1129 1146 1194 1264 1299 1364 1423 1483 1552 1579 1653 1704 1779 1797 1847 1937 1980 2021 2102 2123 2204 2231 2307 2349 2381 2431 2519 2590 2620 2689 2720 2763 2840 2915 2916 2995
7 14 58 132 174 222 309 355 408 485 494 575 596 691 746 770 848 892 968 976 1035 1105 1155 1189 1273 1348 1376 1442 1499 1554 1616 1657 1694 1748 1827 1853 1941 1944 2009 2086 2124 2206 2237 2286 2347 2386 2458 2508 2580 2598 2649 2748 2787 2820 2897 2965 2983
4 14 58 148 189 219 297 355 425 465 505 559 642 699 743 757 847 864 952 982 1060 1104 1146 1203 1273 1342 1363 1422 1483 1554 1580 1658 1710 1736 1788 1859 1933 1974 2009 2102 2124 2212 2231 2307 2348 2380 2470 2508 2583 2638 2653 2730 2807 2830 2871 2918 3020
7 14 59 137 212 255 283 326 424 484 529 540 642 688 710 799 836 881 940 984 1049 1092 1137 1209 1247 1304 1374 1439 1504 1525 1619 1662 1706 1745 1826 1870 1918 1974 2045 2085 2144 2187 2252 2288 2346 2380 2439 2533 2569 2629 2682 2721 2755 2859 2873 2934 2976
7 14 61 149 212 265 321 342 406 445 511 588 594 690 708 797 853 881 927 984 1047 1124 1179 1195 1278 1318 1351 1433 1461 1564 1577 1650 1713 1738 1795 1868 1936 1980 2026 2085 2138 2207 2252 2270 2346 2411 2446 2525 2572 2597 2650 2723 2779 2823 2915 2934 2990
7 14 61 159 215 258 311 341 406 463 538 578 622 697 726 804 844 882 948 979 1043 1112 1168 1200 1252 1310 1353 1404 1459 1538 1577 1629 1722 1764 1795 1850 1927 1977 2038 2096 2142 2200 2260 2270 2328 2421 2451 2512 2582 2615 2672 2705 2758 2831 2913 2934 2990
7 14 61 161 213 247 320 355 390 474 495 588 622 661 711 802 854 899 924 994 1029 1123 1174 1203 1294 1307 1367 1404 1480 1548 1577 1645 1713 1754 1811 1885 1915 1963 2026 2086 2125 2195 2218 2286 2352 2423 2431 2525 2571 2615 2685 2705 2801 2815 2904 2918 2990
7 14 63 122 199 246 310 342 385 454 509 542 611 692 715 763 813 895 927 1000 1032 1102 1138 1193 1289 1317 1392 1433 1484 1555 1593 1654 1674 1740 1822 1871 1900 1983 2048 2064 2154 2205 2235 2287 2368 2407 2463 2501 2591 2643 2684 2701 2806 2851 2912 2952 2997
7 14 63 150 187 268 275 355 429 469 533 542 629 668 705 784 819 912 941 976 1063 1093 1155 1233 1254 1302 1399 1423 1499 1536 1594 1673 1674 1771 1783 1847 1920 1964 2015 2086 2144 2201 2237 2286 2335 2381 2444 2534 2584 2632 2692 2708 2789 2840 2895 2946 2996
7 14 64 116 192 253 275 355 405 478 535 568 611 652 714 790 813 882 933 1023 1066 1096 1178 1238 1284 1349 1397 1406 1493 1542 1587 1627 1674 1742 1822 1862 1899 1980 2003 2052 2124 2193 2241 2316 2344 2419 2475 2508 2559 2620 2684 2713 2806 2851 2886 2955 2977
7 14 64 142 209 252 315 355 390 484 499 540 632 658 723 807 817 899 919 1016 1050 1101 1175 1221 1284 1328 1379 1452 1467 1542 1574 1623 1704 1777 1811 1863 1894 1964 2003 2066 2124 2213 2240 2270 2338 2427 2435 2508 2550 2632 2685 2727 2801 2854 2903 2934 2990
7 14 64 148 207 242 317 341 406 441 535 540 642 700 703 798 832 882 939 1005 1035 1086 1184 1232 1273 1339 1356 1442 1483 1554 1574 1637 1704 1742 1795 1873 1936 1980 2003 2063 2138 2211 2252 2286 2325 2429 2460 2508 2553 2619 2672 2740 2758 2843 2897 2918 2990
7 14 64 153 202 225 304 359 390 458 516 568 642 684 718 809 822 895 921 1006 1032 1094 1185 1231 1291 1340 1359 1442 1488 1525 1574 1621 1674 1770 1811 1888 1915 1963 2022 2074 2125 2210 2218 2270 2343 2418 2454 2489 2545 2619 2693 2740 2792 2842 2910 2934 2990
7 14 65 114 192 239 311 372 387 463 489 557 622 681 713 760 859 882 971 1023 1039 1119 1168 1196 1270 1310 1402 1439 1503 1558 1591 1629 1693 1773 1799 1858 1917 1946 2032 2052 2106 2165 2241 2300 2344 2413 2443 2523 2563 2635 2691 2741 2802 2814 2882 2955 3021
7 14 65 128 203 237 299 324 394 466 531 557 629 678 755 791 850 866 929 987 1070 1129 1138 1194 1288 1347 1364 1433 1471 1539 1591 1643 1693 1731 1792 1860 1937 1964 2032 2077 2154 2197 2257 2307 2331 2381 2482 2523 2539 2633 2673 2743 2781 2816 2869 2948 3021
4 14 67 113 184 258 289 340 381 455 498 571 622 649 726 782 831 864 925 1002 1036 1117 1139 1200 1259 1303 1377 1424 1508 1559 1575 1631 1676 1732 1834 1880 1923 1983 2024 2065 2142 2200 2259 2316 2373 2422 2464 2529 2565 2623 2687 2735 2791 2861 2913 2935 3012
4 14 67 117 196 261 297 359 409 465 498 542 642 684 715 809 861 864 945 1013 1032 1090 1146 1193 1289 1342 1371 1423 1509 1528 1608 1658 1706 1732 1817 1875 1913 1983 2024 2076 2123 2190 2256 2298 2343 2384 2452 2529 2545 2595 2692 2752 2755 2835 2912 2936 2978
7 14 67 128 212 217 275 324 381 476 533 542 613 690 753 797 837 880 929 984 1059 1093 1180 1217 1246 1349 1399 1433 1486 1524 1575 1627 1706 1745 1834 1860 1935 1980 2041 2089 2144 2186 2248 2316 2346 2381 2439 2510 2559 2627 2684 2731 2794 2816 2884 2935 3012
7 14 67 130 167 239 320 362 430 474 501 542 622 692 713 803 824 899 969 1025 1054 1106 1174 1196 1255 1307 1360 1424 1492 1516 1575 1645 1706 1775 1785 1837 1929 1962 2041 2073 2106 2165 2251 2287 2329 2402 2479 2510 2576 2623 2680 2735 2800 2839 2882 2965 3012
7 14 67 157 190 255 303 340 413 469 490 542 612 680 729 768 821 902 932 1018 1076 1131 1187 1213 1259 1336 1372 1452 1464 1559 1608 1642 1706 1741 1814 1881 1891 1944 2024 2058 2142 2168 2258 2288 2360 2406 2450 2529 2562 2644 2690 2703 2777 2813 2872 2946 2978
7 14 69 140 169 269 271 355 403 439 511 559 612 653 723 779 862 866 963 992 1068 1101 1180 1221 1266 1330 1401 1433 1496 1523 1614 1665 1722 1755 1797 1850 1894 1944 2008 2080 2144 2197 2227 2304 2333 2406 2470 2534 2569 2598 2655 2749 2796 2811 2903 2934 3014
4 14 69 148 163 229 277 362 392 437 512 559 622 655 747 803 832 864 939 1007 1063 1132 1157 1191 1254 1316 1389 1423 1501 1536 1614 1631 1722 1754 1808 1889 1931 1946 2008 2083 2138 2190 2223 2286 2366 2413 2481 2534 2566 2641 2659 2706 2758 2843 2895 2952 3014
7 14 73 130 173 268 276 342 401 469 532 542 642 658 743 772 855 899 969 996 1069 1114 1155 1197 1267 1301 1394 1442 1492 1516 1574 1673 1692 1765 1787 1863 1921 1977 2027 2092 2124 2163 2256 2268 2372 2377 2463 2497 2585 2632 2695 2727 2768 2839 2876 2946 2980
7 14 73 141 206 265 302 342 405 445 523 557 622 678 749 765 863 895 958 973 1041 1130 1163 1205 1267 1299 1362 1404 1481 1516 1577 1666 1676 1774 1822 1878 1899 1980 2027 2103 2124 2166 2241 2307 2357 2400 2436 2497 2580 2597 2698 2723 2791 2830 2906 2965 2977
7 14 73 152 196 229 313 359 417 481 510 542 622 690 747 780 861 881 953 993 1038 1121 1140 1191 1279 1312 1365 1404 1465 1558 1577 1668 1692 1732 1810 1868 1942 1964 2011 2105 2138 2190 2251 2316 2363 2385 2452 2513 2588 2597 2656 2723 2780 2809 2895 2955 2977
7 14 74 115 206 227 317 352 400 482 492 578 613 678 735 765 838 912 929 973 1067 1093 1144 1233 1294 1339 1399 1404 1485 1551 1607 1637 1693 1735 1786 1860 1920 1980 2051 2078 2108 2198 2265 2286 2357 2381 2476 2522 2553 2616 2672 2743 2767 2829 2865 2948 3004
7 14 74 152 169 266 273 359 382 443 538 558 613 671 718 761 836 866 953 992 1075 1094 1171 1231 1248 1341 1391 1404 1505 1519 1607 1653 1713 1767 1805 1868 1915 1974 2035 2080 2154 2170 2227 2300 2333 2385 2457 2537 2552 2616 2677 2743 2805 2809 2910 2934 3004
7 14 74 157 189 228 311 372 402 457 538 578 625 699 730 757 821 866 932 982 1070 1112 1177 1225 1249 1304 1353 1422 1506 1518 1600 1635 1693 1767 1825 1867 1901 1974 2035 2068 2142 2181 2264 2288 2348 2421 2437 2537 2573 2596 2678 2722 2777 2813 2909 2916 3011
7 14 75 128 215 219 293 352 379 465 526 542 612 697 743 804 850 880 929 979 1069 1110 1171 1197 1267 1346 1392 1404 1486 1524 1596 1632 1710 1749 1809 1841 1924 1977 2033 2098 2154 2212 2258 2307 2328 2399 2467 2488 2555 2638 2656 2714 2781 2816 2876 2936 3022
7 14 75 135 204 225 306 352 391 459 506 575 613 682 718 765 822 895 964 995 1041 1085 1142 1235 1267 1348 1403 1442 1479 1524 1617 1660 1676 1768 1827 1880 1939 1962 2033 2062 2154 2210 2219 2268 2353 2383 2454 2488 2580 2618 2649 2701 2787 2847 2906 2935 3000
7 14 75 150 190 243 313 340 423 441 510 542 613 692 741 763 821 912 949 1010 1079 1121 1184 1240 1264 1343 1365 1442 1483 1552 1617 1637 1710 1741 1796 1871 1893 1974 2002 2063 2138 2168 2248 2287 2368 2385 2450 2519 2544 2618 2695 2701 2759 2832 2899 2916 3000
4 14 76 113 174 227 296 359 386 482 494 571 596 681 735 778 856 864 971 997 1055 1132 1151 1191 1256 1321 1389 1452 1506 1561 1609 1630 1693 1748 1817 1858 1931 1974 2009 2095 2125 2198 2229 2286 2326 2413 2458 2489 2589 2616 2647 2741 2799 2815 2908 2955 3001
7 14 76 120 167 266 315 352 413 443 499 558 596 669 712 793 853 882 922 979 1065 1131 1171 1213 1250 1299 1379 1452 1486 1532 1609 1653 1706 1777 1791 1870 1891 1980 2003 2098 2106 2177 2258 2307 2375 2398 2477 2495 2590 2616 2689 2741 2769 2834 2889 2934 3001
7 14 76 135 192 257 317 352 418 446 535 571 611 649 754 782 843 899 964 994 1053 1133 1159 1224 1250 1312 1356 1442 1471 1532 1597 1664 1693 1742 1807 1880 1911 1964 2003 2055 2106 2163 2249 2316 2373 2383 2475 2495 2548 2600 2696 2735 2766 2847 2902 2918 3013
7 14 76 147 209 260 299 324 402 433 499 571 632 662 748 781 863 882 970 989 1039 1112 1160 1225 1263 1318 1395 1422 1485 1520 1597 1672 1693 1777 1823 1877 1901 1980 2003 2061 2135 2167 2264 2270 2365 2379 2435 2495 2542 2627 2681 2709 2775 2846 2890 2965 3013
7 14 76 153 189 237 281 342 413 466 505 571 642 698 755 772 862 892 951 998 1073 1126 1156 1195 1291 1320 1377 1406 1488 1525 1609 1624 1693 1736 1791 1848 1934 1944 2009 2103 2142 2197 2215 2307 2332 2414 2470 2489 2582 2633 2661 2724 2796 2811 2868 2934 3001
7 14 78 110 171 256 275 355 398 453 533 578 642 699 744 757 822 899 963 999 1060 1084 1170 1211 1251 1302 1399 1433 1511 1553 1570 1673 1674 1745 1811 1867 1900 1962 2041 2091 2108 2184 2222 2288 2348 2390 2480 2499 2583 2626 2693 2722 2792 2842 2893 2935 2982
7 14 78 113 193 267 273 359 398 462 527 540 622 688 728 780 854 895 971 995 1076 1119 1148 1214 1259 1328 1402 1452 1508 1559 1570 1666 1713 1737 1811 1858 1897 1946 2013 2056 2123 2161 2225 2288 2364 2413 2465 2529 2550 2614 2685 2734 2801 2815 2872 2935 2982
7 14 78 138 167 246 279 326 406 483 501 578 622 669 747 793 815 880 960 979 1078 1091 1135 1220 1283 1322 1400 1452 1493 1521 1570 1647 1674 1775 1803 1876 1927 1980 2041 2096 2138 2174 2260 2287 2375 2400 2479 2499 2578 2614 2654 2734 2765 2832 2865 2936 2982
7 14 79 114 165 240 315 355 385 443 515 557 596 691 744 770 831 882 924 985 1035 1084 1171 1211 1276 1299 1364 1404 1505 1556 1576 1653 1704 1750 1822 1883 1900 1983 2049 2080 2154 2200 2235 2304 2347 2425 2464 2485 2580 2642 2698 2717 2791 2861 2893 2935 2997
7 14 79 154 175 268 303 355 394 469 507 568 612 659 743 779 843 902 946 1021 1056 1104 1187 1203 1276 1336 1354 1439 1465 1556 1594 1642 1692 1758 1832 1857 1933 1964 2049 2057 2154 2163 2261 2268 2327 2389 2475 2485 2581 2632 2671 2708 2766 2847 2871 2918 2979
7 14 80 135 183 263 311 372 429 475 538 575 596 672 751 799 817 895 956 1006 1049 1125 1159 1202 1253 1304 1353 1404 1471 1532 1576 1635 1693 1764 1783 1848 1920 1964 2038 2055 2144 2166 2237 2298 2363 2409 2483 2492 2569 2608 2682 2750 2799 2856 2867 2934 2996
7 14 80 149 166 240 297 355 429 443 505 558 594 695 742 762 841 912 933 986 1079 1083 1166 1221 1278 1342 1363 1406 1461 1564 1576 1658 1710 1739 1783 1879 1912 1983 2006 2097 2125 2202 2245 2298 2371 2401 2453 2525 2545 2642 2692 2717 2789 2817 2883 2934 2996
7 14 80 161 185 246 281 342 428 454 505 575 622 682 747 765 859 912 925 1015 1067 1117 1167 1220 1294 1320 1377 1422 1480 1548 1593 1624 1693 1739 1799 1880 1901 1983 2006 2092 2138 2174 2239 2268 2353 2422 2434 2525 2553 2643 2691 2701 2802 2814 2865 2918 2979
7 14 81 141 166 250 296 341 411 433 494 571 622 654 711 804 852 880 939 986 1069 1132 1185 1229 1267 1305 1389 1442 1481 1516 1613 1647 1710 1739 1794 1889 1893 1946 2019 2082 2125 2191 2259 2268 2371 2413 2453 2497 2555 2637 2696 2707 2778 2850 2876 2965 3008
7 14 83 118 173 260 311 372 412 467 489 540 613 658 709 772 838 892 926 996 1073 1116 1164 1241 1291 1310 1402 1442 1482 1517 1617 1629 1693 1760 1786 1864 1911 1977 2043 2094 2123 2206 2254 2270 2372 2416 2468 2498 2582 2593 2672 2726 2767 2829 2868 2952 2992
7 14 83 155 199 256 322 340 379 453 489 558 596 660 744 776 860 892 961 1018 1037 1088 1187 1218 1247 1335 1391 1439 1464 1561 1589 1657 1674 1760 1809 1862 1924 1977 2043 2058 2154 2184 2258 2288 2350 2391 2441 2498 2546 2626 2674 2704 2764 2825 2885 2955 3022
4 14 84 160 213 266 316 352 383 443 530 557 642 681 718 760 837 864 955 1002 1051 1085 1166 1235 1257 1323 1357 1406 1461 1553 1609 1658 1713 1729 1793 1858 1939 1980 2034 2097 2125 2170 2228 2300 2344 2429 2456 2493 2551 2616 2667 2741 2762 2849 2906 2935 2993
7 14 86 128 202 224 285 372 408 446 536 542 629 684 737 809 833 880 926 1006 1033 1105 1159 1189 1288 1343 1360 1442 1471 1539 1569 1664 1694 1752 1796 1875 1941 1963 2010 2055 2106 2191 2237 2298 2343 2403 2473 2523 2544 2634 2695 2752 2759 2819 2907 2948 3016
7 14 86 152 178 255 310 324 391 469 509 542 632 662 710 781 836 881 953 1019 1039 1102 1187 1199 1270 1329 1392 1439 1465 1558 1569 1642 1694 1778 1813 1845 1895 1962 2010 2057 2154 2187 2263 2300 2365 2407 2439 2523 2542 2644 2669 2742 2805 2809 2882 2946 3016
7 14 87 122 175 227 295 352 431 482 537 571 594 671 739 767 813 866 927 1021 1046 1124 1151 1234 1255 1322 1351 1424 1502 1537 1607 1630 1692 1758 1819 1868 1896 1980 2021 2099 2154 2193 2220 2287 2327 2411 2475 2488 2546 2616 2687 2743 2806 2851 2890 2955 2991
7 14 87 128 207 221 271 372 402 439 537 557 612 700 749 798 815 866 926 1005 1041 1089 1180 1205 1267 1330 1375 1442 1486 1524 1588 1665 1706 1758 1825 1875 1940 1980 2021 2089 2135 2209 2226 2268 2325 2403 2443 2488 2547 2645 2678 2737 2777 2819 2906 2936 3011
7 14 87 151 163 255 315 352 420 484 515 557 632 655 710 803 820 899 965 1007 1054 1084 1175 1199 1255 1328 1364 1423 1473 1537 1588 1623 1706 1779 1807 1842 1913 1946 2021 2060 2154 2187 2246 2288 2366 2425 2456 2488 2576 2629 2658 2753 2804 2825 2882 2916 3011
7 14 90 111 211 225 314 341 381 458 493 568 625 659 752 779 853 912 931 986 1068 1117 1185 1200 1282 1330 1396 1424 1481 1545 1606 1621 1676 1734 1824 1857 1923 1980 2051 2082 2144 2177 2259 2268 2327 2404 2477 2506 2569 2619 2655 2708 2769 2834 2886 2934 3023
7 14 90 157 165 242 293 359 419 441 526 542 625 668 703 784 840 902 923 997 1072 1110 1151 1222 1249 1307 1392 1424 1506 1518 1606 1671 1704 1761 1785 1847 1898 1963 2020 2095 2154 2211 2229 2286 2335 2399 2452 2537 2576 2619 2680 2708 2800 2822 2907 2916 3023
7 14 91 150 192 221 322 340 390 485 489 588 622 649 749 782 815 866 949 994 1036 1094 1155 1231 1292 1335 1391 1442 1499 1536 1613 1657 1674 1773 1803 1871 1915 1964 2032 2086 2124 2209 2218 2300 2373 2385 2443 2496 2565 2599 2654 2745 2765 2832 2878 2952 2998
7 14 94 112 199 268 279 326 382 472 536 559 612 655 743 801 855 899 967 1000 1060 1123 1142 1203 1273 1321 1367 1442 1469 1535 1588 1648 1674 1740 1805 1842 1915 1974 2023 2072 2154 2163 2227 2286 2368 2423 2463 2528 2539 2629 2697 2753 2784 2822 2871 2948 3004
7 14 94 116 171 221 307 372 400 439 497 559 632 687 751 764 853 892 959 998 1037 1125 1178 1202 1265 1323 1382 1423 1493 1542 1588 1667 1674 1778 1786 1888 1920 1980 2023 2052 2108 2207 2265 2300 2349 2379 2446 2528 2558 2645 2659 2737 2779 2823 2867 2934 3004
7 14 94 118 178 267 302 326 431 462 497 540 625 673 703 770 837 892 938 1019 1035 1126 1148 1232 1273 1299 1387 1422 1463 1535 1600 1666 1694 1778 1819 1849 1896 1980 2023 2101 2154 2186 2220 2307 2365 2404 2439 2528 2580 2614 2698 2704 2794 2816 2897 2935 2991
4 14 96 117 215 257 274 352 383 446 519 542 632 692 705 803 850 864 944 978 1063 1109 1177 1233 1254 1308 1372 1422 1475 1562 1597 1646 1722 1749 1793 1837 1903 1964 2039 2099 2142 2212 2263 2287 2329 2427 2467 2509 2566 2600 2667 2735 2762 2836 2895 2948 2993
7 14 96 140 165 217 323 359 388 476 506 542 611 662 728 800 840 882 921 985 1043 1119 1180 1214 1292 1301 1386 1442 1496 1523 1597 1627 1722 1761 1787 1877 1897 1944 2039 2080 2135 2211 2235 2300 2347 2428 2452 2509 2585 2627 2695 2709 2768 2855 2872 2935 2993
7 14 97 130 193 222 322 324 428 485 527 575 622 653 748 767 811 866 948 1015 1046 1112 1155 1225 1255 1335 1353 1423 1492 1516 1614 1657 1692 1737 1792 1850 1901 1977 2013 2092 2144 2204 2239 2288 2345 2421 2465 2510 2546 2598 2674 2749 2780 2859 2890 2965 2986
4 14 97 142 182 227 303 355 427 456 490 575 613 674 735 796 856 864 919 983 1078 1109 1176 1233 1283 1317 1372 1452 1489 1521 1583 1661 1692 1741 1788 1863 1903 1983 2024 2075 2108 2198 2219 2287 2330 2427 2458 2499 2575 2642 2699 2710 2761 2854 2865 2946 3018
4 14 97 160 190 220 291 326 428 445 490 557 612 655 725 801 818 864 955 1010 1060 1120 1179 1230 1251 1347 1383 1433 1461 1553 1614 1650 1710 1741 1792 1889 1914 1983 2024 2085 2138 2171 2226 2288 2368 2397 2450 2499 2539 2641 2673 2706 2781 2849 2893 2965 2986
7 14 98 128 209 246 290 362 386 454 539 542 625 658 747 807 815 880 926 1016 1038 1132 1138 1191 1279 1336 1386 1452 1471 1539 1567 1654 1693 1734 1814 1864 1931 1964 2005 2077 2135 2174 2229 2268 2338 2416 2479 2531 2562 2643 2690 2726 2777 2819 2895 2952 3005
7 14 99 111 185 255 275 324 389 469 535 568 629 657 729 791 830 912 943 1015 1027 1096 1155 1198 1293 1302 1397 1442 1492 1534 1569 1673 1706 1733 1820 1851 1940 1962 2012 2092 2124 2168 2239 2288 2353 2419 2440 2515 2583 2644 2693 2742 2782 2821 2888 2918 3003
4 14 99 113 188 224 274 372 389 446 507 571 632 687 733 764 854 864 971 982 1037 1120 1177 1230 1247 1308 1383 1439 1506 1561 1569 1646 1704 1779 1820 1873 1914 1963 2029 2068 2123 2195 2264 2288 2349 2397 2431 2498 2558 2634 2675 2752 2801 2815 2885 2918 3003
4 14 99 118 163 266 303 340 419 456 507 568 613 694 718 763 837 864 938 1007 1032 1104 1176 1231 1291 1317 1354 1406 1482 1517 1599 1661 1706 1779 1834 1865 1904 1963 2029 2083 2154 2170 2223 2307 2366 2389 2456 2498 2591 2603 2684 2738 2794 2816 2910 2952 2973
4 14 101 118 183 257 314 326 428 440 493 568 629 652 705 778 850 864 938 1013 1055 1117 1164 1220 1256 1297 1396 1422 1482 1517 1610 1655 1693 1781 1792 1849 1901 1977 2004 2094 2144 2212 2239 2316 2356 2404 2467 2533 2589 2606 2673 2725 2781 2816 2908 2936 2986
7 14 101 129 172 224 315 355 387 473 499 558 629 660 737 784 852 902 952 980 1072 1131 1186 1189 1249 1328 1379 1422 1495 1565 1610 1623 1704 1733 1832 1840 1916 1946 2047 2091 2106 2191 2242 2288 2342 2398 2453 2490 2576 2606 2658 2725 2778 2850 2907 2965 2986
4 14 101 137 198 240 316 362 392 443 493 558 642 674 744 764 844 864 969 1024 1037 1114 1166 1218 1247 1323 1394 1424 1504 1525 1583 1658 1704 1781 1808 1863 1898 1977 2004 2054 2108 2200 2255 2304 2362 2377 2451 2533 2558 2642 2659 2710 2758 2831 2885 2934 3014
7 14 101 153 206 228 290 362 387 436 539 568 611 657 722 787 848 895 921 973 1049 1119 1156 1196 1247 1336 1386 1439 1488 1525 1610 1654 1693 1735 1832 1877 1917 1944 2004 2103 2108 2188 2241 2288 2357 2428 2476 2533 2581 2617 2671 2715 2766 2842 2873 2965 2986
7 14 103 154 171 258 283 355 408 463 529 578 613 656 742 796 822 892 946 998 1062 1083 1168 1221 1295 1337 1374 1439 1503 1519 1571 1629 1676 1745 1827 1857 1912 1963 2045 2052 2106 2184 2265 2316 2349 2389 2480 2490 2590 2615 2649 2711 2787 2847 2883 2934 2983
4 14 104 113 169 219 321 342 420 477 511 571 612 675 743 769 847 864 925 983 1051 1114 1148 1197 1285 1318 1351 1422 1508 1559 1578 1650 1713 1755 1823 1882 1921 1946 2008 2056 2154 2212 2238 2304 2342 2420 2470 2501 2542 2625 2681 2738 2775 2861 2876 2946 2994
7 14 107 111 189 220 273 362 422 445 538 588 625 664 725 807 830 892 943 998 1050 1088 1163 1218 1282 1328 1391 1404 1481 1545 1572 1666 1710 1767 1828 1879 1924 1946 2035 2103 2124 2171 2215 2288 2332 2391 2437 2506 2550 2641 2685 2748 2782 2821 2905 2934 2976
4 15 56 135 164 247 281 342 408 478 522 551 642 658 755 771 854 888 969 972 1073 1113 1145 1193 1277 1324 1395 1431 1493 1525 1567 1662 1689 1765 1791 1869 1942 1971 2021 2085 2155 2181 2256 2293 2372 2384 2471 2491 2582 2632 2665 2739 2758 2832 2879 2922 2991
7 15 56 148 209 268 304 349 416 474 499 551 618 666 736 785 863 882 962 988 1039 1131 1134 1196 1278 1306 1377 1410 1460 1549 1588 1653 1689 1763 1822 1840 1922 1993 2005 2102 2131 2165 2224 2296 2365 2399 2447 2507 2580 2622 2693 2709 2785 2829 2908 2965 2971
4 15 58 159 162 262 290 347 425 472 515 559 642 688 743 794 845 890 941 1022 1062 1098 1172 1216 1287 1299 1359 1453 1490 1520 1619 1621 1680 1770 1818 1880 1933 1959 2050 2061 2131 2171 2230 2280 2324 2380 2463 2519 2560 2623 2653 2720 2768 2837 2875 2943 2987
7 15 60 116 207 226 272 337 395 465 523 559 600 699 748 788 839 888 922 1006 1064 1099 1176 1218 1243 1346 1390 1452 1488 1533 1580 1620 1723 1764 1829 1860 1943 1971 2021 2104 2117 2201 2219 2296 2330 2420 2442 2487 2548 2627 2662 2728 2798 2827 2902 2941 3006
7 15 60 147 164 239 315 334 425 483 522 559 642 680 706 799 830 889 964 1022 1055 1108 1165 1207 1264 1329 1363 1410 1497 1513 1580 1628 1723 1765 1800 1847 1933 1970 2021 2061 2120 2204 2230 2293 2322 2418 2471 2487 2590 2620 2651 2735 2807 2840 2871 2944 3006
7 15 61 121 212 245 309 342 430 473 524 588 605 685 720 797 857 870 925 972 1070 1100 1145 1197 1265 1326 1351 1453 1493 1539 1612 1667 1701 1738 1787 1859 1920 1959 2031 2085 2133 2203 2256 2293 2324 2379 2445 2535 2558 2604 2699 2737 2772 2845 2866 2942 3004
4 15 61 142 163 269 284 342 415 449 495 565 619 677 722 765 856 878 951 975 1030 1082 1169 1228 1265 1339 1400 1429 1472 1539 1600 1668 1722 1766 1795 1878 1927 1950 2031 2058 2133 2191 2237 2317 2343 2376 2470 2535 2556 2597 2676 2752 2796 2819 2907 2928 3016
4 15 61 158 175 257 274 337 383 461 508 565 605 670 748 759 843 890 920 1008 1027 1099 1177 1218 1280 1304 1394 1453 1474 1522 1612 1639 1722 1756 1834 1874 1943 1964 2049 2099 2112 2171 2232 2294 2329 2417 2465 2517 2559 2604 2677 2737 2797 2808 2902 2941 3004
4 15 62 108 168 228 309 349 401 473 487 564 605 695 747 773 848 870 968 986 1031 1111 1145 1196 1294 1326 1388 1431 1491 1554 1585 1667 1694 1731 1826 1852 1941 1969 2020 2087 2155 2197 2243 2283 2358 2386 2452 2515 2591 2621 2667 2744 2795 2810 2896 2965 2974
7 15 62 114 162 257 303 347 422 444 538 559 605 663 748 766 845 913 954 974 1064 1133 1170 1218 1243 1303 1355 1431 1481 1515 1585 1666 1700 1770 1806 1883 1910 1971 2029 2089 2112 2171 2254 2316 2372 2393 2463 2506 2570 2621 2697 2744 2782 2822 2902 2931 2974
7 15 63 145 179 244 287 350 417 455 529 563 608 681 737 808 817 912 955 1025 1068 1121 1178 1199 1242 1304 1378 1410 1499 1514 1598 1624 1686 1775 1783 1881 1936 1964 2014 2072 2132 2174 2246 2294 2327 2389 2466 2534 2568 2643 2668 2708 2757 2831 2895 2966 3009
4 15 64 126 200 222 323 372 378 468 516 566 620 699 724 764 831 875 922 982 1071 1120 1181 1225 1255 1300 1371 1419 1502 1540 1601 1638 1723 1767 1825 1860 1892 1950 2044 2067 2131 2163 2264 2288 2354 2420 2431 2527 2572 2605 2698 2728 2784 2817 2899 2941 3003
7 15 64 161 198 267 287 334 378 455 514 589 608 655 734 759 844 912 935 1010 1027 1095 1178 1198 1281 1304 1393 1430 1479 1542 1601 1624 1702 1741 1825 1872 1940 1970 2040 2092 2112 2168 2216 2288 2344 2423 2475 2531 2559 2620 2677 2714 2806 2813 2901 2941 3003
4 15 66 108 165 269 277 349 381 437 537 546 618 691 733 785 851 888 968 981 1067 1118 1186 1227 1253 1341 1381 1431 1501 1544 1602 1654 1722 1751 1805 1852 1891 1956 2027 2082 2120 2181 2236 2317 2340 2386 2474 2520 2551 2609 2684 2748 2792 2810 2909 2936 2976
7 15 66 139 204 253 311 348 395 469 496 546 613 669 742 765 860 878 957 1024 1030 1110 1179 1209 1265 1324 1396 1453 1466 1563 1573 1633 1722 1760 1829 1837 1943 1971 2034 2086 2117 2162 2219 2293 2352 2416 2430 2513 2556 2614 2691 2703 2770 2818 2907 2944 3006
7 15 66 152 203 217 312 334 425 453 518 546 643 684 740 802 841 889 958 1001 1034 1130 1143 1198 1293 1348 1350 1424 1462 1535 1573 1650 1722 1739 1800 1874 1905 1959 2034 2070 2131 2199 2257 2296 2335 2378 2476 2513 2572 2595 2651 2722 2807 2829 2894 2941 3006
7 15 68 109 202 228 302 347 395 473 486 588 643 652 747 779 832 890 939 992 1077 1132 1180 1221 1274 1330 1392 1410 1498 1550 1610 1631 1694 1730 1818 1845 1895 1971 2048 2083 2117 2197 2267 2283 2366 2406 2468 2494 2566 2621 2660 2719 2761 2811 2870 2942 3018
4 15 68 115 195 224 310 334 414 436 488 588 600 689 723 803 862 889 963 1007 1065 1101 1157 1191 1280 1316 1387 1453 1510 1543 1610 1665 1694 1728 1800 1849 1896 1972 2048 2080 2130 2190 2228 2294 2333 2413 2473 2494 2569 2610 2699 2729 2759 2843 2863 2931 3018
7 15 68 148 163 257 277 349 414 444 517 559 643 657 713 786 841 875 962 975 1068 1107 1170 1222 1242 1329 1401 1410 1496 1514 1610 1666 1722 1766 1800 1840 1903 1969 2008 2074 2133 2206 2221 2294 2343 2399 2470 2534 2590 2621 2651 2719 2807 2829 2895 2931 3018
4 15 71 118 179 219 279 347 422 433 500 566 619 700 724 790 824 913 951 1025 1071 1082 1173 1225 1255 1327 1400 1424 1505 1553 1575 1659 1686 1775 1806 1878 1930 1950 2041 2083 2132 2167 2235 2283 2327 2376 2466 2514 2546 2613 2697 2730 2782 2844 2899 2965 2974
7 15 71 154 212 267 305 347 408 460 533 551 642 688 710 794 849 870 949 972 1062 1084 1168 1221 1255 1302 1368 1419 1469 1553 1570 1634 1702 1744 1804 1857 1942 1993 2041 2085 2132 2192 2256 2288 2324 2429 2439 2514 2560 2615 2649 2745 2755 2849 2908 2942 2978
4 15 71 158 208 244 315 373 399 483 498 566 642 668 715 809 843 889 920 1012 1044 1101 1165 1195 1289 1329 1386 1419 1468 1527 1570 1628 1686 1769 1813 1876 1893 1969 2028 2090 2112 2195 2215 2294 2353 2414 2440 2529 2543 2615 2698 2745 2797 2808 2898 2936 2978
7 15 73 109 209 244 303 347 380 483 491 566 620 666 737 785 817 912 939 988 1067 1122 1165 1220 1288 1341 1402 1410 1497 1551 1611 1628 1700 1746 1820 1845 1890 1993 2051 2061 2120 2174 2264 2280 2365 2406 2466 2516 2551 2615 2684 2704 2776 2811 2873 2936 3011
4 15 73 143 203 216 308 373 382 482 525 566 605 684 744 802 845 887 925 1001 1059 1100 1150 1217 1247 1327 1351 1424 1506 1529 1607 1630 1700 1774 1806 1859 1898 1959 2030 2095 2154 2193 2233 2274 2335 2379 2440 2537 2546 2594 2697 2738 2782 2822 2914 2943 3015
7 15 73 149 197 266 322 337 401 432 491 564 605 670 712 759 853 912 931 986 1027 1087 1166 1219 1281 1325 1383 1424 1469 1558 1607 1663 1702 1746 1786 1873 1941 1993 2051 2087 2130 2176 2243 2295 2329 2421 2477 2516 2559 2594 2655 2738 2773 2838 2901 2922 3015
4 15 73 160 200 238 311 372 401 469 532 566 613 698 709 771 831 878 960 1004 1073 1114 1179 1202 1260 1324 1361 1416 1492 1517 1607 1633 1700 1767 1786 1836 1918 1969 2030 2059 2155 2163 2265 2295 2332 2409 2431 2537 2582 2630 2665 2702 2763 2839 2898 2922 3015
4 15 74 112 185 253 298 349 416 469 503 546 608 661 704 791 830 882 935 1023 1058 1095 1179 1238 1284 1337 1393 1416 1492 1564 1569 1633 1699 1732 1822 1872 1899 1970 2007 2059 2155 2200 2247 2316 2350 2423 2474 2515 2549 2614 2693 2707 2785 2861 2862 2944 2971
7 15 75 135 201 266 299 373 390 432 506 564 642 668 717 809 842 875 941 1018 1044 1098 1166 1231 1277 1348 1359 1429 1493 1525 1604 1663 1701 1729 1827 1880 1919 1959 2001 2062 2125 2170 2255 2296 2353 2380 2469 2491 2543 2594 2681 2741 2762 2859 2910 2922 3007
7 15 75 155 192 260 309 342 423 452 487 564 618 648 725 789 828 878 934 1024 1060 1111 1187 1239 1256 1342 1388 1452 1476 1547 1604 1651 1701 1749 1795 1886 1897 1956 2001 2056 2155 2164 2249 2274 2364 2386 2438 2491 2549 2633 2689 2702 2783 2853 2890 2944 3007
7 15 81 150 184 254 317 337 422 441 521 551 613 693 741 769 831 912 970 1010 1067 1133 1184 1218 1253 1339 1368 1431 1458 1544 1617 1636 1700 1735 1786 1870 1910 1950 2012 2053 2132 2161 2254 2317 2359 2381 2432 2520 2567 2624 2665 2708 2763 2839 2909 2941 2993
4 15 82 129 179 250 320 350 423 465 500 563 619 678 730 776 817 870 919 977 1070 1111 1176 1239 1246 1298 1360 1452 1488 1521 1608 1620 1701 1775 1819 1875 1897 1993 2041 2104 2117 2174 2249 2283 2375 2415 2466 2503 2579 2602 2685 2747 2776 2811 2885 2936 2982
7 15 83 136 168 218 308 348 383 482 487 565 605 682 742 784 847 887 959 1008 1049 1110 1150 1209 1246 1327 1389 1452 1502 1530 1609 1630 1723 1731 1816 1847 1943 1950 2020 2099 2125 2198 2232 2283 2336 2422 2452 2493 2589 2592 2654 2733 2800 2821 2907 2944 3023
7 15 84 141 165 250 272 373 379 465 526 563 600 676 715 800 861 888 963 981 1073 1101 1176 1195 1260 1346 1387 1416 1511 1517 1613 1620 1689 1772 1821 1849 1893 1972 2019 2082 2154 2188 2236 2295 2340 2413 2453 2537 2554 2602 2656 2742 2786 2816 2898 2936 3010
7 15 84 143 164 228 274 372 416 461 530 563 605 680 747 799 832 890 932 1022 1078 1131 1177 1196 1247 1304 1373 1410 1506 1529 1613 1639 1689 1768 1783 1871 1922 1970 2019 2067 2155 2197 2224 2288 2322 2404 2468 2537 2568 2634 2668 2711 2757 2815 2896 2943 3010
4 15 85 121 174 218 322 350 417 432 519 546 605 691 742 774 832 912 954 1014 1030 1133 1166 1209 1265 1325 1355 1429 1493 1539 1576 1663 1689 1773 1783 1883 1921 1971 2006 2062 2125 2198 2260 2317 2351 2393 2467 2535 2547 2642 2668 2716 2757 2815 2907 2942 3009
4 15 85 160 206 259 282 372 417 479 513 554 618 650 731 794 819 890 960 992 1062 1090 1152 1229 1287 1302 1384 1416 1463 1545 1576 1656 1680 1751 1783 1836 1936 1964 2049 2105 2132 2179 2246 2317 2363 2409 2433 2492 2560 2607 2649 2750 2775 2839 2875 2942 3009
7 15 86 129 177 267 310 334 419 455 488 563 620 683 710 773 849 870 921 1016 1031 1116 1138 1233 1294 1316 1387 1419 1467 1541 1601 1665 1694 1778 1828 1843 1902 1970 1998 2070 2154 2192 2244 2296 2369 2398 2439 2528 2591 2620 2678 2714 2794 2809 2896 2966 2980
4 15 86 141 202 222 284 372 424 468 536 563 608 671 705 760 847 888 926 992 1035 1118 1152 1189 1272 1339 1360 1430 1463 1564 1601 1668 1694 1730 1824 1887 1929 1950 1998 2105 2117 2183 2246 2317 2366 2408 2468 2528 2556 2605 2676 2728 2767 2855 2883 2944 2980
4 15 87 108 193 239 305 350 390 460 502 564 642 686 706 757 851 870 968 1018 1047 1123 1168 1207 1272 1302 1397 1430 1491 1554 1574 1634 1699 1781 1819 1846 1919 1964 2003 2062 2120 2204 2255 2317 2362 2392 2450 2536 2541 2643 2669 2732 2792 2810 2871 2928 3016
7 15 87 116 197 225 300 337 415 471 539 564 620 675 752 791 853 882 922 979 1058 1120 1135 1190 1284 1342 1371 1452 1480 1541 1574 1660 1699 1746 1795 1860 1927 1950 2003 2054 2133 2176 2237 2280 2336 2420 2477 2536 2549 2624 2689 2751 2783 2827 2862 2966 3016
7 15 87 128 183 245 302 342 410 473 528 564 643 670 745 763 814 890 958 973 1061 1130 1180 1204 1260 1330 1350 1416 1489 1565 1612 1631 1699 1758 1833 1874 1899 1959 2050 2091 2112 2179 2253 2295 2325 2378 2438 2489 2552 2604 2675 2737 2777 2854 2910 2965 2977
7 15 87 140 209 238 289 350 410 470 539 563 605 676 705 774 824 882 929 988 1035 1119 1136 1189 1272 1340 1380 1453 1458 1554 1612 1661 1700 1746 1833 1877 1928 1950 2003 2102 2120 2167 2224 2295 2365 2422 2466 2536 2542 2629 2670 2713 2782 2844 2883 2965 2977
7 15 88 110 206 245 277 372 378 444 537 554 643 678 745 809 819 875 919 1013 1044 1089 1170 1204 1277 1329 1381 1431 1481 1519 1577 1666 1701 1751 1825 1875 1940 1970 2027 2089 2112 2179 2216 2293 2342 2415 2433 2498 2543 2634 2698 2747 2784 2830 2910 2936 3003
7 15 91 140 215 217 274 337 423 453 530 563 619 683 740 804 856 882 953 977 1042 1131 1163 1219 1292 1314 1373 1430 1501 1512 1589 1629 1722 1748 1795 1850 1897 1956 2039 2104 2155 2199 2249 2296 2339 2404 2461 2486 2582 2595 2676 2707 2796 2819 2872 2922 3007
7 15 91 161 195 237 279 334 390 433 536 588 619 661 711 784 862 913 935 983 1049 1123 1173 1207 1286 1327 1366 1430 1489 1532 1589 1659 1699 1728 1827 1872 1919 1959 2000 2098 2125 2190 2255 2274 2357 2423 2473 2526 2589 2595 2654 2707 2788 2813 2866 2944 3007
7 15 92 130 172 259 323 372 429 479 516 564 605 648 720 799 823 889 956 1007 1055 1124 1169 1192 1264 1300 1371 1429 1465 1515 1576 1638 1723 1774 1790 1838 1913 1964 2038 2065 2133 2189 2243 2274 2355 2417 2472 2485 2590 2607 2681 2750 2800 2846 2871 2931 3002
7 15 92 137 203 244 289 350 393 455 516 589 600 693 715 793 843 889 970 1001 1048 1097 1138 1223 1245 1336 1403 1419 1467 1533 1598 1665 1700 1774 1832 1870 1937 1964 2038 2070 2154 2195 2257 2280 2335 2381 2440 2485 2576 2643 2648 2708 2754 2852 2869 2941 2979
7 15 93 115 168 256 278 348 388 476 506 565 608 665 704 804 847 912 952 986 1042 1122 1157 1188 1252 1314 1379 1429 1510 1543 1597 1624 1694 1731 1824 1841 1923 1972 1999 2080 2155 2198 2250 2280 2358 2428 2452 2524 2582 2612 2676 2753 2767 2855 2913 2922 3017
4 15 93 116 212 233 277 372 388 437 517 559 618 688 738 794 853 888 922 972 1048 1107 1186 1202 1245 1341 1401 1419 1488 1533 1597 1654 1701 1738 1824 1880 1924 1993 2037 2094 2133 2207 2248 2280 2324 2399 2445 2485 2575 2645 2659 2720 2783 2827 2869 2922 3017
7 15 94 110 195 220 284 372 401 449 536 551 619 694 736 798 840 878 919 1007 1039 1111 1169 1196 1278 1339 1360 1431 1465 1534 1587 1668 1694 1728 1786 1875 1941 1993 2000 2065 2130 2212 2243 2274 2333 2415 2473 2523 2567 2645 2665 2731 2763 2830 2908 2943 3015
7 15 94 150 174 267 276 373 409 460 507 551 600 666 734 800 844 912 948 1014 1042 1081 1168 1226 1292 1331 1353 1430 1491 1512 1611 1634 1694 1764 1835 1845 1929 1969 2036 2062 2120 2168 2260 2296 2351 2397 2475 2486 2585 2615 2664 2704 2759 2860 2872 2942 2990
7 15 96 145 208 234 297 348 383 436 520 588 643 649 745 795 823 887 940 1003 1036 1115 1178 1235 1292 1347 1364 1430 1499 1514 1596 1644 1686 1739 1816 1839 1907 1964 2032 2072 2112 2189 2267 2296 2362 2383 2472 2484 2570 2600 2654 2721 2800 2846 2877 2931 3023
7 15 96 148 175 223 311 348 399 477 496 551 608 665 734 804 833 882 938 979 1042 1119 1170 1226 1292 1324 1396 1431 1496 1514 1618 1633 1722 1762 1791 1889 1891 1969 2032 2074 2112 2211 2217 2295 2358 2407 2458 2484 2582 2626 2665 2705 2758 2854 2872 2966 3000
7 15 97 118 183 220 314 349 387 485 490 589 619 655 736 778 852 890 953 973 1062 1131 1164 1196 1255 1336 1373 1419 1505 1553 1614 1641 1680 1737 1832 1850 1922 1956 2017 2091 2130 2212 2253 2288 2325 2404 2460 2514 2576 2609 2648 2736 2754 2842 2908 2965 2985
7 15 97 129 172 269 315 334 428 437 498 546 619 661 722 784 850 887 921 1005 1049 1117 1186 1228 1246 1303 1386 1419 1488 1521 1614 1654 1723 1769 1792 1843 1892 1971 2028 2094 2133 2191 2214 2316 2357 2398 2476 2503 2589 2609 2679 2736 2793 2809 2907 2936 2985
7 15 97 131 208 216 306 350 395 434 498 589 642 686 744 757 845 887 969 1003 1047 1113 1174 1240 1251 1318 1395 1424 1503 1516 1582 1658 1680 1769 1818 1869 1895 1971 2028 2072 2117 2193 2267 2294 2362 2384 2440 2503 2541 2642 2653 2710 2768 2837 2892 2931 3018
4 15 97 137 198 248 316 334 414 471 527 589 613 650 753 797 844 889 960 994 1070 1114 1135 1215 1246 1326 1361 1452 1480 1521 1582 1660 1680 1741 1800 1836 1903 1969 2028 2054 2133 2168 2221 2283 2360 2409 2475 2503 2558 2601 2699 2750 2759 2860 2885 2942 3018
7 15 97 144 192 254 292 347 395 464 490 546 613 648 741 789 813 890 956 1024 1037 1099 1142 1218 1283 1323 1394 1452 1504 1524 1582 1672 1723 1737 1818 1838 1943 1956 2017 2086 2132 2161 2219 2294 2364 2417 2451 2514 2573 2601 2660 2750 2761 2831 2909 2931 3018
7 15 100 126 175 248 270 348 431 441 518 551 620 651 710 778 833 890 927 1008 1062 1132 1150 1221 1255 1298 1392 1424 1502 1540 1606 1671 1680 1762 1803 1858 1895 1993 2009 2099 2154 2211 2232 2283 2329 2406 2458 2527 2576 2631 2688 2701 2799 2812 2908 2941 3001
7 15 100 151 204 256 297 348 379 476 520 546 618 653 739 790 860 913 965 1002 1071 1086 1138 1210 1255 1347 1364 1419 1477 1540 1597 1644 1686 1760 1821 1854 1893 1972 2009 2060 2154 2162 2236 2288 2374 2412 2430 2527 2546 2612 2679 2753 2764 2824 2899 2943 3010
4 15 100 153 162 237 282 372 398 435 520 551 613 658 711 771 862 913 926 974 1069 1102 1156 1192 1271 1331 1377 1430 1495 1524 1606 1627 1680 1760 1835 1869 1934 1972 2009 2089 2131 2190 2254 2293 2372 2427 2473 2527 2585 2593 2664 2739 2759 2843 2880 2931 3001
4 15 104 136 163 236 321 342 420 476 517 565 643 670 755 763 856 887 931 993 1061 1113 1138 1193 1289 1323 1358 1419 1477 1555 1568 1644 1702 1766 1815 1873 1942 1956 2008 2060 2154 2191 2245 2294 2325 2421 2470 2500 2552 2633 2682 2738 2765 2851 2879 2922 2970
4 15 106 120 182 217 305 347 378 435 502 554 643 652 740 779 856 882 947 1013 1077 1095 1156 1198 1250 1309 1397 1430 1495 1557 1596 1627 1702 1781 1815 1855 1940 1950 2003 2089 2131 2199 2216 2316 2366 2419 2461 2519 2566 2613 2682 2709 2765 2851 2894 2928 3013
7 15 106 139 197 234 289 348 411 436 539 554 620 651 731 778 825 870 957 986 1062 1126 1157 1229 1287 1336 1380 1453 1510 1520 1596 1665 1702 1746 1782 1837 1900 1964 2003 2080 2130 2203 2250 2280 2329 2416 2477 2519 2576 2600 2648 2721 2804 2818 2875 2965 3013
7 15 106 159 193 218 317 348 399 482 502 566 642 659 739 798 854 882 946 1012 1039 1086 1144 1210 1287 1339 1385 1416 1490 1520 1609 1636 1689 1781 1791 1871 1893 1950 2003 2090 2130 2200 2215 2317 2368 2390 2450 2519 2567 2592 2665 2733 2758 2832 2899 2943 3000
4 15 107 118 165 223 307 347 425 477 526 589 600 677 734 777 838 890 951 990 1027 1130 1147 1198 1281 1318 1352 1424 1500 1558 1571 1657 1722 1772 1818 1878 1905 1970 2019 2081 2120 2211 2257 2295 2331 2376 2453 2516 2541 2626 2653 2752 2768 2844 2901 2928 2987
7 16 56 154 184 226 317 330 408 441 521 551 646 688 710 777 823 883 937 976 1049 1084 1162 1237 1280 1319 1367 1420 1510 1521 1566 1648 1688 1743 1820 1842 1938 1979 2024 2052 2132 2162 2259 2299 2354 2429 2458 2520 2588 2629 2665 2740 2787 2854 2905 2960 3012
7 16 57 116 166 218 307 330 418 444 515 583 607 683 713 804 852 916 953 1025 1053 1080 1178 1224 1271 1314 1391 1430 1505 1563 1589 1653 1695 1776 1804 1862 1929 1956 2043 2071 2137 2168 2220 2284 2338 2379 2479 2485 2562 2620 2696 2715 2777 2848 2872 2950 3002
4 16 57 154 203 266 319 330 392 455 534 560 627 687 726 793 843 875 937 975 1036 1096 1172 1235 1271 1303 1355 1420 1467 1563 1598 1663 1718 1758 1811 1842 1925 1996 2043 2087 2137 2179 2240 2295 2322 2429 2468 2485 2549 2613 2648 2741 2767 2854 2889 2930 2992
7 16 59 120 210 239 317 330 378 482 501 583 624 652 740 757 818 897 946 1002 1077 1104 1153 1222 1288 1322 1385 1416 1491 1556 1607 1645 1688 1733 1819 1859 1893 1996 2051 2089 2121 2202 2255 2289 2367 2391 2479 2504 2567 2613 2656 2732 2765 2810 2871 2943 3010
7 16 61 122 201 246 298 338 401 477 495 592 601 701 739 775 813 894 954 1013 1070 1103 1138 1207 1255 1347 1376 1447 1481 1539 1616 1621 1701 1764 1821 1853 1940 1958 2009 2084 2126 2201 2236 2302 2328 2423 2430 2486 2584 2640 2655 2705 2789 2834 2895 2928 3013
7 16 61 130 189 224 270 338 383 467 522 565 605 698 748 774 811 877 950 1019 1058 1085 1159 1208 1255 1337 1389 1437 1473 1539 1609 1623 1726 1738 1830 1858 1943 1976 2009 2088 2126 2211 2231 2311 2346 2417 2459 2486 2576 2631 2677 2723 2800 2812 2907 2923 3020
7 16 61 134 184 250 314 354 426 440 498 592 605 669 705 797 846 883 942 976 1065 1117 1185 1229 1278 1315 1382 1437 1487 1522 1609 1667 1701 1756 1787 1886 1920 1960 2000 2052 2119 2185 2259 2275 2354 2394 2444 2495 2544 2631 2699 2723 2771 2857 2862 2960 3020
7 16 61 147 176 261 302 336 416 462 498 565 601 664 703 804 842 883 924 997 1053 1126 1175 1239 1252 1314 1394 1447 1458 1548 1616 1658 1726 1756 1806 1889 1898 1960 2000 2054 2137 2164 2250 2280 2358 2395 2452 2495 2562 2640 2696 2705 2775 2850 2891 2950 3013
4 16 61 152 162 237 296 343 426 482 495 565 627 682 734 781 816 894 964 1014 1041 1081 1153 1192 1270 1343 1378 1416 1491 1524 1609 1645 1726 1764 1787 1845 1935 1958 2009 2089 2121 2200 2245 2275 2325 2427 2470 2486 2574 2615 2663 2739 2807 2828 2884 2960 3020
7 16 62 111 195 223 323 357 381 481 504 583 624 698 713 780 838 883 950 1010 1053 1119 1182 1224 1271 1312 1356 1420 1504 1513 1605 1625 1726 1772 1808 1858 1890 1956 2044 2082 2119 2162 2255 2295 2340 2417 2442 2535 2585 2635 2683 2723 2769 2831 2872 2923 3005
4 16 62 161 171 266 274 343 381 453 487 592 609 656 720 758 857 897 923 1009 1039 1109 1174 1225 1286 1318 1395 1435 1464 1531 1605 1652 1718 1757 1808 1885 1931 1958 2049 2091 2117 2184 2214 2295 2333 2424 2457 2531 2566 2615 2661 2743 2790 2825 2895 2923 3005
7 16 63 116 180 256 285 349 380 438 533 583 627 689 734 786 833 916 953 1005 1071 1094 1154 1210 1243 1300 1385 1411 1505 1563 1603 1673 1686 1752 1790 1839 1918 1965 2026 2096 2121 2182 2227 2299 2360 2401 2480 2514 2586 2632 2695 2700 2797 2848 2866 2930 2980
7 16 63 158 207 244 316 343 378 444 537 583 624 697 716 761 842 889 941 1002 1043 1114 1166 1212 1289 1315 1359 1418 1477 1536 1577 1665 1686 1729 1822 1878 1893 1960 2028 2089 2158 2183 2255 2275 2370 2415 2433 2512 2591 2594 2652 2708 2795 2830 2898 2950 3007
7 16 64 140 166 217 308 338 417 483 528 553 637 695 706 792 840 916 936 1025 1041 1100 1180 1219 1270 1330 1373 1416 1503 1524 1576 1629 1705 1777 1782 1861 1930 1971 2006 2071 2126 2205 2220 2275 2338 2426 2478 2486 2563 2621 2649 2727 2796 2847 2884 2950 3007
4 16 64 152 185 219 318 338 405 473 535 570 627 688 727 788 819 889 937 1022 1048 1096 1171 1223 1270 1341 1355 1411 1491 1524 1603 1650 1688 1770 1812 1842 1937 1996 2006 2070 2126 2195 2239 2280 2343 2429 2469 2486 2542 2592 2647 2740 2805 2856 2876 2960 2979
4 16 67 129 172 220 314 349 381 485 498 592 609 674 750 785 852 871 968 1009 1027 1117 1140 1217 1246 1342 1382 1447 1499 1543 1602 1640 1705 1730 1817 1861 1931 1956 2027 2091 2119 2209 2214 2289 2332 2394 2437 2507 2589 2608 2655 2748 2793 2832 2908 2950 2995
4 16 67 153 206 240 280 336 413 459 488 592 637 701 752 762 848 875 966 1018 1066 1122 1162 1211 1274 1332 1358 1420 1459 1516 1602 1630 1705 1741 1785 1841 1928 1951 2027 2103 2132 2179 2223 2302 2341 2425 2463 2507 2578 2639 2646 2717 2796 2839 2883 2937 2995
4 16 71 139 171 262 285 349 419 451 533 555 646 650 711 764 811 897 940 1009 1068 1104 1140 1222 1265 1300 1385 1418 1499 1533 1599 1673 1686 1755 1813 1865 1893 1976 2023 2091 2149 2211 2214 2289 2333 2391 2459 2534 2587 2637 2694 2713 2800 2812 2901 2923 3008
7 16 71 143 202 261 312 357 422 480 508 555 601 648 703 793 832 907 943 978 1036 1088 1139 1239 1269 1303 1388 1425 1475 1559 1604 1670 1686 1749 1795 1839 1936 1971 2048 2105 2137 2164 2234 2320 2362 2411 2462 2509 2549 2622 2648 2742 2782 2823 2891 2930 3003
7 16 71 146 178 244 279 367 408 434 512 555 607 667 724 762 835 894 927 977 1066 1081 1142 1192 1264 1332 1378 1456 1501 1535 1599 1631 1686 1775 1824 1882 1935 1979 2023 2101 2132 2175 2262 2275 2375 2427 2466 2534 2578 2604 2646 2745 2757 2844 2894 2937 3008
7 16 71 150 191 216 305 367 422 435 533 551 614 693 741 760 821 897 967 1023 1057 1133 1168 1194 1264 1310 1367 1411 1497 1535 1604 1646 1690 1755 1795 1884 1909 1976 2023 2060 2132 2197 2260 2320 2323 2381 2439 2534 2560 2634 2675 2730 2756 2816 2903 2930 3003
7 16 72 108 211 217 317 336 390 461 501 555 614 686 706 779 840 916 921 980 1047 1094 1144 1210 1282 1319 1385 1416 1495 1551 1613 1648 1681 1733 1815 1871 1918 1979 2051 2062 2149 2205 2216 2299 2364 2401 2478 2490 2588 2643 2665 2709 2792 2851 2894 2943 3015
7 16 72 129 210 218 305 367 429 460 501 547 624 685 713 798 852 916 968 1017 1026 1106 1156 1198 1281 1320 1397 1430 1490 1552 1611 1635 1690 1733 1791 1855 1919 1979 2051 2055 2119 2168 2215 2289 2352 2400 2479 2490 2541 2604 2682 2733 2793 2832 2899 2928 3017
7 16 72 144 197 234 318 336 386 470 491 547 620 675 752 778 837 897 929 997 1057 1122 1175 1211 1282 1341 1399 1435 1458 1551 1611 1650 1690 1745 1833 1838 1928 1996 2051 2054 2149 2184 2250 2280 2337 2384 2477 2490 2542 2625 2647 2713 2783 2818 2883 2937 3017
7 16 75 118 178 266 304 330 423 455 510 553 609 654 720 775 837 894 955 977 1070 1121 1176 1225 1255 1304 1353 1437 1466 1514 1598 1659 1701 1763 1783 1875 1920 1996 2013 2101 2117 2184 2262 2311 2375 2376 2477 2513 2584 2613 2697 2741 2783 2818 2895 2937 2974
7 16 75 124 172 239 302 376 379 482 498 565 609 687 740 756 859 875 971 982 1029 1126 1158 1197 1267 1333 1394 1437 1506 1547 1598 1639 1688 1730 1827 1842 1941 1951 2027 2079 2137 2202 2244 2289 2359 2395 2437 2499 2580 2613 2677 2741 2803 2813 2897 2960 2974
7 16 75 155 206 246 277 376 418 480 488 553 637 699 743 765 828 871 945 991 1060 1116 1139 1188 1267 1338 1361 1425 1475 1547 1570 1670 1701 1741 1804 1866 1929 1956 2027 2105 2137 2198 2220 2302 2368 2386 2463 2499 2577 2638 2670 2701 2804 2833 2865 2932 3002
7 16 77 149 204 267 301 338 394 433 506 570 614 659 748 758 845 907 918 1021 1039 1085 1179 1208 1275 1318 1390 1456 1488 1549 1594 1624 1708 1751 1818 1873 1943 1971 2048 2100 2117 2169 2219 2282 2330 2416 2469 2503 2566 2621 2661 2710 2779 2811 2907 2923 3018
7 16 77 152 194 252 312 334 414 442 508 570 646 649 702 802 816 889 964 994 1055 1114 1136 1191 1279 1345 1388 1425 1471 1544 1594 1628 1708 1749 1799 1887 1915 1988 2048 2080 2121 2199 2229 2275 2326 2385 2471 2503 2586 2601 2651 2729 2807 2828 2904 2930 3018
4 16 82 158 164 264 270 376 424 462 522 565 624 670 707 770 852 907 939 985 1061 1085 1171 1241 1289 1299 1389 1411 1477 1536 1567 1662 1690 1739 1791 1869 1909 1956 2008 2085 2126 2209 2258 2282 2350 2417 2437 2512 2563 2638 2682 2704 2793 2832 2878 2950 3022
7 16 83 120 201 245 304 330 383 483 489 573 646 679 729 777 821 907 946 978 1076 1115 1180 1235 1261 1334 1374 1416 1503 1544 1612 1629 1701 1728 1831 1859 1906 1976 2040 2071 2126 2170 2267 2284 2363 2391 2467 2523 2561 2593 2690 2704 2762 2810 2886 2930 3019
7 16 83 147 174 267 293 354 427 461 503 565 646 670 711 770 829 883 958 974 1051 1102 1144 1226 1245 1343 1400 1416 1495 1512 1612 1648 1708 1760 1787 1869 1932 1951 2036 2062 2149 2206 2222 2282 2350 2397 2474 2527 2574 2593 2663 2704 2807 2814 2897 2932 3019
7 16 85 108 186 228 312 334 379 434 508 555 620 683 746 772 848 916 921 999 1079 1088 1145 1234 1248 1345 1388 1418 1495 1551 1589 1628 1708 1778 1827 1862 1941 1951 2020 2061 2137 2193 2244 2311 2369 2411 2448 2526 2543 2620 2694 2715 2784 2851 2881 2937 2974
7 16 85 161 180 245 308 354 406 483 508 573 637 677 712 798 857 916 923 1005 1026 1087 1180 1199 1281 1330 1392 1425 1478 1518 1570 1629 1690 1778 1797 1884 1892 1951 2020 2096 2117 2187 2227 2295 2360 2425 2454 2526 2541 2593 2672 2746 2790 2825 2899 2930 2992
7 16 88 137 190 237 317 336 424 482 521 565 624 656 742 767 814 897 966 985 1062 1133 1153 1194 1242 1322 1367 1420 1496 1553 1605 1645 1681 1743 1833 1885 1909 1965 2024 2085 2117 2192 2258 2320 2324 2381 2452 2487 2548 2615 2676 2743 2755 2855 2902 2960 2978
7 16 88 155 201 223 299 357 424 481 527 547 609 669 704 788 820 877 942 978 1048 1112 1139 1201 1257 1341 1387 1435 1475 1547 1605 1669 1701 1728 1833 1886 1934 1956 2001 2105 2126 2171 2234 2320 2363 2394 2467 2510 2542 2635 2647 2723 2783 2836 2890 2960 2978
4 16 89 113 191 218 287 334 413 444 509 583 646 652 710 802 847 877 958 1023 1074 1102 1178 1230 1247 1333 1400 1435 1478 1565 1581 1653 1690 1755 1785 1869 1928 1951 2045 2098 2132 2171 2223 2289 2323 2397 2439 2501 2568 2620 2689 2722 2754 2849 2912 2950 2995
7 16 89 157 180 248 298 349 381 436 512 583 624 660 742 801 833 871 926 1010 1045 1116 1179 1227 1295 1347 1360 1456 1507 1517 1581 1621 1690 1752 1817 1838 1890 1958 2045 2082 2117 2182 2255 2302 2355 2387 2480 2501 2584 2614 2655 2728 2793 2852 2868 2937 2995
7 16 91 147 163 244 319 367 402 434 534 560 646 694 716 765 842 889 924 1001 1060 1096 1145 1223 1245 1338 1355 1418 1495 1512 1599 1628 1681 1773 1832 1856 1937 1979 2029 2061 2137 2183 2242 2280 2373 2429 2433 2527 2577 2604 2670 2745 2775 2850 2887 2932 2988
7 16 91 157 187 262 309 349 402 451 486 547 607 675 753 778 849 907 926 1008 1030 1089 1187 1216 1287 1336 1386 1456 1463 1560 1599 1626 1695 1731 1832 1838 1917 1976 2040 2068 2140 2169 2261 2280 2337 2387 2465 2515 2570 2637 2668 2713 2777 2852 2863 2932 2988
4 16 94 135 186 257 308 338 431 435 508 551 620 658 732 785 843 871 920 1019 1027 1129 1159 1236 1246 1304 1392 1425 1473 1534 1606 1655 1705 1778 1802 1847 1895 1996 2020 2088 2140 2198 2231 2311 2349 2384 2448 2517 2589 2592 2693 2737 2799 2821 2908 2930 2975
7 16 94 150 176 260 271 330 378 478 490 551 607 664 735 804 812 897 967 997 1050 1109 1143 1225 1292 1324 1395 1447 1497 1535 1572 1672 1705 1750 1819 1841 1931 1960 2031 2087 2158 2173 2217 2295 2358 2424 2458 2506 2565 2611 2656 2753 2765 2816 2880 2937 3010
4 16 98 130 203 220 293 357 386 448 503 565 601 687 751 793 855 877 950 975 1037 1102 1169 1230 1244 1322 1400 1420 1473 1539 1586 1668 1705 1765 1833 1876 1928 1996 2032 2077 2149 2208 2250 2289 2322 2397 2460 2497 2548 2645 2676 2706 2755 2812 2870 2928 3017
4 16 98 149 184 232 277 376 429 437 488 570 601 688 749 777 835 907 918 976 1076 1089 1182 1214 1261 1338 1361 1420 1488 1549 1586 1670 1701 1756 1791 1875 1919 1979 2011 2097 2119 2196 2215 2280 2354 2413 2444 2518 2561 2645 2686 2706 2789 2811 2886 2937 3017
7 16 99 122 171 234 316 343 427 465 537 592 620 648 752 796 857 894 943 983 1066 1118 1147 1211 1274 1315 1359 1437 1486 1534 1596 1665 1686 1757 1787 1839 1932 1951 1999 2053 2149 2184 2222 2284 2359 2411 2457 2488 2544 2630 2699 2742 2771 2845 2883 2930 3019
7 16 99 135 170 269 296 343 419 448 514 551 607 690 708 779 854 871 920 1007 1047 1116 1169 1227 1274 1319 1360 1420 1473 1534 1615 1668 1726 1779 1820 1844 1890 1976 1999 2077 2149 2180 2217 2302 2361 2387 2476 2488 2588 2597 2665 2749 2787 2821 2903 2943 3000
7 16 100 110 189 218 274 367 431 460 487 551 620 666 710 807 847 877 959 1019 1049 1128 1149 1237 1280 1327 1395 1435 1484 1546 1611 1643 1695 1757 1788 1874 1895 1979 2049 2088 2158 2171 2231 2284 2346 2406 2439 2493 2559 2604 2688 2733 2794 2808 2905 2923 2989
7 16 100 111 204 234 273 336 431 470 520 560 624 650 726 767 831 907 940 1021 1036 1115 1163 1235 1271 1296 1374 1430 1504 1513 1611 1662 1686 1766 1788 1865 1906 1996 2007 2100 2140 2210 2219 2284 2330 2391 2453 2535 2575 2625 2687 2713 2795 2841 2889 2923 2989
7 16 100 117 185 220 294 357 411 448 520 551 609 688 750 788 818 907 955 1022 1030 1121 1181 1217 1243 1310 1353 1411 1485 1540 1586 1656 1695 1766 1795 1875 1927 1996 2007 2076 2119 2209 2233 2299 2343 2376 2473 2535 2560 2645 2675 2706 2756 2819 2908 2943 3015
4 16 101 110 181 237 319 367 407 455 491 553 627 680 734 769 850 875 959 1018 1054 1125 1172 1192 1257 1303 1398 1435 1493 1537 1591 1663 1681 1781 1792 1874 1891 1971 2015 2060 2121 2200 2265 2320 2366 2406 2435 2521 2540 2642 2657 2719 2791 2808 2884 2937 2997
7 16 101 142 210 226 275 367 396 469 539 547 614 649 704 760 852 889 927 1002 1048 1124 1134 1201 1257 1336 1370 1456 1461 1537 1594 1660 1688 1733 1832 1887 1923 1956 2015 2093 2121 2168 2252 2299 2367 2422 2479 2521 2570 2601 2668 2729 2777 2848 2890 2950 2994
7 16 102 155 164 216 308 354 382 435 528 553 620 680 741 801 820 871 942 1000 1045 1100 1159 1228 1295 1304 1373 1437 1494 1528 1596 1655 1690 1736 1783 1855 1922 1988 2047 2066 2126 2197 2237 2320 2335 2426 2440 2489 2584 2634 2697 2738 2783 2836 2868 2928 3016
7 16 103 111 181 252 317 336 416 441 501 583 646 660 702 789 851 883 940 1018 1063 1104 1162 1191 1272 1319 1385 1430 1459 1557 1574 1648 1681 1781 1806 1865 1924 1976 2003 2103 2121 2199 2223 2302 2366 2391 2435 2532 2556 2602 2696 2702 2775 2841 2904 2928 3013
7 16 103 149 209 244 288 338 401 444 539 583 620 658 724 785 835 894 918 996 1027 1120 1166 1219 1287 1342 1356 1456 1496 1541 1574 1665 1681 1745 1821 1873 1911 1965 2003 2070 2119 2175 2264 2280 2349 2416 2466 2532 2589 2594 2655 2711 2789 2811 2866 2950 3013
4 16 103 155 203 228 274 343 416 460 531 547 620 684 746 796 828 877 945 975 1032 1131 1149 1234 1295 1327 1351 1456 1494 1528 1574 1643 1718 1758 1806 1846 1898 1960 2046 2077 2137 2193 2250 2302 2322 2405 2468 2489 2579 2594 2668 2711 2804 2833 2881 2928 3013
4 16 104 124 174 224 311 354 410 467 523 565 607 656 753 767 829 875 923 1000 1036 1125 1159 1189 1269 1296 1379 1425 1494 1559 1590 1623 1718 1760 1823 1885 1894 1960 2017 2066 2140 2206 2237 2320 2324 2424 2474 2509 2575 2631 2687 2743 2760 2861 2891 2923 2991
4 16 104 149 191 223 285 334 410 481 533 583 614 657 704 803 847 894 921 973 1070 1094 1182 1215 1275 1349 1385 1418 1488 1549 1590 1625 1701 1755 1823 1871 1912 1979 2023 2097 2121 2171 2218 2320 2373 2401 2439 2503 2557 2635 2652 2739 2794 2808 2875 2923 2991
7 16 105 150 195 238 275 367 405 464 504 573 624 677 716 798 812 875 967 990 1029 1096 1155 1223 1276 1335 1403 1411 1482 1550 1567 1661 1688 1772 1792 1884 1937 1965 2044 2102 2158 2188 2239 2295 2360 2381 2442 2493 2538 2596 2684 2746 2765 2816 2887 2932 2999
7 17 55 108 170 269 300 365 398 471 528 555 606 676 710 800 862 893 963 976 1052 1084 1174 1227 1252 1346 1381 1416 1510 1534 1613 1654 1719 1743 1815 1842 1918 1972 1999 2077 2129 2163 2234 2315 2338 2387 2478 2520 2562 2629 2664 2749 2792 2822 2898 2938 2976
7 17 55 139 213 253 295 353 415 449 495 555 615 667 754 760 855 886 923 1013 1035 1087 1184 1191 1257 1339 1385 1451 1489 1554 1573 1645 1719 1750 1831 1865 1943 1986 2034 2086 2133 2174 2253 2281 2347 2416 2430 2485 2555 2625 2676 2720 2760 2819 2911 2928 3017
4 17 57 112 184 268 308 338 421 435 526 569 638 649 739 758 855 911 950 982 1033 1130 1142 1206 1263 1332 1383 1428 1498 1539 1575 1673 1696 1779 1812 1878 1914 1986 2024 2088 2118 2174 2241 2296 2357 2407 2430 2504 2584 2640 2695 2715 2760 2819 2895 2928 2986
7 17 58 133 187 230 276 344 423 433 505 569 609 681 750 795 826 908 942 1023 1079 1117 1168 1240 1250 1342 1382 1428 1468 1547 1598 1622 1721 1747 1788 1886 1903 1956 2027 2074 2147 2169 2214 2281 2363 2393 2433 2525 2575 2635 2695 2731 2783 2853 2865 2944 2980
7 17 59 130 193 224 297 334 415 436 491 561 609 672 750 773 811 876 928 1006 1063 1087 1159 1191 1256 1316 1389 1451 1510 1512 1595 1640 1719 1759 1828 1863 1943 1972 2009 2092 2147 2175 2253 2292 2372 2412 2473 2530 2571 2608 2653 2744 2756 2844 2914 2947 3020
7 17 59 135 214 240 291 335 415 458 486 584 641 657 752 770 843 875 937 975 1068 1120 1169 1221 1274 1330 1401 1420 1498 1517 1595 1630 1696 1742 1828 1840 1928 1986 2043 2059 2133 2178 2267 2292 2370 2401 2468 2495 2539 2636 2648 2717 2761 2829 2893 2947 3020
7 17 60 112 186 254 322 350 413 485 523 587 605 676 742 772 841 893 929 998 1030 1080 1142 1239 1262 1344 1364 1417 1498 1539 1613 1623 1696 1746 1783 1842 1912 1986 2032 2088 2129 2194 2224 2284 2365 2421 2480 2505 2547 2629 2661 2749 2797 2841 2887 2961 2972
7 17 60 121 201 258 274 353 415 446 504 587 638 658 733 782 821 886 918 980 1050 1120 1182 1221 1260 1312 1374 1420 1511 1549 1568 1629 1696 1756 1831 1859 1928 1972 2019 2054 2147 2192 2267 2280 2358 2427 2434 2518 2582 2593 2676 2735 2760 2855 2913 2929 3017
4 17 61 122 211 236 310 334 404 451 524 552 635 659 735 802 812 911 960 1001 1040 1130 1138 1206 1294 1347 1383 1426 1467 1560 1606 1646 1698 1764 1792 1869 1914 1989 2051 2068 2136 2167 2257 2296 2328 2407 2476 2487 2538 2620 2669 2705 2789 2809 2900 2932 3006
7 17 61 141 170 250 282 371 406 454 538 552 609 691 704 785 852 893 968 976 1075 1112 1185 1195 1278 1341 1387 1431 1499 1550 1602 1620 1698 1776 1787 1861 1910 1956 2001 2077 2150 2161 2234 2309 2338 2393 2444 2537 2544 2601 2657 2726 2786 2840 2909 2938 3010
7 17 61 157 176 235 307 368 387 452 538 562 635 679 727 787 826 893 924 973 1059 1080 1141 1239 1280 1313 1364 1426 1505 1548 1606 1653 1687 1776 1809 1847 1912 1956 2001 2053 2153 2164 2250 2284 2364 2421 2438 2537 2588 2620 2671 2705 2798 2838 2903 2944 3006
4 17 62 121 193 244 272 338 421 452 487 562 615 688 741 795 821 911 918 1022 1079 1089 1166 1223 1245 1342 1384 1434 1496 1564 1570 1627 1719 1770 1812 1887 1916 1957 2013 2069 2147 2165 2239 2280 2356 2398 2462 2532 2575 2611 2695 2725 2760 2855 2870 2944 2986
4 17 62 161 194 240 304 365 397 458 487 584 605 654 719 802 844 911 955 977 1040 1086 1169 1220 1294 1318 1352 1431 1466 1515 1583 1630 1698 1770 1808 1885 1910 1957 2013 2091 2121 2210 2243 2290 2333 2422 2461 2532 2538 2636 2697 2729 2795 2848 2900 2947 2974
7 17 63 135 212 229 298 338 379 477 529 551 615 688 754 795 843 908 937 1003 1079 1088 1145 1236 1250 1345 1367 1417 1463 1551 1589 1626 1721 1752 1784 1862 1904 1975 2025 2084 2133 2198 2256 2292 2356 2380 2447 2521 2575 2592 2693 2751 2761 2829 2865 2958 3005
4 17 64 151 214 236 321 368 420 451 486 552 641 656 709 809 827 905 944 1020 1062 1114 1138 1190 1291 1336 1372 1434 1475 1540 1571 1646 1702 1742 1814 1872 1891 1956 2043 2060 2127 2193 2229 2292 2325 2386 2468 2490 2577 2620 2681 2740 2804 2833 2909 2932 3002
7 17 66 122 186 256 289 350 384 457 518 587 609 658 740 792 841 876 919 1016 1034 1126 1138 1224 1245 1323 1357 1434 1467 1560 1566 1640 1698 1746 1793 1871 1939 1989 2036 2068 2127 2194 2244 2280 2348 2378 2480 2536 2578 2643 2651 2722 2786 2852 2915 2958 3016
4 17 66 128 215 225 283 335 384 467 534 562 623 688 728 790 850 890 937 1009 1076 1096 1136 1231 1260 1338 1359 1420 1465 1544 1566 1621 1721 1731 1793 1862 1919 1966 2050 2098 2150 2196 2263 2280 2361 2380 2437 2523 2569 2614 2679 2751 2759 2837 2886 2958 3016
7 17 69 117 198 236 280 335 426 460 492 551 623 688 735 790 812 911 940 1025 1076 1093 1173 1225 1266 1327 1395 1426 1494 1538 1570 1625 1702 1777 1797 1887 1942 1960 2028 2059 2147 2167 2217 2292 2361 2376 2476 2529 2569 2611 2690 2725 2755 2844 2879 2961 2978
4 17 69 144 171 244 286 338 392 452 509 566 623 699 707 756 818 905 957 1007 1071 1110 1141 1219 1248 1333 1400 1426 1505 1561 1570 1653 1686 1754 1830 1876 1932 1957 2041 2053 2153 2199 2215 2312 2344 2410 2466 2514 2552 2611 2698 2725 2757 2861 2873 2940 2978
4 17 70 146 178 261 279 371 398 432 511 555 606 696 713 770 859 884 971 976 1068 1119 1185 1193 1273 1330 1385 1448 1499 1545 1604 1643 1686 1771 1789 1839 1918 1968 2023 2077 2133 2166 2234 2309 2331 2384 2459 2534 2539 2605 2648 2752 2801 2846 2894 2947 3003
4 17 72 146 176 253 313 365 383 449 501 555 617 650 715 791 813 884 955 1015 1048 1085 1184 1233 1293 1321 1378 1431 1492 1552 1587 1645 1687 1737 1822 1882 1900 1975 2002 2083 2153 2212 2247 2312 2323 2425 2478 2510 2548 2625 2683 2707 2762 2861 2862 2928 2998
4 17 73 142 212 232 322 344 383 440 523 562 609 688 731 795 836 905 940 1003 1062 1125 1149 1194 1288 1299 1364 1417 1459 1514 1586 1669 1702 1746 1822 1887 1900 1975 2032 2094 2153 2203 2247 2280 2356 2376 2454 2491 2591 2596 2654 2725 2790 2818 2912 2961 2998
7 17 75 118 200 240 274 353 380 475 510 552 605 656 719 759 841 890 923 1009 1078 1099 1162 1220 1256 1304 1370 1451 1464 1557 1576 1637 1696 1768 1783 1875 1896 1989 2049 2101 2121 2210 2260 2292 2375 2404 2464 2484 2586 2618 2661 2736 2797 2841 2900 2958 3005
7 17 75 160 196 262 288 338 404 439 510 561 617 690 751 788 863 890 966 1022 1037 1096 1166 1216 1287 1323 1354 1445 1496 1525 1601 1641 1687 1768 1818 1851 1933 1989 2049 2069 2136 2197 2239 2280 2353 2385 2469 2484 2543 2594 2687 2701 2762 2811 2868 2964 2979
4 17 78 122 195 252 309 344 378 485 513 587 617 698 751 780 812 876 960 1010 1069 1090 1137 1194 1259 1331 1355 1416 1507 1521 1607 1628 1716 1748 1805 1868 1935 1960 2018 2104 2136 2206 2228 2296 2339 2408 2436 2488 2564 2631 2656 2734 2789 2809 2891 2961 3022
4 17 79 112 164 224 321 350 395 436 507 569 635 697 750 793 852 911 929 979 1079 1093 1154 1240 1250 1336 1350 1417 1486 1551 1610 1646 1719 1762 1832 1842 1927 1956 2008 2072 2121 2175 2248 2292 2368 2421 2431 2521 2577 2608 2681 2729 2785 2841 2865 2938 2994
4 17 82 127 171 269 320 350 423 471 509 555 623 650 705 757 850 876 938 994 1041 1117 1174 1240 1251 1326 1368 1428 1484 1516 1616 1654 1721 1754 1793 1843 1903 1986 2041 2103 2117 2168 2214 2312 2357 2409 2466 2501 2581 2629 2679 2747 2759 2837 2911 2938 2975
7 17 84 142 190 269 275 344 395 469 496 581 623 673 705 760 846 886 940 992 1035 1093 1180 1240 1257 1324 1395 1417 1460 1513 1600 1670 1719 1733 1807 1887 1927 1960 2031 2058 2117 2168 2248 2315 2341 2376 2470 2528 2555 2631 2691 2741 2780 2818 2911 2944 3021
7 17 86 109 201 261 294 371 402 432 504 569 638 651 708 809 842 890 933 1008 1062 1096 1156 1216 1288 1336 1354 1417 1493 1514 1604 1672 1716 1756 1832 1884 1933 1968 2019 2061 2127 2171 2241 2280 2330 2385 2434 2491 2577 2605 2681 2752 2785 2852 2912 2932 2987
7 17 86 157 187 264 309 344 428 435 513 569 606 648 716 778 826 886 924 1013 1060 1111 1187 1230 1244 1331 1355 1448 1495 1558 1604 1628 1716 1747 1807 1881 1921 1972 2019 2090 2153 2169 2249 2284 2373 2387 2433 2491 2548 2644 2673 2714 2798 2838 2863 2928 2987
4 17 88 116 198 261 302 353 414 445 493 562 606 688 713 790 839 908 922 1025 1056 1107 1186 1193 1284 1313 1371 1426 1507 1526 1589 1658 1716 1774 1809 1862 1929 1960 2000 2054 2133 2166 2222 2280 2361 2395 2479 2485 2588 2592 2671 2751 2798 2825 2894 2964 2979
7 17 88 128 210 259 300 368 378 456 528 562 641 656 731 809 814 890 946 1024 1062 1090 1152 1194 1288 1329 1381 1416 1491 1519 1576 1671 1716 1743 1833 1875 1935 1975 1999 2089 2121 2177 2228 2281 2325 2381 2438 2486 2577 2618 2688 2736 2779 2828 2912 2938 2992
4 17 88 138 211 223 289 350 378 472 493 581 605 691 705 772 849 908 968 978 1035 1117 1139 1240 1257 1315 1382 1451 1490 1554 1576 1649 1698 1774 1833 1861 1903 1960 2000 2062 2136 2213 2259 2281 2351 2393 2467 2485 2542 2628 2672 2726 2795 2843 2911 2938 2992
7 17 88 144 170 229 301 338 404 477 528 581 606 673 739 775 813 890 957 989 1046 1130 1140 1206 1249 1300 1380 1426 1508 1558 1589 1631 1698 1743 1818 1876 1914 1975 1999 2081 2150 2212 2257 2315 2326 2410 2478 2486 2566 2592 2687 2751 2762 2861 2895 2928 2979
7 17 89 108 212 236 285 334 431 451 529 555 615 679 709 799 848 893 963 1006 1027 1129 1159 1234 1276 1304 1378 1445 1510 1534 1606 1624 1702 1752 1785 1847 1926 1989 2025 2092 2153 2193 2253 2292 2353 2382 2447 2494 2553 2620 2694 2705 2806 2822 2864 2929 2977
7 17 89 136 213 268 271 353 406 480 520 555 606 686 739 790 855 911 967 997 1076 1086 1143 1220 1266 1338 1352 1428 1475 1555 1574 1635 1702 1750 1787 1873 1910 1956 2008 2055 2150 2174 2234 2290 2363 2422 2430 2511 2569 2595 2679 2753 2765 2814 2879 2958 3010
4 17 91 118 170 218 323 371 402 478 489 552 635 667 737 781 852 890 923 989 1077 1115 1183 1198 1242 1334 1358 1434 1464 1557 1599 1657 1719 1776 1832 1865 1916 1966 2050 2081 2129 2161 2257 2284 2326 2416 2444 2498 2579 2599 2681 2720 2785 2841 2884 2928 2987
7 17 91 130 215 244 278 346 428 451 534 552 623 694 707 806 846 884 953 1011 1032 1122 1159 1219 1287 1312 1365 1445 1510 1512 1599 1624 1719 1731 1807 1838 1921 1972 2050 2092 2153 2199 2249 2280 2359 2377 2437 2498 2567 2612 2691 2707 2780 2818 2873 2932 2987
7 17 91 161 184 235 280 350 402 460 531 584 623 650 706 757 851 911 955 982 1041 1108 1173 1205 1290 1327 1356 1445 1466 1515 1599 1625 1687 1728 1832 1882 1933 1968 2012 2088 2127 2185 2241 2284 2357 2425 2481 2536 2581 2612 2678 2707 2788 2848 2871 2928 2987
7 17 92 132 181 264 270 353 424 484 537 561 641 687 716 761 826 886 944 992 1057 1114 1171 1189 1273 1341 1372 1448 1476 1562 1619 1634 1690 1753 1831 1872 1892 1956 2039 2085 2118 2169 2221 2309 2350 2386 2433 2519 2549 2595 2652 2708 2783 2853 2905 2944 3007
7 17 93 114 193 264 315 334 404 484 496 561 617 686 711 797 811 911 964 1022 1051 1108 1171 1205 1262 1296 1356 1417 1491 1532 1574 1634 1716 1759 1792 1873 1933 1975 2003 2069 2150 2175 2239 2284 2356 2425 2473 2513 2589 2595 2669 2753 2789 2810 2866 2944 3006
4 17 93 150 187 259 302 353 431 456 505 561 609 670 731 756 819 875 919 1013 1071 1126 1184 1237 1253 1333 1357 1431 1489 1543 1602 1638 1716 1747 1785 1871 1926 1989 2027 2086 2153 2177 2253 2281 2373 2378 2433 2489 2552 2618 2698 2710 2803 2823 2868 2940 2977
4 17 94 150 169 229 319 353 397 477 522 551 638 658 739 782 858 884 919 1012 1050 1086 1145 1220 1292 1324 1396 1431 1490 1542 1617 1626 1698 1781 1786 1871 1910 1960 2037 2056 2118 2212 2243 2315 2358 2378 2432 2519 2582 2592 2663 2722 2763 2823 2879 2958 2995
7 17 96 135 200 238 293 346 426 441 536 551 623 694 702 806 835 908 938 1025 1032 1117 1169 1202 1253 1339 1368 1431 1498 1517 1567 1647 1696 1761 1791 1843 1942 1986 2030 2059 2121 2211 2217 2281 2359 2409 2471 2517 2567 2627 2663 2702 2758 2828 2908 2964 2984
4 17 99 144 204 233 297 368 400 465 491 581 617 696 726 765 844 890 971 973 1043 1115 1141 1213 1271 1315 1389 1451 1505 1561 1580 1641 1686 1759 1833 1839 1899 1957 2009 2053 2127 2210 2250 2284 2337 2384 2461 2490 2542 2630 2672 2752 2795 2848 2906 2947 2970
7 17 100 110 172 238 313 365 398 441 514 551 638 690 753 787 824 893 966 977 1059 1083 1169 1212 1280 1319 1367 1420 1466 1565 1568 1647 1687 1734 1815 1851 1909 1968 2047 2091 2133 2160 2243 2290 2354 2385 2475 2522 2588 2627 2664 2701 2792 2860 2903 2964 2976
7 17 100 124 169 253 303 353 413 449 524 551 641 675 715 761 858 890 922 1008 1037 1131 1158 1188 1248 1326 1390 1426 1502 1540 1573 1671 1687 1781 1783 1856 1912 1986 2035 2078 2129 2212 2224 2312 2362 2401 2432 2533 2570 2625 2690 2720 2769 2817 2908 2932 2972
7 17 100 141 207 244 285 350 413 451 514 552 615 685 741 808 842 893 968 972 1029 1105 1159 1223 1295 1304 1393 1451 1499 1550 1573 1624 1686 1734 1783 1854 1899 1968 2047 2103 2147 2165 2237 2312 2336 2400 2440 2522 2586 2612 2661 2733 2797 2840 2870 2932 2972
4 17 100 148 205 230 280 350 411 474 492 551 609 658 750 792 814 886 969 996 1034 1093 1164 1240 1295 1300 1395 1448 1492 1550 1568 1652 1687 1757 1803 1859 1927 1975 2047 2102 2147 2169 2232 2315 2348 2376 2446 2522 2578 2593 2675 2735 2774 2834 2865 2938 2976
4 17 100 151 202 258 273 353 398 446 539 552 609 670 734 756 860 905 944 997 1071 1119 1143 1193 1248 1348 1358 1448 1475 1540 1568 1669 1686 1766 1815 1846 1918 1972 2035 2055 2129 2191 2234 2290 2373 2412 2464 2533 2552 2593 2685 2735 2772 2833 2873 2964 2976
7 17 100 153 196 235 277 346 379 460 539 551 615 665 706 780 861 905 932 1003 1069 1128 1139 1197 1271 1331 1353 1451 1469 1518 1573 1660 1687 1766 1817 1874 1904 1972 2035 2084 2136 2185 2256 2284 2372 2428 2471 2533 2564 2612 2656 2733 2776 2808 2878 2961 2972
7 17 102 151 194 254 272 368 391 469 487 581 605 687 742 784 860 876 944 983 1045 1101 1183 1239 1246 1302 1384 1434 1487 1528 1569 1667 1690 1770 1820 1872 1890 1992 2013 2057 2129 2194 2259 2290 2327 2386 2461 2493 2558 2645 2680 2708 2772 2833 2887 2944 3023
7 17 103 109 202 240 277 335 423 458 539 569 609 652 719 775 841 890 933 1023 1046 1132 1144 1225 1249 1335 1353 1451 1493 1514 1595 1656 1698 1766 1793 1845 1903 1986 2035 2074 2117 2210 2214 2290 2347 2424 2464 2531 2566 2636 2651 2717 2786 2852 2895 2961 2975
7 17 104 117 214 226 289 346 416 437 518 587 638 662 708 765 810 875 953 975 1043 1126 1173 1237 1285 1315 1357 1445 1494 1538 1597 1649 1702 1765 1823 1837 1926 1960 2016 2059 2127 2205 2267 2281 2370 2378 2443 2509 2542 2624 2672 2743 2805 2831 2891 2947 3004
7 17 104 124 175 269 276 344 410 469 518 566 606 699 710 778 858 875 922 1017 1036 1107 1183 1227 1268 1298 1371 1434 1487 1555 1600 1667 1721 1765 1825 1862 1895 1960 2016 2057 2129 2163 2225 2312 2322 2395 2482 2509 2573 2631 2647 2741 2769 2817 2898 2958 3001
4 17 104 128 191 230 279 334 416 433 511 566 635 659 750 802 814 886 946 1021 1040 1087 1136 1191 1279 1318 1385 1448 1465 1544 1597 1655 1721 1771 1823 1841 1943 1966 2023 2098 2121 2169 2251 2281 2328 2416 2446 2502 2538 2635 2697 2732 2779 2828 2914 2947 3004
7 17 105 133 172 252 322 344 397 485 499 584 605 678 748 799 839 893 942 977 1027 1112 1142 1195 1276 1344 1387 1428 1494 1522 1607 1623 1702 1773 1786 1886 1910 1960 1998 2091 2118 2209 2243 2309 2354 2393 2435 2507 2553 2631 2655 2734 2771 2853 2864 2964 2995
7 17 106 128 184 254 275 368 392 469 531 566 623 683 736 782 835 886 946 1007 1050 1111 1180 1218 1260 1324 1361 1416 1465 1544 1569 1670 1696 1728 1791 1875 1932 1992 2012 2053 2118 2200 2215 2284 2332 2381 2481 2523 2582 2645 2663 2708 2758 2828 2913 2958 3019
4 17 107 145 166 241 279 334 427 483 521 584 615 678 706 799 830 876 935 983 1041 1123 1134 1205 1290 1330 1375 1420 1472 1564 1605 1643 1721 1767 1828 1886 1919 1968 2006 2097 2136 2180 2220 2309 2354 2400 2458 2487 2539 2633 2648 2734 2761 2842 2871 2944 3007
4 18 54 161 200 218 287 335 413 443 510 580 599 698 747 764 859 903 961 998 1057 1121 1178 1203 1294 1323 1354 1413 1476 1518 1609 1641 1690 1758 1793 1884 1919 1951 2020 2098 2157 2163 2246 2301 2323 2423 2452 2519 2565 2630 2670 2710 2790 2822 2899 2933 2994
7 18 55 139 175 240 299 329 422 432 507 555 601 696 737 804 833 903 926 1025 1067 1105 1167 1218 1257 1320 1388 1417 1511 1548 1604 1642 1707 1777 1803 1886 1936 1953 2001 2057 2157 2171 2232 2285 2365 2377 2466 2530 2542 2635 2665 2710 2782 2836 2891 2957 2981
4 18 55 149 197 233 308 375 420 478 507 572 610 675 708 783 853 903 922 983 1057 1100 1164 1221 1278 1297 1379 1444 1487 1526 1578 1647 1690 1777 1792 1855 1890 1953 2001 2087 2111 2213 2239 2275 2345 2401 2443 2530 2546 2637 2696 2720 2803 2857 2914 2929 3008
4 18 56 160 182 242 279 375 414 433 523 549 634 673 733 760 827 896 952 1000 1067 1103 1142 1222 1257 1344 1392 1417 1490 1548 1589 1671 1714 1740 1796 1858 1900 1960 2000 2079 2111 2206 2238 2285 2340 2376 2474 2530 2585 2631 2691 2730 2807 2814 2891 2923 3020
7 18 57 119 196 250 308 338 421 463 515 580 633 684 713 788 852 879 920 978 1053 1129 1180 1223 1270 1297 1372 1436 1503 1532 1608 1647 1725 1749 1830 1881 1903 1953 2024 2069 2118 2184 2267 2275 2374 2379 2430 2503 2546 2621 2696 2715 2764 2847 2885 2921 3018
7 18 59 157 182 258 300 364 410 456 532 556 645 673 712 760 812 871 940 1000 1073 1081 1145 1238 1285 1324 1375 1417 1494 1525 1600 1655 1679 1772 1819 1867 1897 1960 2016 2075 2145 2198 2242 2277 2340 2415 2441 2537 2580 2592 2661 2721 2800 2811 2911 2949 3023
7 18 64 129 176 259 316 356 405 485 516 579 609 651 750 758 814 871 948 1009 1063 1081 1140 1238 1284 1340 1375 1409 1492 1512 1602 1638 1687 1757 1811 1859 1897 1995 2034 2104 2122 2207 2247 2277 2367 2415 2472 2509 2550 2605 2667 2749 2773 2834 2872 2957 2993
4 18 65 111 188 240 275 329 381 432 502 580 606 698 713 764 839 915 965 1011 1053 1093 1155 1223 1270 1348 1403 1411 1484 1530 1604 1654 1691 1774 1827 1884 1939 1953 2042 2082 2145 2195 2237 2301 2323 2419 2461 2505 2570 2635 2684 2710 2769 2851 2885 2932 2972
4 18 70 143 198 217 290 363 389 471 519 555 626 676 752 798 837 869 929 1017 1073 1122 1156 1198 1285 1320 1350 1417 1508 1525 1613 1650 1681 1780 1803 1871 1927 1961 2004 2054 2146 2168 2216 2277 2337 2400 2462 2537 2542 2618 2665 2731 2782 2832 2911 2968 3015
4 18 70 156 183 250 306 364 398 461 538 555 606 686 713 778 852 879 968 997 1075 1106 1175 1211 1256 1341 1381 1436 1506 1555 1613 1635 1681 1761 1794 1837 1918 1949 2004 2055 2145 2184 2233 2319 2352 2384 2430 2537 2541 2623 2648 2726 2792 2818 2898 2925 3015
7 18 70 157 162 234 301 363 409 460 538 547 645 685 706 766 840 879 921 996 1074 1094 1157 1229 1285 1303 1386 1413 1494 1525 1611 1648 1690 1761 1809 1838 1919 1949 2004 2062 2146 2185 2250 2281 2364 2421 2451 2537 2588 2612 2647 2712 2793 2831 2910 2949 3017
4 18 71 141 191 218 318 339 401 470 533 552 633 694 705 782 847 915 924 1007 1064 1093 1176 1237 1272 1346 1393 1409 1458 1533 1587 1630 1690 1769 1810 1854 1925 1985 2002 2076 2114 2205 2225 2301 2353 2429 2444 2510 2539 2603 2654 2745 2786 2860 2884 2923 2998
7 18 74 144 171 236 280 335 416 460 509 547 603 695 746 800 812 904 933 1022 1079 1110 1161 1234 1248 1331 1384 1421 1490 1564 1592 1644 1714 1770 1805 1877 1916 1960 1998 2059 2157 2172 2215 2273 2370 2405 2468 2519 2552 2610 2695 2704 2757 2855 2879 2949 3000
7 18 74 161 199 217 304 375 396 458 509 579 599 651 710 802 858 904 932 984 1062 1102 1180 1214 1294 1324 1361 1436 1476 1518 1596 1651 1681 1770 1786 1885 1918 1960 1998 2096 2118 2210 2235 2277 2324 2412 2439 2519 2553 2631 2689 2722 2802 2853 2894 2933 2995
7 18 75 141 212 239 300 329 380 442 511 552 601 691 730 804 842 915 924 982 1030 1124 1158 1209 1267 1324 1396 1421 1458 1533 1616 1655 1715 1729 1827 1889 1901 1960 2037 2094 2139 2187 2252 2277 2370 2393 2437 2515 2580 2628 2661 2714 2791 2860 2880 2956 2973
4 18 75 154 162 252 274 375 414 446 510 552 633 685 734 766 816 896 962 996 1076 1107 1162 1214 1243 1343 1369 1413 1489 1538 1569 1662 1715 1749 1796 1848 1913 1949 2029 2087 2121 2212 2225 2275 2364 2396 2464 2524 2586 2638 2691 2702 2807 2826 2870 2933 3020
7 18 75 158 196 226 287 338 423 455 510 580 601 701 737 773 852 896 966 1024 1072 1121 1161 1216 1268 1316 1354 1421 1466 1513 1616 1649 1687 1749 1784 1879 1904 1949 2029 2084 2157 2184 2251 2308 2328 2423 2430 2524 2583 2628 2658 2714 2792 2818 2893 2925 2973
4 18 76 109 173 269 274 375 402 475 503 549 599 651 708 802 856 871 957 1010 1062 1100 1182 1221 1274 1337 1374 1420 1509 1520 1602 1668 1715 1748 1817 1859 1890 1978 2027 2061 2122 2178 2256 2308 2324 2406 2474 2512 2553 2605 2676 2749 2785 2835 2914 2929 2980
7 18 77 122 175 246 297 330 387 457 508 556 609 654 740 773 813 876 955 1016 1072 1087 1138 1189 1273 1316 1376 1444 1500 1540 1566 1639 1707 1763 1820 1888 1940 1984 2009 2099 2157 2183 2262 2273 2375 2408 2479 2520 2583 2613 2658 2734 2756 2855 2888 2925 3013
7 18 78 119 191 268 313 335 416 438 533 556 633 672 734 767 855 904 956 1003 1049 1130 1152 1196 1270 1309 1398 1411 1503 1532 1588 1673 1683 1769 1805 1878 1891 1995 2002 2098 2121 2197 2241 2301 2357 2386 2444 2503 2574 2626 2695 2700 2757 2810 2889 2921 3000
4 18 78 134 205 258 298 338 400 456 527 556 601 654 739 773 860 915 950 986 1070 1125 1145 1190 1263 1326 1365 1443 1482 1539 1588 1655 1683 1775 1821 1888 1893 1985 2002 2088 2118 2170 2263 2273 2375 2413 2478 2503 2584 2592 2673 2734 2755 2816 2874 2949 3000
4 18 79 118 173 241 275 329 428 453 502 579 645 651 706 802 838 876 954 1010 1041 1123 1134 1235 1271 1348 1403 1420 1483 1546 1605 1654 1691 1772 1790 1885 1938 1978 2044 2094 2146 2179 2224 2277 2324 2390 2450 2516 2575 2622 2679 2722 2781 2832 2904 2923 2971
4 18 79 122 182 225 323 364 408 480 502 556 603 674 744 779 812 876 955 990 1037 1113 1181 1188 1276 1309 1356 1411 1500 1540 1567 1664 1714 1772 1805 1869 1911 1978 2044 2055 2111 2198 2240 2319 2350 2428 2441 2516 2574 2642 2695 2708 2757 2855 2886 2932 3009
7 18 79 128 176 264 293 356 400 441 520 579 603 679 745 808 814 869 946 1017 1032 1115 1171 1202 1260 1296 1361 1411 1470 1556 1567 1663 1691 1757 1813 1864 1939 1985 2030 2053 2118 2207 2217 2284 2359 2399 2472 2531 2572 2642 2668 2708 2779 2827 2915 2968 3009
7 18 80 121 173 242 294 332 415 471 503 591 599 658 733 799 827 896 961 974 1050 1121 1156 1216 1253 1317 1354 1417 1508 1547 1574 1650 1691 1748 1834 1884 1904 1951 2027 2054 2146 2206 2259 2308 2360 2423 2474 2508 2538 2593 2681 2750 2760 2861 2897 2932 3002
4 18 81 121 163 253 306 364 403 434 517 572 599 694 744 787 858 915 971 1011 1060 1113 1137 1188 1253 1310 1402 1443 1508 1547 1587 1666 1681 1736 1786 1854 1911 1961 2026 2074 2114 2170 2245 2281 2348 2382 2480 2508 2567 2603 2689 2745 2802 2853 2886 2932 2988
4 18 81 157 214 257 320 364 422 479 494 547 609 669 731 756 855 879 940 978 1050 1105 1177 1218 1253 1305 1351 1417 1472 1547 1585 1669 1707 1759 1794 1867 1936 1995 2026 2105 2114 2175 2232 2308 2356 2415 2467 2508 2581 2596 2685 2725 2756 2811 2897 2921 2990
7 18 83 121 193 236 277 335 378 460 487 572 610 689 714 770 827 915 961 1007 1071 1089 1157 1225 1245 1327 1400 1413 1494 1561 1592 1648 1679 1754 1816 1883 1932 1960 2037 2062 2146 2204 2239 2308 2351 2424 2476 2507 2575 2610 2698 2704 2760 2861 2864 2923 2991
7 18 83 158 197 221 315 375 396 484 489 572 601 672 719 791 853 904 928 995 1056 1091 1165 1232 1268 1310 1352 1443 1466 1513 1588 1657 1679 1777 1786 1878 1910 1957 2021 2079 2121 2213 2243 2285 2333 2414 2443 2524 2567 2626 2689 2700 2802 2858 2909 2925 2995
4 18 84 128 212 252 291 335 402 477 524 545 603 695 754 800 837 903 936 982 1079 1100 1136 1221 1260 1345 1379 1420 1470 1556 1595 1623 1715 1729 1793 1840 1890 1961 2025 2089 2139 2192 2256 2275 2370 2401 2437 2531 2552 2606 2683 2742 2777 2837 2868 2968 3005
7 18 85 108 203 242 273 332 406 471 531 555 606 696 748 800 845 904 960 976 1079 1091 1163 1232 1248 1345 1352 1409 1480 1545 1574 1643 1714 1743 1806 1846 1910 1951 2035 2077 2139 2191 2233 2285 2369 2414 2459 2536 2552 2593 2683 2750 2765 2833 2879 2968 2997
7 18 85 149 162 254 286 330 401 458 492 579 606 658 724 794 835 896 965 996 1028 1093 1164 1237 1287 1340 1403 1409 1487 1526 1574 1667 1690 1761 1811 1884 1925 1953 2050 2087 2146 2190 2225 2319 2364 2419 2451 2522 2550 2593 2667 2750 2773 2812 2865 2933 2997
7 18 87 117 180 230 291 364 395 477 515 591 603 674 731 779 857 903 968 992 1037 1105 1136 1218 1266 1345 1388 1436 1496 1554 1618 1623 1687 1753 1835 1844 1936 1951 2020 2063 2121 2201 2258 2285 2350 2377 2433 2484 2574 2629 2660 2732 2798 2858 2897 2921 2975
4 18 87 142 184 223 287 338 431 459 510 591 626 693 752 758 836 871 947 1021 1063 1127 1157 1236 1284 1316 1354 1413 1469 1536 1618 1649 1687 1758 1800 1851 1933 1984 2020 2088 2146 2161 2228 2273 2325 2418 2469 2484 2550 2624 2692 2737 2801 2840 2872 2933 2975
7 18 87 145 200 229 274 364 410 475 510 552 599 694 738 787 813 871 930 973 1060 1107 1182 1211 1266 1337 1369 1421 1468 1554 1572 1668 1725 1758 1819 1880 1917 1984 2020 2102 2121 2209 2222 2301 2348 2396 2452 2484 2567 2645 2661 2718 2800 2810 2873 2925 3023
7 18 88 129 175 261 296 339 424 469 508 547 609 695 704 805 832 903 943 1025 1036 1099 1186 1200 1284 1303 1377 1413 1492 1512 1595 1652 1725 1763 1809 1840 1934 1957 2009 2057 2139 2163 2232 2273 2365 2394 2479 2509 2588 2606 2647 2742 2793 2839 2900 2957 3001
7 18 89 113 164 245 308 375 406 463 507 545 633 690 743 766 847 879 952 984 1074 1104 1180 1192 1285 1297 1379 1417 1476 1565 1577 1647 1690 1731 1810 1836 1908 1951 2047 2096 2139 2175 2235 2277 2360 2397 2475 2498 2588 2627 2654 2724 2786 2860 2910 2957 2993
7 18 89 125 192 223 315 375 402 464 489 555 634 666 752 760 836 871 962 993 1073 1117 1186 1198 1285 1310 1352 1413 1464 1565 1590 1657 1679 1750 1817 1857 1932 1961 2047 2086 2139 2161 2214 2281 2347 2388 2469 2498 2580 2619 2676 2728 2785 2856 2911 2956 2980
4 18 91 129 169 262 313 332 423 449 534 547 634 675 733 779 849 903 943 1004 1037 1121 1140 1216 1266 1309 1397 1421 1492 1512 1578 1673 1687 1778 1785 1855 1904 1995 2008 2104 2111 2186 2251 2301 2349 2380 2431 2528 2574 2637 2695 2720 2776 2839 2897 2932 2972
7 18 92 121 180 245 270 364 385 467 506 591 610 692 716 768 857 896 971 1000 1028 1132 1145 1224 1245 1338 1383 1443 1494 1561 1593 1645 1690 1753 1832 1854 1922 1949 2029 2075 2118 2201 2242 2277 2342 2382 2433 2507 2576 2623 2656 2747 2803 2853 2908 2923 2971
7 18 92 126 175 250 315 329 428 461 489 555 610 665 726 762 833 876 938 1016 1059 1117 1175 1230 1264 1332 1352 1443 1462 1537 1593 1635 1725 1777 1790 1880 1899 1985 2021 2099 2139 2171 2262 2275 2375 2388 2466 2515 2590 2623 2679 2747 2781 2837 2862 2925 2971
4 18 92 143 196 225 274 364 424 480 510 555 601 679 739 793 834 869 941 978 1071 1099 1177 1200 1245 1337 1369 1413 1472 1561 1567 1668 1725 1749 1814 1864 1934 1978 2029 2105 2118 2202 2232 2308 2374 2404 2430 2507 2553 2642 2676 2708 2789 2819 2864 2933 2996
4 18 96 115 206 241 273 363 413 462 488 545 634 654 706 809 838 876 950 1018 1069 1094 1172 1229 1290 1345 1395 1420 1459 1562 1566 1643 1683 1740 1793 1888 1919 1951 2036 2078 2157 2179 2246 2285 2339 2413 2450 2494 2552 2613 2683 2734 2777 2836 2910 2949 2994
7 18 96 128 205 245 271 330 412 463 536 545 610 683 716 806 814 903 946 1025 1029 1111 1180 1224 1244 1334 1358 1436 1503 1523 1591 1647 1683 1776 1804 1860 1942 1995 2008 2069 2118 2201 2220 2284 2336 2403 2477 2523 2560 2627 2677 2711 2779 2827 2908 2957 2970
7 18 97 150 176 262 287 338 427 476 490 549 633 700 728 788 845 869 918 1017 1034 1109 1146 1226 1292 1323 1374 1444 1496 1522 1619 1641 1687 1769 1818 1870 1912 1951 2045 2053 2122 2191 2217 2301 2359 2397 2459 2532 2565 2609 2670 2706 2765 2833 2863 2968 2983
7 18 98 111 204 217 273 363 384 471 488 591 606 682 710 767 858 904 959 972 1049 1116 1163 1219 1270 1345 1395 1436 1484 1530 1613 1643 1683 1765 1835 1866 1942 1961 2010 2073 2111 2210 2249 2275 2346 2391 2439 2505 2574 2618 2660 2731 2798 2857 2889 2932 2987
7 18 98 131 171 249 315 329 404 484 488 549 601 691 723 804 834 904 954 1022 1030 1101 1165 1217 1261 1310 1353 1420 1485 1539 1584 1657 1725 1765 1814 1850 1928 1961 2010 2059 2145 2160 2215 2281 2370 2425 2473 2505 2580 2598 2676 2753 2789 2819 2887 2949 3017
4 18 99 137 171 250 314 332 410 463 497 545 606 695 713 800 810 896 943 1022 1040 1107 1160 1211 1291 1313 1371 1421 1497 1534 1581 1667 1725 1765 1834 1840 1917 1960 2000 2052 2145 2184 2222 2275 2370 2394 2473 2487 2591 2621 2652 2742 2788 2830 2898 2957 3007
7 18 100 122 212 244 299 329 431 450 524 552 603 685 725 799 842 879 963 1020 1050 1129 1138 1223 1276 1317 1372 1455 1500 1540 1611 1646 1707 1729 1788 1838 1903 1984 2025 2099 2146 2187 2257 2275 2332 2379 2437 2516 2538 2612 2681 2712 2806 2846 2873 2932 2987
7 18 100 130 203 268 293 339 398 466 520 552 609 691 734 805 855 904 967 976 1076 1102 1155 1214 1243 1338 1361 1411 1488 1550 1584 1620 1707 1757 1794 1850 1918 1949 2030 2077 2145 2197 2233 2277 2369 2412 2444 2511 2548 2598 2685 2753 2756 2811 2870 2968 3015
7 18 100 137 172 253 283 339 431 434 514 572 645 675 712 783 810 869 943 1008 1034 1127 1137 1236 1243 1332 1391 1413 1481 1550 1611 1666 1687 1762 1788 1855 1933 1985 2030 2101 2145 2202 2228 2275 2345 2380 2454 2511 2570 2603 2698 2720 2788 2830 2913 2932 2987
7 18 100 149 184 249 277 329 389 484 487 572 609 661 702 792 835 903 965 975 1037 1089 1170 1230 1276 1322 1400 1411 1473 1540 1584 1652 1687 1766 1803 1879 1927 1961 2025 2097 2146 2182 2216 2319 2371 2424 2460 2516 2561 2598 2675 2753 2773 2812 2886 2925 3015
4 18 101 115 211 250 286 338 403 463 539 545 626 693 726 758 833 876 950 994 1063 1113 1160 1188 1252 1340 1356 1443 1459 1562 1608 1667 1681 1742 1801 1873 1911 1953 2041 2090 2122 2171 2245 2319 2325 2428 2466 2532 2550 2621 2667 2715 2782 2836 2905 2957 2974
7 18 101 145 197 246 275 339 407 453 539 547 645 675 740 783 813 876 930 983 1034 1126 1134 1213 1292 1348 1368 1444 1501 1522 1570 1654 1679 1742 1797 1857 1921 1953 2041 2076 2121 2183 2250 2301 2345 2420 2479 2532 2570 2617 2684 2719 2800 2810 2863 2956 3012
7 18 102 125 176 240 294 332 385 432 490 555 633 650 713 759 841 871 962 1009 1075 1107 1167 1211 1256 1325 1369 1455 1464 1565 1576 1642 1691 1769 1783 1848 1917 1949 2045 2104 2118 2195 2247 2301 2367 2396 2459 2529 2560 2635 2686 2738 2780 2856 2898 2957 3021
7 18 104 144 192 229 316 335 420 485 511 580 609 652 738 774 813 871 933 993 1054 1114 1140 1199 1269 1340 1380 1421 1511 1543 1615 1638 1707 1766 1820 1877 1914 1953 1999 2086 2111 2209 2214 2319 2347 2405 2452 2492 2558 2636 2658 2748 2756 2855 2885 2956 2979
4 18 106 109 203 240 272 338 431 474 531 549 606 673 713 774 841 871 957 1019 1054 1129 1144 1223 1269 1307 1353 1455 1509 1520 1600 1658 1707 1743 1800 1867 1903 1985 2035 2100 2145 2195 2257 2285 2326 2398 2459 2517 2558 2592 2692 2721 2801 2835 2885 2921 2975
7 18 106 110 212 262 297 330 378 476 512 549 599 691 733 804 849 903 967 982 1067 1090 1146 1222 1257 1314 1373 1421 1460 1557 1572 1641 1707 1736 1804 1850 1914 1960 2031 2089 2146 2186 2256 2281 2370 2412 2431 2522 2542 2609 2672 2753 2784 2831 2891 2968 3004
4 18 107 128 162 238 306 330 426 435 538 579 645 659 740 791 835 869 946 1015 1056 1087 1136 1189 1288 1310 1381 1436 1470 1556 1580 1666 1715 1761 1829 1860 1940 1961 2004 2089 2121 2190 2224 2281 2346 2403 2451 2502 2567 2641 2689 2736 2758 2827 2888 2925 3014
4 19 54 132 190 238 308 370 408 482 496 577 611 692 745 768 846 886 971 990 1035 1129 1155 1189 1252 1338 1398 1443 1506 1564 1593 1634 1700 1744 1817 1853 1931 1949 2006 2085 2110 2192 2221 2270 2341 2407 2442 2514 2589 2598 2649 2741 2788 2823 2908 2944 3007
7 19 54 135 186 266 315 329 413 454 495 564 611 664 715 787 843 868 937 987 1074 1131 1165 1230 1253 1297 1359 1443 1471 1527 1593 1664 1712 1780 1813 1880 1893 1991 2028 2088 2129 2182 2249 2296 2375 2388 2477 2492 2587 2598 2689 2741 2761 2827 2901 2918 3007
7 19 56 129 207 216 314 326 414 458 497 579 617 689 710 806 862 868 951 1016 1074 1107 1140 1204 1280 1312 1370 1450 1509 1525 1601 1661 1712 1737 1797 1843 1902 1972 2049 2074 2111 2189 2247 2294 2323 2394 2439 2528 2569 2629 2699 2730 2778 2857 2873 2934 3004
7 19 59 136 193 251 288 363 391 444 530 586 619 649 736 798 834 868 928 1020 1055 1131 1150 1191 1278 1314 1362 1406 1466 1512 1589 1649 1679 1745 1804 1881 1932 1968 2039 2062 2123 2175 2253 2296 2371 2385 2483 2511 2545 2624 2680 2744 2802 2860 2897 2954 3021
4 19 60 132 173 242 284 326 379 432 513 577 599 651 708 799 826 886 933 981 1040 1111 1162 1210 1264 1306 1363 1408 1511 1559 1596 1628 1692 1747 1831 1870 1933 1972 2017 2061 2152 2200 2259 2308 2373 2412 2474 2518 2577 2629 2694 2735 2785 2861 2913 2942 3012
7 19 61 116 192 251 275 370 426 464 511 562 596 666 716 789 813 888 930 1014 1073 1096 1177 1241 1294 1346 1390 1422 1504 1522 1582 1643 1679 1764 1821 1856 1921 1982 1998 2052 2110 2194 2263 2296 2329 2420 2465 2514 2559 2604 2660 2728 2797 2859 2886 2956 2980
7 19 62 130 169 250 293 361 397 466 538 564 598 686 732 805 836 866 968 988 1075 1112 1169 1195 1243 1349 1397 1431 1490 1555 1617 1635 1698 1757 1826 1850 1908 1984 2008 2064 2111 2197 2243 2314 2333 2397 2430 2530 2569 2595 2663 2743 2795 2814 2904 2934 2981
7 19 63 127 211 252 291 348 402 458 529 579 640 659 737 795 817 869 946 1003 1068 1115 1174 1221 1293 1346 1381 1408 1503 1523 1595 1626 1676 1729 1829 1852 1904 1982 2043 2068 2129 2190 2267 2296 2370 2389 2472 2493 2552 2592 2668 2708 2787 2827 2865 2934 3023
7 19 63 157 181 242 273 361 425 469 537 542 640 663 708 769 826 886 966 990 1057 1093 1163 1238 1285 1329 1392 1408 1500 1513 1595 1655 1714 1740 1807 1847 1911 1970 2007 2058 2111 2200 2248 2286 2350 2415 2474 2530 2574 2592 2661 2708 2807 2840 2884 2944 3023
4 19 64 110 163 234 285 348 407 451 516 579 596 679 735 778 840 901 952 1017 1076 1103 1146 1235 1256 1336 1403 1422 1510 1554 1582 1665 1702 1777 1782 1872 1942 1948 2046 2060 2152 2167 2224 2292 2365 2391 2472 2524 2544 2620 2673 2713 2791 2844 2883 2921 2977
7 19 65 120 188 229 300 329 387 471 501 586 598 682 723 786 832 901 954 972 1033 1103 1145 1235 1261 1345 1403 1431 1474 1539 1617 1669 1692 1768 1827 1870 1942 1946 2042 2059 2145 2210 2244 2292 2359 2391 2435 2504 2580 2635 2647 2703 2798 2841 2895 2942 2978
7 19 67 135 198 265 312 329 430 480 489 544 640 688 703 762 817 888 937 972 1048 1088 1145 1233 1274 1309 1401 1443 1474 1524 1619 1659 1676 1762 1829 1880 1899 1962 2033 2059 2133 2201 2244 2292 2348 2388 2460 2521 2588 2623 2668 2717 2787 2827 2906 2954 2994
7 19 68 140 205 242 303 348 426 469 521 542 617 658 742 765 860 910 965 973 1038 1133 1163 1205 1262 1299 1365 1409 1465 1530 1574 1655 1692 1759 1821 1888 1921 1982 2011 2093 2110 2166 2263 2308 2367 2400 2452 2513 2589 2592 2690 2729 2768 2830 2907 2944 2980
7 19 69 118 196 238 317 329 389 482 509 566 598 684 745 786 823 903 926 975 1067 1089 1148 1233 1291 1328 1402 1428 1497 1560 1607 1642 1700 1743 1802 1836 1898 1991 2051 2094 2123 2192 2265 2270 2357 2405 2466 2516 2545 2598 2665 2726 2782 2824 2863 2954 3015
4 19 69 141 172 266 271 370 397 454 535 564 598 648 723 785 852 880 953 988 1078 1086 1165 1220 1266 1341 1391 1428 1494 1526 1607 1664 1702 1776 1794 1873 1908 1949 2030 2064 2145 2174 2243 2306 2330 2406 2469 2537 2548 2598 2655 2726 2805 2811 2910 2918 3015
4 19 69 155 163 252 280 363 389 432 534 564 617 670 737 788 817 869 939 1017 1061 1122 1162 1191 1257 1311 1388 1408 1511 1536 1607 1628 1702 1777 1802 1886 1941 1962 2030 2061 2152 2190 2223 2270 2365 2390 2472 2537 2551 2618 2675 2706 2773 2842 2896 2954 3015
4 19 71 109 175 256 293 361 393 448 533 566 633 699 728 759 832 910 963 1011 1060 1108 1164 1188 1272 1310 1402 1409 1508 1553 1586 1673 1698 1749 1795 1845 1897 1946 2032 2100 2123 2166 2225 2272 2364 2386 2480 2491 2572 2637 2683 2712 2786 2853 2899 2942 2998
4 19 74 151 172 269 273 361 396 446 528 544 619 676 718 756 859 880 963 988 1052 1091 1169 1232 1248 1330 1401 1409 1490 1534 1614 1654 1714 1766 1789 1846 1909 1968 2012 2064 2133 2191 2243 2314 2330 2385 2478 2534 2575 2616 2677 2752 2796 2809 2903 2918 3003
4 19 75 116 176 252 284 340 399 432 498 564 599 664 732 787 813 886 930 996 1075 1098 1162 1195 1243 1306 1377 1450 1468 1557 1572 1628 1676 1763 1796 1880 1923 1984 2031 2104 2110 2195 2261 2296 2375 2395 2464 2529 2586 2618 2686 2741 2797 2859 2904 2954 3021
7 19 75 122 170 216 311 363 391 469 487 542 599 692 710 775 862 868 971 1023 1054 1128 1168 1199 1255 1302 1399 1450 1492 1547 1572 1650 1700 1773 1804 1853 1928 1962 2041 2054 2129 2189 2256 2306 2334 2407 2439 2517 2556 2618 2680 2741 2802 2833 2877 2944 3021
7 19 82 113 190 230 318 361 386 485 496 586 611 680 736 763 842 869 968 991 1055 1122 1151 1191 1278 1345 1388 1431 1499 1538 1618 1651 1678 1744 1827 1858 1941 1968 2006 2096 2131 2196 2226 2270 2340 2390 2442 2484 2580 2616 2647 2748 2798 2831 2897 2956 2979
7 19 83 115 176 259 321 350 411 477 489 545 619 678 724 772 823 886 929 996 1066 1093 1144 1238 1268 1307 1392 1443 1487 1512 1608 1629 1678 1761 1801 1884 1911 1991 2034 2104 2108 2192 2261 2286 2375 2415 2466 2522 2583 2593 2666 2749 2782 2824 2868 2954 2976
7 19 83 136 204 235 305 350 427 460 519 544 631 669 746 807 819 910 970 1011 1032 1133 1150 1205 1268 1327 1365 1422 1466 1512 1573 1633 1679 1731 1783 1883 1921 1968 2034 2062 2108 2172 2262 2308 2336 2400 2481 2522 2560 2610 2691 2733 2800 2818 2903 2942 3012
7 19 83 148 197 263 312 326 379 453 489 544 611 675 754 771 863 886 962 1004 1034 1088 1184 1198 1242 1334 1401 1441 1464 1538 1573 1634 1679 1761 1831 1856 1935 1991 2034 2074 2133 2184 2257 2294 2335 2388 2444 2522 2549 2625 2694 2719 2785 2825 2891 2956 3012
7 19 84 141 167 223 288 363 379 447 530 557 598 661 731 777 847 888 921 994 1073 1088 1147 1198 1266 1314 1362 1441 1494 1526 1615 1649 1679 1768 1824 1878 1935 1972 2015 2084 2152 2160 2257 2292 2372 2427 2456 2537 2571 2602 2653 2739 2784 2844 2914 2918 3020
7 19 84 160 181 258 275 370 419 445 526 557 631 663 705 769 819 890 947 990 1061 1116 1155 1222 1257 1318 1375 1408 1506 1536 1615 1671 1679 1772 1783 1844 1920 1970 2015 2085 2145 2211 2221 2270 2350 2376 2441 2537 2570 2631 2691 2711 2800 2818 2896 2940 3020
7 19 85 117 175 234 310 328 412 451 492 579 631 659 709 805 857 866 947 1015 1075 1116 1146 1217 1243 1312 1375 1450 1467 1557 1579 1665 1698 1778 1797 1844 1924 1970 2021 2103 2123 2193 2217 2296 2361 2376 2451 2529 2569 2620 2699 2716 2778 2860 2904 2921 3006
7 19 85 121 171 235 311 348 392 450 487 562 631 656 746 756 861 880 957 1024 1052 1110 1166 1205 1248 1325 1399 1450 1480 1562 1579 1627 1714 1773 1816 1847 1943 1948 2041 2099 2108 2172 2239 2273 2351 2424 2438 2507 2575 2620 2682 2716 2757 2852 2903 2944 3006
7 19 85 133 170 240 319 326 406 485 487 579 599 651 749 799 839 880 955 984 1040 1086 1151 1220 1292 1344 1391 1431 1499 1518 1602 1651 1698 1773 1798 1871 1908 1948 2041 2096 2131 2212 2234 2306 2373 2406 2439 2507 2577 2606 2657 2734 2762 2808 2883 2963 2982
7 19 88 113 211 224 287 350 392 443 493 586 633 686 712 767 853 869 968 1003 1034 1127 1178 1240 1242 1323 1382 1441 1499 1538 1569 1640 1698 1769 1818 1850 1914 1948 2029 2068 2108 2205 2267 2294 2370 2397 2431 2522 2554 2643 2659 2743 2786 2831 2891 2934 3004
4 19 89 124 204 261 299 328 393 433 520 566 633 698 712 777 822 888 958 1011 1073 1080 1183 1216 1266 1302 1386 1428 1489 1565 1598 1662 1679 1731 1811 1842 1897 1962 2033 2100 2108 2169 2225 2306 2336 2402 2481 2499 2571 2636 2665 2722 2774 2854 2914 2963 2982
4 19 96 143 171 265 314 361 399 463 497 545 619 656 743 756 853 890 931 1024 1062 1098 1187 1195 1276 1336 1370 1450 1473 1545 1605 1637 1676 1737 1832 1852 1923 1948 2049 2076 2145 2161 2261 2292 2351 2404 2475 2487 2564 2640 2652 2711 2776 2841 2892 2934 2983
4 19 97 135 175 268 295 363 427 461 492 544 631 699 726 759 843 888 937 1011 1059 1096 1142 1241 1277 1332 1390 1409 1474 1524 1612 1620 1692 1778 1824 1848 1921 1946 2021 2062 2129 2207 2262 2296 2364 2420 2451 2517 2573 2601 2677 2709 2761 2827 2876 2963 2971
7 19 98 150 174 216 276 340 431 469 503 542 598 670 731 800 821 869 932 1008 1071 1127 1168 1240 1251 1337 1382 1428 1461 1563 1607 1650 1712 1756 1814 1886 1914 1984 2018 2086 2152 2168 2229 2294 2354 2397 2445 2496 2539 2618 2695 2706 2803 2848 2872 2944 2986
7 19 98 153 177 230 302 370 404 456 503 577 619 696 736 795 842 869 919 980 1068 1109 1186 1222 1293 1317 1357 1431 1468 1521 1583 1668 1676 1756 1788 1885 1926 1984 2018 2081 2123 2196 2214 2272 2333 2418 2442 2496 2552 2645 2696 2731 2776 2853 2865 2940 3011
7 19 99 108 181 247 312 326 410 480 537 577 640 655 755 789 851 888 955 1000 1073 1113 1145 1203 1294 1309 1353 1431 1466 1540 1567 1659 1679 1740 1805 1867 1925 1968 2007 2067 2145 2177 2227 2286 2340 2411 2474 2494 2559 2641 2696 2742 2760 2835 2886 2920 3014
4 19 99 155 206 228 273 363 427 468 537 545 611 654 717 782 828 888 939 989 1026 1118 1149 1199 1271 1330 1392 1408 1483 1564 1610 1654 1712 1740 1824 1886 1938 1968 2007 2105 2108 2188 2246 2314 2363 2390 2449 2494 2575 2624 2677 2722 2761 2842 2870 2944 2971
7 19 101 108 197 258 300 340 396 471 539 564 598 670 753 800 845 901 944 985 1071 1124 1145 1200 1252 1345 1367 1443 1466 1540 1588 1669 1679 1743 1789 1842 1909 1968 2023 2067 2133 2163 2243 2270 2354 2417 2464 2536 2539 2605 2689 2750 2784 2846 2871 2963 3003
7 19 101 153 196 244 285 350 391 451 539 545 596 677 717 793 842 901 919 975 1026 1128 1146 1199 1271 1336 1380 1450 1467 1522 1599 1665 1700 1743 1832 1877 1928 1968 2023 2103 2123 2173 2256 2272 2357 2425 2466 2536 2564 2610 2652 2707 2776 2853 2870 2956 2991
7 19 102 108 213 230 290 363 379 456 499 577 599 692 738 775 845 888 944 981 1054 1101 1186 1219 1258 1328 1400 1422 1487 1520 1597 1668 1678 1770 1824 1876 1933 1991 2037 2061 2133 2194 2259 2270 2334 2382 2432 2495 2556 2645 2653 2717 2784 2846 2875 2940 3020
7 19 102 110 190 259 298 370 394 477 494 577 596 655 724 789 846 903 953 991 1047 1105 1143 1194 1256 1348 1350 1428 1510 1554 1616 1630 1678 1744 1835 1867 1930 1972 2009 2063 2131 2192 2258 2286 2340 2413 2442 2524 2585 2593 2671 2742 2769 2843 2913 2921 3001
4 19 102 136 212 222 273 363 394 462 528 544 617 691 720 788 857 910 928 978 1039 1091 1170 1208 1258 1329 1401 1406 1458 1520 1616 1655 1712 1742 1835 1881 1934 1970 2037 2078 2133 2193 2254 2286 2344 2385 2451 2495 2574 2634 2661 2701 2778 2860 2890 2921 3001
4 19 102 158 191 246 297 348 431 439 500 577 617 693 737 765 836 890 940 1024 1077 1115 1166 1221 1284 1315 1363 1406 1480 1525 1616 1639 1678 1736 1799 1879 1904 1984 2009 2099 2152 2197 2239 2273 2332 2408 2430 2524 2550 2634 2692 2701 2795 2814 2865 2934 3001
7 19 102 159 162 240 281 370 419 446 500 544 599 688 749 762 820 890 930 1009 1076 1098 1167 1220 1256 1327 1377 1422 1461 1554 1597 1656 1712 1736 1783 1880 1896 1984 2009 2087 2131 2212 2245 2292 2348 2395 2459 2524 2560 2645 2691 2717 2800 2817 2883 2918 3020
4 19 105 156 197 268 306 326 397 461 520 544 619 691 749 778 863 901 967 985 1076 1086 1142 1220 1256 1321 1379 1428 1469 1550 1575 1620 1702 1761 1826 1837 1908 1984 2001 2067 2111 2184 2243 2286 2354 2418 2444 2528 2544 2601 2688 2746 2771 2840 2883 2963 2981
7 19 105 158 176 244 299 329 387 450 520 566 611 664 717 787 842 901 924 996 1074 1080 1166 1196 1280 1337 1386 1450 1480 1525 1578 1627 1678 1761 1827 1876 1919 1984 2001 2099 2108 2173 2266 2294 2375 2402 2466 2528 2587 2611 2647 2745 2798 2831 2873 2940 2978
7 19 107 109 188 237 288 329 412 465 530 586 617 676 715 764 832 890 963 1009 1037 1131 1141 1230 1290 1323 1362 1441 1500 1561 1591 1639 1714 1768 1818 1846 1893 1970 2015 2082 2123 2210 2250 2272 2322 2385 2435 2516 2554 2639 2659 2752 2786 2853 2901 2918 2984
4 19 107 146 181 225 295 340 414 461 526 586 631 680 747 763 861 888 932 1000 1067 1101 1142 1231 1291 1332 1356 1428 1469 1560 1591 1620 1714 1772 1816 1858 1922 1972 2015 2067 2111 2169 2227 2270 2340 2426 2441 2516 2568 2644 2682 2748 2757 2852 2863 2920 2984
4 20 54 161 166 229 285 347 413 459 515 592 632 693 752 787 857 903 947 1014 1057 1105 1182 1211 1282 1297 1359 1408 1495 1527 1617 1623 1680 1753 1792 1880 1933 1951 2018 2088 2148 2181 2222 2291 2350 2425 2463 2519 2550 2630 2661 2711 2801 2810 2879 2935 2982
4 20 55 142 175 256 294 362 422 466 518 582 633 696 734 759 833 871 926 1010 1027 1107 1134 1218 1257 1325 1355 1456 1471 1522 1619 1640 1697 1748 1831 1872 1935 1963 2045 2103 2112 2178 2225 2272 2349 2418 2480 2531 2555 2607 2655 2737 2780 2853 2874 2941 2999
7 20 56 128 169 247 284 341 386 464 522 579 616 658 747 769 815 868 965 1016 1077 1108 1152 1232 1279 1329 1403 1411 1509 1525 1567 1661 1713 1763 1813 1882 1939 1987 2046 2075 2158 2188 2241 2293 2357 2378 2472 2512 2538 2603 2666 2715 2779 2842 2873 2922 2986
4 20 56 149 213 265 320 366 392 458 499 579 618 667 731 790 855 881 923 985 1042 1127 1177 1190 1278 1313 1371 1410 1466 1547 1583 1644 1713 1765 1794 1862 1936 1996 2026 2087 2110 2204 2224 2275 2322 2409 2440 2532 2579 2600 2679 2730 2785 2837 2915 2939 2971
4 20 58 158 162 252 285 347 423 480 515 582 633 682 755 766 851 902 941 1023 1072 1129 1161 1216 1289 1297 1359 1423 1472 1532 1608 1623 1680 1747 1814 1879 1934 1967 2024 2089 2158 2176 2225 2275 2335 2402 2464 2518 2553 2628 2658 2708 2786 2826 2864 2920 2998
4 20 61 134 187 262 300 347 404 446 513 592 636 648 704 790 830 881 956 1002 1042 1124 1135 1216 1278 1327 1395 1411 1461 1560 1601 1632 1713 1733 1806 1887 1939 1984 2040 2068 2128 2207 2223 2274 2341 2387 2463 2521 2579 2601 2664 2713 2804 2822 2915 2920 3014
4 20 62 141 189 223 283 328 422 467 487 582 633 698 743 776 847 887 958 1010 1058 1110 1147 1215 1267 1342 1362 1427 1458 1531 1593 1630 1726 1731 1812 1854 1935 1950 2015 2103 2124 2196 2225 2307 2336 2408 2478 2515 2585 2636 2648 2723 2807 2824 2867 2923 3020
7 20 63 141 203 219 295 345 425 448 529 563 646 678 729 802 847 906 958 977 1037 1130 1163 1202 1293 1345 1373 1408 1478 1512 1581 1629 1714 1736 1784 1869 1910 1951 2034 2077 2124 2208 2248 2307 2350 2393 2466 2497 2583 2593 2676 2712 2807 2824 2900 2922 3017
7 20 64 117 212 220 318 328 427 473 512 579 616 679 727 797 857 887 933 995 1059 1096 1142 1217 1242 1332 1353 1456 1493 1524 1612 1656 1717 1742 1812 1848 1898 1951 2036 2095 2144 2193 2241 2274 2339 2377 2450 2535 2554 2620 2699 2731 2756 2856 2881 2935 3015
7 20 65 120 210 266 278 376 406 455 501 558 633 663 722 809 848 885 918 1008 1028 1104 1177 1220 1288 1345 1379 1410 1493 1522 1598 1647 1717 1731 1827 1870 1895 1951 1999 2059 2110 2174 2255 2307 2359 2395 2457 2499 2567 2609 2692 2741 2765 2859 2910 2941 3001
4 20 65 155 170 249 318 328 423 447 489 558 600 671 702 800 835 871 938 1021 1060 1117 1187 1239 1252 1331 1376 1443 1460 1558 1598 1657 1717 1745 1811 1886 1900 1967 1999 2081 2158 2180 2258 2293 2348 2390 2460 2499 2546 2633 2689 2718 2759 2842 2875 2955 3001
4 20 65 156 174 239 317 330 423 482 532 582 633 681 728 775 818 868 955 1023 1055 1108 1148 1237 1259 1328 1352 1410 1485 1515 1598 1641 1693 1738 1811 1852 1934 1996 2013 2089 2128 2203 2225 2293 2322 2429 2465 2485 2563 2609 2651 2741 2796 2845 2871 2955 3001
7 20 68 115 206 246 317 330 410 457 488 578 618 699 718 794 836 916 953 1017 1053 1094 1139 1189 1290 1316 1396 1446 1500 1547 1600 1653 1693 1757 1800 1849 1901 1984 2051 2080 2112 2169 2246 2272 2333 2386 2479 2522 2552 2611 2696 2700 2777 2853 2865 2939 3011
7 20 68 157 189 227 311 363 378 463 521 578 598 698 716 776 826 871 944 1010 1073 1114 1179 1198 1244 1300 1358 1427 1503 1540 1607 1649 1693 1776 1802 1860 1902 1950 2035 2062 2158 2161 2265 2310 2336 2419 2432 2537 2571 2624 2672 2718 2784 2817 2909 2941 3004
4 20 69 108 191 247 292 341 426 464 511 546 601 694 730 804 821 916 931 1025 1058 1087 1174 1229 1267 1346 1393 1427 1492 1531 1567 1638 1699 1777 1810 1846 1925 1987 2007 2067 2110 2205 2251 2307 2324 2411 2474 2515 2558 2603 2660 2715 2792 2859 2867 2956 2973
7 20 72 117 198 265 286 376 383 458 526 579 612 651 746 783 812 887 933 1008 1063 1110 1177 1233 1293 1346 1381 1408 1493 1524 1596 1644 1681 1744 1815 1837 1918 1987 2033 2059 2112 2189 2255 2307 2370 2388 2483 2484 2552 2600 2667 2717 2802 2856 2873 2939 2995
7 20 72 142 194 236 323 376 394 479 500 547 616 675 715 802 833 906 926 984 1037 1128 1180 1214 1293 1324 1386 1442 1468 1524 1592 1622 1714 1768 1791 1877 1893 1969 2033 2066 2112 2210 2215 2272 2353 2412 2447 2484 2583 2625 2695 2705 2780 2853 2900 2935 3000
4 20 73 118 205 246 310 345 424 451 502 579 618 689 718 792 859 906 963 1007 1074 1091 1134 1189 1269 1311 1381 1456 1510 1549 1599 1654 1678 1751 1784 1865 1904 1983 2048 2064 2112 2169 2224 2287 2330 2407 2456 2498 2575 2617 2699 2705 2783 2854 2865 2923 3018
7 20 78 158 197 228 315 376 394 483 513 578 633 663 712 809 853 906 935 1020 1028 1091 1171 1203 1289 1340 1380 1411 1472 1532 1586 1631 1697 1769 1791 1876 1891 1950 2003 2079 2130 2195 2217 2287 2359 2408 2437 2518 2567 2592 2695 2734 2780 2832 2909 2920 3000
7 20 79 128 174 217 305 347 422 435 494 579 636 667 714 790 856 868 951 1023 1066 1107 1161 1218 1260 1332 1391 1456 1472 1562 1575 1669 1697 1762 1812 1862 1935 1950 2041 2089 2124 2175 2225 2275 2322 2381 2439 2508 2554 2608 2699 2730 2756 2857 2894 2955 3020
7 20 79 139 197 241 281 341 407 451 520 579 646 651 735 783 838 870 930 1009 1040 1126 1167 1235 1292 1347 1360 1446 1499 1529 1575 1620 1697 1736 1826 1837 1892 1948 2041 2067 2130 2165 2267 2307 2370 2391 2472 2508 2576 2622 2657 2717 2800 2840 2882 2923 3020
7 20 80 115 173 263 299 328 388 465 501 592 616 665 704 797 820 902 961 1003 1042 1129 1139 1216 1278 1315 1359 1410 1500 1547 1580 1646 1693 1729 1833 1860 1934 1984 2001 2080 2148 2206 2259 2275 2354 2402 2444 2532 2572 2612 2646 2750 2767 2844 2915 2941 3008
7 20 80 116 203 228 284 362 398 432 522 592 618 693 712 787 853 906 967 977 1038 1082 1154 1234 1243 1336 1403 1411 1488 1528 1604 1654 1693 1763 1832 1880 1937 1948 2046 2077 2145 2195 2248 2291 2350 2405 2437 2487 2570 2643 2664 2711 2777 2835 2876 2922 2983
4 20 80 122 177 260 311 363 428 477 521 592 601 648 751 775 812 868 928 1013 1055 1123 1164 1213 1259 1300 1358 1429 1470 1513 1604 1649 1693 1764 1803 1849 1913 1987 2046 2084 2144 2189 2232 2274 2356 2411 2483 2487 2563 2602 2680 2751 2802 2856 2871 2939 2983
4 20 81 125 191 246 321 362 414 451 496 547 600 695 718 803 836 916 968 1025 1041 1106 1167 1191 1254 1308 1387 1446 1499 1543 1571 1620 1678 1772 1790 1857 1938 1967 2043 2067 2130 2169 2251 2287 2324 2390 2479 2516 2548 2617 2682 2733 2798 2832 2863 2956 3012
7 20 83 136 173 228 296 376 383 483 489 544 601 688 737 773 856 887 971 1003 1049 1115 1145 1196 1268 1309 1398 1443 1503 1561 1586 1658 1693 1729 1815 1852 1931 1950 2015 2097 2148 2170 2243 2291 2354 2413 2444 2493 2588 2592 2667 2734 2802 2810 2906 2955 2995
7 20 83 152 210 236 283 376 412 479 487 558 632 689 752 764 848 870 963 1009 1069 1111 1136 1206 1268 1305 1362 1427 1487 1561 1592 1667 1678 1731 1782 1865 1930 1969 2015 2105 2148 2174 2230 2308 2358 2407 2457 2493 2573 2625 2659 2705 2805 2819 2885 2923 2989
7 20 83 156 206 263 292 347 378 452 511 544 632 675 748 787 863 906 954 983 1038 1114 1148 1198 1243 1313 1393 1427 1485 1515 1592 1671 1693 1777 1816 1877 1902 1996 2007 2089 2112 2162 2265 2275 2367 2384 2459 2501 2570 2625 2688 2705 2770 2846 2876 2956 2989
7 20 84 136 187 266 277 376 379 455 527 563 600 681 715 756 857 868 971 1002 1077 1128 1160 1214 1253 1330 1385 1443 1508 1556 1598 1664 1713 1733 1797 1852 1893 1951 2027 2060 2128 2181 2231 2310 2341 2413 2463 2530 2551 2609 2656 2741 2801 2810 2900 2935 2981
7 20 84 140 213 219 319 330 418 448 530 563 636 658 750 791 824 916 965 972 1034 1133 1163 1224 1283 1321 1378 1423 1484 1517 1578 1629 1713 1739 1800 1882 1905 1967 2043 2071 2110 2187 2249 2308 2335 2378 2468 2513 2582 2593 2670 2715 2804 2829 2898 2922 3002
7 20 85 127 175 262 313 328 423 441 508 579 636 651 704 805 843 871 948 1010 1062 1129 1147 1216 1258 1303 1375 1423 1458 1545 1578 1655 1680 1778 1811 1853 1934 1996 2016 2103 2128 2207 2225 2307 2349 2385 2450 2526 2574 2606 2689 2701 2759 2834 2915 2941 3001
4 20 85 133 162 220 306 330 392 473 500 579 618 659 735 794 840 885 967 985 1040 1082 1142 1235 1292 1344 1403 1442 1502 1535 1597 1656 1680 1761 1783 1880 1936 1948 2039 2087 2158 2185 2224 2310 2373 2405 2449 2502 2565 2620 2649 2746 2771 2817 2882 2935 2981
7 20 86 108 197 239 300 362 380 449 513 592 633 674 728 759 845 870 969 1009 1043 1124 1174 1237 1272 1307 1395 1408 1492 1531 1587 1652 1699 1769 1828 1874 1919 1987 2003 2067 2128 2203 2267 2287 2370 2387 2437 2510 2539 2642 2661 2714 2764 2821 2871 2923 3018
7 20 86 115 178 245 303 366 391 485 504 592 612 662 746 768 836 902 953 975 1056 1131 1170 1199 1270 1336 1350 1411 1494 1553 1614 1636 1699 1758 1832 1846 1927 1967 2024 2100 2112 2209 2242 2272 2323 2389 2438 2489 2570 2594 2664 2747 2777 2853 2908 2956 2990
7 20 86 124 169 269 315 345 428 461 513 563 612 658 717 769 858 870 919 1016 1026 1111 1183 1228 1262 1306 1380 1411 1467 1541 1614 1665 1726 1769 1796 1851 1907 1987 2003 2078 2144 2197 2238 2308 2357 2388 2466 2510 2589 2594 2685 2747 2781 2811 2896 2920 2990
7 20 86 143 162 233 278 366 424 455 515 563 633 685 734 767 825 885 966 985 1071 1081 1177 1200 1270 1345 1367 1408 1466 1553 1587 1647 1726 1747 1784 1864 1904 1983 2024 2087 2112 2200 2224 2275 2373 2379 2464 2489 2583 2642 2676 2714 2807 2846 2893 2935 3018
7 20 87 116 171 251 307 330 410 480 537 582 612 650 743 804 853 916 967 987 1058 1125 1137 1215 1267 1309 1361 1442 1475 1541 1582 1648 1699 1741 1800 1866 1921 1950 1998 2052 2145 2168 2226 2291 2368 2420 2465 2504 2558 2629 2696 2753 2777 2835 2867 2920 3011
7 20 88 141 163 244 317 341 404 437 532 582 646 696 747 783 842 887 934 989 1063 1108 1159 1232 1293 1316 1352 1442 1478 1512 1574 1653 1681 1743 1806 1873 1939 1984 2008 2082 2128 2191 2223 2272 2325 2429 2441 2497 2552 2634 2696 2736 2772 2850 2873 2922 3014
4 20 89 140 188 256 281 341 381 466 520 563 600 676 734 801 860 916 965 981 1071 1094 1154 1200 1270 1347 1360 1411 1484 1517 1603 1620 1697 1771 1810 1838 1891 1983 2006 2082 2145 2178 2231 2272 2371 2422 2453 2527 2549 2607 2685 2753 2768 2829 2893 2959 3019
4 20 90 108 209 217 319 362 419 448 514 546 636 661 714 807 820 916 969 1005 1044 1125 1163 1218 1282 1321 1394 1408 1478 1545 1615 1629 1681 1730 1790 1874 1918 1984 2051 2077 2124 2175 2219 2291 2342 2387 2476 2500 2561 2595 2691 2727 2789 2821 2894 2941 3006
7 20 90 154 179 244 288 363 405 437 519 546 616 691 747 782 822 902 928 1022 1075 1131 1166 1199 1271 1325 1350 1429 1506 1514 1602 1646 1681 1768 1785 1871 1927 1963 2014 2072 2158 2191 2228 2272 2345 2389 2462 2537 2547 2634 2663 2708 2755 2823 2907 2959 3019
7 20 90 157 194 229 270 376 419 470 519 547 598 649 722 770 833 902 927 1003 1072 1104 1145 1220 1244 1308 1370 1446 1503 1540 1615 1672 1680 1768 1790 1853 1895 1963 2014 2097 2145 2210 2243 2291 2334 2406 2447 2537 2548 2619 2682 2703 2798 2835 2910 2941 3006
4 20 91 138 181 252 304 366 398 468 498 563 646 664 755 765 851 902 930 997 1075 1126 1175 1190 1286 1339 1360 1423 1486 1557 1594 1628 1681 1728 1832 1837 1937 1948 2049 2056 2145 2176 2248 2274 2352 2391 2464 2495 2564 2640 2670 2703 2772 2841 2891 2939 2983
7 20 94 122 175 241 295 363 415 462 508 544 636 699 707 767 857 916 928 999 1071 1087 1151 1229 1273 1345 1393 1429 1459 1523 1600 1629 1697 1778 1835 1849 1925 1951 2016 2054 2112 2193 2262 2307 2360 2411 2450 2517 2583 2611 2676 2700 2756 2856 2890 2935 2985
7 20 95 134 171 235 295 345 409 462 529 558 636 695 736 758 861 916 932 987 1079 1097 1151 1228 1278 1345 1373 1410 1461 1560 1571 1629 1714 1762 1827 1857 1922 1983 2006 2052 2130 2160 2226 2275 2368 2426 2442 2521 2567 2617 2692 2733 2765 2847 2877 2920 2998
7 20 97 128 178 216 314 341 414 483 535 544 636 662 736 768 835 903 965 975 1057 1133 1171 1204 1260 1341 1378 1411 1472 1562 1601 1631 1680 1737 1824 1882 1926 1967 2025 2079 2130 2180 2262 2320 2323 2378 2460 2508 2569 2604 2675 2710 2759 2842 2903 2955 2977
4 20 97 136 175 220 301 363 390 460 502 544 632 696 727 759 857 887 971 1010 1043 1113 1179 1208 1251 1307 1390 1456 1503 1561 1574 1651 1680 1778 1792 1873 1890 1963 2022 2062 2128 2193 2265 2310 2349 2392 2450 2511 2539 2634 2661 2736 2801 2810 2892 2923 3005
7 20 97 137 194 252 282 345 387 480 536 544 646 675 755 802 844 881 943 984 1070 1127 1137 1190 1291 1333 1371 1442 1475 1521 1574 1648 1680 1746 1795 1841 1936 1969 2022 2052 2145 2176 2229 2275 2353 2409 2471 2511 2549 2628 2697 2742 2754 2828 2891 2959 3005
7 20 97 152 202 230 289 363 414 478 536 546 601 648 703 775 841 881 929 988 1055 1106 1136 1191 1251 1328 1364 1446 1487 1561 1601 1668 1678 1746 1824 1887 1938 1969 2022 2105 2128 2172 2251 2320 2356 2414 2462 2511 2563 2601 2651 2713 2782 2855 2878 2955 2977
7 20 98 124 177 257 317 330 429 437 488 546 646 679 710 773 858 887 919 1006 1049 1089 1159 1222 1268 1316 1396 1427 1488 1521 1612 1653 1693 1781 1820 1848 1902 1948 2028 2071 2144 2196 2214 2308 2363 2391 2467 2533 2588 2620 2660 2731 2781 2811 2906 2959 2980
4 20 100 152 212 219 294 345 413 448 518 546 598 679 750 797 848 881 963 995 1042 1121 1143 1223 1295 1315 1355 1456 1508 1540 1581 1650 1713 1748 1795 1868 1897 1951 2045 2078 2148 2187 2257 2308 2339 2404 2443 2486 2572 2593 2646 2712 2805 2819 2899 2941 2979
4 20 101 119 198 235 319 362 391 462 514 558 646 689 702 764 851 906 949 1020 1060 1090 1151 1239 1252 1321 1394 1429 1459 1526 1599 1629 1681 1781 1832 1865 1927 1967 2000 2054 2112 2194 2242 2308 2358 2421 2445 2531 2582 2617 2670 2705 2772 2841 2875 2920 2990
7 20 101 144 173 246 281 345 428 451 495 547 646 675 711 802 813 870 954 1004 1070 1123 1167 1213 1271 1347 1384 1429 1474 1565 1599 1620 1693 1743 1796 1877 1913 1983 2044 2092 2148 2177 2232 2272 2353 2384 2431 2486 2549 2617 2685 2705 2781 2858 2912 2956 2990
4 20 101 152 163 233 304 366 403 455 495 558 598 674 742 805 841 870 929 989 1062 1080 1160 1221 1295 1303 1363 1443 1508 1540 1587 1664 1681 1743 1787 1874 1909 1983 2044 2060 2128 2192 2245 2320 2325 2427 2441 2486 2574 2642 2689 2714 2782 2855 2877 2941 3003
7 20 102 118 176 256 299 341 385 466 501 582 601 650 719 804 841 903 962 982 1046 1105 1134 1211 1256 1320 1359 1410 1510 1549 1603 1640 1678 1729 1824 1866 1933 1983 2001 2064 2158 2192 2250 2291 2368 2425 2441 2512 2571 2607 2651 2753 2782 2855 2913 2941 3006
7 20 102 137 212 218 280 363 385 461 523 544 600 688 748 788 843 881 937 995 1038 1092 1183 1198 1243 1341 1401 1411 1467 1528 1603 1665 1717 1742 1824 1870 1924 1996 2026 2078 2144 2207 2257 2291 2339 2376 2450 2487 2569 2645 2675 2716 2759 2834 2876 2941 3006
7 20 102 158 192 245 283 376 419 434 487 582 600 681 746 756 836 902 935 997 1077 1110 1181 1233 1279 1305 1362 1411 1479 1525 1603 1667 1678 1745 1790 1876 1918 1984 2001 2085 2124 2209 2219 2293 2341 2408 2438 2512 2551 2645 2682 2716 2798 2832 2873 2939 3006
7 20 103 123 190 217 307 347 421 435 496 578 646 673 716 789 842 881 952 1014 1073 1092 1182 1198 1244 1309 1401 1446 1495 1565 1575 1648 1681 1773 1806 1856 1924 1950 2042 2088 2110 2172 2222 2291 2327 2376 2461 2514 2558 2608 2696 2730 2772 2850 2909 2956 2996
4 20 103 155 193 223 321 328 394 467 496 547 616 665 738 797 815 881 938 984 1042 1106 1144 1236 1295 1296 1387 1443 1505 1514 1593 1633 1713 1773 1813 1886 1893 1950 2042 2066 2130 2201 2215 2320 2354 2390 2458 2514 2572 2636 2666 2723 2779 2842 2899 2959 2978
7 21 54 149 181 266 274 344 388 452 500 564 595 664 748 763 843 909 942 1021 1038 1108 1177 1230 1276 1313 1383 1439 1482 1522 1594 1652 1715 1758 1834 1873 1943 1958 2049 2091 2118 2165 2223 2295 2325 2424 2469 2503 2553 2598 2675 2738 2785 2816 2910 2918 3015
4 21 56 155 186 231 296 325 417 483 523 553 634 680 706 787 839 888 964 1014 1054 1099 1153 1219 1257 1340 1356 1417 1493 1523 1586 1620 1710 1764 1791 1841 1933 1971 2015 2061 2127 2194 2238 2270 2330 2426 2478 2491 2590 2622 2657 2739 2807 2852 2879 2962 3020
7 21 57 108 186 222 312 326 421 443 514 580 607 678 705 789 848 888 962 1014 1064 1088 1168 1237 1272 1342 1403 1430 1477 1563 1584 1668 1696 1776 1803 1888 1929 1957 2033 2061 2142 2177 2238 2269 2330 2387 2467 2500 2543 2606 2696 2728 2760 2836 2881 2962 3002
7 21 57 144 200 255 287 335 406 455 537 580 595 698 711 803 813 866 956 1005 1068 1124 1175 1199 1271 1330 1350 1449 1483 1560 1598 1630 1696 1758 1797 1842 1942 1980 2014 2059 2131 2209 2246 2295 2327 2403 2449 2519 2585 2636 2658 2720 2761 2825 2915 2930 2987
4 21 57 146 198 239 323 359 392 472 514 561 595 654 712 783 818 888 923 989 1026 1127 1183 1222 1293 1306 1392 1449 1478 1541 1598 1629 1715 1776 1811 1886 1901 1957 2033 2054 2108 2201 2221 2282 2360 2422 2454 2500 2583 2636 2698 2720 2785 2842 2880 2943 2987
4 21 59 159 168 255 293 359 424 455 522 553 619 665 711 784 829 909 934 984 1078 1108 1144 1241 1286 1303 1398 1406 1477 1512 1587 1662 1696 1745 1787 1840 1932 1957 2036 2087 2107 2209 2261 2295 2337 2410 2432 2512 2569 2636 2680 2732 2793 2839 2873 2957 3021
7 21 60 116 167 234 293 359 395 441 522 541 639 694 753 761 854 888 971 992 1064 1113 1157 1204 1262 1303 1398 1444 1498 1561 1578 1662 1696 1765 1811 1878 1894 1971 2015 2095 2119 2160 2247 2281 2372 2405 2457 2487 2571 2627 2678 2748 2806 2819 2892 2918 2984
7 21 60 132 192 262 278 348 395 474 535 561 634 666 752 756 843 899 959 988 1053 1123 1162 1209 1279 1306 1389 1449 1507 1548 1578 1673 1675 1747 1811 1846 1922 1958 2001 2086 2132 2165 2218 2281 2373 2399 2469 2501 2583 2639 2698 2735 2785 2816 2868 2918 2984
7 21 60 156 201 268 308 348 413 463 504 541 596 679 746 776 863 877 952 995 1032 1131 1142 1188 1279 1300 1379 1417 1483 1548 1581 1653 1696 1777 1829 1840 1908 1980 2001 2093 2132 2171 2224 2313 2365 2392 2438 2501 2588 2620 2693 2718 2797 2838 2889 2957 2981
7 21 61 122 192 255 320 364 426 475 491 552 619 666 711 756 813 866 930 988 1070 1122 1165 1241 1294 1301 1396 1449 1476 1539 1608 1641 1701 1766 1819 1871 1919 1958 2032 2055 2107 2209 2249 2290 2373 2423 2449 2516 2565 2615 2685 2710 2771 2815 2873 2952 2994
7 21 61 137 176 259 280 336 415 472 538 565 619 682 722 804 814 865 969 979 1072 1106 1183 1194 1247 1349 1394 1449 1478 1550 1608 1629 1687 1756 1830 1855 1927 1985 2030 2054 2108 2192 2231 2304 2334 2376 2447 2518 2581 2615 2676 2710 2788 2824 2913 2938 2994
7 21 62 117 200 249 285 349 430 480 489 541 634 694 706 807 861 866 953 1005 1046 1094 1158 1206 1285 1333 1357 1439 1500 1535 1619 1657 1700 1747 1826 1883 1918 1990 2047 2059 2127 2176 2246 2281 2327 2388 2460 2525 2544 2621 2674 2743 2754 2827 2894 2930 2980
4 21 63 116 198 231 302 336 389 462 494 541 615 674 706 762 839 888 929 989 1046 1107 1154 1206 1285 1300 1380 1417 1508 1551 1585 1659 1676 1752 1829 1880 1904 1990 2040 2054 2146 2194 2221 2304 2360 2428 2478 2508 2588 2643 2693 2700 2797 2861 2894 2943 3005
7 21 63 128 210 222 300 364 429 446 494 542 629 690 705 809 848 888 968 1006 1035 1118 1152 1208 1281 1348 1382 1430 1490 1555 1601 1649 1675 1752 1782 1882 1920 1990 2040 2055 2119 2177 2230 2290 2351 2381 2467 2508 2549 2603 2692 2748 2781 2814 2912 2929 2988
4 21 63 138 211 258 289 348 429 478 529 541 620 655 731 772 821 904 946 991 1062 1083 1139 1221 1266 1301 1381 1439 1491 1520 1601 1671 1676 1767 1782 1851 1905 1958 2022 2090 2151 2213 2245 2290 2325 2393 2438 2527 2576 2639 2674 2712 2799 2860 2911 2929 2988
4 21 63 139 195 260 306 364 425 459 509 541 606 677 713 775 838 909 922 977 1075 1108 1140 1241 1281 1312 1398 1426 1479 1555 1585 1658 1676 1736 1794 1852 1932 1970 2040 2102 2119 2212 2260 2295 2361 2410 2461 2508 2541 2592 2653 2751 2769 2826 2871 2952 3005
7 21 63 144 170 246 301 369 425 447 529 542 615 692 740 808 813 904 956 1025 1056 1130 1167 1193 1250 1313 1371 1417 1507 1536 1585 1624 1675 1767 1794 1864 1936 1958 2022 2081 2131 2180 2256 2295 2333 2382 2479 2527 2566 2643 2661 2700 2761 2825 2895 2952 3005
4 21 63 156 182 230 319 369 378 439 525 541 629 694 730 761 814 877 947 978 1058 1090 1151 1240 1250 1315 1359 1430 1495 1536 1601 1623 1676 1771 1833 1878 1934 1985 2022 2089 2131 2178 2242 2281 2372 2429 2462 2527 2577 2603 2677 2748 2770 2843 2893 2938 2988
7 21 64 122 167 264 321 369 417 466 486 552 629 694 726 761 826 866 930 992 1058 1089 1138 1229 1273 1325 1369 1444 1476 1539 1619 1636 1688 1755 1831 1883 1913 1971 2042 2084 2127 2197 2257 2269 2372 2411 2468 2536 2577 2621 2666 2743 2757 2815 2870 2942 2978
7 21 67 123 172 253 277 349 425 469 516 542 615 697 708 796 810 899 948 1025 1069 1084 1182 1238 1274 1337 1382 1405 1492 1516 1573 1645 1687 1780 1817 1856 1936 1970 2027 2081 2119 2187 2256 2313 2331 2415 2474 2502 2561 2608 2656 2703 2773 2859 2882 2957 2981
7 21 67 140 196 234 313 359 394 441 517 542 634 690 702 809 840 877 923 1020 1037 1085 1175 1214 1294 1335 1371 1449 1466 1542 1578 1644 1687 1732 1785 1882 1927 1971 2016 2076 2131 2211 2251 2290 2351 2426 2445 2513 2547 2627 2695 2748 2774 2848 2907 2917 2976
7 21 68 132 176 260 289 348 397 459 517 575 607 682 713 804 841 884 959 979 1068 1119 1171 1197 1271 1346 1393 1449 1495 1560 1617 1626 1676 1746 1821 1846 1939 1985 2002 2068 2118 2212 2217 2295 2334 2399 2458 2519 2584 2592 2651 2719 2787 2816 2915 2917 3000
7 21 69 135 201 245 299 325 384 466 504 564 596 689 744 766 821 899 949 1016 1060 1084 1138 1234 1254 1347 1388 1444 1476 1526 1603 1636 1701 1777 1810 1844 1940 1958 2001 2084 2127 2213 2235 2313 2345 2409 2438 2491 2556 2640 2646 2724 2799 2860 2910 2929 3008
4 21 69 146 179 260 304 359 426 432 497 564 606 668 713 800 841 884 923 976 1065 1122 1185 1241 1291 1305 1397 1449 1488 1531 1604 1639 1701 1743 1807 1886 1919 1945 2005 2067 2119 2212 2249 2270 2354 2422 2458 2487 2561 2619 2689 2706 2762 2842 2871 2957 3007
7 21 70 155 206 255 277 335 393 455 516 553 639 654 751 794 863 888 964 972 1043 1118 1144 1208 1249 1319 1382 1405 1493 1523 1598 1662 1701 1780 1816 1886 1920 1980 2027 2070 2108 2169 2265 2290 2349 2381 2440 2499 2575 2636 2694 2720 2783 2852 2865 2957 2974
7 21 71 111 199 262 280 336 419 474 530 561 629 655 707 759 830 904 935 1009 1045 1110 1162 1220 1272 1304 1402 1430 1492 1527 1601 1673 1687 1755 1806 1851 1897 1970 1998 2100 2151 2210 2239 2269 2338 2404 2435 2535 2587 2639 2687 2712 2798 2841 2901 2918 2979
7 21 71 141 214 255 275 336 389 475 512 552 596 656 751 789 863 888 966 1000 1064 1096 1165 1191 1272 1346 1387 1405 1462 1527 1576 1641 1696 1772 1829 1861 1896 1985 1998 2069 2151 2169 2229 2295 2353 2413 2440 2535 2543 2615 2693 2742 2797 2838 2881 2952 3005
4 21 71 160 196 259 288 364 425 472 515 561 596 672 722 793 827 909 949 1001 1063 1084 1143 1238 1269 1299 1388 1405 1469 1556 1576 1670 1687 1744 1794 1844 1936 1958 2049 2105 2131 2192 2256 2304 2370 2409 2433 2484 2555 2615 2653 2742 2769 2837 2868 2943 3005
4 21 72 141 212 227 300 325 417 446 518 552 629 685 737 783 852 888 966 992 1026 1121 1152 1198 1293 1348 1358 1418 1462 1527 1569 1649 1715 1733 1791 1873 1913 1966 2037 2084 2132 2207 2257 2313 2328 2400 2476 2515 2583 2599 2657 2717 2807 2838 2880 2918 3020
7 21 72 158 196 230 287 344 386 443 537 580 629 684 730 780 842 889 924 1001 1034 1124 1181 1240 1275 1305 1350 1418 1505 1517 1569 1655 1687 1744 1822 1874 1900 1945 2029 2094 2131 2178 2267 2270 2370 2403 2433 2524 2580 2599 2670 2717 2798 2829 2893 2962 3020
4 21 73 117 190 232 303 335 383 469 490 542 607 692 705 767 822 865 936 1003 1035 1109 1158 1208 1281 1324 1366 1426 1500 1535 1572 1669 1700 1746 1828 1836 1928 1990 2031 2059 2142 2167 2248 2295 2374 2427 2444 2529 2591 2630 2690 2727 2802 2844 2912 2957 3021
7 21 76 108 195 233 318 325 427 436 509 580 606 698 716 803 862 888 945 1011 1073 1096 1150 1195 1276 1324 1386 1439 1510 1530 1610 1654 1688 1736 1791 1842 1893 1990 2040 2082 2108 2188 2234 2295 2327 2414 2461 2494 2581 2624 2699 2720 2765 2854 2874 2938 3010
4 21 76 119 210 221 302 326 386 482 494 580 629 652 729 771 826 909 933 1001 1077 1132 1180 1232 1261 1334 1380 1417 1506 1546 1610 1625 1688 1752 1831 1854 1900 1970 2040 2094 2107 2198 2267 2290 2356 2404 2467 2494 2568 2612 2666 2732 2757 2815 2862 2943 3010
7 21 76 156 173 266 270 348 427 438 503 553 629 665 707 784 852 865 952 979 1056 1109 1171 1226 1250 1340 1401 1417 1495 1536 1610 1648 1715 1762 1791 1840 1909 1946 2008 2068 2151 2206 2217 2295 2337 2392 2477 2527 2590 2612 2657 2732 2807 2838 2895 2938 3010
4 21 81 123 178 224 317 336 385 485 497 575 615 674 741 762 829 866 969 1009 1046 1089 1162 1211 1274 1342 1384 1449 1492 1516 1618 1663 1700 1735 1815 1836 1931 1957 2013 2100 2132 2209 2239 2269 2360 2394 2432 2502 2588 2602 2651 2745 2793 2839 2906 2957 3001
7 21 81 142 196 254 289 326 388 437 517 575 634 672 721 793 861 889 928 1001 1043 1119 1180 1237 1249 1301 1393 1405 1506 1523 1597 1671 1700 1732 1826 1877 1898 1958 2016 2094 2118 2190 2267 2290 2370 2399 2445 2499 2576 2625 2674 2708 2754 2827 2865 2962 3023
4 21 81 155 205 243 284 326 385 432 490 564 639 657 739 806 860 877 960 995 1029 1128 1153 1224 1249 1325 1383 1426 1493 1523 1618 1672 1710 1759 1815 1889 1914 1971 2016 2061 2118 2166 2255 2269 2362 2405 2450 2499 2557 2637 2686 2711 2759 2856 2878 2957 3001
7 21 82 119 201 246 314 326 402 483 496 585 619 679 740 776 813 904 933 995 1076 1110 1153 1220 1288 1322 1402 1417 1493 1559 1600 1620 1701 1737 1819 1854 1897 1980 2051 2061 2127 2180 2255 2269 2365 2404 2479 2528 2544 2607 2685 2704 2771 2815 2867 2930 3019
7 21 83 114 212 245 277 335 378 480 518 541 629 679 755 800 857 884 933 978 1065 1132 1170 1199 1291 1337 1380 1406 1475 1515 1582 1645 1701 1733 1801 1854 1934 1970 2037 2089 2146 2202 2242 2313 2342 2404 2476 2504 2561 2626 2656 2704 2789 2820 2871 2930 3022
4 21 83 124 193 225 316 335 382 467 491 565 607 692 725 767 834 888 956 1000 1035 1099 1146 1231 1291 1338 1400 1449 1465 1515 1617 1668 1675 1760 1816 1864 1922 1966 2037 2066 2146 2201 2232 2270 2374 2382 2437 2504 2591 2610 2676 2700 2803 2846 2902 2952 2985
7 21 83 154 201 260 285 348 382 459 489 541 639 658 754 798 863 876 965 1016 1034 1094 1140 1215 1275 1332 1357 1418 1509 1517 1617 1658 1701 1777 1816 1871 1907 1985 2018 2072 2127 2171 2247 2270 2345 2388 2438 2524 2562 2592 2694 2719 2783 2852 2893 2952 2985
4 21 83 158 168 264 278 348 396 461 535 565 629 665 726 784 848 904 938 984 1056 1102 1176 1229 1275 1306 1389 1406 1505 1517 1582 1673 1675 1731 1782 1869 1899 1957 2018 2099 2127 2197 2250 2282 2337 2419 2446 2524 2590 2626 2692 2704 2781 2814 2870 2962 3022
7 21 84 117 212 269 288 335 395 440 524 541 639 674 731 794 857 866 936 992 1062 1095 1173 1221 1266 1299 1379 1426 1482 1553 1618 1670 1715 1733 1797 1836 1894 1958 2032 2095 2132 2202 2247 2304 2328 2427 2476 2492 2555 2602 2653 2745 2766 2844 2911 2942 2998
7 21 84 127 210 243 279 326 395 432 527 580 615 701 708 799 826 876 967 1006 1072 1123 1185 1209 1247 1330 1373 1449 1488 1550 1618 1639 1675 1752 1797 1845 1922 1971 2006 2067 2119 2198 2218 2304 2351 2416 2467 2518 2585 2637 2658 2711 2761 2811 2913 2942 2998
7 21 85 112 170 222 279 326 412 443 508 585 620 700 718 801 829 899 951 1025 1053 1103 1181 1224 1248 1314 1391 1418 1505 1562 1584 1655 1675 1767 1798 1868 1938 1957 2041 2094 2131 2163 2244 2290 2333 2384 2479 2505 2538 2606 2697 2728 2784 2848 2900 2957 2974
7 21 85 134 211 245 311 348 392 480 508 541 615 677 744 795 821 899 918 975 1031 1114 1170 1235 1292 1303 1360 1444 1496 1518 1570 1645 1720 1767 1811 1887 1901 1957 2041 2068 2108 2213 2221 2295 2341 2394 2438 2505 2571 2626 2678 2716 2806 2854 2909 2930 2987
7 21 85 154 203 267 319 326 406 462 525 541 634 696 702 793 845 876 960 980 1063 1090 1172 1232 1248 1299 1359 1426 1463 1562 1570 1640 1720 1751 1797 1866 1942 1980 2041 2085 2131 2179 2246 2282 2346 2429 2439 2505 2555 2607 2653 2734 2766 2857 2889 2943 2987
7 21 87 108 176 223 313 359 420 473 517 564 607 664 735 759 862 904 945 984 1045 1130 1144 1193 1272 1335 1371 1405 1477 1563 1615 1644 1687 1746 1835 1874 1936 1966 2002 2087 2108 2191 2261 2295 2329 2382 2458 2500 2587 2616 2655 2737 2765 2854 2901 2962 2999
4 21 87 127 190 263 289 326 402 478 517 552 620 659 737 801 817 904 967 1003 1026 1102 1139 1198 1293 1301 1393 1449 1497 1541 1595 1671 1700 1746 1819 1845 1931 1966 2002 2085 2142 2172 2222 2282 2374 2416 2444 2500 2565 2635 2685 2753 2771 2811 2880 2917 3019
7 21 87 128 180 226 288 364 402 440 515 564 639 695 754 768 837 866 968 982 1041 1112 1173 1218 1260 1299 1388 1430 1502 1543 1595 1670 1687 1779 1819 1882 1897 1980 2014 2075 2127 2204 2255 2282 2357 2381 2430 2488 2545 2645 2663 2743 2792 2814 2890 2917 3019
4 21 87 135 181 262 287 344 415 479 537 564 620 657 752 796 843 899 970 975 1069 1106 1146 1194 1274 1305 1350 1449 1473 1529 1595 1655 1687 1758 1807 1847 1927 1946 2014 2058 2146 2165 2231 2269 2371 2420 2469 2488 2561 2635 2689 2753 2762 2840 2882 2930 3019
4 21 87 151 200 232 270 364 420 470 537 552 595 656 709 787 859 899 941 977 1054 1114 1140 1200 1260 1340 1369 1418 1479 1543 1615 1648 1700 1758 1835 1877 1937 1946 2014 2102 2127 2163 2260 2295 2355 2386 2449 2488 2590 2629 2657 2724 2763 2849 2876 2962 2999
7 21 88 124 166 259 323 364 429 472 528 565 595 656 734 787 816 888 955 1011 1054 1113 1183 1192 1257 1306 1378 1406 1461 1519 1576 1629 1710 1774 1782 1861 1905 1958 2045 2071 2151 2181 2245 2281 2355 2424 2480 2496 2590 2615 2692 2742 2781 2847 2879 2938 2988
4 21 90 117 165 235 323 359 384 481 514 542 619 662 740 784 861 865 953 1004 1056 1126 1173 1193 1250 1306 1392 1430 1482 1553 1583 1629 1715 1761 1810 1848 1940 1958 2046 2095 2127 2190 2235 2281 2339 2423 2445 2509 2590 2595 2692 2707 2754 2827 2895 2962 3008
7 21 90 138 177 236 312 344 381 482 514 580 606 648 745 774 827 865 970 1002 1036 1088 1139 1227 1283 1343 1403 1449 1491 1520 1604 1667 1676 1761 1789 1880 1939 1958 2046 2090 2142 2192 2234 2294 2373 2387 2433 2509 2573 2598 2658 2727 2769 2837 2885 2943 2986
4 21 91 126 166 245 301 325 381 466 505 552 634 656 755 787 857 884 928 1011 1078 1119 1150 1197 1286 1313 1393 1406 1510 1512 1603 1624 1720 1778 1789 1877 1939 1958 2004 2082 2142 2202 2234 2295 2355 2399 2476 2512 2566 2640 2661 2724 2766 2844 2873 2942 2986
4 21 91 159 205 230 316 325 402 443 536 585 619 697 730 765 814 877 948 995 1037 1112 1168 1218 1286 1338 1355 1430 1477 1512 1583 1668 1687 1748 1830 1856 1897 1966 2004 2061 2142 2178 2255 2270 2362 2415 2462 2512 2591 2599 2676 2703 2788 2824 2914 2957 3007
7 21 93 137 214 221 312 326 419 482 539 565 606 665 739 770 810 865 934 1003 1033 1128 1139 1224 1245 1343 1378 1439 1497 1531 1610 1667 1696 1739 1792 1840 1914 1970 2007 2085 2151 2187 2222 2282 2350 2410 2474 2533 2550 2612 2682 2732 2773 2859 2878 2957 2993
4 21 93 146 191 250 314 326 410 450 496 561 634 672 714 793 856 888 951 1006 1043 1107 1185 1203 1245 1322 1402 1418 1488 1531 1590 1620 1701 1781 1803 1844 1907 1945 2007 2067 2151 2207 2218 2304 2370 2407 2473 2533 2576 2601 2652 2742 2804 2813 2869 2929 3014
7 21 93 150 178 233 299 325 419 436 504 561 629 654 730 783 822 866 964 1009 1070 1112 1167 1218 1253 1347 1388 1417 1487 1565 1610 1636 1701 1731 1792 1886 1897 1990 2047 2100 2131 2175 2239 2282 2360 2381 2436 2493 2538 2624 2665 2720 2789 2857 2914 2957 2993
7 21 95 108 194 220 319 326 426 471 525 564 606 675 748 770 816 904 962 976 1038 1133 1163 1230 1276 1299 1359 1430 1510 1530 1574 1640 1720 1771 1819 1888 1919 1958 2022 2067 2107 2210 2249 2304 2339 2387 2450 2494 2545 2625 2663 2731 2792 2836 2910 2938 2994
4 21 97 123 208 223 307 369 386 456 492 575 634 682 733 768 849 866 969 1015 1041 1124 1182 1240 1260 1312 1376 1418 1492 1516 1590 1657 1687 1778 1831 1855 1900 1970 2019 2081 2107 2193 2267 2295 2369 2376 2434 2517 2545 2634 2649 2710 2774 2839 2890 2938 3010
7 21 97 135 199 234 316 325 427 467 536 575 607 672 753 805 854 888 949 989 1059 1118 1146 1217 1246 1338 1355 1444 1473 1529 1590 1668 1687 1734 1791 1844 1909 1946 2019 2058 2151 2160 2217 2290 2359 2409 2457 2517 2567 2601 2699 2742 2765 2860 2877 2943 3010
7 21 97 145 190 250 284 326 386 450 490 552 607 656 749 789 817 909 955 1024 1031 1108 1134 1230 1292 1325 1383 1444 1485 1518 1590 1672 1710 1746 1831 1861 1943 1945 2031 2096 2131 2172 2225 2295 2353 2424 2444 2505 2577 2601 2666 2742 2757 2825 2909 2938 3010
7 21 98 136 176 236 302 336 396 482 516 565 629 664 745 759 814 909 966 984 1075 1121 1180 1211 1251 1334 1358 1405 1501 1565 1594 1625 1676 1756 1833 1873 1899 1966 2050 2099 2118 2192 2250 2294 2329 2400 2447 2495 2557 2598 2677 2738 2770 2843 2902 2957 2970
7 21 98 140 201 232 298 369 396 469 539 542 595 668 709 788 829 877 923 995 1044 1127 1158 1200 1270 1329 1392 1439 1466 1542 1594 1669 1701 1737 1833 1886 1924 1957 2009 2093 2127 2163 2224 2294 2365 2422 2479 2536 2542 2630 2662 2706 2784 2848 2876 2957 2970
7 21 100 138 205 249 307 369 413 480 492 541 596 657 717 806 827 904 970 995 1045 1080 1158 1239 1280 1312 1376 1426 1466 1544 1609 1657 1687 1748 1794 1847 1908 1971 2048 2093 2142 2164 2224 2294 2362 2420 2462 2489 2541 2621 2653 2753 2769 2837 2892 2930 3018
7 21 100 139 181 234 277 349 431 441 518 541 619 655 702 772 825 909 935 1021 1063 1132 1157 1232 1248 1319 1380 1418 1502 1532 1614 1662 1687 1766 1812 1851 1900 1980 2003 2091 2146 2211 2223 2290 2325 2404 2460 2534 2575 2627 2694 2712 2788 2812 2889 2918 3013
7 21 102 114 195 226 292 364 393 440 527 541 620 694 746 807 838 884 930 1011 1032 1098 1183 1188 1279 1339 1360 1449 1461 1528 1595 1660 1688 1736 1786 1883 1941 1980 2023 2071 2108 2212 2245 2281 2327 2411 2461 2522 2558 2645 2679 2743 2772 2823 2889 2942 3004
7 21 102 134 185 263 302 326 382 478 494 541 639 657 714 806 828 899 962 1016 1029 1107 1184 1203 1259 1334 1380 1430 1464 1549 1595 1625 1688 1769 1798 1847 1907 1966 2023 2072 2146 2195 2247 2294 2362 2428 2439 2522 2557 2635 2677 2753 2805 2808 2869 2929 3004
7 21 102 140 168 224 296 359 382 442 523 553 620 695 741 791 829 866 923 987 1036 1099 1186 1231 1283 1296 1356 1449 1489 1520 1595 1665 1675 1745 1798 1882 1922 1985 2035 2080 2127 2209 2232 2294 2334 2426 2432 2509 2556 2645 2697 2743 2784 2848 2885 2929 3004
7 21 103 149 206 230 312 344 408 443 539 585 607 685 719 762 841 888 942 972 1046 1113 1168 1192 1285 1342 1378 1439 1468 1535 1569 1668 1676 1739 1821 1873 1905 1945 2007 2070 2132 2188 2265 2281 2349 2424 2482 2525 2588 2599 2651 2717 2787 2816 2894 2957 2989
7 21 103 150 194 253 311 348 408 469 508 542 629 662 729 784 860 884 965 976 1078 1098 1182 1188 1253 1303 1360 1418 1487 1565 1569 1645 1720 1771 1821 1848 1941 1971 2038 2086 2107 2166 2230 2281 2339 2411 2450 2493 2569 2608 2680 2707 2759 2856 2907 2957 2989
7 21 105 155 199 248 322 344 397 449 530 553 629 696 745 780 860 888 960 989 1067 1088 1149 1227 1252 1326 1361 1406 1470 1546 1582 1649 1720 1755 1821 1866 1939 1985 1998 2058 2118 2181 2217 2269 2359 2429 2435 2503 2546 2596 2680 2734 2759 2856 2885 2943 3000
4 22 54 159 215 247 320 355 408 474 538 574 614 683 704 796 854 877 946 975 1048 1112 1172 1189 1252 1317 1357 1412 1470 1537 1571 1638 1715 1765 1788 1856 1926 1963 2045 2086 2155 2208 2260 2293 2335 2403 2444 2530 2582 2607 2673 2711 2758 2825 2904 2925 2999
4 22 56 150 167 263 302 347 417 484 522 549 643 692 747 772 815 898 949 998 1077 1121 1184 1198 1254 1322 1351 1444 1476 1550 1619 1627 1688 1758 1818 1884 1912 1965 2044 2073 2138 2160 2257 2287 2326 2378 2459 2519 2566 2630 2666 2715 2765 2824 2887 2924 2982
7 22 58 146 201 253 296 341 384 484 504 548 628 658 716 798 813 913 930 1016 1028 1096 1184 1232 1273 1328 1377 1444 1476 1554 1566 1627 1695 1763 1813 1862 1894 1958 2009 2073 2138 2213 2241 2293 2344 2427 2442 2500 2539 2639 2684 2746 2801 2843 2911 2925 2999
4 22 59 155 163 244 303 347 421 483 532 553 634 696 721 787 817 881 956 1014 1042 1092 1159 1223 1247 1334 1353 1425 1504 1512 1570 1632 1706 1764 1804 1851 1929 1993 2029 2061 2114 2187 2237 2276 2324 2429 2463 2514 2581 2608 2664 2745 2804 2860 2873 2951 2996
4 22 60 146 176 251 270 364 379 442 533 589 614 664 741 760 813 872 930 1020 1052 1089 1150 1210 1264 1324 1395 1423 1501 1529 1594 1625 1709 1765 1819 1887 1931 1953 2050 2083 2138 2173 2216 2293 2366 2401 2483 2534 2544 2611 2677 2728 2801 2843 2906 2930 3003
7 22 63 143 210 254 306 364 425 466 487 563 614 664 719 760 825 898 937 987 1052 1086 1137 1238 1285 1325 1382 1413 1471 1551 1592 1667 1682 1730 1782 1865 1942 1963 2040 2105 2119 2202 2252 2317 2366 2403 2461 2507 2544 2603 2676 2751 2759 2819 2883 2948 3016
7 22 63 144 183 232 305 358 425 460 525 548 603 686 746 799 816 904 964 1022 1056 1133 1161 1203 1244 1306 1363 1425 1491 1513 1592 1640 1699 1771 1782 1870 1927 1958 2021 2058 2124 2164 2266 2317 2339 2379 2456 2527 2554 2643 2651 2712 2783 2839 2911 2948 3016
7 22 63 156 197 249 290 341 378 471 529 548 614 675 748 783 863 877 962 983 1058 1085 1176 1217 1243 1346 1375 1413 1489 1514 1592 1638 1699 1767 1829 1853 1919 1985 2021 2067 2141 2163 2219 2300 2341 2380 2442 2527 2545 2603 2698 2751 2792 2823 2899 2966 3016
7 22 64 125 192 232 315 355 390 483 486 553 603 680 746 757 836 883 968 1018 1028 1117 1146 1203 1273 1305 1397 1444 1497 1554 1586 1646 1723 1757 1822 1843 1943 1952 2003 2086 2124 2164 2217 2293 2359 2428 2435 2500 2580 2620 2669 2727 2798 2830 2911 2951 3006
7 22 64 155 200 259 272 343 406 454 516 553 628 651 728 803 860 881 956 984 1055 1124 1144 1192 1271 1297 1398 1429 1504 1512 1602 1662 1723 1770 1810 1889 1906 1977 2014 2077 2113 2182 2265 2277 2356 2391 2447 2489 2575 2632 2680 2713 2761 2860 2868 2957 2989
7 22 65 108 206 237 296 343 381 482 513 580 643 678 745 758 816 898 923 987 1067 1115 1186 1227 1252 1328 1370 1412 1506 1557 1605 1627 1693 1745 1828 1852 1902 1958 2049 2089 2114 2186 2267 2293 2370 2387 2433 2510 2539 2609 2684 2743 2784 2838 2884 2948 3004
4 22 65 134 184 247 270 358 381 447 531 558 602 669 750 782 811 883 925 1012 1030 1117 1145 1203 1259 1324 1397 1453 1478 1539 1605 1625 1715 1738 1828 1886 1943 1953 2024 2088 2119 2162 2227 2293 2365 2428 2472 2535 2544 2635 2677 2718 2791 2842 2907 2948 3004
4 22 67 141 162 257 276 373 382 433 538 571 607 663 724 767 835 887 957 1001 1061 1100 1170 1231 1255 1322 1400 1412 1505 1515 1615 1653 1709 1775 1799 1878 1916 1965 2036 2082 2146 2170 2220 2287 2327 2393 2475 2537 2557 2594 2675 2731 2805 2820 2902 2925 3015
7 22 67 143 207 221 320 364 380 458 538 574 612 699 732 768 815 887 937 982 1059 1112 1177 1224 1245 1313 1357 1413 1498 1524 1611 1642 1706 1775 1814 1865 1891 1965 2036 2074 2155 2189 2255 2282 2347 2403 2430 2537 2577 2596 2690 2717 2770 2819 2909 2924 3019
4 22 67 147 168 258 270 364 394 447 533 571 602 649 740 793 831 883 940 999 1072 1104 1145 1200 1245 1324 1395 1418 1494 1524 1615 1625 1709 1780 1786 1877 1941 1969 2036 2071 2155 2178 2243 2277 2355 2386 2480 2537 2568 2623 2652 2702 2780 2853 2896 2935 3015
7 22 67 153 197 242 316 343 409 438 489 571 612 675 723 783 832 913 943 983 1033 1118 1162 1206 1294 1332 1383 1413 1458 1559 1611 1650 1709 1741 1784 1887 1932 1985 2051 2056 2130 2203 2230 2276 2341 2388 2470 2523 2571 2596 2647 2717 2796 2818 2913 2930 3019
7 22 67 158 208 267 305 347 380 460 498 571 603 654 727 785 849 904 939 1009 1026 1101 1161 1198 1289 1306 1389 1423 1465 1564 1611 1640 1709 1731 1814 1863 1931 1993 2051 2085 2126 2172 2215 2282 2352 2419 2464 2523 2543 2608 2662 2704 2797 2826 2908 2924 3019
4 22 68 153 189 260 281 331 395 446 521 571 634 649 706 793 861 913 928 979 1055 1123 1171 1213 1271 1299 1389 1429 1506 1512 1597 1673 1693 1747 1821 1877 1911 1958 2009 2104 2126 2177 2264 2277 2355 2398 2458 2489 2584 2640 2681 2702 2766 2834 2868 2951 3013
7 22 68 155 201 249 297 331 380 443 504 558 628 669 748 782 863 877 970 994 1032 1112 1159 1224 1271 1312 1376 1413 1504 1512 1609 1672 1706 1763 1830 1886 1891 1993 2009 2061 2126 2163 2255 2293 2365 2383 2442 2489 2542 2631 2692 2718 2769 2847 2892 2957 3001
7 22 72 109 173 216 274 343 390 461 501 549 607 690 749 773 820 895 920 1006 1076 1094 1163 1225 1249 1321 1394 1453 1495 1544 1577 1626 1715 1779 1822 1868 1943 1952 2027 2098 2124 2205 2217 2303 2361 2424 2455 2512 2559 2597 2691 2716 2776 2851 2914 2941 3006
7 22 72 111 214 258 271 355 390 463 518 580 643 648 740 802 831 883 924 1010 1051 1126 1182 1221 1293 1337 1386 1418 1503 1528 1577 1622 1683 1735 1822 1866 1893 1963 2026 2066 2113 2178 2267 2303 2369 2406 2480 2513 2548 2607 2669 2705 2798 2835 2874 2941 3006
7 22 72 119 163 245 322 331 417 432 493 580 607 678 708 805 856 881 957 1014 1070 1100 1179 1213 1259 1333 1400 1453 1484 1563 1577 1668 1683 1760 1795 1878 1933 1965 2026 2061 2138 2190 2237 2293 2324 2393 2467 2513 2553 2597 2699 2716 2757 2843 2866 2951 3006
4 22 72 144 206 259 294 343 393 454 537 580 618 701 723 794 816 872 964 1020 1078 1118 1175 1206 1249 1341 1362 1438 1459 1544 1602 1630 1683 1745 1787 1839 1932 1977 2027 2053 2124 2186 2246 2317 2337 2410 2433 2512 2585 2632 2646 2713 2783 2839 2913 2930 2980
7 22 72 152 198 238 320 355 383 475 493 549 618 651 712 790 812 881 933 1002 1038 1127 1160 1233 1293 1313 1402 1438 1462 1528 1602 1642 1715 1760 1798 1889 1890 1965 2026 2057 2113 2201 2244 2282 2368 2414 2431 2513 2577 2632 2690 2713 2785 2858 2887 2966 2980
4 22 72 158 187 219 314 341 383 485 501 580 628 670 748 798 849 895 939 1017 1027 1085 1171 1217 1275 1344 1354 1429 1511 1519 1602 1635 1683 1779 1798 1879 1919 1952 2027 2099 2126 2194 2214 2282 2332 2402 2441 2512 2540 2604 2678 2740 2797 2826 2899 2966 2980
4 22 74 124 174 231 311 358 430 463 507 563 614 681 707 803 829 913 969 1025 1055 1125 1182 1188 1248 1297 1360 1418 1503 1516 1584 1622 1693 1767 1789 1848 1937 1953 2041 2066 2113 2171 2252 2300 2325 2401 2466 2511 2575 2635 2680 2739 2781 2837 2891 2957 3021
4 22 74 149 191 249 285 373 430 443 490 558 607 663 705 767 847 898 920 972 1061 1094 1159 1241 1281 1323 1394 1425 1468 1534 1584 1672 1699 1734 1789 1868 1927 1952 2025 2097 2114 2206 2261 2300 2327 2424 2460 2529 2557 2631 2674 2743 2787 2809 2875 2957 3021
7 22 75 108 195 219 318 331 399 485 488 580 625 667 736 784 840 898 923 979 1077 1122 1171 1226 1267 1340 1380 1425 1506 1557 1606 1635 1688 1729 1809 1847 1907 1963 2040 2104 2130 2206 2264 2277 2349 2392 2467 2494 2555 2604 2650 2736 2760 2838 2874 2966 3014
4 22 75 138 209 221 321 358 390 436 510 580 643 698 732 763 815 887 960 1010 1058 1113 1178 1234 1243 1323 1362 1413 1507 1514 1610 1637 1688 1773 1818 1854 1893 1952 2008 2066 2124 2189 2267 2300 2374 2415 2430 2527 2565 2618 2666 2721 2765 2824 2899 2937 3010
4 22 78 127 208 253 286 336 419 484 524 549 625 676 716 762 823 904 929 1009 1030 1110 1141 1236 1259 1317 1392 1453 1485 1539 1612 1671 1695 1761 1805 1841 1892 1963 2010 2085 2141 2213 2215 2293 2352 2392 2432 2535 2564 2639 2691 2700 2794 2845 2907 2924 2979
7 22 78 134 204 259 273 336 378 472 519 560 602 650 728 805 860 881 951 988 1070 1109 1169 1194 1259 1349 1396 1429 1478 1539 1576 1633 1683 1766 1829 1837 1919 1985 2010 2062 2141 2182 2219 2317 2353 2413 2447 2535 2553 2614 2685 2742 2806 2815 2866 2948 3016
7 22 79 114 171 264 281 341 407 446 525 574 634 699 733 768 811 913 945 1017 1064 1090 1171 1204 1260 1299 1385 1425 1511 1562 1570 1673 1682 1750 1813 1865 1895 1953 2041 2099 2130 2162 2214 2282 2347 2395 2472 2506 2572 2637 2693 2717 2791 2842 2905 2948 2975
7 22 79 117 168 230 312 332 408 480 502 548 634 675 755 775 857 887 943 1005 1061 1113 1136 1191 1281 1311 1388 1425 1500 1534 1570 1651 1709 1778 1812 1887 1936 1963 2020 2052 2155 2198 2251 2300 2349 2388 2482 2529 2549 2637 2651 2717 2754 2855 2875 2930 2975
7 22 80 111 177 263 281 331 379 470 521 560 643 665 747 795 839 904 944 1003 1038 1101 1149 1198 1293 1299 1389 1438 1503 1528 1573 1673 1693 1739 1819 1858 1931 1953 2018 2100 2138 2160 2216 2282 2364 2419 2434 2513 2572 2644 2693 2750 2784 2814 2887 2941 3003
7 22 80 119 166 218 309 355 430 473 521 558 607 677 750 762 852 904 952 972 1030 1133 1144 1203 1259 1339 1363 1429 1484 1563 1599 1643 1695 1739 1832 1882 1927 1953 2018 2097 2113 2191 2261 2317 2351 2379 2445 2513 2564 2593 2668 2737 2772 2848 2907 2951 2976
7 22 82 140 205 258 314 341 423 463 490 563 602 683 740 769 860 877 945 994 1029 1131 1136 1200 1288 1310 1367 1425 1459 1548 1571 1669 1683 1754 1829 1856 1915 1977 2004 2093 2155 2178 2224 2303 2362 2404 2451 2515 2591 2607 2685 2711 2806 2815 2896 2957 2970
7 22 83 123 205 222 285 347 381 459 490 558 602 689 754 766 827 895 949 1012 1071 1094 1154 1225 1242 1347 1394 1444 1469 1517 1603 1649 1723 1754 1816 1838 1943 1958 2004 2088 2114 2210 2227 2303 2344 2424 2451 2514 2563 2625 2658 2701 2793 2852 2910 2937 3017
4 22 84 111 195 249 279 331 388 443 527 580 603 698 705 808 840 883 944 999 1063 1119 1185 1201 1257 1341 1372 1438 1475 1556 1609 1646 1699 1729 1787 1858 1925 1993 2000 2080 2119 2206 2234 2300 2329 2419 2467 2532 2585 2631 2646 2718 2783 2814 2915 2935 2985
7 22 84 144 199 251 285 373 395 451 530 580 625 648 741 802 813 872 948 1024 1036 1105 1161 1231 1283 1347 1354 1423 1491 1513 1582 1649 1699 1743 1821 1866 1911 1958 2046 2058 2126 2173 2264 2303 2369 2382 2483 2486 2563 2602 2658 2705 2788 2856 2884 2925 3013
7 22 86 117 167 226 273 332 428 468 532 563 612 664 717 801 810 872 943 998 1074 1118 1173 1230 1244 1349 1383 1425 1481 1553 1594 1633 1688 1758 1834 1887 1907 1985 2035 2095 2138 2165 2236 2317 2326 2388 2459 2485 2553 2611 2685 2728 2802 2855 2893 2951 2976
4 22 86 130 196 253 298 332 406 479 515 553 628 665 716 799 823 904 961 984 1056 1083 1179 1232 1244 1300 1356 1453 1468 1553 1573 1620 1699 1774 1802 1858 1906 1952 2035 2077 2138 2213 2265 2289 2361 2402 2432 2485 2554 2644 2657 2750 2790 2849 2911 2935 2997
7 22 86 156 191 237 303 355 397 449 532 553 643 695 745 802 814 872 933 977 1036 1092 1176 1227 1283 1307 1353 1438 1489 1514 1573 1659 1699 1758 1811 1874 1925 1985 2035 2067 2114 2186 2225 2287 2322 2429 2435 2485 2563 2642 2697 2752 2771 2854 2884 2937 2997
4 22 87 122 195 225 298 332 395 477 515 571 634 675 724 775 812 898 962 979 1061 1105 1181 1231 1255 1300 1356 1423 1496 1565 1578 1620 1699 1764 1825 1853 1911 1965 2044 2104 2119 2201 2264 2276 2349 2380 2431 2487 2549 2617 2662 2751 2785 2858 2902 2966 3009
7 22 87 140 176 261 309 343 420 441 498 563 634 664 702 760 862 877 945 1020 1032 1090 1175 1193 1272 1339 1385 1423 1459 1548 1578 1643 1706 1781 1800 1865 1905 1953 2001 2053 2141 2207 2246 2317 2366 2395 2468 2531 2564 2617 2668 2751 2804 2815 2891 2924 3009
7 22 89 122 183 245 279 331 405 432 507 574 643 690 732 795 814 895 966 1022 1059 1081 1181 1224 1245 1320 1391 1418 1496 1565 1577 1666 1699 1771 1811 1868 1923 1965 2038 2104 2124 2166 2221 2277 2339 2378 2456 2497 2550 2597 2697 2716 2771 2854 2909 2957 2989
4 22 89 141 188 222 311 341 383 465 507 563 603 664 754 801 827 895 930 978 1041 1125 1170 1235 1295 1298 1360 1444 1505 1515 1586 1621 1709 1771 1798 1887 1890 1965 2038 2082 2113 2210 2244 2317 2326 2401 2451 2497 2586 2619 2678 2728 2797 2848 2900 2930 2980
7 22 90 158 210 220 279 347 381 432 527 580 643 652 713 772 852 895 939 987 1054 1119 1181 1223 1269 1320 1372 1423 1511 1519 1596 1666 1682 1730 1816 1863 1902 1953 1999 2089 2119 2176 2267 2289 2366 2419 2461 2518 2589 2621 2658 2706 2793 2826 2881 2951 3017
7 22 91 138 201 243 316 358 423 465 489 563 602 669 730 782 821 904 960 994 1030 1091 1135 1239 1286 1325 1383 1413 1460 1560 1618 1657 1695 1741 1782 1854 1915 1993 2051 2093 2138 2180 2224 2287 2365 2415 2466 2499 2544 2599 2676 2750 2759 2824 2878 2930 3018
7 22 91 143 165 241 272 373 428 441 534 563 612 676 714 786 838 898 929 998 1072 1122 1156 1226 1245 1297 1380 1418 1498 1524 1614 1662 1695 1772 1789 1841 1907 1977 2013 2095 2146 2211 2236 2277 2328 2392 2446 2537 2575 2638 2680 2700 2781 2828 2896 2924 3023
4 22 93 134 196 221 283 358 387 436 539 560 603 665 731 799 847 881 925 984 1042 1127 1151 1188 1253 1344 1387 1453 1486 1531 1610 1665 1706 1731 1824 1886 1935 1952 2011 2103 2130 2190 2240 2282 2361 2428 2476 2521 2569 2618 2648 2721 2755 2842 2867 2957 2992
7 22 93 135 199 218 316 358 399 433 489 571 634 693 733 756 854 872 969 1024 1031 1118 1166 1230 1253 1325 1383 1418 1485 1531 1589 1657 1695 1781 1809 1862 1907 1963 2011 2058 2130 2208 2264 2317 2369 2388 2444 2521 2567 2634 2652 2710 2758 2825 2877 2925 3014
4 22 95 120 162 222 321 336 409 459 510 558 625 677 752 762 848 872 921 977 1052 1118 1154 1206 1285 1312 1362 1413 1494 1551 1567 1649 1709 1773 1830 1882 1932 1969 2008 2062 2146 2212 2230 2317 2351 2410 2477 2507 2542 2625 2692 2737 2769 2861 2883 2937 2972
7 22 95 143 173 260 317 336 415 446 531 574 614 690 706 773 838 887 929 1006 1047 1108 1187 1194 1285 1348 1350 1453 1471 1551 1568 1658 1693 1753 1815 1852 1920 1952 2008 2054 2146 2177 2260 2277 2361 2381 2481 2507 2588 2640 2653 2731 2781 2828 2888 2948 2971
4 22 97 114 206 241 298 347 390 477 492 589 634 650 714 787 838 898 951 987 1068 1126 1181 1221 1260 1300 1379 1418 1511 1562 1589 1620 1683 1732 1818 1837 1893 1952 2025 2089 2124 2211 2267 2289 2370 2413 2446 2506 2554 2601 2657 2742 2774 2836 2901 2948 3010
7 22 97 152 168 261 308 331 414 457 502 549 634 649 702 793 848 881 966 999 1055 1095 1185 1193 1248 1329 1392 1418 1475 1516 1589 1632 1723 1778 1795 1838 1900 1969 2020 2080 2141 2207 2234 2300 2355 2407 2482 2511 2584 2601 2649 2742 2807 2823 2891 2937 3010
7 22 100 122 187 243 286 336 407 439 524 574 634 689 721 778 826 895 966 1017 1065 1095 1186 1199 1255 1317 1392 1412 1496 1565 1603 1671 1695 1740 1788 1838 1895 1969 2033 2099 2114 2188 2214 2287 2332 2407 2481 2487 2582 2625 2673 2701 2758 2854 2898 2966 3000
4 22 100 125 197 257 283 355 407 434 539 560 602 674 712 784 853 877 968 983 1077 1127 1164 1233 1254 1340 1387 1444 1501 1550 1603 1669 1709 1741 1788 1843 1890 1953 2001 2067 2130 2183 2219 2287 2341 2428 2470 2519 2555 2593 2650 2733 2780 2830 2887 2966 3000
4 22 100 143 179 218 294 332 384 473 497 574 602 655 750 808 825 887 937 993 1063 1096 1156 1232 1295 1341 1401 1444 1498 1524 1603 1630 1695 1766 1812 1864 1894 1977 2033 2095 2119 2191 2241 2317 2372 2404 2473 2487 2585 2593 2646 2733 2759 2819 2876 2935 3000
7 22 101 113 173 243 311 358 431 465 495 553 603 665 721 799 826 895 944 1006 1042 1119 1170 1223 1247 1298 1372 1412 1488 1540 1618 1621 1693 1753 1797 1858 1902 1993 2043 2098 2146 2188 2217 2289 2361 2419 2481 2484 2569 2599 2694 2750 2799 2812 2873 2941 3008
7 22 101 137 184 264 321 358 428 476 510 558 618 660 733 792 811 913 964 1016 1037 1118 1138 1230 1247 1323 1362 1425 1464 1540 1604 1637 1688 1738 1789 1839 1907 1977 2043 2078 2146 2162 2236 2276 2362 2410 2472 2484 2557 2606 2674 2753 2787 2846 2877 2925 3023
7 22 102 144 172 263 286 343 394 484 528 548 625 660 747 796 839 904 964 991 1048 1091 1141 1212 1283 1317 1388 1438 1491 1513 1581 1671 1688 1744 1786 1839 1941 1969 2030 2079 2155 2160 2243 2287 2358 2410 2434 2486 2582 2630 2673 2753 2760 2839 2872 2925 3015
7 22 106 150 198 225 297 355 431 457 512 549 607 676 724 762 812 898 934 1018 1052 1115 1146 1227 1264 1312 1370 1423 1497 1529 1614 1672 1682 1760 1797 1841 1902 1993 2005 2086 2146 2201 2217 2293 2352 2387 2431 2534 2542 2638 2692 2700 2803 2840 2906 2937 3008
7 22 107 138 168 259 315 355 424 454 533 580 602 667 728 784 827 887 934 1005 1043 1108 1175 1194 1286 1320 1350 1423 1460 1560 1579 1630 1723 1780 1816 1847 1920 1965 2036 2052 2141 2182 2251 2277 2349 2381 2480 2499 2589 2632 2658 2736 2793 2852 2866 2930 2973
7 23 54 128 205 267 271 354 393 439 492 577 626 660 730 798 814 886 933 990 1034 1111 1161 1226 1267 1332 1353 1421 1506 1564 1586 1634 1684 1758 1823 1875 1901 1974 2007 2069 2142 2209 2264 2302 2348 2422 2474 2489 2560 2602 2694 2735 2756 2861 2908 2938 3013
7 23 55 135 201 217 317 352 420 445 505 572 610 689 708 782 842 899 963 1007 1069 1084 1141 1197 1286 1313 1402 1441 1510 1561 1615 1648 1684 1743 1798 1844 1890 1979 2051 2062 2127 2163 2234 2299 2335 2401 2476 2488 2556 2629 2696 2722 2766 2848 2892 2940 3011
7 23 55 154 205 216 321 357 400 451 535 572 624 698 707 773 816 892 950 998 1073 1125 1168 1212 1263 1302 1377 1428 1498 1526 1607 1631 1684 1772 1819 1848 1897 1966 2002 2064 2142 2169 2255 2306 2340 2415 2460 2537 2565 2635 2660 2716 2755 2811 2914 2933 3019
7 23 56 130 162 236 314 354 389 485 515 575 622 682 749 767 835 884 959 1015 1033 1098 1136 1206 1256 1345 1393 1436 1507 1548 1613 1624 1712 1737 1821 1849 1940 1961 2004 2092 2115 2212 2230 2292 2341 2402 2434 2485 2589 2606 2675 2740 2800 2816 2889 2950 3002
7 23 57 144 201 254 322 356 421 477 505 568 610 659 714 775 813 897 932 985 1068 1097 1142 1238 1282 1300 1397 1428 1481 1560 1616 1646 1696 1743 1813 1843 1908 1980 2051 2093 2115 2192 2241 2299 2357 2403 2476 2486 2538 2620 2655 2751 2760 2809 2877 2954 3015
4 23 57 160 177 226 306 357 421 439 534 561 617 686 737 788 810 896 943 1022 1072 1121 1161 1201 1257 1297 1372 1421 1506 1532 1616 1634 1704 1768 1813 1881 1916 1954 2000 2069 2142 2180 2233 2299 2334 2384 2473 2537 2541 2643 2652 2728 2763 2813 2902 2954 3015
7 23 58 118 205 269 273 361 385 446 492 570 626 665 704 807 859 892 925 998 1042 1116 1173 1236 1284 1327 1351 1426 1493 1531 1618 1667 1710 1758 1827 1864 1912 1968 2007 2064 2115 2164 2255 2302 2340 2390 2474 2484 2550 2612 2686 2748 2782 2859 2903 2933 2995
4 23 59 122 184 258 276 361 421 451 499 556 622 673 717 802 812 894 938 1014 1064 1097 1168 1238 1274 1347 1376 1428 1498 1558 1575 1631 1696 1764 1826 1888 1908 1954 1999 2064 2142 2200 2241 2302 2330 2423 2478 2487 2566 2592 2695 2705 2758 2861 2874 2949 3000
4 23 59 147 189 265 318 361 383 436 522 561 626 666 730 807 821 873 931 1019 1038 1087 1187 1233 1274 1336 1372 1437 1473 1558 1596 1622 1691 1742 1782 1863 1915 1976 1999 2072 2142 2211 2266 2292 2339 2418 2436 2487 2554 2637 2690 2744 2774 2844 2901 2946 2978
7 23 60 130 212 260 289 346 397 436 533 561 627 686 732 788 836 899 926 988 1029 1084 1136 1197 1243 1310 1402 1414 1507 1548 1617 1673 1712 1746 1817 1881 1890 1961 2026 2092 2139 2203 2256 2299 2334 2401 2448 2498 2584 2641 2687 2728 2767 2851 2868 2946 2980
4 23 61 157 209 255 270 361 415 467 491 562 626 666 748 807 863 879 962 999 1038 1085 1145 1191 1280 1338 1359 1435 1510 1539 1608 1640 1684 1780 1830 1879 1891 1979 2024 2058 2135 2175 2228 2290 2339 2406 2450 2530 2554 2604 2688 2726 2756 2812 2894 2952 2992
7 23 62 128 172 242 284 359 379 450 528 562 626 697 743 784 850 901 971 979 1071 1128 1152 1210 1267 1307 1390 1437 1506 1564 1596 1671 1704 1747 1785 1840 1926 1954 1998 2079 2137 2173 2228 2285 2373 2378 2465 2489 2577 2636 2679 2745 2801 2823 2870 2938 2975
4 23 64 116 203 233 283 339 406 479 525 568 631 684 752 805 853 886 924 980 1066 1111 1186 1200 1284 1349 1396 1426 1463 1512 1573 1641 1705 1741 1831 1837 1928 1980 2034 2077 2139 2179 2259 2302 2344 2379 2456 2504 2540 2619 2650 2714 2799 2839 2877 2926 3022
4 23 64 122 177 252 278 346 406 433 486 570 615 665 724 774 812 879 938 984 1052 1104 1137 1196 1255 1325 1355 1441 1505 1551 1573 1626 1704 1770 1831 1883 1935 1978 2018 2084 2142 2208 2253 2302 2372 2428 2471 2520 2582 2605 2692 2727 2758 2861 2904 2926 3022
4 23 64 148 188 261 316 356 405 471 525 570 627 692 727 786 832 886 920 990 1035 1099 1146 1240 1242 1299 1365 1414 1474 1554 1617 1652 1704 1741 1796 1840 1937 1980 2034 2102 2122 2168 2232 2306 2365 2429 2472 2504 2544 2620 2647 2749 2791 2858 2867 2938 2976
7 23 65 157 163 216 309 344 395 451 532 556 629 696 707 778 840 886 922 986 1034 1099 1145 1240 1287 1308 1365 1433 1510 1539 1582 1655 1684 1731 1801 1838 1937 1979 2031 2058 2137 2169 2242 2306 2359 2429 2435 2524 2580 2635 2673 2741 2798 2854 2887 2949 3021
4 23 66 126 181 262 297 359 426 464 537 562 624 657 716 761 823 884 961 1015 1078 1083 1146 1241 1289 1341 1399 1414 1509 1529 1567 1659 1707 1739 1805 1867 1892 1982 2005 2067 2122 2199 2254 2298 2322 2420 2465 2512 2563 2595 2654 2706 2796 2835 2882 2950 3007
7 23 66 128 190 246 288 339 400 440 496 562 604 679 745 768 814 901 933 1017 1076 1092 1139 1213 1260 1338 1384 1435 1511 1559 1567 1620 1707 1779 1830 1882 1931 1966 2005 2077 2142 2204 2222 2302 2361 2416 2479 2512 2554 2598 2688 2703 2756 2861 2880 2946 3007
7 23 68 116 215 244 291 344 395 477 534 568 604 694 753 796 854 886 924 992 1060 1093 1159 1195 1262 1337 1386 1421 1463 1512 1578 1628 1710 1730 1801 1839 1917 1976 2039 2104 2140 2209 2261 2301 2337 2377 2433 2528 2551 2631 2673 2732 2798 2839 2873 2954 3021
4 23 70 120 200 217 310 346 430 469 500 573 610 699 708 806 856 901 953 1017 1070 1080 1156 1197 1285 1298 1392 1439 1500 1538 1594 1669 1705 1740 1803 1847 1895 1978 2048 2059 2127 2163 2240 2278 2350 2395 2462 2503 2542 2605 2699 2707 2769 2849 2892 2946 3018
7 23 70 137 202 226 308 344 398 483 497 573 629 684 737 778 810 896 924 974 1067 1126 1183 1227 1268 1341 1381 1421 1503 1555 1594 1649 1705 1744 1834 1837 1904 1982 2048 2055 2129 2180 2267 2298 2370 2379 2473 2503 2546 2599 2672 2714 2759 2817 2875 2926 3018
7 23 70 150 203 230 314 361 391 485 529 573 622 673 748 802 845 884 918 994 1064 1085 1136 1191 1254 1345 1379 1414 1499 1527 1614 1624 1705 1754 1789 1841 1891 1968 2017 2100 2139 2199 2251 2285 2330 2385 2442 2534 2566 2612 2697 2752 2765 2828 2894 2952 2997
4 23 72 121 176 227 295 352 383 482 498 572 615 650 740 760 813 886 955 992 1075 1087 1152 1233 1293 1339 1391 1437 1485 1519 1609 1639 1691 1767 1791 1884 1915 1980 2034 2099 2137 2192 2266 2278 2375 2398 2476 2495 2583 2607 2677 2741 2760 2809 2890 2954 2970
7 23 72 122 175 266 297 359 386 443 537 556 615 696 720 778 857 894 971 973 1067 1124 1165 1231 1255 1341 1399 1437 1505 1551 1609 1659 1707 1735 1787 1838 1920 1974 2009 2054 2129 2178 2220 2306 2359 2380 2457 2520 2546 2607 2672 2741 2806 2829 2888 2926 2970
4 23 72 157 208 268 311 354 393 457 498 556 604 654 749 757 863 886 962 1004 1040 1098 1179 1206 1249 1318 1375 1441 1486 1563 1566 1628 1707 1767 1823 1867 1940 1980 2034 2090 2135 2181 2226 2290 2325 2419 2444 2495 2575 2597 2694 2709 2756 2812 2889 2950 3013
7 23 73 153 180 256 282 356 417 480 512 577 627 692 744 786 822 892 946 998 1035 1090 1156 1208 1247 1297 1357 1439 1466 1537 1619 1657 1698 1746 1828 1885 1924 1954 2045 2093 2127 2176 2227 2299 2365 2427 2480 2536 2544 2594 2649 2704 2786 2848 2862 2933 2984
7 23 75 113 177 250 323 357 423 472 488 561 624 666 713 773 810 879 948 984 1053 1129 1180 1239 1256 1316 1354 1436 1461 1513 1608 1635 1710 1768 1808 1879 1918 1982 2046 2084 2135 2180 2253 2292 2372 2420 2473 2522 2585 2604 2698 2726 2759 2817 2869 2926 2977
4 23 75 114 215 259 284 352 403 450 526 561 626 687 732 803 859 901 929 992 1029 1080 1152 1197 1243 1307 1392 1435 1485 1525 1608 1671 1710 1730 1827 1871 1895 1961 2046 2099 2140 2204 2266 2278 2337 2395 2433 2522 2570 2618 2686 2713 2782 2859 2868 2940 2977
4 23 75 134 204 254 274 352 390 460 488 575 617 653 734 765 860 879 965 991 1032 1094 1185 1234 1243 1340 1403 1414 1465 1525 1574 1670 1696 1768 1809 1888 1929 1982 2046 2062 2140 2172 2250 2299 2322 2396 2445 2522 2568 2638 2691 2725 2773 2826 2865 2949 3012
7 23 78 156 213 246 301 346 425 438 524 556 629 667 745 791 814 901 958 979 1039 1130 1135 1207 1283 1342 1362 1435 1495 1534 1571 1623 1708 1756 1803 1878 1907 1974 2043 2065 2115 2204 2242 2301 2333 2392 2479 2492 2578 2600 2661 2700 2807 2810 2888 2938 3023
7 23 80 135 167 230 318 361 396 485 522 575 604 653 741 756 842 896 963 1002 1045 1121 1138 1201 1253 1336 1372 1433 1508 1563 1614 1622 1691 1729 1832 1862 1916 1968 2012 2096 2127 2206 2257 2299 2331 2384 2432 2491 2581 2612 2662 2752 2766 2848 2897 2950 2987
7 23 85 115 179 246 312 344 392 440 500 562 631 661 746 763 836 873 940 1019 1077 1082 1139 1192 1270 1315 1390 1439 1484 1557 1569 1620 1708 1778 1822 1873 1943 1961 2010 2104 2137 2203 2235 2301 2349 2424 2448 2524 2549 2598 2682 2701 2767 2851 2912 2946 3017
7 23 85 157 204 252 286 354 417 445 536 562 629 657 724 761 812 879 962 991 1051 1105 1141 1229 1287 1343 1369 1441 1510 1539 1569 1648 1708 1744 1797 1867 1902 1954 2010 2062 2127 2208 2250 2298 2322 2419 2471 2524 2590 2593 2667 2706 2807 2812 2870 2949 3017
4 23 85 159 180 236 310 354 384 485 500 573 626 660 754 798 837 873 929 1016 1034 1080 1138 1193 1287 1344 1392 1433 1508 1539 1613 1622 1698 1778 1783 1871 1898 1961 2010 2096 2127 2207 2245 2306 2348 2395 2447 2524 2560 2606 2684 2740 2768 2815 2887 2952 2973
4 23 88 135 202 234 278 352 392 475 486 575 627 670 719 793 822 896 963 974 1040 1132 1178 1235 1249 1301 1355 1441 1508 1563 1579 1650 1698 1770 1828 1844 1910 1961 2018 2055 2137 2210 2267 2290 2370 2401 2445 2495 2539 2618 2649 2742 2786 2848 2889 2926 3010
7 23 88 148 190 259 296 339 424 450 493 562 627 656 732 781 814 894 966 1011 1031 1081 1184 1194 1242 1343 1364 1441 1474 1554 1579 1638 1710 1779 1797 1859 1893 1974 2009 2063 2139 2204 2247 2278 2367 2413 2479 2504 2590 2618 2667 2742 2807 2810 2871 2938 3010
4 23 90 153 204 233 323 359 384 479 488 568 617 659 720 791 822 901 946 972 1039 1124 1186 1231 1283 1310 1354 1436 1484 1520 1580 1641 1708 1768 1785 1887 1920 1961 2046 2056 2127 2210 2223 2299 2341 2425 2445 2507 2578 2619 2693 2707 2786 2848 2888 2926 2971
7 23 90 161 188 226 315 361 384 483 494 573 626 665 721 807 850 899 938 1016 1042 1084 1183 1188 1282 1334 1374 1428 1462 1514 1580 1649 1704 1769 1785 1883 1898 1966 2021 2096 2122 2195 2245 2299 2340 2428 2442 2532 2550 2599 2679 2727 2801 2823 2905 2926 2971
7 23 95 122 192 244 320 361 415 471 503 570 604 653 753 756 814 879 938 978 1045 1106 1165 1195 1276 1311 1368 1428 1505 1551 1574 1632 1707 1771 1830 1888 1903 1974 2025 2054 2140 2209 2215 2304 2331 2423 2474 2497 2581 2638 2688 2725 2756 2861 2873 2938 2992
4 23 95 137 176 254 280 352 426 460 520 572 604 700 714 804 813 897 927 1025 1044 1122 1183 1204 1261 1302 1370 1428 1503 1555 1574 1672 1705 1767 1819 1841 1930 1982 2011 2055 2122 2192 2216 2290 2342 2376 2476 2511 2565 2638 2660 2725 2755 2814 2913 2952 2992
4 23 96 130 194 267 286 354 386 439 536 561 610 687 751 770 855 899 959 975 1079 1123 1148 1232 1244 1343 1369 1436 1495 1560 1586 1648 1708 1740 1787 1849 1920 1974 2014 2052 2129 2188 2220 2278 2368 2402 2469 2526 2558 2602 2698 2735 2779 2816 2866 2954 2970
7 23 96 144 180 268 308 354 413 457 497 573 631 677 722 801 837 892 919 998 1030 1126 1142 1203 1244 1323 1381 1414 1481 1560 1566 1666 1696 1778 1793 1842 1929 1980 2014 2093 2129 2207 2227 2301 2365 2379 2447 2526 2587 2597 2697 2709 2761 2822 2915 2933 2989
4 23 96 161 200 221 287 346 388 462 536 573 604 673 703 764 856 899 938 1000 1048 1106 1178 1202 1290 1321 1368 1441 1462 1514 1566 1664 1696 1740 1817 1888 1896 1974 2014 2101 2137 2163 2265 2285 2367 2423 2462 2526 2580 2600 2659 2705 2794 2823 2899 2949 2989
4 23 97 110 213 223 272 356 395 454 490 575 610 682 727 775 849 901 964 979 1026 1099 1170 1240 1251 1336 1403 1433 1459 1518 1593 1669 1684 1777 1832 1875 1937 1976 2042 2065 2140 2205 2242 2292 2333 2391 2458 2515 2581 2634 2662 2713 2766 2841 2867 2938 2988
4 23 97 112 164 255 321 357 428 467 535 575 622 670 748 793 830 894 943 1013 1027 1118 1154 1219 1248 1302 1377 1421 1458 1521 1593 1631 1684 1732 1800 1844 1901 1982 2042 2094 2139 2175 2230 2290 2370 2421 2483 2515 2552 2604 2674 2742 2802 2860 2865 2940 2988
7 23 99 108 188 262 306 357 427 435 507 577 624 698 716 773 845 873 960 1016 1073 1082 1140 1241 1294 1309 1398 1426 1467 1517 1605 1621 1704 1769 1833 1852 1894 1968 2006 2082 2122 2199 2258 2301 2340 2417 2442 2510 2565 2624 2653 2712 2765 2828 2882 2952 2998
7 23 99 128 198 231 295 339 429 482 527 577 615 651 744 762 812 886 933 986 1035 1114 1152 1208 1247 1339 1363 1435 1506 1564 1605 1639 1704 1750 1831 1882 1900 1954 2006 2079 2140 2200 2221 2304 2323 2416 2478 2510 2568 2603 2692 2732 2758 2861 2862 2949 2998
7 23 100 111 203 266 288 339 379 447 520 568 627 693 719 781 853 884 967 994 1078 1086 1174 1214 1263 1296 1361 1428 1460 1565 1598 1663 1707 1741 1788 1865 1903 1954 2038 2100 2137 2179 2251 2306 2330 2427 2456 2499 2543 2603 2655 2739 2784 2854 2910 2952 2973
7 23 100 127 209 261 274 344 379 460 539 572 617 698 710 774 815 879 960 999 1052 1128 1185 1210 1255 1340 1352 1437 1469 1546 1598 1670 1704 1748 1788 1852 1926 1976 2013 2058 2115 2185 2228 2306 2339 2417 2482 2525 2582 2631 2677 2712 2763 2808 2904 2952 2973
7 23 100 155 181 244 311 354 384 477 498 568 617 663 751 797 817 873 935 972 1028 1123 1159 1232 1295 1318 1375 1437 1511 1532 1598 1628 1707 1762 1783 1886 1920 1966 2038 2056 2122 2211 2223 2304 2364 2394 2440 2499 2586 2631 2684 2712 2768 2836 2866 2954 2973
4 23 100 160 188 252 280 354 389 445 520 572 631 677 750 801 818 884 923 990 1030 1122 1161 1228 1295 1347 1370 1439 1506 1532 1569 1627 1704 1741 1821 1845 1905 1954 2038 2069 2122 2183 2264 2302 2365 2376 2472 2499 2587 2593 2675 2706 2800 2834 2864 2940 3002
7 23 102 113 174 266 315 352 431 443 494 556 624 667 719 767 853 884 927 1012 1033 1132 1165 1235 1256 1323 1374 1428 1461 1513 1607 1659 1712 1769 1786 1836 1910 1980 2021 2098 2140 2179 2229 2301 2357 2381 2456 2522 2589 2607 2695 2743 2799 2839 2889 2926 2972
4 23 104 149 182 216 276 344 410 451 512 572 622 650 711 760 835 894 940 987 1070 1081 1168 1194 1285 1347 1364 1439 1471 1538 1582 1631 1712 1775 1821 1884 1893 1979 2016 2091 2129 2165 2260 2278 2375 2413 2482 2503 2587 2635 2675 2741 2800 2816 2892 2933 2981
7 23 104 152 214 262 282 346 420 435 512 577 604 693 741 764 863 894 967 977 1067 1090 1140 1222 1268 1332 1357 1421 1488 1555 1578 1621 1707 1775 1823 1865 1909 1979 2016 2060 2127 2175 2214 2298 2347 2427 2450 2503 2560 2624 2694 2739 2756 2812 2875 2952 2985
7 23 107 135 198 228 312 344 425 467 526 575 610 651 728 762 818 896 957 986 1055 1130 1145 1207 1286 1296 1366 1435 1510 1561 1581 1640 1708 1776 1834 1869 1907 1954 2000 2058 2135 2201 2242 2306 2323 2388 2452 2488 2547 2632 2651 2747 2779 2855 2906 2940 2990
4 23 107 159 177 220 291 344 424 457 534 573 617 665 711 774 829 873 925 984 1069 1081 1179 1194 1286 1337 1386 1441 1486 1561 1587 1628 1710 1768 1822 1864 1893 1978 2000 2090 2135 2160 2247 2299 2372 2390 2473 2488 2564 2644 2659 2748 2789 2819 2892 2933 2984
7 24 55 134 183 261 282 371 393 455 528 560 621 687 710 763 862 879 971 991 1052 1128 1185 1216 1278 1330 1396 1437 1499 1556 1598 1632 1697 1760 1797 1837 1902 1944 2004 2070 2144 2184 2218 2309 2352 2387 2434 2534 2541 2601 2664 2749 2790 2840 2900 2925 3014
7 24 56 123 204 217 292 343 415 481 497 578 641 669 755 761 858 864 922 978 1078 1120 1165 1214 1277 1341 1401 1432 1502 1526 1573 1630 1683 1742 1820 1856 1934 1986 2034 2053 2140 2171 2264 2291 2355 2394 2476 2502 2562 2632 2654 2730 2783 2821 2893 2933 2996
7 24 56 160 208 266 321 357 417 476 497 549 616 676 704 769 843 864 942 983 1042 1089 1161 1219 1257 1314 1373 1421 1489 1547 1593 1661 1713 1742 1813 1844 1939 1986 2034 2105 2126 2166 2215 2315 2370 2421 2473 2502 2542 2629 2666 2738 2775 2813 2906 2945 2976
7 24 57 114 189 218 292 332 426 464 537 567 594 683 708 808 847 911 921 1025 1031 1093 1183 1230 1264 1341 1362 1442 1498 1541 1582 1630 1695 1768 1812 1854 1936 1986 2017 2052 2122 2210 2225 2291 2353 2411 2474 2504 2562 2636 2654 2715 2792 2835 2895 2950 2982
4 24 57 140 185 233 296 339 407 468 526 567 632 679 705 806 824 905 924 1017 1065 1116 1186 1213 1272 1349 1394 1404 1463 1533 1582 1651 1695 1779 1830 1838 1927 1992 2017 2076 2114 2195 2222 2302 2332 2426 2441 2504 2539 2606 2657 2744 2801 2852 2869 2939 2982
4 24 58 111 175 269 320 362 423 459 492 560 603 665 703 759 858 891 934 984 1033 1111 1174 1237 1272 1332 1352 1404 1477 1531 1618 1665 1721 1770 1790 1851 1899 1986 2032 2103 2128 2171 2238 2302 2357 2419 2476 2506 2564 2623 2685 2736 2783 2821 2902 2933 2994
7 24 58 114 208 239 272 345 409 441 492 587 627 676 753 769 845 891 944 983 1030 1124 1183 1228 1262 1339 1400 1421 1498 1541 1591 1652 1695 1770 1818 1874 1917 1986 2032 2052 2144 2172 2267 2277 2370 2413 2443 2506 2554 2638 2661 2708 2772 2811 2880 2916 3023
7 24 58 154 168 225 287 365 414 455 504 560 627 685 734 793 811 902 966 975 1076 1095 1146 1231 1248 1336 1354 1421 1472 1554 1591 1672 1721 1758 1814 1866 1904 1967 2020 2087 2134 2209 2232 2268 2348 2389 2470 2518 2583 2638 2674 2708 2807 2819 2864 2925 3023
7 24 59 123 188 240 296 343 391 484 530 540 635 677 747 796 839 902 922 975 1075 1131 1169 1211 1274 1349 1390 1432 1473 1555 1599 1651 1691 1764 1828 1856 1901 1992 2048 2069 2128 2168 2250 2302 2329 2394 2468 2486 2539 2597 2657 2721 2803 2821 2872 2925 3013
7 24 59 134 171 246 284 362 391 451 529 556 621 672 709 764 811 883 949 995 1063 1097 1153 1191 1278 1308 1365 1445 1499 1556 1599 1624 1674 1759 1828 1888 1924 1967 2000 2103 2153 2199 2226 2302 2367 2412 2479 2534 2567 2613 2694 2705 2765 2861 2888 2925 3013
7 24 59 157 199 250 310 345 383 443 530 556 627 696 719 769 817 902 919 980 1042 1110 1157 1223 1285 1314 1376 1413 1468 1543 1609 1672 1674 1764 1804 1847 1942 1992 2048 2097 2126 2163 2239 2309 2351 2429 2456 2486 2542 2605 2666 2747 2784 2849 2876 2945 3003
7 24 60 111 171 266 323 357 413 476 487 567 610 656 708 780 853 883 931 995 1031 1126 1174 1230 1264 1326 1361 1427 1477 1531 1593 1648 1721 1777 1800 1866 1903 1986 2038 2103 2106 2162 2226 2307 2367 2424 2462 2515 2590 2629 2683 2738 2769 2824 2895 2925 2973
7 24 60 117 165 260 302 365 395 482 506 587 610 676 729 805 861 864 963 988 1037 1132 1136 1218 1243 1338 1355 1427 1490 1561 1593 1626 1703 1747 1817 1844 1925 1979 2029 2095 2126 2200 2229 2277 2335 2400 2448 2525 2584 2629 2660 2738 2766 2832 2915 2955 2973
7 24 60 161 195 223 274 343 413 461 504 587 616 698 747 758 862 897 945 1015 1057 1131 1182 1211 1291 1311 1369 1421 1469 1513 1593 1633 1703 1749 1800 1880 1901 1944 2029 2098 2147 2184 2228 2307 2328 2417 2434 2525 2582 2630 2661 2737 2790 2840 2872 2925 2973
4 24 61 119 183 266 300 365 390 476 538 567 614 655 704 796 852 879 953 991 1075 1094 1174 1231 1252 1349 1385 1404 1510 1535 1604 1648 1713 1733 1830 1839 1905 1979 2023 2070 2128 2166 2218 2315 2352 2393 2463 2530 2539 2629 2657 2726 2801 2822 2894 2925 2999
4 24 61 129 173 260 301 357 426 482 495 578 614 651 729 773 828 885 948 986 1061 1081 1140 1241 1294 1339 1399 1404 1491 1517 1604 1622 1703 1751 1795 1843 1900 1986 2043 2094 2122 2200 2260 2277 2357 2416 2481 2509 2553 2629 2662 2726 2758 2828 2893 2964 2999
7 24 61 143 213 262 319 339 415 442 495 567 603 652 744 775 845 885 933 1013 1047 1082 1187 1194 1247 1335 1381 1451 1489 1564 1595 1621 1713 1751 1809 1852 1940 1986 2043 2079 2140 2174 2258 2289 2340 2419 2441 2509 2568 2640 2653 2713 2757 2826 2895 2916 3008
7 24 63 114 167 256 284 362 402 450 529 587 614 661 729 803 847 891 921 1005 1037 1115 1154 1218 1243 1308 1365 1413 1488 1551 1590 1624 1674 1730 1790 1871 1942 1979 2031 2073 2122 2204 2219 2291 2364 2393 2480 2533 2586 2643 2676 2712 2792 2835 2915 2958 3016
7 24 63 123 215 229 276 351 402 467 525 540 603 688 744 801 858 902 922 1003 1076 1100 1152 1220 1244 1321 1379 1425 1473 1555 1590 1623 1721 1729 1790 1855 1895 1961 2047 2088 2140 2206 2266 2291 2349 2395 2440 2517 2575 2603 2685 2751 2783 2821 2868 2958 3016
7 24 63 161 177 250 275 339 385 445 488 587 603 666 705 775 846 897 945 985 1055 1116 1180 1213 1281 1328 1400 1425 1469 1513 1590 1663 1674 1771 1807 1876 1927 1973 2031 2100 2144 2178 2244 2309 2326 2420 2444 2533 2559 2603 2651 2751 2806 2840 2869 2939 3016
7 24 66 112 163 256 281 357 381 450 534 587 621 658 746 788 841 883 942 1012 1028 1117 1154 1224 1248 1311 1378 1421 1480 1544 1578 1624 1697 1739 1800 1881 1916 1983 2044 2082 2114 2187 2221 2268 2371 2384 2483 2528 2582 2643 2661 2723 2790 2860 2913 2958 3005
7 24 66 158 174 261 271 332 395 441 496 587 610 666 726 775 848 902 962 988 1047 1110 1165 1240 1275 1335 1403 1432 1460 1518 1578 1670 1697 1776 1785 1876 1925 1965 2044 2095 2140 2168 2229 2309 2326 2403 2459 2528 2568 2615 2653 2751 2780 2846 2867 2916 3005
7 24 67 126 211 240 275 324 381 437 488 587 621 701 710 767 833 905 958 1012 1074 1116 1155 1225 1255 1338 1400 1427 1478 1516 1602 1653 1691 1759 1817 1864 1916 1953 2041 2082 2144 2205 2221 2302 2323 2420 2439 2500 2584 2644 2660 2731 2766 2859 2891 2937 2987
7 24 67 157 180 220 298 332 413 456 498 556 621 674 735 801 840 902 919 1023 1076 1126 1179 1230 1244 1333 1398 1427 1468 1543 1602 1628 1721 1732 1785 1889 1903 1944 2014 2075 2147 2182 2226 2289 2363 2387 2449 2529 2575 2644 2673 2731 2761 2849 2868 2950 2987
7 24 67 158 181 227 318 365 430 445 498 587 614 655 725 796 851 902 955 993 1075 1087 1176 1233 1274 1306 1378 1437 1464 1514 1584 1667 1691 1732 1814 1863 1914 1944 2014 2085 2114 2211 2219 2297 2352 2414 2448 2529 2539 2627 2699 2703 2781 2854 2872 2939 3006
7 24 70 137 185 243 316 362 421 485 499 573 621 672 746 764 828 864 939 982 1063 1085 1135 1238 1268 1344 1392 1427 1498 1519 1602 1631 1695 1740 1798 1841 1892 1986 2034 2101 2114 2200 2247 2285 2367 2409 2481 2487 2567 2623 2659 2752 2758 2828 2899 2964 2984
7 24 70 145 213 248 312 332 409 434 499 560 610 652 751 775 855 864 947 1013 1055 1090 1184 1189 1249 1328 1396 1451 1495 1538 1581 1626 1708 1740 1834 1849 1943 1986 2034 2096 2144 2170 2242 2297 2340 2424 2453 2487 2559 2636 2651 2716 2778 2816 2902 2939 3006
7 24 70 147 204 228 321 362 430 436 497 560 641 650 731 807 821 905 967 1005 1062 1125 1154 1196 1268 1336 1373 1421 1488 1519 1581 1639 1708 1742 1814 1869 1914 1944 2034 2073 2114 2208 2219 2291 2328 2386 2476 2487 2583 2607 2674 2744 2807 2809 2900 2945 3006
7 24 70 154 198 240 299 324 421 437 493 560 616 674 747 797 839 902 929 1022 1077 1129 1166 1198 1254 1315 1389 1432 1501 1525 1602 1642 1708 1754 1798 1889 1922 1953 2001 2057 2147 2168 2216 2285 2366 2377 2468 2520 2556 2644 2650 2731 2767 2858 2885 2964 2984
7 24 70 159 199 218 309 365 430 464 493 573 610 660 708 805 854 902 936 980 1072 1100 1144 1220 1256 1297 1379 1451 1482 1523 1581 1670 1695 1754 1814 1840 1895 1953 2001 2097 2106 2210 2239 2291 2351 2395 2467 2520 2549 2636 2699 2716 2781 2850 2905 2945 3006
4 24 71 112 210 252 313 332 389 482 500 587 616 701 728 757 818 883 970 1018 1065 1097 1140 1191 1272 1327 1365 1404 1491 1533 1607 1622 1716 1741 1806 1868 1924 1973 2002 2094 2122 2198 2228 2302 2333 2412 2459 2504 2587 2637 2656 2727 2800 2833 2869 2955 3022
7 24 71 122 195 261 309 343 422 441 515 587 632 661 710 803 862 879 935 978 1074 1105 1165 1225 1255 1297 1357 1437 1502 1527 1617 1670 1716 1749 1810 1871 1926 1953 2018 2053 2134 2184 2264 2291 2364 2379 2434 2488 2549 2615 2699 2712 2785 2845 2891 2916 3011
7 24 71 147 191 229 283 339 422 467 500 581 627 693 744 780 821 883 967 1010 1031 1082 1137 1194 1264 1331 1393 1442 1465 1541 1617 1638 1721 1741 1810 1846 1940 1973 2002 2078 2114 2206 2251 2291 2330 2408 2478 2504 2590 2603 2678 2723 2807 2809 2895 2916 3011
7 24 76 125 206 217 288 339 385 472 503 560 594 650 713 762 841 897 933 1009 1068 1092 1141 1236 1256 1317 1354 1451 1461 1546 1576 1650 1683 1768 1807 1879 1919 1983 2049 2078 2134 2213 2252 2291 2372 2392 2457 2496 2571 2641 2651 2732 2806 2845 2909 2958 3016
4 24 76 127 208 218 286 357 385 475 520 549 641 649 752 809 843 879 948 1020 1053 1105 1150 1224 1282 1331 1353 1404 1462 1530 1576 1635 1695 1742 1807 1875 1927 1973 2010 2064 2144 2166 2244 2291 2333 2383 2473 2535 2569 2624 2698 2749 2759 2830 2907 2958 3016
7 24 79 132 202 217 272 343 413 481 536 556 621 667 713 760 841 897 923 1023 1039 1122 1144 1234 1271 1339 1356 1451 1504 1520 1573 1652 1697 1772 1800 1858 1903 1986 2035 2075 2106 2213 2226 2277 2340 2409 2457 2523 2554 2632 2661 2730 2790 2860 2911 2955 2973
7 24 79 156 164 237 310 324 395 451 530 556 641 697 707 766 852 905 929 1016 1071 1110 1138 1240 1250 1347 1376 1432 1471 1540 1573 1639 1697 1778 1817 1837 1925 1979 2035 2067 2126 2193 2229 2307 2354 2429 2435 2523 2561 2622 2658 2740 2768 2856 2886 2925 2973
7 24 82 121 205 268 288 339 415 437 490 587 632 658 733 806 827 885 930 974 1027 1120 1166 1214 1253 1325 1369 1432 1501 1558 1574 1642 1683 1744 1809 1860 1934 1979 2011 2057 2147 2196 2264 2268 2354 2427 2444 2532 2578 2616 2653 2746 2757 2844 2915 2937 3008
7 24 82 122 163 260 312 357 423 482 532 587 594 655 742 786 841 879 935 1021 1045 1091 1136 1239 1246 1328 1364 1425 1502 1527 1604 1626 1683 1739 1807 1839 1913 1986 2046 2084 2128 2187 2224 2297 2362 2411 2483 2497 2559 2629 2651 2726 2806 2845 2880 2955 2977
4 24 82 126 204 219 271 345 402 439 496 587 614 698 719 758 822 905 958 1005 1069 1110 1163 1223 1258 1345 1403 1404 1478 1516 1604 1660 1683 1774 1827 1880 1942 1961 2046 2073 2140 2195 2219 2307 2328 2403 2443 2497 2570 2618 2656 2737 2777 2859 2876 2945 2977
4 24 82 150 180 222 283 339 423 435 500 549 614 692 741 783 831 897 924 1023 1079 1111 1168 1237 1253 1331 1393 1404 1472 1558 1604 1638 1721 1732 1807 1886 1899 1967 2011 2063 2147 2190 2238 2297 2363 2378 2449 2532 2569 2618 2698 2737 2759 2842 2863 2955 2977
7 24 83 117 198 228 286 343 411 447 489 540 610 688 750 783 818 911 941 1022 1079 1093 1177 1234 1243 1331 1384 1413 1490 1561 1586 1635 1708 1754 1787 1887 1932 1973 2005 2053 2147 2189 2220 2291 2366 2388 2468 2525 2569 2596 2698 2719 2778 2855 2873 2955 2991
7 24 83 142 194 240 323 371 382 484 487 540 632 654 710 807 833 905 932 1016 1062 1128 1169 1216 1268 1322 1361 1427 1476 1515 1588 1651 1708 1777 1801 1878 1902 1965 2038 2066 2134 2205 2230 2285 2324 2422 2439 2491 2583 2597 2688 2733 2805 2820 2900 2925 2989
7 24 83 145 215 258 301 351 396 438 535 540 616 700 715 792 858 883 926 999 1044 1102 1184 1200 1245 1339 1360 1442 1495 1538 1588 1622 1708 1729 1786 1861 1941 1986 2038 2096 2153 2206 2254 2277 2353 2421 2440 2491 2553 2625 2662 2705 2767 2838 2897 2933 2989
7 24 83 161 199 221 304 365 382 474 489 573 616 672 704 802 854 911 949 1001 1036 1094 1180 1231 1291 1307 1368 1442 1469 1513 1588 1634 1674 1754 1801 1888 1905 1973 2005 2100 2126 2210 2227 2285 2330 2412 2467 2525 2561 2625 2697 2705 2795 2836 2894 2925 2989
7 24 85 114 213 258 293 339 393 465 531 567 614 692 748 783 845 911 944 990 1079 1108 1155 1236 1243 1348 1358 1427 1488 1551 1568 1625 1708 1751 1797 1873 1902 1944 2008 2071 2144 2174 2218 2277 2363 2414 2441 2533 2569 2598 2683 2750 2772 2811 2873 2958 3014
7 24 85 115 192 233 323 371 384 468 487 567 635 652 737 774 836 902 947 993 1077 1126 1186 1202 1265 1322 1361 1413 1483 1557 1610 1651 1708 1767 1832 1849 1932 1961 2047 2056 2106 2163 2248 2289 2341 2424 2436 2494 2579 2606 2692 2716 2791 2847 2874 2939 2972
7 24 85 119 215 228 299 324 428 436 525 567 603 683 731 808 856 879 953 999 1050 1105 1153 1225 1287 1317 1357 1445 1510 1535 1610 1640 1708 1729 1788 1854 1926 1983 2047 2092 2153 2208 2258 2291 2353 2379 2440 2494 2543 2607 2680 2715 2797 2822 2870 2937 2972
4 24 86 126 169 248 305 345 424 475 538 581 610 684 751 782 833 911 958 1001 1033 1133 1150 1189 1272 1313 1380 1404 1462 1531 1572 1635 1703 1752 1796 1880 1900 1965 2003 2064 2144 2170 2262 2302 2360 2403 2475 2506 2541 2594 2682 2750 2766 2859 2902 2925 3013
7 24 86 138 165 227 276 371 380 467 515 581 603 696 725 785 851 902 971 988 1034 1129 1152 1198 1266 1321 1389 1437 1494 1564 1609 1623 1703 1747 1832 1847 1922 1967 2020 2066 2126 2211 2257 2285 2335 2377 2448 2489 2576 2605 2684 2747 2799 2836 2908 2916 2975
7 24 86 143 201 252 287 371 424 476 504 567 594 679 739 766 813 885 933 973 1071 1092 1161 1216 1266 1347 1354 1421 1489 1564 1572 1661 1716 1758 1796 1879 1938 1983 2020 2105 2126 2186 2225 2302 2371 2392 2436 2489 2561 2642 2658 2702 2789 2826 2870 2925 3013
7 24 89 115 163 229 310 324 421 443 512 567 627 655 744 786 858 902 956 1021 1047 1130 1157 1194 1247 1314 1394 1425 1504 1536 1584 1672 1697 1781 1798 1863 1892 1986 2030 2061 2114 2206 2247 2315 2362 2413 2440 2536 2557 2627 2650 2703 2767 2838 2895 2933 2984
7 24 90 132 201 234 304 324 380 483 489 573 621 701 706 767 831 879 970 1021 1074 1094 1157 1204 1271 1309 1368 1413 1504 1520 1611 1632 1716 1735 1788 1868 1933 1967 2025 2061 2126 2180 2247 2315 2323 2412 2460 2523 2584 2633 2690 2727 2787 2813 2875 2955 3021
7 24 91 137 164 262 296 339 423 442 530 540 641 663 715 770 843 897 937 1004 1044 1131 1135 1200 1245 1326 1390 1413 1498 1519 1595 1673 1695 1778 1807 1840 1913 1986 2035 2101 2128 2202 2224 2307 2365 2394 2435 2511 2574 2640 2698 2713 2759 2830 2897 2945 2977
7 24 91 147 202 268 275 339 390 437 536 560 621 671 738 768 863 905 967 990 1060 1123 1155 1203 1245 1338 1352 1442 1488 1519 1574 1653 1674 1772 1830 1846 1905 1979 2035 2071 2128 2191 2218 2277 2373 2408 2457 2511 2552 2616 2693 2746 2765 2809 2879 2964 2999
7 24 91 148 201 220 286 357 426 484 489 540 621 658 735 788 829 885 969 973 1028 1093 1164 1230 1292 1310 1384 1442 1485 1556 1574 1656 1695 1735 1795 1860 1936 1961 2025 2105 2147 2182 2225 2315 2371 2388 2460 2522 2582 2616 2662 2746 2758 2827 2868 2925 2999
7 24 93 142 166 218 274 351 431 475 504 581 632 693 752 764 852 864 930 1024 1063 1120 1149 1232 1268 1308 1369 1421 1476 1515 1616 1636 1695 1749 1793 1860 1917 1979 2029 2088 2153 2166 2246 2291 2346 2427 2463 2491 2567 2624 2694 2710 2801 2822 2899 2925 2971
4 24 96 120 185 260 273 362 383 469 520 573 610 679 729 806 828 885 934 1017 1027 1115 1171 1218 1253 1302 1368 1404 1487 1560 1572 1647 1683 1740 1804 1879 1942 1992 2012 2059 2126 2200 2239 2297 2332 2391 2481 2531 2578 2642 2677 2702 2774 2812 2915 2958 3003
7 24 96 136 179 246 321 362 380 451 497 549 635 700 741 787 836 911 926 987 1079 1089 1138 1237 1253 1336 1373 1432 1471 1560 1599 1639 1708 1762 1832 1861 1922 1967 2012 2067 2126 2167 2257 2268 2358 2421 2432 2531 2565 2613 2692 2705 2791 2847 2863 2933 2975
7 24 96 159 163 268 298 371 380 456 534 573 621 677 738 763 837 902 936 1021 1029 1095 1179 1203 1276 1333 1363 1445 1482 1523 1599 1628 1683 1739 1832 1856 1933 1965 2044 2061 2128 2191 2247 2268 2362 2380 2483 2498 2564 2597 2684 2721 2799 2850 2879 2933 2975
7 24 97 110 210 261 287 371 384 455 490 549 627 649 726 809 848 902 925 1018 1056 1100 1146 1193 1277 1336 1370 1432 1493 1529 1598 1672 1716 1741 1832 1875 1923 1944 2014 2065 2122 2168 2256 2291 2333 2406 2459 2499 2565 2601 2692 2749 2791 2835 2914 2937 2972
7 24 97 138 191 258 288 339 387 465 490 581 616 684 715 782 821 902 945 980 1029 1131 1139 1200 1260 1325 1369 1425 1511 1547 1568 1642 1683 1741 1831 1880 1913 1944 2014 2076 2153 2206 2259 2302 2360 2417 2478 2499 2545 2598 2687 2750 2755 2861 2897 2945 3002
7 24 97 160 180 255 318 339 428 433 498 549 621 671 709 768 831 864 942 1013 1060 1117 1187 1213 1260 1342 1378 1437 1489 1547 1598 1631 1716 1732 1788 1881 1926 1983 2014 2079 2153 2190 2258 2289 2373 2384 2449 2499 2552 2641 2690 2710 2787 2813 2865 2939 2972
7 24 98 118 185 219 288 339 380 439 503 567 627 656 719 780 824 864 966 982 1078 1095 1173 1203 1273 1317 1354 1445 1459 1565 1603 1650 1683 1779 1788 1866 1933 1967 2039 2101 2126 2195 2247 2307 2367 2389 2441 2512 2543 2618 2680 2738 2797 2856 2898 2964 3021
4 24 100 112 213 265 273 332 390 472 520 560 621 674 734 801 855 911 970 990 1076 1094 1163 1231 1248 1321 1368 1404 1480 1544 1577 1627 1713 1740 1812 1868 1905 1967 2012 2071 2140 2170 2218 2285 2363 2412 2453 2528 2575 2593 2685 2753 2762 2833 2864 2958 3019
7 24 103 159 167 242 283 371 388 435 529 578 614 669 739 761 854 897 936 1015 1050 1092 1168 1216 1287 1331 1366 1445 1470 1535 1606 1638 1691 1730 1835 1856 1938 1973 2031 2065 2106 2197 2260 2291 2355 2380 2480 2494 2590 2599 2678 2730 2781 2850 2870 2925 2971
7 24 104 117 183 247 316 343 404 485 528 587 621 666 738 760 834 864 941 1002 1042 1114 1135 1206 1285 1344 1364 1413 1508 1543 1611 1631 1713 1760 1820 1887 1893 1961 2004 2091 2128 2212 2221 2309 2341 2388 2434 2486 2551 2619 2676 2741 2762 2855 2876 2950 3007
7 24 104 123 166 222 282 345 405 435 528 578 635 656 741 802 829 864 931 1024 1036 1090 1152 1189 1274 1307 1396 1437 1473 1555 1603 1655 1721 1760 1823 1866 1943 1961 2004 2088 2126 2190 2246 2297 2346 2424 2451 2486 2561 2618 2697 2738 2773 2812 2912 2925 3015
4 24 105 115 204 269 286 343 397 463 520 578 616 698 703 758 858 891 956 1005 1057 1086 1186 1227 1252 1310 1353 1404 1483 1557 1607 1656 1708 1742 1786 1873 1920 1961 2010 2056 2114 2171 2236 2315 2328 2402 2476 2508 2582 2619 2662 2745 2767 2838 2912 2958 2988
7 24 105 139 208 237 273 332 405 462 520 573 641 660 707 785 816 891 961 983 1034 1115 1173 1240 1287 1321 1368 1445 1508 1522 1585 1627 1713 1742 1826 1852 1921 1961 2010 2052 2126 2193 2267 2291 2370 2391 2473 2508 2576 2611 2684 2704 2804 2810 2886 2916 3011
7 24 105 154 194 246 293 339 422 453 531 578 641 663 709 770 811 883 966 974 1044 1117 1166 1213 1276 1348 1358 1445 1501 1525 1585 1625 1708 1738 1810 1849 1926 1953 2022 2057 2134 2199 2264 2268 2365 2405 2479 2496 2574 2611 2678 2704 2807 2819 2865 2939 3011
7 24 105 157 179 252 312 332 382 482 499 578 594 678 739 808 817 879 919 987 1050 1128 1136 1216 1287 1328 1396 1427 1490 1522 1607 1626 1708 1762 1802 1889 1902 1973 2010 2095 2126 2186 2230 2309 2358 2387 2432 2508 2543 2637 2668 2727 2784 2849 2870 2964 2988
7 24 106 110 202 221 280 351 423 474 539 549 614 667 704 760 847 902 925 1023 1042 1129 1148 1219 1257 1344 1351 1451 1493 1529 1571 1667 1674 1755 1790 1867 1899 1986 2030 2063 2128 2210 2238 2285 2340 2416 2474 2521 2551 2625 2676 2721 2792 2835 2906 2950 2994
7 24 107 121 192 252 301 351 430 482 535 587 614 666 739 760 813 885 930 993 1039 1125 1140 1196 1290 1339 1360 1421 1501 1558 1594 1622 1708 1767 1818 1887 1914 1953 1999 2085 2106 2186 2219 2309 2341 2399 2436 2495 2554 2637 2661 2741 2772 2844 2891 2955 3001
7 25 54 109 176 257 312 374 384 466 538 569 622 651 726 804 841 885 957 986 1061 1100 1182 1231 1252 1349 1399 1412 1510 1527 1603 1666 1709 1739 1823 1843 1913 1989 2000 2084 2122 2173 2218 2308 2350 2385 2463 2512 2550 2630 2651 2725 2801 2828 2880 2934 2990
7 25 54 126 204 222 283 339 418 435 496 569 602 681 740 805 831 908 942 1025 1077 1110 1181 1208 1258 1309 1382 1433 1494 1522 1603 1649 1709 1780 1788 1877 1936 1967 2000 2063 2156 2169 2219 2286 2367 2389 2479 2512 2570 2617 2650 2738 2777 2853 2863 2956 2990
7 25 55 113 197 228 271 353 420 463 500 584 633 675 743 759 853 879 922 984 1051 1128 1180 1221 1278 1334 1401 1433 1499 1532 1577 1640 1697 1738 1831 1850 1935 1994 2026 2056 2141 2184 2267 2276 2369 2408 2448 2484 2545 2625 2655 2715 2775 2832 2900 2934 3023
7 25 55 145 163 229 305 358 427 460 495 584 622 678 706 803 858 914 959 1011 1066 1123 1137 1211 1263 1307 1369 1443 1484 1548 1577 1668 1697 1744 1825 1849 1911 1961 2026 2058 2136 2192 2223 2286 2341 2400 2481 2484 2543 2606 2699 2733 2800 2843 2868 2924 3023
7 25 56 140 215 236 279 331 386 432 521 569 610 681 708 805 856 914 931 1015 1057 1123 1136 1211 1256 1311 1369 1427 1469 1526 1592 1648 1714 1740 1821 1877 1911 1974 2045 2104 2150 2200 2263 2286 2367 2400 2434 2513 2589 2629 2647 2738 2774 2840 2866 2951 2976
7 25 60 150 177 229 300 368 415 446 504 574 623 683 706 774 858 914 971 999 1069 1120 1145 1194 1264 1308 1396 1443 1511 1561 1569 1653 1692 1729 1820 1848 1910 1952 2037 2053 2135 2192 2214 2291 2332 2381 2481 2493 2562 2620 2689 2748 2788 2855 2885 2933 2995
7 25 60 160 208 257 321 368 425 466 487 557 610 668 726 762 843 872 920 977 1049 1089 1179 1207 1264 1327 1366 1427 1501 1561 1592 1669 1709 1747 1811 1836 1925 1994 2037 2105 2135 2173 2226 2308 2363 2403 2461 2493 2542 2630 2660 2737 2769 2819 2906 2947 2973
7 25 62 135 177 261 316 358 421 485 504 584 623 650 736 756 842 872 933 982 1062 1092 1146 1229 1267 1336 1380 1421 1506 1515 1616 1625 1704 1729 1806 1847 1914 1994 2037 2088 2123 2208 2233 2291 2349 2409 2481 2491 2558 2635 2652 2752 2758 2822 2900 2956 2991
7 25 62 154 199 218 297 331 421 442 489 568 610 693 729 805 830 898 923 1014 1077 1115 1166 1198 1243 1309 1397 1434 1489 1531 1616 1635 1719 1753 1806 1889 1908 1962 2005 2064 2156 2160 2239 2291 2356 2388 2467 2524 2570 2644 2650 2743 2760 2850 2877 2956 2991
7 25 64 139 186 252 316 358 427 452 516 579 616 658 727 792 844 914 969 1016 1073 1118 1140 1195 1270 1300 1370 1448 1462 1525 1568 1661 1704 1741 1825 1852 1898 1975 2032 2075 2122 2198 2236 2276 2340 2377 2472 2499 2550 2592 2699 2727 2800 2858 2865 2934 3023
4 25 64 149 209 224 274 353 405 453 499 579 602 701 740 761 835 898 952 1008 1072 1131 1177 1189 1273 1301 1381 1422 1483 1524 1618 1644 1704 1756 1782 1881 1905 1961 2013 2070 2156 2167 2224 2312 2334 2424 2432 2518 2579 2641 2667 2743 2791 2847 2881 2939 2972
7 25 64 155 203 237 288 339 378 440 516 568 602 693 725 805 828 914 930 1010 1057 1120 1141 1194 1256 1297 1396 1422 1461 1539 1618 1659 1714 1741 1810 1889 1910 1975 2032 2077 2141 2203 2251 2291 2356 2381 2454 2499 2589 2641 2662 2743 2764 2845 2866 2961 2972
4 25 65 127 196 229 322 331 396 446 528 556 622 673 706 793 861 903 957 1014 1046 1100 1166 1211 1282 1298 1399 1454 1489 1558 1614 1631 1692 1773 1792 1843 1933 1989 2051 2064 2136 2192 2239 2291 2360 2385 2478 2489 2538 2620 2674 2703 2770 2809 2868 2951 3006
7 25 65 138 211 243 318 331 381 447 531 557 628 691 702 779 821 908 931 981 1032 1117 1135 1224 1282 1327 1383 1427 1478 1558 1602 1672 1691 1770 1811 1861 1915 1984 2051 2090 2136 2162 2221 2318 2343 2418 2482 2489 2542 2601 2660 2719 2769 2842 2882 2946 3018
7 25 65 157 193 231 289 363 406 459 526 556 628 672 753 798 849 893 939 1005 1059 1083 1136 1219 1287 1332 1356 1427 1511 1554 1602 1620 1692 1774 1785 1879 1903 1952 2003 2062 2150 2161 2229 2298 2335 2399 2449 2537 2576 2601 2672 2719 2761 2817 2911 2967 3018
7 25 65 160 167 241 288 363 396 439 532 557 644 661 739 788 810 872 929 995 1074 1092 1143 1229 1287 1297 1380 1433 1508 1554 1614 1659 1691 1768 1792 1851 1914 1975 2003 2073 2150 2197 2257 2291 2326 2409 2450 2537 2589 2595 2662 2728 2781 2810 2896 2951 3006
4 25 66 141 202 218 290 363 425 484 508 557 610 678 729 775 847 893 959 977 1027 1098 1176 1198 1293 1304 1393 1438 1504 1560 1581 1670 1697 1734 1785 1849 1925 1974 2002 2105 2156 2160 2226 2312 2368 2400 2450 2517 2577 2602 2653 2733 2779 2847 2877 2924 2998
7 25 67 127 204 239 270 353 425 438 488 556 611 696 745 790 819 903 919 1025 1067 1089 1174 1207 1255 1332 1376 1427 1505 1542 1580 1641 1709 1780 1785 1887 1925 1974 2009 2056 2156 2182 2226 2276 2367 2392 2479 2518 2576 2596 2672 2732 2761 2848 2886 2961 2998
7 25 67 132 162 267 312 374 381 480 538 556 616 654 703 797 820 892 961 1009 1072 1088 1167 1226 1273 1349 1399 1422 1500 1524 1580 1666 1709 1730 1829 1860 1896 1984 2009 2089 2136 2176 2240 2312 2342 2397 2457 2518 2543 2624 2658 2704 2790 2827 2881 2924 2998
7 25 68 111 168 268 300 368 414 442 504 568 644 684 744 794 831 893 924 975 1059 1084 1149 1241 1290 1308 1396 1421 1472 1543 1594 1653 1692 1766 1801 1857 1901 1967 1999 2080 2141 2209 2261 2276 2347 2417 2438 2535 2580 2594 2671 2700 2798 2832 2908 2956 2979
4 25 68 114 165 226 315 345 396 484 534 557 644 668 735 797 838 898 943 995 1072 1121 1183 1201 1262 1349 1383 1421 1467 1550 1594 1663 1704 1759 1818 1873 1914 1989 2049 2073 2136 2175 2257 2308 2328 2414 2443 2485 2543 2594 2658 2700 2802 2811 2893 2924 2979
7 25 74 128 174 261 305 358 416 485 503 579 610 659 750 770 848 880 918 1003 1040 1095 1139 1239 1246 1343 1360 1434 1499 1518 1616 1632 1697 1752 1789 1838 1891 1994 2041 2098 2113 2194 2234 2298 2355 2403 2472 2508 2566 2635 2649 2752 2779 2846 2894 2961 2978
7 25 76 146 203 230 305 345 398 460 503 548 622 696 713 802 841 914 919 1010 1068 1106 1137 1190 1291 1307 1360 1434 1465 1521 1570 1668 1709 1752 1823 1887 1890 1962 2041 2077 2145 2193 2251 2285 2356 2392 2442 2506 2591 2605 2651 2732 2801 2828 2914 2961 2975
4 25 76 149 200 244 322 340 418 446 535 574 622 699 749 771 835 903 952 991 1036 1133 1166 1200 1261 1298 1392 1434 1471 1536 1570 1631 1682 1737 1803 1884 1895 1967 2020 2083 2156 2163 2260 2312 2323 2421 2436 2529 2565 2605 2646 2732 2791 2847 2898 2933 2975
4 25 78 134 174 237 315 352 406 481 519 556 628 667 725 803 828 914 934 1005 1066 1111 1186 1192 1263 1349 1398 1422 1460 1512 1573 1663 1697 1769 1829 1837 1903 1989 2036 2062 2113 2203 2229 2308 2353 2427 2454 2522 2543 2600 2658 2739 2790 2818 2868 2947 2973
4 25 78 156 164 251 310 374 386 443 505 556 623 662 720 789 825 872 950 1024 1039 1102 1187 1231 1283 1342 1356 1443 1504 1545 1569 1625 1697 1728 1821 1850 1911 1974 2035 2094 2150 2170 2263 2303 2333 2380 2457 2523 2569 2639 2666 2728 2755 2859 2886 2934 2976
7 25 80 113 195 263 312 358 379 443 538 556 633 672 705 798 824 908 941 1003 1063 1088 1139 1195 1278 1341 1399 1412 1499 1532 1576 1673 1724 1739 1833 1879 1928 1967 2000 2098 2136 2188 2234 2298 2335 2397 2444 2484 2572 2628 2694 2719 2786 2812 2887 2934 2985
7 25 80 145 176 235 319 353 414 471 538 590 622 679 748 760 823 908 952 1000 1032 1133 1141 1193 1263 1317 1392 1422 1484 1548 1582 1629 1691 1739 1801 1884 1901 1967 2000 2054 2141 2191 2261 2308 2336 2421 2463 2484 2561 2593 2691 2751 2778 2851 2903 2924 2979
7 25 81 144 215 247 287 353 410 444 521 548 610 700 721 806 851 892 918 1017 1035 1095 1175 1189 1249 1339 1360 1438 1496 1537 1581 1645 1719 1740 1786 1838 1941 1994 2045 2086 2145 2206 2262 2286 2364 2403 2434 2487 2559 2625 2670 2711 2760 2829 2901 2939 2983
7 25 84 161 168 259 284 352 392 450 487 584 602 685 725 793 859 903 963 975 1046 1111 1169 1192 1282 1322 1401 1427 1470 1517 1579 1630 1692 1766 1793 1870 1903 1961 2018 2099 2141 2182 2243 2318 2347 2424 2438 2531 2538 2616 2648 2742 2806 2852 2868 2947 3003
4 25 85 110 205 258 310 345 393 485 492 579 602 689 754 769 819 893 943 990 1058 1080 1146 1190 1257 1342 1371 1421 1506 1539 1615 1625 1724 1751 1783 1874 1917 1974 2002 2088 2123 2209 2224 2303 2346 2413 2451 2498 2569 2638 2666 2734 2793 2815 2873 2961 3022
7 25 85 155 182 235 290 345 412 471 508 590 638 674 733 758 815 892 954 1009 1037 1103 1141 1201 1257 1345 1393 1438 1461 1539 1617 1629 1714 1734 1827 1846 1931 1975 2002 2077 2123 2206 2252 2285 2322 2394 2471 2498 2590 2593 2690 2716 2807 2820 2895 2924 3019
4 25 86 111 204 254 296 339 419 433 488 569 611 653 709 768 831 892 924 1017 1073 1116 1185 1212 1270 1305 1350 1448 1490 1525 1597 1636 1724 1780 1807 1876 1927 1984 2009 2100 2141 2169 2249 2276 2375 2396 2479 2499 2574 2611 2665 2747 2798 2832 2865 2939 2982
7 25 89 149 164 256 271 353 406 478 500 574 610 690 708 806 847 903 952 983 1047 1111 1164 1192 1285 1334 1401 1422 1471 1536 1578 1640 1697 1755 1785 1881 1903 1952 2008 2085 2150 2181 2229 2318 2374 2424 2430 2503 2547 2597 2653 2753 2779 2847 2885 2946 3018
7 25 90 135 186 262 315 345 405 437 519 548 633 671 721 777 843 908 932 990 1035 1131 1146 1189 1249 1338 1398 1422 1506 1515 1587 1673 1704 1769 1784 1840 1905 1994 2036 2088 2122 2191 2224 2303 2365 2408 2442 2510 2587 2633 2698 2706 2765 2823 2901 2947 2970
7 25 90 153 200 239 297 368 405 436 489 568 611 694 745 787 859 885 971 973 1039 1115 1165 1207 1283 1310 1397 1443 1507 1545 1587 1634 1682 1735 1784 1841 1899 1961 2024 2103 2156 2182 2230 2303 2341 2388 2438 2523 2571 2598 2657 2741 2806 2852 2886 2947 2970
4 25 91 134 170 247 297 331 423 465 489 590 628 691 748 779 811 879 928 1021 1032 1091 1145 1193 1263 1309 1397 1443 1460 1512 1608 1635 1719 1735 1830 1855 1943 1967 2024 2104 2135 2180 2256 2286 2343 2412 2469 2522 2542 2604 2679 2724 2805 2824 2903 2947 3004
4 25 92 135 204 243 313 340 424 441 506 548 623 696 702 790 821 908 932 1025 1063 1085 1169 1209 1267 1319 1373 1427 1506 1515 1567 1639 1724 1777 1814 1869 1930 1974 2007 2063 2141 2162 2219 2285 2367 2380 2482 2491 2580 2607 2659 2751 2787 2823 2899 2956 2989
7 25 92 144 205 248 312 358 409 480 535 548 616 658 715 792 816 892 918 996 1073 1090 1167 1203 1245 1349 1402 1434 1496 1537 1567 1666 1724 1749 1828 1864 1923 1989 2007 2093 2123 2164 2227 2308 2340 2378 2453 2491 2550 2643 2651 2716 2795 2829 2890 2933 2989
4 25 94 134 175 261 290 363 409 474 508 590 623 695 736 759 861 879 928 987 1051 1103 1186 1229 1278 1304 1393 1412 1460 1512 1571 1670 1697 1732 1802 1872 1902 1989 2004 2062 2123 2208 2248 2298 2350 2394 2462 2505 2545 2645 2686 2712 2755 2824 2900 2951 3017
4 25 96 108 200 263 313 340 426 468 506 574 638 694 730 787 835 893 938 973 1058 1083 1144 1202 1253 1319 1373 1443 1485 1514 1619 1639 1724 1737 1816 1876 1922 1961 2047 2067 2113 2163 2265 2298 2341 2382 2436 2536 2551 2603 2689 2705 2792 2846 2876 2939 3016
7 25 100 132 168 258 321 368 398 477 487 568 602 695 754 784 831 879 936 997 1041 1106 1167 1190 1275 1327 1366 1434 1500 1524 1571 1669 1709 1766 1788 1872 1890 1984 2018 2089 2123 2209 2251 2318 2325 2386 2438 2516 2552 2645 2650 2712 2777 2853 2873 2939 3011
7 25 100 159 172 263 293 339 398 468 498 574 623 690 705 806 824 908 966 974 1035 1117 1144 1212 1280 1339 1391 1412 1474 1513 1571 1639 1704 1760 1788 1881 1926 1962 2030 2079 2145 2188 2214 2318 2374 2410 2444 2504 2559 2603 2670 2753 2758 2841 2869 2939 3011
4 25 101 146 172 240 274 353 431 475 499 590 628 674 743 756 841 872 919 1024 1062 1128 1155 1221 1267 1301 1381 1427 1467 1519 1602 1644 1704 1743 1787 1852 1935 1989 2027 2101 2145 2173 2256 2285 2324 2427 2463 2487 2558 2610 2688 2710 2801 2828 2900 2934 2981
4 25 102 112 187 243 293 352 391 441 527 548 638 686 704 765 830 893 964 975 1075 1112 1169 1199 1284 1339 1363 1438 1470 1565 1617 1639 1691 1765 1786 1856 1904 1962 2033 2099 2128 2160 2243 2318 2329 2407 2467 2530 2559 2607 2670 2701 2760 2850 2914 2956 3002
7 25 102 119 174 239 306 352 379 438 523 556 633 662 723 767 828 880 965 1003 1078 1086 1174 1197 1284 1296 1374 1454 1463 1565 1598 1641 1682 1769 1798 1865 1928 1975 2033 2098 2128 2203 2234 2303 2355 2379 2454 2530 2540 2596 2674 2714 2764 2845 2912 2961 3022
7 25 102 120 173 221 319 353 393 455 528 548 633 675 722 759 856 885 951 1008 1051 1082 1177 1188 1279 1304 1402 1454 1483 1553 1598 1642 1691 1781 1783 1851 1917 1974 2043 2070 2123 2200 2224 2312 2369 2387 2434 2519 2545 2596 2686 2714 2774 2840 2899 2951 3022
4 25 103 141 189 221 283 358 416 436 496 569 616 666 742 792 847 880 959 988 1038 1110 1165 1234 1295 1323 1382 1443 1507 1557 1588 1634 1691 1730 1789 1861 1909 1952 2050 2103 2156 2181 2215 2312 2332 2389 2430 2528 2585 2615 2649 2744 2779 2847 2867 2946 2978
7 25 105 114 164 221 287 353 423 455 495 574 644 662 742 789 847 880 921 1024 1056 1091 1155 1193 1262 1319 1385 1443 1467 1550 1598 1664 1719 1755 1816 1865 1943 1974 2014 2101 2128 2181 2256 2285 2333 2423 2430 2485 2551 2596 2689 2714 2792 2834 2909 2924 3019
7 25 105 126 208 230 276 340 423 460 524 584 633 654 713 776 823 893 961 977 1026 1129 1181 1240 1269 1320 1359 1454 1494 1522 1598 1623 1709 1747 1816 1860 1932 1967 1999 2063 2135 2193 2267 2285 2363 2397 2461 2500 2575 2605 2685 2704 2796 2833 2864 2924 3019
7 25 105 154 180 244 272 345 412 446 512 574 633 671 705 777 822 892 958 996 1035 1116 1166 1212 1280 1348 1350 1454 1489 1531 1598 1631 1719 1738 1827 1842 1927 1962 2014 2064 2136 2207 2255 2276 2365 2396 2466 2485 2587 2605 2690 2704 2807 2813 2869 2933 3019
7 25 106 156 168 247 313 374 378 444 506 548 622 675 748 804 811 879 950 997 1038 1085 1175 1228 1295 1314 1373 1443 1492 1557 1577 1645 1692 1737 1810 1850 1910 1975 2047 2089 2141 2180 2251 2312 2325 2380 2469 2528 2574 2625 2656 2715 2770 2859 2867 2939 2972
7 25 107 126 182 248 288 339 430 483 532 584 616 685 715 781 833 893 942 972 1029 1112 1150 1203 1289 1334 1380 1433 1468 1547 1612 1621 1714 1768 1831 1877 1900 1952 2003 2079 2123 2164 2216 2318 2359 2389 2435 2496 2545 2640 2655 2734 2775 2853 2890 2951 3013
7 25 107 128 180 267 297 331 427 464 533 579 616 689 703 769 837 880 955 1016 1056 1086 1138 1226 1288 1310 1353 1433 1464 1552 1612 1634 1719 1763 1834 1874 1898 1961 2010 2075 2136 2176 2236 2303 2346 2401 2439 2489 2571 2640 2657 2734 2756 2808 2881 2967 3013
4 25 107 138 171 237 273 353 426 440 533 584 628 650 725 756 834 880 951 988 1046 1093 1172 1192 1282 1320 1377 1454 1478 1558 1609 1627 1714 1763 1816 1847 1922 1961 2010 2052 2113 2203 2265 2291 2349 2391 2448 2489 2575 2641 2685 2752 2796 2821 2868 2946 3016
7 26 54 140 201 228 298 360 403 477 495 592 629 669 707 759 829 914 925 1011 1068 1127 1180 1221 1272 1307 1368 1405 1508 1546 1589 1664 1685 1744 1823 1850 1921 1961 2025 2093 2126 2192 2267 2287 2370 2400 2437 2486 2542 2598 2655 2738 2782 2832 2876 2968 3015
4 26 55 113 201 239 286 376 420 439 495 576 629 689 730 809 842 879 963 1020 1051 1091 1148 1197 1286 1343 1378 1455 1496 1534 1601 1645 1695 1744 1797 1882 1894 1994 2025 2073 2116 2180 2217 2287 2361 2419 2437 2484 2569 2625 2681 2749 2759 2821 2903 2917 3000
7 26 55 125 202 257 275 339 420 478 507 560 645 671 740 775 841 916 942 981 1034 1100 1177 1236 1258 1308 1387 1439 1487 1522 1601 1666 1711 1772 1797 1843 1893 1955 1998 2063 2156 2213 2218 2287 2350 2390 2455 2511 2570 2641 2651 2733 2788 2857 2902 2917 3000
7 26 55 136 199 220 294 339 411 466 530 576 595 651 734 805 855 874 930 986 1065 1107 1181 1208 1258 1349 1390 1423 1476 1522 1596 1651 1695 1750 1831 1840 1913 1996 1998 2076 2156 2173 2221 2304 2343 2385 2435 2511 2577 2606 2689 2743 2801 2853 2870 2968 3005
4 26 55 145 191 249 277 376 427 437 500 560 595 652 733 765 834 914 939 1016 1066 1118 1147 1241 1286 1315 1389 1423 1464 1534 1596 1652 1711 1738 1815 1839 1931 1961 2025 2097 2116 2207 2260 2319 2334 2424 2447 2484 2566 2606 2670 2743 2761 2822 2887 2952 3005
7 26 56 115 184 259 293 339 408 461 499 576 614 688 748 781 823 916 937 972 1079 1112 1144 1237 1280 1343 1357 1455 1474 1551 1570 1638 1710 1765 1797 1865 1924 1963 2020 2078 2107 2205 2216 2318 2366 2399 2435 2532 2569 2603 2681 2709 2759 2841 2904 2927 3013
7 26 56 132 203 256 277 376 408 460 525 575 645 691 746 802 841 879 935 1021 1032 1105 1157 1188 1279 1327 1366 1425 1465 1525 1570 1640 1711 1766 1797 1866 1892 1945 2046 2085 2124 2185 2250 2318 2368 2386 2483 2506 2551 2600 2651 2712 2788 2857 2884 2927 3013
7 26 57 152 208 220 286 376 426 466 514 591 644 682 734 789 816 881 918 1014 1049 1095 1164 1196 1270 1319 1360 1415 1484 1552 1609 1668 1695 1771 1804 1838 1929 1961 2010 2105 2107 2173 2253 2304 2371 2402 2475 2493 2545 2606 2660 2730 2792 2831 2881 2953 2973
4 26 57 153 185 255 294 339 408 471 526 591 629 661 717 780 842 916 924 1005 1044 1080 1175 1213 1271 1326 1394 1440 1505 1555 1569 1673 1695 1756 1797 1874 1892 1945 2007 2101 2124 2168 2250 2279 2329 2398 2449 2496 2585 2640 2681 2721 2759 2821 2872 2967 3013
7 26 58 151 201 218 292 341 409 467 504 575 646 651 702 777 820 914 930 1011 1063 1120 1183 1232 1248 1302 1377 1421 1505 1557 1581 1653 1695 1736 1829 1840 1915 1945 2031 2093 2116 2186 2267 2305 2370 2385 2445 2497 2552 2622 2671 2743 2772 2838 2884 2968 3004
7 26 60 130 196 257 298 333 397 478 502 541 644 677 740 799 835 899 918 977 1029 1095 1179 1227 1264 1307 1360 1456 1464 1549 1599 1664 1711 1775 1811 1838 1897 1961 2023 2064 2157 2213 2247 2287 2337 2402 2461 2498 2542 2641 2655 2735 2795 2854 2911 2937 2993
7 26 60 136 210 246 291 359 397 434 523 576 646 689 716 809 814 874 961 1012 1056 1092 1160 1193 1289 1340 1356 1454 1468 1529 1599 1620 1675 1749 1811 1882 1922 1995 2012 2067 2122 2202 2222 2287 2361 2421 2432 2509 2563 2627 2688 2749 2763 2820 2896 2937 2993
7 26 60 156 191 218 303 375 406 462 533 541 646 694 702 802 825 879 957 984 1032 1104 1176 1232 1279 1300 1380 1454 1461 1533 1599 1635 1711 1746 1802 1877 1930 1980 2023 2055 2116 2186 2223 2289 2365 2429 2439 2498 2551 2627 2679 2749 2762 2849 2884 2935 2993
4 26 61 110 179 261 270 333 401 438 511 576 595 681 748 787 822 899 960 996 1079 1114 1171 1237 1280 1340 1352 1454 1480 1560 1598 1643 1726 1738 1811 1851 1923 1963 2014 2065 2126 2203 2221 2319 2369 2406 2459 2525 2563 2604 2688 2705 2763 2812 2904 2933 2989
7 26 62 129 171 247 316 343 397 485 529 592 630 648 736 758 834 881 956 988 1055 1092 1172 1193 1284 1345 1395 1454 1507 1515 1607 1662 1675 1757 1806 1859 1922 1961 2010 2091 2157 2207 2222 2279 2348 2382 2447 2488 2573 2617 2680 2745 2761 2822 2876 2952 2998
7 26 63 111 168 238 300 333 385 476 533 591 610 682 708 806 831 883 960 995 1072 1084 1174 1201 1285 1349 1383 1454 1467 1523 1593 1646 1675 1752 1822 1867 1922 1996 2016 2080 2143 2198 2234 2304 2355 2391 2443 2514 2580 2592 2686 2702 2803 2811 2908 2935 2985
4 26 63 114 165 260 315 376 417 454 529 541 610 677 727 770 838 900 951 975 1059 1121 1171 1241 1289 1308 1396 1454 1472 1536 1593 1626 1725 1740 1790 1871 1928 1955 2028 2073 2126 2200 2262 2287 2364 2425 2438 2502 2543 2592 2679 2702 2774 2832 2893 2952 2985
4 26 63 116 196 254 282 333 380 480 509 541 612 679 743 769 835 916 946 987 1071 1112 1137 1237 1285 1333 1357 1439 1462 1523 1582 1642 1725 1775 1782 1856 1924 1965 2016 2094 2143 2213 2245 2318 2327 2399 2461 2514 2544 2632 2669 2708 2799 2850 2909 2933 2996
7 26 65 129 187 242 288 375 424 447 513 558 630 695 704 790 832 916 932 1025 1041 1112 1173 1222 1284 1327 1373 1415 1507 1515 1595 1628 1691 1768 1827 1861 1939 1945 2007 2090 2126 2160 2255 2318 2353 2383 2474 2488 2543 2601 2659 2718 2760 2847 2892 2952 3014
4 26 65 156 185 228 314 375 395 438 526 556 629 697 707 791 818 865 957 979 1055 1110 1171 1221 1284 1296 1374 1454 1480 1515 1610 1643 1693 1756 1792 1877 1937 1996 2007 2065 2126 2192 2239 2279 2355 2429 2449 2488 2540 2638 2673 2747 2770 2849 2876 2953 2999
7 26 66 142 191 255 300 325 384 471 533 591 646 652 710 765 836 899 948 1016 1054 1084 1175 1219 1265 1320 1383 1423 1508 1544 1588 1673 1685 1746 1805 1878 1902 1961 2023 2098 2143 2176 2259 2289 2334 2391 2439 2491 2579 2640 2692 2703 2754 2810 2881 2967 3008
4 26 70 108 165 239 316 325 412 465 529 592 610 669 721 805 851 874 940 1015 1065 1092 1168 1219 1258 1337 1395 1439 1460 1538 1591 1670 1695 1740 1814 1874 1895 1981 2028 2082 2157 2188 2229 2287 2325 2382 2438 2494 2577 2599 2699 2714 2779 2854 2870 2967 3018
7 26 70 115 208 253 274 375 409 453 497 592 629 680 724 791 823 900 937 1014 1028 1120 1182 1232 1268 1338 1359 1421 1498 1527 1591 1623 1695 1771 1816 1860 1915 1955 2028 2090 2107 2166 2267 2318 2371 2404 2475 2494 2568 2605 2661 2707 2759 2841 2862 2935 3018
7 26 72 121 173 230 294 343 393 466 526 591 595 693 732 803 813 874 956 1001 1075 1080 1181 1190 1275 1349 1394 1454 1483 1519 1598 1651 1691 1737 1822 1842 1916 1980 2027 2069 2124 2202 2224 2320 2365 2398 2433 2508 2580 2597 2686 2713 2803 2830 2897 2953 2977
7 26 74 115 173 260 299 325 402 432 528 592 614 693 727 803 838 900 950 1001 1067 1113 1160 1218 1280 1330 1365 1454 1474 1551 1604 1622 1693 1732 1789 1849 1937 1980 2001 2061 2122 2200 2232 2319 2365 2381 2438 2532 2587 2614 2680 2706 2777 2828 2915 2927 2983
4 26 74 116 203 263 284 359 384 449 525 592 645 680 736 791 835 865 946 1018 1055 1111 1162 1193 1284 1321 1358 1415 1470 1516 1580 1630 1693 1766 1805 1860 1902 1961 2046 2095 2143 2191 2259 2318 2371 2395 2483 2487 2540 2616 2646 2707 2799 2850 2876 2937 3008
7 26 74 137 215 261 277 360 402 444 525 558 644 692 745 797 859 865 920 1003 1035 1089 1139 1216 1246 1315 1366 1425 1473 1554 1604 1652 1726 1766 1789 1836 1907 1961 2046 2086 2142 2206 2261 2319 2347 2402 2472 2487 2566 2598 2670 2722 2787 2844 2874 2927 2983
7 26 76 112 173 237 314 375 427 470 526 560 595 665 750 766 852 899 952 1016 1042 1133 1140 1226 1250 1296 1374 1440 1471 1543 1573 1643 1693 1737 1817 1883 1931 1955 2027 2097 2122 2163 2260 2320 2351 2407 2433 2504 2564 2605 2648 2724 2784 2823 2902 2967 3003
4 26 77 135 167 242 318 325 412 447 506 575 614 691 704 803 854 874 927 985 1075 1122 1142 1217 1275 1334 1353 1456 1478 1535 1584 1660 1691 1765 1814 1848 1904 1995 2012 2084 2143 2160 2219 2318 2367 2380 2452 2491 2580 2601 2699 2729 2779 2850 2897 2935 3018
7 26 77 142 210 227 275 360 409 475 523 575 646 663 711 764 852 915 920 1011 1045 1124 1180 1228 1265 1308 1372 1425 1508 1544 1584 1666 1691 1749 1816 1863 1915 1955 2012 2093 2107 2164 2267 2287 2362 2376 2432 2491 2570 2621 2651 2710 2769 2839 2890 2967 3018
7 26 78 119 164 255 307 374 412 480 507 556 646 697 710 789 820 881 961 1002 1049 1092 1137 1219 1270 1309 1356 1439 1462 1521 1619 1642 1695 1728 1829 1882 1895 1995 2042 2094 2143 2176 2229 2279 2357 2421 2456 2526 2545 2631 2671 2742 2772 2838 2881 2917 3001
7 26 78 127 199 262 272 360 425 481 486 556 629 696 745 759 823 915 926 986 1030 1089 1166 1216 1251 1325 1375 1456 1482 1539 1619 1655 1695 1750 1816 1875 1907 1963 2042 2058 2156 2205 2239 2269 2343 2392 2435 2526 2581 2634 2661 2739 2759 2841 2874 2927 3001
7 26 79 122 199 259 310 360 417 443 530 556 595 672 748 763 823 916 952 993 1058 1133 1138 1229 1276 1323 1374 1455 1501 1541 1576 1629 1724 1750 1790 1883 1928 1955 1998 2054 2126 2205 2262 2304 2336 2407 2435 2486 2561 2621 2666 2718 2786 2813 2912 2935 2985
4 26 79 145 176 227 319 333 385 475 520 590 595 695 711 787 813 883 932 977 1051 1102 1179 1215 1286 1337 1382 1455 1464 1534 1576 1667 1691 1758 1822 1861 1909 1981 2000 2064 2158 2164 2247 2287 2356 2383 2473 2484 2591 2621 2686 2718 2803 2830 2903 2952 2985
7 26 81 112 175 245 319 339 422 475 518 575 595 651 712 805 857 883 933 1010 1065 1082 1179 1213 1250 1337 1384 1456 1471 1543 1575 1667 1685 1735 1808 1878 1890 1963 2022 2057 2157 2178 2237 2305 2343 2406 2454 2504 2577 2603 2699 2704 2785 2843 2877 2967 3011
7 26 81 121 166 259 284 341 403 461 494 550 595 690 748 786 816 915 939 1006 1060 1118 1152 1229 1275 1321 1389 1456 1483 1519 1575 1630 1710 1759 1826 1839 1943 1961 2018 2099 2126 2205 2246 2318 2337 2424 2442 2508 2540 2603 2646 2704 2776 2847 2912 2953 3011
4 26 81 132 201 216 281 341 382 454 517 575 630 701 704 798 820 879 965 1020 1075 1094 1171 1217 1275 1341 1355 1454 1472 1519 1607 1626 1685 1736 1794 1868 1932 1995 2018 2073 2126 2186 2217 2320 2361 2410 2445 2508 2584 2637 2691 2725 2783 2826 2897 2917 2978
4 26 82 108 168 219 303 375 424 474 533 550 610 675 750 775 848 916 962 1005 1034 1133 1163 1226 1258 1300 1380 1423 1460 1538 1578 1635 1711 1752 1827 1876 1931 1965 2016 2087 2107 2182 2263 2304 2345 2401 2443 2494 2570 2596 2659 2709 2760 2831 2902 2967 3014
7 26 83 116 174 231 317 374 427 441 519 541 614 670 741 794 829 916 958 1017 1047 1133 1162 1226 1245 1319 1380 1440 1470 1516 1568 1638 1693 1733 1815 1880 1931 1961 2013 2095 2116 2168 2260 2304 2328 2401 2462 2528 2552 2618 2653 2700 2777 2837 2911 2968 3005
4 26 83 129 194 262 300 333 404 473 519 558 629 671 745 784 816 916 932 980 1035 1097 1172 1216 1246 1320 1397 1455 1507 1515 1601 1673 1675 1733 1782 1843 1899 1961 2013 2091 2156 2205 2230 2289 2341 2400 2442 2528 2579 2641 2692 2733 2776 2847 2874 2953 2972
7 26 84 120 168 264 279 375 418 472 502 550 629 697 705 791 848 881 963 995 1055 1091 1142 1192 1257 1321 1378 1456 1490 1517 1619 1636 1675 1752 1826 1882 1898 1994 2045 2071 2143 2182 2243 2285 2355 2419 2443 2519 2540 2631 2646 2742 2776 2814 2905 2937 2995
4 26 86 133 215 237 315 375 406 470 532 590 630 695 705 790 850 879 928 997 1041 1091 1156 1192 1272 1308 1393 1405 1458 1514 1573 1626 1726 1769 1802 1854 1898 1955 2047 2096 2142 2208 2254 2287 2353 2405 2469 2520 2543 2605 2679 2724 2762 2824 2905 2937 2993
4 26 86 153 204 263 295 339 406 449 488 592 595 669 733 805 815 915 924 976 1064 1124 1162 1212 1283 1311 1350 1440 1502 1558 1573 1630 1724 1758 1802 1874 1930 1980 2034 2063 2116 2194 2223 2287 2325 2398 2444 2533 2578 2616 2654 2714 2786 2821 2915 2937 2993
7 26 88 135 200 249 315 376 404 437 532 575 612 651 749 777 835 874 927 1012 1040 1108 1165 1206 1249 1301 1393 1405 1478 1535 1596 1633 1725 1769 1782 1840 1899 1961 2047 2059 2156 2191 2230 2305 2370 2388 2483 2518 2576 2606 2669 2743 2799 2850 2886 2937 2972
7 26 88 161 175 225 288 339 420 447 508 575 630 670 731 762 857 916 943 993 1071 1088 1173 1200 1288 1327 1377 1425 1497 1553 1568 1628 1725 1735 1797 1880 1894 1994 2032 2100 2116 2178 2217 2269 2360 2417 2454 2533 2551 2618 2651 2700 2788 2840 2906 2935 3000
4 26 91 148 166 255 316 325 402 471 531 590 612 690 717 786 829 900 927 1006 1028 1108 1187 1198 1242 1345 1393 1456 1484 1556 1588 1662 1695 1741 1789 1840 1907 1961 2004 2083 2142 2168 2261 2279 2337 2388 2462 2507 2573 2640 2680 2703 2777 2837 2888 2968 2983
7 26 92 153 202 242 317 341 381 441 516 591 614 667 704 779 832 916 931 981 1058 1094 1162 1217 1291 1319 1383 1415 1502 1558 1606 1638 1724 1753 1804 1869 1932 1980 2051 2063 2143 2160 2218 2285 2350 2381 2474 2527 2545 2607 2660 2708 2792 2814 2897 2917 3019
4 26 93 108 166 262 292 341 381 481 504 550 644 678 745 804 816 916 962 987 1044 1088 1168 1200 1252 1302 1377 1455 1460 1538 1605 1653 1695 1759 1804 1862 1894 1981 2006 2082 2142 2205 2256 2269 2356 2417 2442 2500 2562 2634 2660 2753 2792 2831 2891 2933 3019
7 26 93 125 174 258 297 359 419 436 504 560 595 685 732 778 844 916 942 1017 1026 1112 1146 1222 1268 1336 1373 1421 1487 1522 1615 1629 1685 1759 1835 1850 1939 1981 2006 2095 2124 2175 2260 2318 2328 2383 2434 2500 2583 2595 2672 2721 2785 2857 2864 2968 3009
7 26 93 131 191 247 270 376 381 457 511 560 645 694 736 802 834 881 951 984 1039 1109 1174 1203 1274 1318 1352 1454 1486 1531 1605 1665 1685 1738 1804 1885 1932 1980 2014 2060 2143 2207 2218 2269 2365 2411 2447 2492 2544 2645 2685 2742 2768 2815 2867 2933 3019
4 26 93 135 164 253 286 376 419 445 495 550 610 690 708 770 854 899 927 1007 1031 1123 1141 1233 1274 1343 1378 1405 1482 1531 1615 1645 1695 1754 1835 1840 1936 1963 2014 2085 2143 2183 2263 2318 2352 2388 2430 2492 2572 2613 2678 2703 2779 2850 2875 2968 3009
7 26 94 155 167 219 272 343 397 474 486 590 595 691 750 803 824 881 935 985 1067 1095 1149 1227 1295 1330 1375 1456 1492 1542 1575 1650 1711 1750 1806 1866 1897 1995 2042 2056 2122 2182 2247 2304 2367 2386 2468 2510 2587 2596 2680 2712 2761 2833 2901 2927 2998
7 26 96 140 193 245 281 341 426 475 491 590 645 688 712 801 834 916 941 1025 1026 1087 1180 1204 1244 1301 1381 1425 1508 1546 1570 1666 1685 1761 1804 1865 1929 1961 2013 2093 2107 2178 2253 2305 2347 2395 2477 2515 2560 2603 2685 2709 2768 2815 2888 2952 2973
7 26 97 139 215 219 304 375 395 474 535 590 612 688 723 801 850 865 937 1003 1048 1086 1149 1202 1248 1298 1382 1421 1463 1524 1578 1650 1710 1769 1792 1865 1914 1965 2044 2086 2158 2208 2261 2305 2347 2399 2469 2530 2538 2596 2673 2709 2770 2816 2900 2927 2999
7 26 97 142 199 256 301 325 395 460 498 575 610 651 727 805 810 915 948 986 1064 1113 1157 1218 1283 1303 1355 1423 1491 1561 1578 1640 1724 1734 1792 1878 1937 1996 2043 2058 2126 2204 2239 2305 2343 2391 2452 2531 2578 2600 2662 2704 2780 2810 2915 2927 2999
4 26 97 161 194 258 307 343 387 435 492 575 612 675 732 779 844 916 943 980 1058 1080 1182 1190 1291 1309 1372 1421 1497 1553 1578 1642 1724 1741 1800 1876 1916 1995 2043 2091 2107 2175 2230 2279 2341 2420 2434 2531 2545 2596 2671 2709 2802 2840 2897 2953 2999
7 26 98 127 203 237 317 374 380 445 516 591 629 693 705 800 850 879 950 1021 1038 1094 1141 1230 1251 1313 1383 1405 1482 1539 1589 1645 1693 1781 1809 1849 1920 1965 2024 2085 2143 2208 2250 2320 2368 2381 2469 2526 2567 2630 2656 2706 2770 2816 2866 2927 2970
7 26 98 155 165 261 288 339 380 444 513 558 595 669 748 805 839 914 942 1015 1064 1112 1139 1237 1295 1303 1373 1439 1492 1542 1589 1652 1725 1737 1809 1850 1924 1981 2039 2066 2126 2203 2245 2320 2325 2383 2441 2510 2578 2598 2662 2738 2764 2826 2904 2927 2970
7 26 99 125 200 260 304 359 410 432 535 592 630 669 742 759 841 883 942 1012 1030 1102 1160 1215 1254 1325 1382 1421 1468 1540 1572 1622 1725 1769 1787 1850 1909 1945 2044 2067 2156 2185 2222 2287 2370 2383 2483 2529 2581 2614 2661 2738 2788 2857 2871 2927 2982
7 26 99 142 170 237 286 343 410 445 514 591 610 692 750 781 852 899 920 1000 1079 1095 1141 1227 1283 1343 1360 1440 1491 1561 1572 1645 1726 1740 1787 1836 1897 1994 2041 2075 2107 2163 2234 2287 2363 2402 2433 2531 2569 2630 2681 2722 2769 2839 2901 2927 2982
7 26 100 125 184 264 301 374 413 472 498 560 630 673 705 797 824 916 965 972 1035 1094 1150 1230 1254 1315 1355 1423 1468 1540 1608 1628 1675 1734 1815 1868 1920 1995 2043 2078 2142 2182 2216 2285 2366 2410 2468 2529 2566 2631 2670 2753 2761 2833 2866 2927 3020
7 26 100 130 179 255 274 375 411 480 497 541 630 678 710 790 836 899 962 996 1031 1107 1155 1208 1255 1338 1359 1423 1496 1518 1608 1623 1695 1757 1817 1862 1913 1994 2041 2065 2158 2176 2221 2279 2369 2417 2439 2530 2553 2631 2677 2753 2756 2808 2894 2933 3020
7 26 100 139 165 241 286 376 413 463 514 541 612 696 746 777 838 914 926 1015 1063 1105 1167 1188 1248 1319 1360 1440 1463 1524 1608 1668 1695 1740 1815 1875 1892 1980 2041 2066 2157 2200 2245 2285 2325 2392 2438 2530 2552 2645 2653 2739 2777 2828 2884 2927 3020
7 26 100 145 170 246 279 375 431 434 514 560 610 671 716 775 813 914 932 1013 1057 1127 1134 1221 1255 1311 1368 1415 1481 1518 1616 1647 1675 1740 1821 1843 1921 1980 2041 2096 2158 2202 2240 2287 2350 2400 2433 2530 2546 2627 2687 2733 2803 2830 2867 2953 3012
7 26 102 132 170 262 299 341 385 481 528 556 645 673 747 801 839 899 965 1000 1048 1084 1166 1201 1279 1298 1365 1454 1465 1525 1605 1655 1675 1732 1798 1868 1922 1981 2001 2075 2158 2203 2234 2289 2363 2410 2441 2506 2538 2634 2673 2753 2764 2826 2868 2927 3010
7 26 102 137 167 241 293 359 385 463 499 541 644 694 742 800 810 881 953 985 1038 1102 1167 1215 1246 1313 1357 1455 1473 1554 1605 1668 1691 1765 1798 1885 1909 1996 2020 2056 2143 2204 2247 2289 2367 2409 2452 2487 2567 2645 2656 2742 2780 2810 2871 2927 3010
7 26 103 150 186 221 288 375 431 444 508 550 595 676 724 766 831 914 922 1019 1052 1120 1139 1232 1244 1303 1377 1425 1473 1541 1613 1652 1691 1735 1821 1848 1915 1996 2032 2086 2142 2198 2246 2305 2339 2385 2443 2520 2554 2638 2687 2744 2803 2811 2862 2935 3012
7 26 107 110 195 216 315 375 425 454 532 575 610 675 728 775 840 900 922 979 1034 1108 1171 1198 1281 1308 1393 1425 1480 1560 1592 1626 1726 1777 1816 1845 1907 1963 2040 2065 2156 2162 2239 2279 2345 2388 2465 2524 2570 2637 2651 2741 2769 2852 2877 2917 3001
4 26 107 129 205 220 304 375 418 446 535 592 595 665 734 766 816 881 932 984 1042 1102 1176 1208 1281 1298 1382 1415 1461 1560 1597 1650 1710 1774 1826 1861 1918 1981 2040 2055 2156 2173 2223 2289 2351 2383 2475 2524 2564 2626 2646 2748 2776 2847 2870 2933 2995
4 26 107 151 183 230 277 360 422 437 525 575 595 672 732 763 814 914 947 1010 1058 1105 1147 1190 1291 1315 1366 1415 1504 1558 1597 1652 1726 1776 1823 1854 1890 1995 2037 2057 2124 2202 2237 2285 2336 2386 2432 2527 2561 2626 2675 2748 2763 2820 2897 2937 2995
4 27 54 121 182 249 308 331 418 481 523 550 629 687 745 761 827 896 944 991 1067 1130 1185 1224 1248 1341 1378 1448 1475 1546 1619 1645 1700 1744 1834 1883 1898 1956 2044 2075 2110 2162 2242 2300 2340 2379 2442 2532 2559 2601 2678 2730 2776 2823 2905 2923 2971
7 27 55 116 192 262 293 359 392 470 535 584 602 666 750 761 811 888 945 1019 1067 1096 1162 1222 1284 1341 1401 1415 1509 1548 1579 1659 1707 1738 1805 1856 1903 1977 2033 2054 2110 2160 2241 2280 2362 2399 2483 2529 2559 2607 2678 2720 2806 2850 2868 2923 2987
4 27 55 158 213 247 323 359 398 484 495 572 601 661 723 791 849 895 921 995 1032 1119 1174 1193 1284 1296 1379 1416 1467 1548 1584 1621 1719 1777 1798 1863 1908 1970 2033 2079 2110 2205 2234 2279 2338 2423 2454 2529 2586 2614 2693 2715 2792 2838 2904 2924 2982
7 27 58 123 188 252 279 334 409 475 515 575 619 682 711 772 839 895 964 987 1049 1081 1136 1228 1262 1345 1403 1436 1471 1532 1608 1654 1682 1775 1827 1884 1942 1955 2038 2069 2150 2210 2237 2275 2336 2376 2432 2503 2589 2635 2671 2706 2793 2847 2889 2920 2991
4 27 58 161 174 254 292 355 420 456 504 575 598 670 731 770 856 908 919 974 1052 1088 1183 1238 1289 1312 1376 1411 1468 1541 1588 1672 1682 1748 1788 1888 1926 1956 2017 2086 2116 2198 2257 2294 2339 2417 2445 2525 2552 2638 2682 2731 2803 2808 2865 2949 3012
7 27 59 116 207 230 309 333 424 458 491 584 601 699 719 806 862 888 945 1011 1059 1099 1137 1201 1285 1325 1369 1439 1509 1548 1601 1668 1706 1749 1782 1860 1905 1978 2040 2081 2117 2183 2252 2272 2346 2395 2461 2528 2548 2605 2699 2717 2755 2850 2864 2924 3019
7 27 62 146 164 269 275 355 397 432 528 564 598 670 732 770 859 872 963 985 1052 1084 1180 1227 1245 1330 1391 1416 1496 1540 1607 1669 1719 1771 1806 1868 1908 1951 2035 2067 2139 2170 2235 2304 2339 2397 2464 2534 2552 2593 2663 2752 2805 2833 2910 2927 2997
4 27 66 127 204 247 270 348 381 484 534 572 625 650 747 790 815 871 938 1009 1075 1117 1174 1226 1293 1349 1396 1408 1485 1535 1581 1621 1685 1734 1829 1849 1919 1980 2034 2060 2117 2182 2264 2312 2365 2392 2472 2501 2548 2614 2677 2718 2794 2827 2886 2924 2996
4 27 66 157 203 266 316 334 400 461 534 550 638 687 711 774 853 871 928 993 1045 1081 1172 1228 1265 1311 1350 1412 1483 1563 1593 1658 1707 1734 1800 1867 1942 1980 2034 2097 2131 2197 2246 2300 2327 2429 2473 2501 2558 2595 2659 2748 2756 2843 2889 2920 2984
4 27 67 153 205 246 289 348 413 472 498 571 638 698 755 765 859 875 957 1015 1066 1126 1139 1188 1294 1315 1366 1412 1480 1542 1593 1639 1678 1730 1799 1866 1938 1951 2016 2093 2142 2170 2220 2301 2359 2414 2464 2507 2565 2639 2670 2703 2805 2833 2863 2927 2983
4 27 68 147 184 250 313 328 416 438 488 571 605 649 718 797 836 874 948 1003 1053 1129 1175 1239 1262 1332 1383 1436 1463 1530 1613 1663 1710 1746 1812 1889 1914 1952 2011 2073 2131 2174 2259 2275 2374 2386 2444 2505 2547 2640 2696 2700 2757 2857 2885 2961 3008
7 27 69 130 204 234 316 356 427 452 534 564 625 657 741 807 831 899 970 1016 1029 1133 1147 1217 1268 1333 1350 1412 1476 1526 1590 1636 1686 1734 1807 1876 1899 1951 2034 2053 2116 2165 2249 2312 2359 2377 2472 2498 2567 2611 2686 2727 2800 2840 2910 2920 3022
7 27 69 150 184 236 317 330 402 450 511 551 625 688 717 757 812 874 955 1003 1026 1108 1139 1225 1290 1325 1353 1412 1500 1518 1590 1660 1700 1743 1831 1845 1928 1978 2012 2073 2142 2173 2259 2272 2374 2426 2447 2520 2591 2611 2656 2727 2788 2853 2909 2961 3022
4 27 70 153 209 252 304 359 398 474 499 551 638 658 711 809 839 895 942 1012 1027 1102 1175 1214 1294 1344 1367 1436 1480 1542 1568 1626 1681 1754 1798 1885 1909 1948 2013 2056 2131 2210 2233 2276 2352 2427 2432 2507 2538 2636 2693 2734 2792 2848 2903 2927 2982
4 27 71 113 171 256 273 359 390 440 533 584 626 699 754 780 810 895 953 1006 1071 1094 1170 1210 1264 1324 1375 1411 1501 1553 1586 1671 1686 1758 1798 1853 1907 1955 2038 2095 2113 2161 2216 2272 2371 2390 2483 2489 2577 2619 2685 2723 2801 2858 2893 2942 2990
7 27 71 133 204 262 315 355 405 470 506 584 619 650 702 790 845 872 933 1009 1036 1132 1162 1189 1272 1319 1380 1408 1461 1559 1587 1659 1686 1769 1806 1854 1930 1980 2003 2102 2116 2208 2223 2301 2365 2398 2435 2525 2587 2607 2697 2713 2771 2822 2915 2923 2989
4 27 72 109 175 257 293 359 390 453 537 547 605 695 744 759 858 895 971 987 1076 1113 1164 1231 1251 1334 1399 1448 1511 1552 1585 1666 1707 1745 1798 1867 1892 1952 2022 2074 2116 2166 2232 2294 2348 2386 2465 2512 2567 2597 2685 2740 2801 2808 2899 2920 2990
7 27 72 144 186 246 282 333 393 479 501 547 638 669 755 787 844 872 960 1011 1078 1128 1137 1188 1282 1310 1384 1416 1509 1521 1585 1647 1707 1779 1795 1877 1936 1977 2022 2081 2142 2170 2252 2272 2367 2382 2479 2512 2560 2632 2664 2705 2756 2853 2863 2942 2990
4 27 73 130 210 246 298 333 401 479 523 564 605 689 712 799 811 899 949 1007 1069 1103 1160 1237 1244 1346 1388 1448 1473 1529 1585 1623 1678 1774 1810 1858 1941 1977 2014 2065 2113 2213 2231 2301 2328 2421 2430 2497 2575 2632 2655 2705 2795 2860 2896 2923 2989
7 27 73 146 176 256 313 359 417 440 488 564 601 664 703 791 841 872 942 998 1074 1089 1184 1241 1288 1338 1383 1436 1487 1549 1586 1657 1678 1746 1787 1887 1920 1955 2011 2054 2138 2212 2261 2280 2336 2425 2452 2500 2544 2619 2689 2723 2775 2855 2862 2961 2988
4 27 74 145 202 246 283 355 420 479 507 547 602 667 712 779 810 908 934 981 1077 1082 1137 1221 1266 1309 1368 1439 1487 1550 1571 1647 1678 1780 1788 1857 1933 1955 2030 2102 2117 2213 2251 2301 2349 2389 2431 2530 2555 2632 2682 2719 2803 2856 2912 2942 3012
7 27 75 110 182 216 303 355 399 485 488 575 602 674 750 779 848 875 968 990 1043 1122 1163 1194 1256 1345 1393 1436 1506 1538 1618 1630 1700 1741 1827 1845 1931 1951 2016 2091 2110 2206 2219 2279 2341 2413 2445 2499 2589 2593 2671 2741 2793 2838 2897 2961 3001
7 27 77 151 175 262 288 330 409 447 508 575 619 651 702 804 816 868 955 987 1055 1120 1147 1189 1252 1314 1376 1412 1460 1545 1605 1641 1707 1745 1804 1886 1942 1989 2049 2069 2116 2208 2237 2280 2348 2385 2465 2533 2578 2630 2651 2729 2796 2852 2915 2948 3016
4 27 79 116 166 228 279 334 413 434 515 584 625 678 717 802 829 888 958 1014 1064 1080 1177 1234 1271 1345 1403 1408 1495 1562 1581 1654 1682 1767 1799 1888 1938 1951 2045 2094 2142 2181 2220 2279 2343 2377 2448 2487 2562 2609 2697 2722 2777 2836 2900 2949 2983
7 27 79 144 215 267 287 334 400 455 525 548 626 696 726 803 844 871 960 973 1063 1100 1161 1233 1271 1316 1355 1415 1467 1562 1580 1640 1719 1758 1800 1842 1921 1970 2045 2092 2142 2209 2266 2272 2322 2418 2439 2487 2554 2608 2659 2735 2756 2853 2901 2948 2984
4 27 82 120 213 246 290 330 386 472 531 550 629 661 755 791 844 872 935 995 1074 1132 1153 1189 1288 1337 1380 1416 1479 1527 1569 1625 1678 1752 1819 1851 1930 1970 2037 2071 2150 2170 2242 2301 2338 2398 2479 2523 2544 2639 2690 2726 2798 2810 2862 2948 3021
7 27 87 122 203 216 278 368 402 433 522 571 605 687 748 774 845 868 944 993 1046 1108 1186 1225 1255 1322 1400 1412 1481 1529 1576 1661 1700 1770 1833 1883 1928 1980 2041 2083 2139 2208 2259 2279 2327 2379 2435 2486 2557 2645 2670 2730 2771 2822 2877 2923 3020
7 27 87 130 212 239 275 368 408 448 528 564 601 686 721 794 851 899 949 975 1042 1084 1148 1207 1255 1344 1391 1415 1473 1529 1616 1655 1706 1764 1835 1881 1929 1948 2041 2078 2139 2187 2261 2276 2351 2397 2438 2486 2584 2643 2646 2724 2755 2860 2882 2928 2979
4 27 88 125 186 269 296 333 419 433 508 547 598 685 732 785 844 875 931 1017 1029 1098 1186 1227 1268 1304 1370 1412 1481 1526 1615 1661 1710 1779 1825 1852 1895 1970 2015 2083 2139 2170 2236 2312 2361 2396 2479 2498 2588 2592 2684 2747 2798 2810 2910 2948 2975
7 27 88 127 184 259 273 334 378 469 511 547 625 669 736 802 823 896 936 1024 1050 1109 1143 1198 1293 1324 1397 1448 1485 1535 1572 1671 1710 1743 1828 1841 1943 1955 2012 2092 2131 2162 2215 2272 2353 2416 2447 2501 2577 2635 2685 2742 2770 2829 2912 2924 3019
4 27 88 132 179 217 317 348 420 485 511 575 598 663 742 776 841 896 957 974 1045 1130 1144 1197 1265 1335 1353 1412 1508 1563 1615 1650 1681 1743 1824 1874 1926 1955 2012 2086 2117 2212 2257 2300 2335 2405 2452 2501 2556 2592 2651 2747 2775 2855 2889 2961 2975
4 27 90 133 181 265 271 355 419 441 526 548 629 660 726 771 826 908 933 990 1063 1110 1163 1233 1271 1296 1402 1408 1506 1515 1610 1673 1681 1755 1788 1854 1911 1970 2007 2091 2139 2211 2219 2279 2342 2398 2453 2534 2584 2626 2694 2702 2789 2822 2901 2928 3013
7 27 90 146 163 233 288 356 384 444 512 548 598 658 716 786 841 888 942 972 1073 1096 1150 1202 1245 1314 1373 1439 1496 1540 1610 1641 1681 1768 1824 1885 1924 1989 2007 2098 2138 2183 2262 2280 2375 2427 2482 2534 2578 2594 2651 2734 2775 2855 2888 2927 3013
4 27 91 116 211 250 290 328 390 438 531 584 626 701 715 786 833 888 958 1006 1073 1101 1176 1203 1245 1300 1380 1416 1495 1562 1613 1662 1681 1752 1803 1837 1907 1952 2037 2095 2116 2177 2216 2304 2332 2428 2481 2514 2578 2640 2665 2700 2774 2836 2888 2948 2985
4 27 91 157 170 221 295 331 398 467 489 547 626 649 743 808 853 874 928 999 1056 1119 1151 1193 1287 1310 1397 1416 1510 1536 1613 1634 1719 1778 1795 1889 1908 1948 2028 2075 2131 2202 2234 2300 2363 2406 2467 2524 2560 2640 2664 2700 2756 2843 2883 2952 2985
7 27 92 144 182 238 270 333 429 484 532 548 625 653 716 796 812 871 960 991 1073 1114 1174 1202 1245 1349 1398 1416 1467 1562 1612 1621 1700 1744 1831 1877 1906 1989 2036 2079 2110 2178 2238 2304 2340 2382 2442 2514 2568 2623 2656 2721 2788 2853 2888 2949 2994
4 27 92 156 170 249 317 330 409 441 489 548 626 671 704 775 852 868 953 1013 1046 1094 1187 1206 1258 1335 1375 1439 1458 1558 1591 1650 1700 1778 1804 1853 1912 1955 2028 2052 2150 2203 2266 2300 2349 2390 2467 2523 2556 2641 2651 2751 2796 2814 2875 2928 3016
7 27 93 123 204 229 300 368 387 446 506 571 619 698 718 765 858 899 956 1016 1053 1103 1152 1239 1262 1348 1395 1411 1471 1532 1614 1643 1685 1769 1835 1866 1939 1952 2003 2053 2117 2195 2249 2301 2359 2415 2435 2503 2579 2618 2647 2703 2754 2856 2885 2920 3000
7 27 93 134 167 249 315 334 404 481 506 550 626 648 704 803 847 899 958 1007 1042 1101 1185 1206 1263 1334 1380 1408 1482 1531 1596 1645 1706 1769 1785 1837 1904 1952 2003 2068 2150 2203 2228 2294 2370 2428 2473 2503 2576 2601 2676 2753 2804 2817 2875 2923 3018
7 27 93 150 177 230 292 331 431 445 504 550 619 676 724 795 812 875 955 1018 1071 1120 1168 1240 1264 1347 1376 1411 1464 1553 1614 1637 1706 1748 1792 1886 1891 1989 2017 2100 2142 2178 2214 2272 2360 2385 2442 2489 2562 2618 2695 2703 2788 2853 2893 2949 3000
7 27 94 122 208 258 279 331 397 475 539 544 619 676 743 795 845 895 944 988 1071 1119 1136 1193 1273 1345 1379 1448 1476 1534 1575 1654 1686 1728 1806 1839 1908 1951 1999 2064 2139 2166 2235 2279 2360 2423 2478 2536 2562 2629 2697 2750 2771 2822 2883 2952 2997
4 27 96 121 207 256 287 368 412 459 491 550 601 676 703 794 832 896 944 996 1072 1109 1157 1241 1290 1316 1389 1412 1475 1546 1603 1640 1686 1749 1784 1839 1899 1970 2040 2103 2138 2212 2263 2272 2361 2423 2461 2490 2554 2600 2659 2750 2772 2823 2862 2952 3014
4 27 96 124 201 228 300 368 428 449 506 551 629 658 717 809 829 888 969 1019 1026 1118 1149 1225 1290 1348 1395 1408 1472 1546 1610 1643 1685 1733 1791 1885 1919 1978 2040 2078 2138 2181 2217 2276 2352 2400 2448 2490 2539 2594 2688 2734 2781 2832 2909 2923 3007
4 27 97 159 184 219 284 355 419 461 498 544 601 688 749 757 824 908 941 1003 1079 1098 1172 1227 1252 1342 1371 1412 1483 1561 1603 1658 1710 1746 1788 1864 1895 1978 2000 2097 2131 2186 2236 2280 2374 2395 2444 2519 2538 2642 2694 2709 2789 2825 2892 2927 3013
7 27 97 161 176 237 289 348 428 437 498 575 605 682 747 772 862 908 918 998 1077 1117 1173 1226 1291 1315 1366 1415 1488 1522 1609 1639 1678 1746 1791 1884 1919 1978 2000 2099 2138 2191 2217 2275 2336 2422 2452 2519 2561 2634 2674 2706 2795 2809 2886 2924 3007
7 27 99 126 176 249 271 330 407 441 538 551 629 664 745 791 823 908 937 998 1032 1088 1163 1224 1283 1296 1390 1436 1498 1517 1591 1673 1706 1750 1820 1860 1940 1955 2030 2099 2110 2162 2217 2294 2336 2403 2447 2506 2586 2641 2693 2751 2770 2829 2905 2924 3009
7 27 100 148 203 218 282 333 416 449 520 551 625 666 736 796 847 868 945 993 1055 1131 1156 1237 1295 1321 1367 1439 1511 1513 1582 1635 1707 1734 1812 1856 1914 1952 2046 2083 2131 2203 2259 2312 2327 2399 2473 2484 2585 2604 2649 2720 2804 2817 2872 2923 3008
7 27 100 150 192 240 322 331 398 477 487 551 638 651 753 782 844 874 955 1012 1040 1106 1155 1211 1276 1318 1390 1411 1500 1518 1604 1651 1707 1781 1795 1886 1909 1970 1998 2056 2110 2209 2233 2304 2369 2385 2439 2532 2553 2631 2664 2729 2756 2853 2878 2948 2985
7 27 101 124 198 217 307 368 383 432 514 564 626 681 754 758 837 875 969 1015 1044 1125 1182 1218 1257 1311 1388 1408 1493 1525 1596 1667 1681 1778 1801 1885 1911 1980 2001 2057 2113 2200 2255 2300 2365 2400 2438 2511 2551 2645 2667 2710 2774 2832 2884 2927 3010
7 27 101 125 170 257 308 331 431 453 514 547 625 667 708 779 853 875 931 1013 1043 1126 1164 1236 1256 1319 1387 1415 1481 1526 1606 1666 1700 1778 1792 1857 1890 1980 2001 2104 2150 2202 2215 2301 2349 2392 2467 2511 2589 2597 2695 2719 2788 2810 2897 2920 3000
7 27 101 130 199 265 306 331 396 466 536 564 598 648 753 805 855 899 970 988 1060 1106 1136 1211 1256 1338 1359 1436 1476 1526 1596 1664 1681 1757 1787 1837 1909 1956 2001 2064 2150 2184 2235 2279 2368 2417 2469 2511 2544 2601 2689 2753 2775 2840 2878 2948 3010
7 27 102 117 182 230 298 333 419 458 523 548 629 671 724 783 812 875 967 990 1066 1125 1181 1218 1243 1346 1388 1411 1488 1565 1601 1623 1678 1744 1825 1887 1911 1978 2044 2091 2131 2178 2219 2300 2341 2400 2442 2484 2547 2605 2684 2717 2798 2843 2914 2961 2975
7 27 106 117 212 257 288 330 392 437 512 548 638 686 708 794 853 875 967 975 1072 1096 1173 1222 1242 1316 1373 1415 1488 1565 1597 1639 1707 1737 1800 1861 1903 1948 2039 2099 2138 2202 2241 2294 2351 2427 2467 2485 2554 2613 2659 2746 2756 2843 2911 2952 2992
4 28 54 156 189 247 309 349 384 451 538 555 641 683 709 807 811 868 940 1016 1054 1100 1175 1232 1279 1328 1352 1449 1471 1537 1571 1635 1685 1738 1813 1878 1939 1991 2019 2068 2143 2211 2233 2293 2334 2429 2447 2492 2541 2627 2679 2741 2768 2843 2901 2925 2993
7 28 58 114 173 248 291 349 398 445 528 587 618 666 735 772 838 900 962 999 1067 1082 1135 1227 1262 1344 1403 1413 1510 1542 1590 1654 1720 1763 1790 1885 1942 1948 2039 2069 2152 2163 2224 2284 2365 2397 2480 2520 2551 2622 2672 2706 2792 2848 2876 2927 2970
7 28 59 140 169 243 310 328 422 443 491 586 609 660 719 805 862 887 933 1010 1059 1110 1184 1239 1256 1338 1384 1451 1461 1543 1585 1656 1711 1728 1804 1877 1896 1953 2022 2080 2132 2170 2253 2279 2347 2395 2450 2515 2560 2636 2699 2717 2756 2849 2863 2962 3020
7 28 60 112 196 219 296 333 399 482 502 587 640 673 735 769 840 909 918 994 1067 1132 1169 1227 1262 1339 1360 1420 1499 1546 1605 1632 1711 1729 1831 1844 1892 1948 2049 2094 2130 2192 2267 2277 2370 2396 2443 2516 2555 2620 2665 2738 2760 2832 2876 2943 3015
7 28 60 141 166 266 283 328 427 435 504 576 640 656 714 776 852 887 966 995 1036 1096 1165 1231 1260 1335 1391 1420 1472 1513 1605 1653 1721 1762 1804 1862 1908 1955 2030 2082 2151 2196 2220 2295 2322 2389 2471 2535 2590 2620 2648 2738 2807 2831 2889 2925 3015
4 28 61 113 179 266 309 333 426 435 538 576 618 655 738 787 853 910 967 973 1060 1133 1165 1230 1247 1310 1352 1449 1488 1535 1604 1653 1701 1738 1795 1880 1912 1948 2019 2065 2121 2172 2249 2315 2373 2397 2457 2484 2557 2620 2689 2739 2771 2827 2903 2925 2995
7 28 61 142 189 249 272 338 406 454 538 565 641 664 715 774 861 910 937 984 1032 1112 1176 1219 1265 1317 1389 1413 1499 1517 1592 1673 1711 1738 1821 1877 1893 1948 2019 2088 2116 2161 2264 2293 2365 2391 2447 2484 2587 2640 2692 2713 2761 2840 2892 2962 3008
7 28 63 138 212 269 287 338 385 453 529 563 639 680 724 788 851 874 937 1000 1040 1092 1178 1236 1243 1301 1367 1413 1465 1563 1618 1670 1721 1740 1782 1851 1915 1981 2026 2090 2132 2202 2252 2314 2325 2418 2466 2502 2568 2594 2670 2740 2759 2844 2896 2920 2990
7 28 65 161 194 257 307 347 395 444 513 586 603 654 721 779 850 911 939 986 1031 1086 1182 1218 1282 1303 1388 1408 1481 1554 1610 1646 1720 1731 1792 1885 1941 1971 2048 2086 2121 2175 2215 2305 2352 2420 2463 2521 2538 2608 2667 2719 2806 2810 2897 2927 2997
7 28 66 161 189 216 300 347 381 437 537 587 620 666 710 772 862 910 939 984 1039 1118 1174 1225 1290 1315 1357 1408 1501 1534 1596 1655 1685 1746 1815 1885 1918 1953 1999 2088 2143 2181 2264 2284 2365 2420 2439 2519 2580 2615 2661 2706 2794 2810 2887 2962 3002
4 28 69 158 185 249 290 328 397 454 535 565 640 656 703 776 842 911 946 977 1036 1086 1176 1239 1269 1298 1394 1415 1494 1523 1579 1673 1699 1734 1797 1874 1921 1960 2017 2092 2114 2174 2250 2305 2322 2415 2460 2529 2590 2640 2687 2725 2787 2811 2879 2962 3012
7 28 70 115 197 248 287 371 409 462 529 565 640 670 735 809 838 900 943 1013 1028 1121 1157 1203 1294 1345 1367 1413 1458 1532 1567 1626 1690 1740 1789 1884 1909 1955 2026 2056 2130 2163 2250 2313 2364 2389 2480 2494 2559 2605 2692 2734 2793 2847 2902 2920 3022
4 28 70 124 162 254 272 360 391 476 538 565 598 682 730 797 835 887 959 995 1061 1112 1183 1191 1254 1349 1389 1449 1477 1555 1617 1642 1690 1748 1816 1856 1922 1992 2008 2057 2116 2198 2245 2314 2327 2391 2437 2512 2581 2599 2669 2731 2803 2821 2913 2925 2971
4 28 71 156 212 220 279 347 422 432 512 555 640 679 737 789 852 868 952 1000 1041 1131 1142 1218 1283 1348 1368 1440 1484 1524 1572 1641 1721 1740 1804 1850 1896 1953 2041 2089 2132 2200 2253 2313 2325 2377 2466 2501 2578 2615 2648 2730 2807 2831 2881 2927 3020
7 28 71 158 210 216 288 332 399 437 527 587 640 661 722 757 848 889 921 994 1044 1119 1174 1240 1269 1326 1365 1440 1494 1523 1572 1655 1690 1741 1826 1869 1892 1969 2015 2094 2110 2168 2267 2279 2356 2409 2455 2529 2589 2615 2653 2730 2793 2837 2872 2962 3020
7 28 73 120 192 237 310 360 395 485 491 586 603 680 746 759 828 874 959 986 1054 1110 1156 1195 1279 1331 1384 1449 1507 1537 1618 1663 1678 1751 1810 1851 1941 1960 1998 2086 2132 2209 2215 2293 2354 2395 2435 2492 2588 2594 2658 2740 2798 2825 2901 2964 2979
7 28 75 112 206 232 309 333 379 473 488 585 598 685 745 784 816 911 918 979 1076 1089 1154 1214 1277 1328 1402 1420 1493 1552 1615 1635 1701 1749 1796 1844 1907 1991 2051 2083 2114 2179 2265 2293 2361 2396 2479 2528 2541 2604 2679 2725 2784 2832 2874 2953 3004
7 28 75 158 211 267 322 332 390 449 488 565 618 677 733 779 849 911 921 990 1031 1094 1161 1208 1282 1316 1389 1440 1470 1547 1600 1630 1720 1749 1808 1869 1931 1991 2051 2095 2116 2167 2231 2272 2328 2409 2474 2528 2538 2593 2654 2714 2792 2837 2897 2932 3019
4 28 76 110 183 247 285 349 398 451 503 549 639 690 753 778 849 900 968 974 1059 1106 1149 1206 1256 1308 1393 1451 1491 1543 1571 1662 1699 1777 1790 1872 1899 1991 2004 2091 2110 2167 2266 2279 2375 2388 2474 2515 2586 2627 2672 2741 2792 2837 2863 2932 2970
7 28 78 151 175 222 323 370 378 476 507 549 618 651 733 789 827 868 930 1002 1041 1120 1183 1222 1283 1298 1392 1449 1477 1528 1604 1642 1721 1761 1803 1886 1895 1960 2046 2057 2116 2211 2238 2305 2354 2412 2431 2497 2578 2631 2698 2728 2764 2836 2881 2943 2977
7 28 80 114 162 228 309 349 414 473 538 576 598 654 750 786 848 911 962 977 1040 1133 1154 1210 1243 1328 1352 1413 1489 1563 1610 1635 1685 1748 1832 1885 1932 1969 2008 2087 2121 2185 2254 2314 2345 2397 2437 2502 2570 2608 2649 2719 2782 2848 2896 2962 2981
4 28 80 121 169 256 272 338 394 474 538 550 640 675 737 795 833 911 950 997 1033 1094 1156 1208 1293 1317 1389 1449 1492 1513 1578 1673 1711 1748 1801 1839 1931 1969 2008 2100 2132 2165 2227 2272 2360 2409 2430 2502 2583 2628 2695 2750 2760 2839 2893 2925 3014
7 28 80 147 196 221 276 371 414 481 537 550 603 660 725 781 842 889 933 994 1034 1114 1155 1193 1263 1334 1380 1408 1460 1564 1610 1665 1711 1729 1832 1877 1930 1960 2016 2105 2130 2190 2256 2314 2370 2395 2443 2494 2576 2610 2675 2717 2757 2842 2862 2962 2981
7 28 83 124 202 267 289 370 381 449 486 565 641 670 709 809 829 887 931 1008 1047 1117 1161 1226 1291 1348 1358 1415 1502 1530 1580 1630 1678 1733 1815 1884 1918 1953 2022 2063 2143 2191 2264 2313 2364 2401 2465 2490 2540 2593 2687 2734 2769 2851 2907 2932 3002
7 28 84 117 211 258 297 328 419 468 524 563 620 671 724 786 812 911 938 990 1040 1104 1146 1236 1243 1299 1387 1450 1485 1529 1601 1671 1685 1772 1797 1836 1902 1981 2005 2095 2151 2213 2231 2277 2328 2384 2451 2535 2570 2633 2680 2705 2794 2860 2896 2932 2989
4 28 84 129 175 228 296 360 383 448 502 563 603 680 727 759 832 868 920 1002 1054 1099 1153 1196 1280 1307 1360 1420 1508 1556 1586 1664 1685 1729 1823 1875 1890 1990 2049 2057 2153 2208 2238 2314 2354 2428 2464 2491 2588 2634 2683 2715 2797 2861 2900 2943 3005
4 28 84 135 196 239 279 371 419 432 502 550 640 690 708 809 842 868 968 1020 1047 1123 1142 1207 1286 1348 1376 1430 1496 1550 1601 1641 1699 1729 1797 1872 1906 1990 2049 2077 2143 2190 2227 2277 2344 2388 2443 2491 2540 2597 2687 2741 2787 2811 2912 2932 2989
7 28 85 119 181 264 272 360 401 454 525 585 641 699 727 763 826 910 945 1007 1064 1099 1176 1196 1270 1317 1402 1415 1494 1562 1580 1673 1690 1743 1788 1854 1890 1969 2032 2092 2114 2173 2219 2272 2353 2386 2472 2487 2583 2626 2695 2701 2773 2853 2900 2943 3000
4 28 85 146 203 220 322 332 412 432 525 555 598 666 742 800 841 910 962 985 1038 1133 1142 1230 1292 1305 1352 1430 1496 1539 1596 1641 1720 1743 1783 1885 1912 1969 2032 2077 2143 2195 2262 2315 2338 2397 2449 2487 2565 2615 2664 2706 2805 2815 2898 2927 2983
4 28 86 113 197 225 307 369 397 452 513 586 620 701 719 778 853 900 967 1013 1059 1086 1134 1239 1256 1320 1388 1415 1482 1541 1606 1628 1699 1778 1824 1858 1921 1953 2001 2056 2121 2187 2250 2315 2364 2420 2441 2517 2586 2644 2659 2702 2771 2827 2863 2920 2984
4 28 86 119 196 247 292 332 380 467 515 586 641 660 709 781 827 909 961 994 1063 1129 1174 1232 1270 1296 1356 1408 1494 1562 1581 1625 1699 1742 1834 1853 1911 1960 2031 2094 2143 2211 2267 2279 2370 2394 2431 2487 2546 2611 2667 2742 2764 2836 2901 2943 3010
7 28 87 134 185 237 302 370 403 434 517 576 620 688 746 791 828 874 930 972 1056 1107 1186 1226 1293 1310 1353 1449 1468 1529 1589 1660 1699 1758 1795 1872 1927 1992 2012 2072 2114 2209 2222 2272 2327 2426 2435 2485 2557 2645 2689 2743 2771 2853 2869 2932 3019
7 28 87 138 167 223 273 332 431 470 517 563 598 664 722 800 815 874 937 1021 1053 1119 1172 1240 1260 1346 1382 1420 1465 1563 1615 1649 1711 1758 1825 1877 1892 1992 2012 2096 2152 2160 2236 2295 2340 2391 2453 2485 2550 2617 2683 2713 2795 2844 2872 2962 2992
7 28 89 140 179 216 287 371 400 455 529 563 630 678 710 763 862 910 933 973 1064 1092 1163 1212 1270 1345 1367 1408 1490 1515 1607 1626 1690 1755 1835 1856 1938 1990 2010 2065 2132 2181 2249 2279 2373 2418 2439 2534 2583 2597 2668 2735 2756 2849 2900 2925 3013
4 28 89 145 180 235 286 349 431 463 512 563 598 671 716 786 823 909 926 1021 1057 1132 1141 1227 1245 1297 1360 1440 1497 1539 1607 1672 1690 1771 1805 1836 1892 1991 2010 2096 2153 2201 2236 2277 2328 2396 2446 2534 2552 2627 2681 2705 2803 2834 2895 2927 3013
7 28 91 129 173 220 301 338 390 455 489 563 620 658 737 773 852 868 920 1016 1077 1094 1140 1208 1249 1309 1382 1440 1508 1556 1574 1650 1720 1778 1830 1888 1931 1955 2027 2070 2152 2200 2231 2315 2349 2416 2466 2524 2539 2592 2681 2720 2776 2861 2893 2925 2995
7 28 91 140 211 238 321 328 378 466 493 563 603 664 744 800 812 910 933 978 1038 1114 1148 1228 1292 1313 1380 1451 1490 1515 1592 1621 1720 1772 1803 1877 1895 1960 2037 2082 2116 2213 2238 2295 2340 2395 2451 2513 2565 2640 2656 2713 2806 2849 2898 2953 2977
7 28 92 120 197 233 301 369 399 433 489 586 641 682 712 761 853 874 959 1015 1026 1119 1167 1240 1250 1325 1382 1440 1507 1537 1573 1634 1690 1778 1831 1856 1892 1948 2027 2074 2130 2187 2267 2295 2363 2391 2441 2523 2561 2643 2652 2731 2773 2825 2882 2925 3015
7 28 92 128 194 235 305 347 427 467 536 586 630 649 743 790 850 868 928 1002 1074 1123 1139 1205 1267 1338 1362 1451 1458 1520 1573 1661 1690 1731 1804 1854 1908 1955 2027 2075 2151 2175 2220 2277 2336 2403 2463 2523 2560 2623 2699 2751 2756 2860 2875 2943 3015
7 28 93 115 211 247 312 332 410 467 539 565 598 664 753 800 849 900 943 978 1053 1113 1139 1189 1252 1331 1372 1451 1458 1532 1581 1661 1685 1749 1785 1849 1903 1960 2000 2075 2151 2167 2245 2293 2340 2424 2474 2536 2550 2611 2696 2742 2782 2847 2879 2963 3003
7 28 93 130 162 244 296 360 397 482 495 565 640 677 740 762 835 909 952 977 1075 1131 1169 1195 1264 1339 1368 1429 1501 1565 1599 1632 1685 1748 1824 1850 1921 1953 2050 2092 2121 2198 2250 2272 2345 2377 2437 2486 2556 2595 2663 2732 2767 2858 2907 2964 2984
7 28 93 134 206 246 291 369 397 445 539 550 618 675 725 794 828 900 930 979 1034 1120 1135 1193 1263 1344 1392 1450 1476 1522 1599 1654 1701 1749 1824 1886 1924 1960 2000 2103 2114 2166 2246 2272 2361 2412 2479 2536 2563 2624 2659 2703 2771 2853 2862 2964 2984
7 28 94 113 176 264 321 369 428 466 516 576 603 650 727 808 826 910 967 1005 1046 1118 1148 1225 1242 1313 1357 1415 1488 1535 1609 1621 1678 1747 1794 1858 1918 1971 2034 2084 2153 2173 2217 2284 2362 2420 2472 2489 2548 2614 2674 2753 2798 2827 2870 2941 3006
7 28 94 114 192 259 289 370 400 459 486 576 618 651 718 789 859 911 957 986 1041 1104 1152 1201 1262 1348 1358 1420 1510 1542 1602 1630 1678 1751 1835 1865 1938 1990 2003 2052 2132 2179 2249 2277 2354 2414 2435 2520 2578 2603 2648 2750 2775 2854 2904 2927 3013
4 28 96 121 214 235 314 349 389 463 506 550 630 648 743 764 843 911 948 982 1051 1098 1185 1205 1290 1334 1399 1408 1459 1545 1607 1627 1683 1730 1832 1860 1933 1991 2051 2069 2151 2175 2242 2284 2342 2382 2470 2507 2576 2627 2675 2705 2757 2841 2875 2941 3006
7 28 96 160 175 247 281 370 428 451 534 549 630 671 709 762 827 909 938 1004 1075 1117 1149 1226 1264 1312 1374 1408 1498 1514 1607 1662 1685 1761 1794 1836 1918 1971 2021 2085 2153 2211 2217 2293 2352 2384 2431 2537 2556 2627 2691 2705 2781 2818 2907 2932 3006
4 28 97 137 181 268 294 371 414 452 498 544 630 699 704 763 843 889 932 1007 1070 1101 1134 1241 1291 1333 1398 1415 1482 1518 1594 1628 1683 1769 1832 1837 1932 1969 2015 2056 2121 2199 2254 2313 2353 2410 2444 2503 2577 2601 2675 2718 2757 2841 2883 2963 2981
7 28 97 152 176 256 318 338 387 474 498 549 639 651 707 788 841 889 957 1012 1055 1087 1187 1188 1248 1329 1374 1450 1480 1561 1578 1643 1678 1769 1800 1865 1910 1969 2015 2053 2153 2195 2266 2305 2355 2414 2449 2503 2552 2628 2647 2750 2805 2815 2885 2927 2997
4 28 98 131 201 233 291 369 406 433 539 549 630 667 729 798 830 887 923 1005 1043 1115 1148 1200 1261 1344 1392 1451 1488 1518 1573 1654 1701 1730 1820 1871 1940 1948 2020 2084 2116 2170 2217 2284 2337 2417 2482 2533 2551 2643 2672 2731 2762 2808 2906 2963 3009
7 28 98 150 192 223 285 347 429 457 503 549 640 651 722 789 815 874 954 986 1065 1106 1182 1198 1244 1337 1393 1420 1481 1565 1605 1633 1701 1734 1814 1886 1907 1990 2047 2086 2110 2160 2215 2305 2354 2388 2453 2506 2553 2630 2666 2728 2789 2850 2914 2964 2976
7 28 102 108 176 267 313 332 431 449 501 555 630 679 709 759 845 874 941 1012 1054 1129 1144 1232 1279 1307 1369 1429 1479 1520 1600 1648 1678 1769 1825 1867 1911 1991 2011 2104 2153 2191 2216 2313 2355 2382 2449 2510 2588 2593 2683 2714 2795 2813 2901 2943 2992
7 28 102 126 182 256 297 333 379 468 523 555 620 650 737 796 833 911 967 982 1041 1086 1146 1218 1283 1299 1388 1449 1502 1528 1589 1671 1678 1736 1796 1858 1941 1953 2024 2079 2152 2165 2232 2305 2374 2420 2430 2497 2571 2635 2679 2753 2784 2814 2881 2941 3004
7 28 102 135 181 218 287 371 379 453 501 544 639 688 754 761 843 874 968 1003 1026 1106 1178 1198 1250 1301 1393 1430 1497 1549 1589 1670 1690 1769 1796 1872 1907 1991 2011 2058 2114 2199 2265 2305 2357 2388 2444 2510 2561 2645 2677 2743 2786 2811 2882 2941 3004
4 28 103 130 193 243 297 328 401 443 524 585 641 689 712 770 811 889 966 1007 1065 1087 1169 1209 1244 1299 1387 1420 1501 1565 1585 1671 1685 1735 1813 1849 1890 1953 2042 2092 2130 2178 2219 2305 2341 2401 2481 2506 2571 2636 2679 2717 2768 2843 2914 2963 2975
7 28 105 145 176 259 310 360 391 443 520 585 609 700 720 758 823 887 926 1005 1047 1102 1184 1194 1286 1338 1355 1430 1486 1550 1584 1656 1678 1747 1816 1857 1920 1955 2030 2054 2153 2177 2247 2277 2362 2376 2472 2491 2591 2619 2669 2710 2803 2834 2912 2963 2971
4 28 105 149 183 246 297 333 387 464 524 585 603 670 725 799 828 900 931 974 1066 1087 1166 1188 1276 1346 1387 1450 1473 1531 1567 1623 1678 1772 1810 1884 1910 1992 2005 2091 2130 2166 2266 2295 2375 2401 2479 2516 2574 2605 2658 2734 2798 2825 2867 2932 2987
7 28 106 150 203 267 301 338 385 433 518 549 641 691 709 774 845 874 954 985 1075 1107 1167 1226 1264 1325 1353 1429 1481 1565 1576 1634 1720 1743 1782 1848 1927 1971 2038 2100 2143 2191 2240 2272 2338 2426 2449 2486 2544 2609 2670 2727 2759 2850 2907 2963 2990
7 28 107 119 187 230 282 333 422 465 519 586 609 668 721 756 826 909 945 1010 1031 1131 1137 1218 1282 1325 1351 1440 1509 1547 1568 1652 1721 1776 1831 1846 1896 1971 2021 2080 2114 2201 2253 2272 2330 2393 2442 2528 2561 2632 2652 2752 2773 2853 2897 2941 2991
4 28 107 142 175 225 294 332 427 452 534 586 630 680 729 759 861 889 937 1002 1076 1096 1134 1231 1277 1333 1363 1420 1463 1552 1568 1628 1721 1761 1826 1851 1908 1990 2021 2075 2116 2178 2220 2293 2354 2418 2431 2528 2566 2644 2686 2740 2761 2840 2874 2920 2991
7 29 55 161 175 257 288 329 392 439 507 589 594 671 739 762 858 897 926 1004 1050 1092 1173 1218 1286 1317 1388 1430 1486 1522 1601 1646 1707 1744 1825 1882 1940 1948 2049 2099 2109 2178 2225 2287 2351 2417 2475 2521 2547 2612 2663 2737 2806 2820 2906 2917 2997
4 29 59 115 177 253 280 373 399 463 517 545 626 683 743 758 858 889 971 994 1060 1119 1147 1195 1278 1310 1397 1437 1499 1558 1591 1671 1674 1742 1799 1846 1915 1948 2028 2090 2124 2178 2234 2271 2373 2404 2475 2508 2565 2636 2690 2745 2806 2820 2882 2917 2978
7 29 59 123 169 247 289 328 394 470 522 540 626 658 752 784 849 881 969 984 1073 1106 1152 1203 1274 1302 1384 1437 1504 1525 1591 1662 1679 1774 1804 1872 1932 1993 2022 2100 2132 2173 2266 2269 2375 2378 2471 2514 2578 2636 2672 2745 2774 2831 2873 2919 2978
4 29 59 128 172 225 284 341 394 468 499 545 627 678 755 769 850 868 959 987 1066 1128 1136 1200 1288 1318 1395 1436 1493 1548 1591 1672 1674 1759 1804 1874 1942 1971 2028 2079 2155 2188 2256 2269 2372 2393 2477 2508 2577 2637 2666 2744 2779 2815 2870 2919 2978
7 29 60 116 172 261 323 357 413 480 513 541 612 678 717 769 839 867 942 987 1064 1115 1186 1239 1262 1303 1360 1436 1475 1533 1608 1632 1723 1775 1819 1879 1892 1971 2038 2094 2106 2174 2242 2273 2372 2420 2462 2510 2579 2609 2693 2738 2777 2814 2884 2920 2990
7 29 60 118 170 264 291 349 415 477 504 589 612 691 714 801 852 864 968 978 1036 1120 1148 1196 1270 1347 1388 1436 1490 1559 1608 1636 1675 1749 1817 1868 1936 1979 2024 2081 2109 2212 2238 2272 2346 2389 2446 2525 2574 2609 2648 2738 2781 2823 2915 2921 2990
7 29 60 130 215 259 280 324 415 463 533 541 626 696 726 808 846 889 934 980 1043 1108 1147 1194 1264 1310 1381 1423 1497 1531 1608 1671 1723 1756 1817 1881 1913 1947 2038 2092 2140 2204 2260 2272 2334 2390 2439 2510 2581 2630 2674 2718 2756 2859 2871 2921 2990
7 29 60 146 194 243 279 324 395 434 513 589 599 671 744 762 860 867 958 986 1035 1091 1185 1240 1264 1340 1403 1408 1481 1531 1587 1656 1675 1775 1820 1882 1938 1971 2038 2067 2140 2175 2259 2287 2351 2384 2440 2510 2562 2627 2691 2737 2785 2821 2878 2949 3012
7 29 61 127 191 260 304 324 426 468 522 545 643 695 745 767 819 896 943 986 1076 1121 1185 1225 1255 1322 1371 1437 1481 1550 1619 1622 1701 1751 1834 1875 1907 1945 2044 2067 2110 2184 2259 2287 2354 2383 2435 2526 2553 2601 2690 2728 2771 2830 2893 2919 2981
7 29 61 136 181 251 300 325 430 476 498 565 643 687 704 763 825 868 950 993 1046 1094 1158 1214 1278 1333 1400 1437 1464 1535 1619 1664 1679 1766 1830 1883 1932 1944 2039 2060 2139 2211 2231 2271 2347 2387 2452 2531 2580 2601 2664 2728 2800 2822 2897 2935 2981
7 29 62 119 168 248 291 349 421 445 504 543 594 684 713 791 838 881 926 1014 1053 1092 1179 1238 1284 1347 1388 1409 1507 1564 1572 1636 1675 1753 1826 1882 1921 1948 2020 2069 2155 2207 2252 2302 2342 2417 2470 2501 2540 2621 2683 2723 2764 2861 2876 2949 2994
7 29 62 134 201 253 308 373 407 463 504 541 627 658 719 809 830 881 920 1019 1038 1095 1184 1233 1294 1336 1372 1436 1473 1554 1591 1633 1677 1753 1806 1872 1903 1948 2020 2062 2132 2201 2247 2268 2350 2427 2436 2501 2546 2636 2693 2745 2791 2844 2911 2921 2975
7 29 62 146 210 225 296 341 407 468 528 543 626 685 730 798 818 913 931 1017 1033 1090 1185 1235 1267 1330 1365 1437 1481 1531 1591 1622 1675 1780 1806 1868 1922 1971 2015 2067 2110 2213 2228 2268 2339 2426 2441 2506 2558 2637 2684 2744 2801 2850 2902 2921 2975
7 29 62 156 200 251 309 349 401 441 510 541 626 678 704 807 825 868 935 1013 1041 1099 1187 1222 1284 1343 1357 1437 1470 1564 1591 1649 1677 1747 1812 1874 1926 1963 2020 2059 2155 2211 2260 2273 2335 2418 2452 2501 2549 2637 2679 2744 2768 2855 2889 2916 2975
4 29 63 139 214 253 310 328 380 463 494 541 612 657 743 777 855 897 947 1015 1051 1116 1184 1209 1281 1334 1396 1430 1469 1559 1611 1633 1674 1740 1833 1842 1924 1993 2051 2066 2139 2178 2242 2271 2338 2399 2478 2513 2557 2636 2669 2724 2770 2822 2869 2921 3006
4 29 63 154 172 231 294 357 421 454 525 541 599 674 747 799 839 896 955 1022 1078 1121 1172 1206 1254 1317 1357 1407 1499 1520 1602 1640 1674 1775 1807 1871 1927 1948 2027 2064 2155 2174 2246 2287 2337 2396 2462 2537 2555 2643 2655 2702 2760 2832 2911 2943 3015
7 29 65 116 177 263 311 356 418 472 502 543 643 683 713 758 839 865 942 994 1053 1110 1159 1238 1284 1316 1387 1437 1480 1528 1619 1627 1693 1773 1828 1880 1902 1948 2046 2071 2106 2192 2253 2273 2373 2419 2443 2536 2573 2620 2684 2710 2777 2814 2876 2943 2977
7 29 65 123 170 255 283 328 424 479 528 558 643 692 709 800 829 864 969 978 1063 1114 1165 1209 1260 1346 1376 1437 1472 1557 1619 1631 1677 1745 1823 1872 1926 1978 2050 2081 2107 2185 2238 2295 2346 2378 2451 2532 2569 2620 2659 2710 2793 2831 2904 2921 2977
7 29 66 119 181 266 272 373 384 446 537 543 595 687 733 763 851 881 971 993 1067 1124 1176 1231 1260 1330 1385 1437 1511 1560 1598 1648 1707 1750 1806 1865 1914 1944 2014 2068 2111 2173 2223 2295 2347 2386 2469 2530 2558 2602 2684 2748 2801 2816 2900 2920 2999
7 29 66 127 173 230 307 324 401 482 502 572 595 675 729 766 826 869 943 980 1061 1099 1147 1222 1293 1339 1391 1437 1497 1534 1598 1651 1677 1776 1788 1875 1926 1993 2043 2092 2124 2202 2260 2272 2375 2383 2482 2500 2583 2602 2671 2748 2763 2830 2864 2943 2999
7 29 66 145 164 244 288 329 401 472 507 543 627 662 755 799 854 864 949 1007 1078 1120 1141 1196 1290 1317 1388 1405 1500 1529 1598 1646 1707 1779 1788 1886 1936 1963 2014 2072 2155 2170 2251 2272 2349 2389 2466 2530 2555 2639 2655 2711 2778 2853 2874 2943 2999
7 29 66 149 200 224 305 329 388 456 537 572 620 694 718 764 835 881 938 985 1038 1106 1177 1230 1290 1305 1352 1408 1496 1529 1595 1665 1677 1750 1829 1873 1904 1944 2014 2083 2155 2182 2264 2269 2363 2411 2449 2530 2591 2598 2675 2723 2794 2815 2914 2950 3002
4 29 68 119 172 241 275 329 380 453 514 558 595 660 709 787 838 867 926 987 1063 1116 1151 1209 1260 1319 1373 1430 1511 1560 1589 1629 1674 1759 1818 1876 1924 1978 2012 2094 2155 2199 2242 2302 2372 2422 2477 2530 2582 2611 2692 2739 2764 2861 2904 2920 3022
4 29 68 131 214 225 307 327 397 476 502 558 598 674 730 770 818 913 955 989 1037 1086 1158 1227 1274 1326 1391 1437 1464 1540 1617 1664 1674 1776 1821 1871 1915 1949 2043 2060 2139 2213 2236 2269 2364 2396 2441 2498 2588 2628 2659 2702 2795 2856 2910 2943 2992
7 29 68 160 185 260 317 329 416 441 517 540 598 682 745 776 819 896 960 1018 1067 1130 1187 1218 1260 1335 1361 1437 1470 1560 1617 1649 1693 1757 1802 1864 1902 1947 2012 2059 2155 2184 2254 2295 2359 2391 2435 2530 2545 2628 2672 2702 2775 2825 2900 2917 2992
7 29 69 130 185 226 313 328 389 482 509 565 599 682 749 776 824 865 969 1018 1033 1089 1147 1215 1267 1333 1394 1437 1497 1531 1609 1651 1723 1734 1830 1838 1943 1947 2007 2092 2124 2192 2222 2268 2359 2412 2459 2506 2580 2606 2664 2727 2800 2824 2902 2949 3023
7 29 69 131 184 266 309 327 426 442 510 589 599 650 733 792 851 881 955 988 1070 1121 1165 1225 1266 1323 1357 1437 1487 1518 1609 1668 1701 1747 1794 1871 1907 1948 2020 2065 2107 2173 2259 2301 2373 2396 2469 2493 2548 2606 2699 2727 2762 2856 2906 2916 3023
7 29 69 152 200 261 276 325 392 449 510 565 626 656 715 803 861 881 928 985 1049 1127 1171 1219 1248 1316 1389 1404 1502 1536 1618 1662 1723 1747 1810 1889 1900 1948 2020 2083 2109 2176 2264 2273 2363 2404 2452 2493 2575 2640 2682 2712 2756 2845 2891 2950 3013
7 29 70 120 201 232 304 324 391 474 505 573 595 701 711 766 829 881 958 1019 1070 1102 1149 1194 1285 1298 1386 1408 1509 1542 1615 1648 1701 1735 1798 1844 1919 1978 2040 2062 2109 2182 2247 2317 2350 2422 2455 2523 2574 2644 2697 2712 2776 2848 2886 2921 3016
7 29 70 152 187 248 306 327 430 461 505 565 643 670 713 795 838 881 954 993 1039 1106 1140 1203 1273 1342 1384 1409 1483 1555 1612 1644 1708 1735 1794 1887 1932 1978 2040 2060 2106 2207 2231 2269 2341 2378 2470 2523 2579 2605 2654 2716 2807 2818 2913 2920 3019
7 29 70 158 198 267 294 324 389 454 493 565 599 676 738 762 837 896 929 1018 1050 1107 1172 1198 1285 1317 1389 1453 1471 1542 1612 1640 1708 1748 1834 1869 1943 1963 2040 2092 2109 2162 2222 2272 2345 2423 2465 2523 2547 2607 2663 2714 2797 2823 2907 2917 3019
7 29 72 138 175 268 272 373 417 474 537 545 612 654 714 779 827 865 961 1004 1072 1089 1149 1241 1282 1330 1385 1408 1509 1524 1588 1648 1707 1744 1789 1861 1918 1971 2021 2062 2109 2208 2261 2268 2351 2420 2475 2524 2575 2608 2667 2709 2796 2847 2870 2950 2995
7 29 72 153 208 244 320 349 386 479 498 545 594 668 712 791 822 913 935 995 1028 1123 1165 1232 1293 1310 1380 1437 1472 1527 1592 1631 1707 1768 1799 1877 1914 1947 2037 2081 2107 2213 2220 2272 2359 2414 2437 2507 2565 2632 2690 2707 2806 2858 2898 2935 2991
7 29 72 154 207 263 305 327 394 460 537 572 594 689 713 794 839 865 955 1020 1056 1106 1187 1203 1255 1340 1352 1437 1466 1552 1592 1630 1679 1744 1791 1857 1932 1971 2021 2063 2155 2192 2266 2287 2339 2411 2443 2524 2582 2632 2671 2707 2760 2832 2913 2920 2991
7 29 74 119 191 236 313 373 400 473 509 558 594 695 737 767 856 867 971 986 1041 1115 1152 1190 1284 1326 1394 1437 1507 1564 1592 1658 1678 1734 1821 1865 1941 1945 2007 2097 2132 2197 2230 2273 2354 2386 2453 2501 2588 2599 2659 2740 2795 2816 2889 2949 2989
7 29 74 136 173 257 296 325 416 452 528 544 594 675 739 766 855 889 950 980 1070 1130 1170 1218 1266 1298 1365 1437 1482 1518 1592 1655 1693 1780 1805 1883 1902 1993 2015 2098 2109 2178 2254 2301 2375 2387 2478 2493 2574 2599 2697 2740 2770 2822 2906 2921 2989
7 29 75 115 170 243 276 373 391 467 510 565 598 692 716 800 862 869 971 978 1056 1127 1170 1199 1255 1337 1389 1437 1505 1552 1617 1641 1675 1749 1827 1846 1922 1978 2018 2075 2109 2202 2244 2287 2346 2404 2446 2524 2576 2594 2664 2736 2803 2820 2913 2916 2985
7 29 75 116 169 250 320 356 423 459 498 541 598 658 722 784 833 867 942 984 1065 1117 1176 1229 1267 1306 1380 1437 1475 1533 1617 1635 1701 1768 1796 1880 1907 1993 2037 2104 2111 2197 2262 2268 2375 2419 2476 2504 2585 2594 2679 2736 2783 2814 2869 2935 2985
7 29 75 138 178 245 309 327 380 464 510 541 612 696 725 768 834 869 956 1015 1034 1099 1145 1224 1282 1323 1357 1404 1509 1524 1582 1668 1701 1749 1818 1854 1924 1978 2018 2066 2155 2166 2242 2272 2374 2418 2438 2524 2591 2605 2656 2746 2799 2853 2909 2950 3022
7 29 75 147 208 264 300 329 380 449 498 565 594 676 754 762 863 867 965 1009 1035 1094 1175 1230 1264 1339 1400 1423 1465 1537 1582 1658 1675 1768 1818 1869 1917 1993 2037 2072 2139 2172 2250 2272 2345 2387 2437 2504 2562 2638 2692 2714 2764 2837 2878 2950 3022
7 29 76 129 207 218 280 324 385 459 517 558 597 689 738 794 832 868 943 1020 1069 1107 1176 1198 1266 1346 1397 1437 1475 1521 1603 1635 1723 1742 1823 1843 1943 1971 2028 2104 2111 2211 2226 2301 2339 2416 2445 2490 2569 2627 2659 2720 2793 2828 2907 2917 3017
7 29 76 152 172 222 315 329 418 473 499 558 627 674 727 799 838 889 954 1022 1043 1101 1171 1208 1251 1344 1366 1407 1502 1536 1603 1638 1723 1759 1790 1838 1928 1948 2028 2083 2106 2199 2227 2269 2337 2427 2477 2490 2590 2612 2658 2735 2807 2818 2883 2949 3017
7 29 76 153 183 243 314 349 418 434 509 589 597 655 716 796 862 869 935 991 1073 1110 1185 1238 1274 1305 1393 1437 1474 1525 1603 1656 1693 1737 1790 1877 1902 1944 2004 2074 2110 2202 2253 2269 2347 2414 2446 2514 2566 2627 2699 2720 2766 2858 2873 2949 3017
7 29 77 120 164 229 297 328 394 464 495 573 599 684 747 776 832 881 958 999 1067 1091 1145 1236 1279 1335 1403 1404 1509 1542 1572 1668 1707 1763 1804 1882 1942 1971 2042 2066 2155 2176 2256 2271 2357 2384 2481 2529 2545 2621 2672 2723 2774 2848 2879 2917 2978
4 29 78 125 172 221 279 325 416 456 513 573 612 690 725 783 824 889 966 1022 1060 1087 1177 1234 1263 1331 1403 1408 1496 1553 1588 1665 1674 1775 1805 1888 1930 1947 2038 2083 2155 2189 2227 2273 2337 2388 2462 2491 2540 2600 2697 2717 2770 2855 2899 2949 2989
4 29 78 144 171 268 280 373 400 474 533 573 598 672 750 800 818 867 941 1008 1063 1093 1161 1233 1283 1346 1381 1423 1493 1532 1588 1635 1674 1756 1821 1842 1905 1971 2038 2053 2107 2172 2265 2301 2366 2405 2483 2491 2569 2608 2659 2709 2795 2856 2879 2921 2989
7 29 78 145 215 267 301 325 394 447 533 540 626 688 704 803 854 867 949 984 1062 1094 1179 1214 1263 1324 1361 1409 1476 1553 1586 1634 1708 1756 1791 1849 1932 1971 2038 2100 2155 2196 2266 2272 2330 2426 2439 2491 2561 2614 2652 2739 2778 2853 2897 2935 2991
7 29 80 116 174 257 317 329 429 439 496 541 620 694 719 764 853 867 924 1011 1038 1093 1159 1233 1294 1323 1381 1404 1480 1528 1601 1660 1693 1778 1818 1860 1905 1948 2013 2071 2140 2198 2237 2301 2363 2405 2461 2528 2591 2612 2656 2737 2799 2833 2911 2966 2972
7 29 82 124 202 244 289 329 393 472 522 565 595 698 712 787 822 913 960 1011 1069 1082 1159 1223 1266 1337 1384 1437 1480 1521 1598 1627 1678 1774 1827 1851 1941 1963 2022 2071 2106 2213 2237 2301 2335 2403 2437 2490 2576 2639 2664 2711 2803 2860 2907 2919 2983
7 29 82 148 178 255 314 341 423 460 509 544 595 662 709 783 829 864 931 1024 1060 1117 1187 1229 1278 1331 1393 1437 1466 1558 1598 1630 1701 1737 1798 1886 1907 1949 2004 2063 2155 2185 2262 2271 2364 2407 2451 2508 2540 2639 2697 2711 2776 2848 2882 2949 2983
7 29 82 152 182 230 310 324 423 482 532 565 627 687 744 781 812 881 928 1014 1047 1091 1164 1240 1251 1334 1358 1405 1502 1536 1598 1633 1678 1764 1798 1865 1938 1993 2022 2089 2111 2187 2232 2271 2329 2429 2465 2490 2557 2602 2669 2748 2805 2845 2878 2949 2983
7 29 85 134 215 240 294 324 423 440 525 541 598 694 745 797 846 881 953 984 1039 1121 1151 1225 1292 1315 1357 1430 1501 1526 1595 1642 1708 1756 1798 1873 1907 1949 2045 2104 2155 2204 2262 2301 2330 2396 2439 2495 2577 2598 2669 2723 2805 2810 2893 2919 2983
7 29 88 113 201 238 286 357 392 447 527 540 643 658 740 809 831 869 942 1019 1034 1110 1148 1201 1288 1344 1387 1436 1487 1535 1568 1666 1701 1735 1825 1880 1940 1948 2019 2084 2109 2180 2225 2269 2350 2419 2455 2522 2550 2643 2698 2736 2771 2817 2903 2935 2997
4 29 88 115 187 226 307 327 429 482 527 565 595 664 734 765 838 869 930 991 1032 1125 1147 1202 1265 1339 1368 1423 1499 1558 1594 1651 1674 1735 1818 1888 1905 1948 2019 2090 2140 2207 2237 2317 2343 2424 2470 2522 2562 2606 2692 2743 2764 2861 2891 2949 2972
4 29 88 125 202 225 275 329 392 476 508 565 626 670 730 775 822 897 963 985 1051 1111 1177 1235 1249 1304 1378 1453 1496 1553 1568 1645 1674 1774 1825 1852 1900 1947 2035 2083 2110 2213 2264 2269 2361 2390 2437 2505 2559 2628 2663 2751 2806 2858 2902 2935 2997
4 29 88 136 199 268 294 357 414 448 493 565 612 698 714 769 855 868 950 1016 1066 1107 1143 1241 1288 1315 1389 1405 1464 1535 1594 1642 1674 1769 1833 1847 1899 1949 2019 2076 2109 2208 2258 2301 2353 2423 2447 2522 2577 2635 2669 2715 2770 2822 2870 2966 2972
7 29 88 145 191 232 277 329 429 484 532 540 612 659 723 804 834 867 949 986 1065 1118 1182 1208 1249 1349 1390 1405 1476 1553 1594 1632 1701 1751 1818 1886 1912 1979 2035 2097 2110 2169 2230 2317 2354 2389 2435 2505 2566 2635 2656 2715 2799 2853 2887 2949 2972
4 29 88 147 167 231 310 328 420 454 532 565 643 692 747 800 842 867 946 981 1063 1091 1154 1236 1283 1308 1358 1436 1484 1519 1568 1659 1674 1751 1797 1846 1942 1979 2035 2073 2111 2174 2231 2287 2346 2429 2459 2505 2569 2643 2696 2736 2765 2857 2879 2917 2997
7 29 90 145 204 248 321 328 385 445 488 543 612 657 749 777 860 864 961 1024 1051 1089 1179 1215 1249 1318 1385 1453 1476 1553 1590 1636 1708 1755 1823 1861 1943 1971 2034 2100 2111 2171 2226 2269 2338 2420 2444 2505 2557 2621 2686 2706 2767 2840 2902 2949 3017
7 29 90 159 201 224 307 324 385 456 527 573 643 679 718 767 829 868 934 1000 1041 1128 1178 1240 1269 1326 1368 1423 1494 1514 1590 1664 1677 1735 1823 1850 1901 1949 2019 2061 2132 2182 2267 2269 2369 2421 2455 2520 2588 2598 2659 2729 2793 2831 2905 2949 3017
4 29 91 121 187 225 304 349 390 468 505 543 643 657 755 772 857 896 947 991 1078 1126 1185 1196 1290 1322 1386 1408 1474 1557 1610 1622 1674 1735 1832 1842 1930 1963 2040 2074 2140 2188 2253 2269 2343 2399 2470 2502 2581 2637 2661 2724 2765 2841 2874 2921 3001
7 29 92 121 178 259 276 325 385 470 510 543 612 662 746 783 816 896 950 1024 1028 1107 1152 1198 1293 1316 1389 1437 1504 1527 1579 1662 1723 1749 1828 1847 1943 1949 2018 2100 2132 2184 2226 2272 2364 2423 2438 2507 2573 2623 2684 2750 2777 2838 2898 2916 3011
7 29 92 124 175 253 305 329 424 475 537 589 612 659 743 804 858 889 960 1001 1065 1114 1158 1209 1267 1305 1352 1437 1467 1533 1579 1665 1677 1744 1790 1851 1926 1945 2021 2057 2139 2178 2238 2268 2354 2403 2475 2504 2566 2623 2699 2750 2766 2860 2869 2920 3011
7 29 93 125 170 230 308 373 387 482 504 565 612 676 729 779 862 897 963 996 1062 1131 1164 1190 1263 1336 1372 1409 1496 1553 1614 1633 1677 1749 1835 1850 1925 1944 2024 2095 2107 2202 2258 2272 2328 2392 2446 2491 2584 2602 2654 2732 2766 2858 2897 2949 2998
7 29 94 113 210 230 297 356 400 442 539 540 612 685 729 798 826 869 942 1017 1046 1115 1165 1190 1278 1335 1360 1437 1487 1535 1579 1668 1678 1740 1802 1879 1941 1971 2006 2065 2107 2202 2230 2271 2339 2420 2482 2531 2545 2642 2672 2731 2775 2817 2897 2966 3009
4 29 94 156 167 226 304 349 397 446 522 544 612 691 749 801 824 865 935 981 1036 1086 1176 1227 1295 1298 1371 1437 1511 1523 1579 1648 1674 1751 1805 1874 1915 1978 2044 2068 2111 2192 2236 2317 2346 2418 2459 2492 2574 2642 2697 2731 2770 2855 2890 2919 3009
7 29 95 120 214 244 282 327 413 479 531 558 595 669 712 765 818 897 957 1015 1050 1131 1145 1223 1285 1324 1366 1453 1509 1542 1573 1652 1707 1776 1819 1856 1892 1971 2016 2066 2106 2213 2242 2272 2338 2398 2441 2523 2544 2632 2670 2725 2801 2850 2907 2921 2990
7 29 95 121 206 237 281 357 413 451 516 572 643 675 718 809 816 867 950 1008 1038 1094 1156 1230 1290 1336 1400 1405 1474 1557 1573 1659 1693 1771 1819 1883 1917 1944 2036 2103 2132 2169 2216 2272 2332 2387 2454 2502 2546 2617 2693 2740 2777 2838 2914 2921 2990
7 29 95 132 173 243 284 324 417 434 531 572 598 694 716 797 826 897 924 1025 1039 1111 1169 1199 1273 1318 1364 1409 1503 1555 1587 1672 1693 1776 1808 1860 1937 1971 2016 2061 2109 2202 2243 2269 2330 2405 2482 2523 2577 2627 2666 2737 2775 2817 2913 2966 2976
7 29 95 152 175 235 322 324 415 453 534 558 643 695 740 767 861 889 928 1001 1076 1087 1143 1228 1273 1338 1362 1405 1483 1555 1573 1637 1707 1773 1817 1865 1936 1979 2016 2057 2109 2183 2238 2273 2354 2429 2445 2523 2553 2617 2674 2740 2756 2845 2875 2920 2990
7 29 96 143 194 241 281 341 426 451 536 545 643 654 709 779 838 867 962 986 1062 1117 1156 1229 1276 1336 1380 1430 1510 1514 1583 1659 1708 1739 1794 1861 1907 1948 2013 2067 2107 2199 2259 2268 2351 2419 2477 2512 2584 2613 2654 2709 2807 2818 2882 2949 3023
7 29 97 131 190 264 321 357 428 477 521 589 594 655 754 781 818 881 955 1019 1047 1106 1148 1230 1251 1318 1352 1407 1487 1518 1604 1636 1678 1738 1795 1857 1904 1971 2042 2084 2139 2172 2225 2269 2362 2411 2483 2509 2557 2609 2686 2742 2795 2856 2878 2921 3001
7 29 99 113 200 222 272 356 389 452 537 545 620 678 741 807 831 864 942 1013 1037 1089 1170 1215 1274 1322 1385 1437 1482 1540 1584 1655 1723 1750 1834 1879 1943 1963 2014 2098 2109 2185 2222 2269 2335 2420 2449 2498 2553 2634 2690 2738 2771 2817 2910 2920 3019
7 29 99 146 167 236 317 341 430 439 517 589 620 691 737 801 856 867 931 981 1061 1094 1159 1214 1293 1323 1361 1437 1478 1534 1584 1660 1679 1757 1794 1868 1932 1978 2012 2073 2106 2197 2231 2272 2346 2426 2453 2500 2548 2634 2699 2738 2762 2850 2864 2917 3019
7 29 100 117 181 229 320 349 398 464 498 541 643 657 747 772 861 864 962 997 1078 1117 1181 1206 1254 1310 1380 1423 1486 1565 1590 1631 1707 1766 1817 1861 1931 1948 2039 2091 2111 2176 2221 2271 2343 2419 2452 2492 2581 2621 2674 2706 2756 2845 2911 2950 3007
7 29 100 130 214 257 297 328 384 439 539 541 597 674 739 770 855 889 969 989 1076 1124 1159 1231 1255 1343 1360 1437 1478 1550 1603 1660 1707 1740 1812 1838 1914 1949 2006 2073 2106 2178 2223 2287 2364 2412 2478 2526 2549 2612 2679 2735 2768 2824 2893 2966 2993
7 29 100 138 190 218 322 324 407 459 497 541 627 655 753 781 854 869 956 1019 1045 1125 1149 1204 1280 1312 1398 1407 1509 1524 1603 1663 1707 1781 1788 1877 1903 1971 2006 2062 2110 2196 2247 2317 2362 2393 2439 2526 2559 2627 2655 2720 2778 2853 2884 2935 2993
7 29 100 156 212 240 288 329 413 440 524 541 612 679 746 804 848 868 963 987 1054 1131 1151 1223 1295 1320 1372 1453 1511 1523 1590 1642 1707 1741 1803 1850 1892 1944 2039 2094 2132 2203 2242 2302 2333 2392 2461 2492 2578 2598 2653 2729 2796 2826 2872 2919 3007
7 29 100 160 184 222 300 329 407 473 498 572 597 650 741 792 831 864 960 988 1036 1090 1152 1235 1295 1339 1400 1437 1507 1523 1603 1658 1675 1766 1788 1864 1922 1948 2039 2097 2132 2185 2228 2317 2373 2391 2449 2492 2583 2612 2671 2735 2763 2825 2890 2935 2993
7 29 101 138 185 237 284 324 431 451 499 545 620 668 718 791 834 865 956 1018 1053 1128 1172 1240 1257 1347 1395 1407 1471 1562 1606 1643 1693 1757 1792 1877 1901 1979 2031 2092 2155 2169 2222 2272 2359 2393 2435 2495 2540 2617 2683 2707 2799 2853 2905 2949 2998
7 29 102 116 190 267 310 324 419 454 494 541 643 679 704 767 854 867 924 1012 1041 1116 1154 1222 1284 1308 1396 1409 1480 1528 1612 1659 1678 1781 1820 1866 1910 1963 2010 2077 2139 2196 2221 2302 2369 2399 2439 2536 2588 2607 2678 2714 2798 2833 2889 2943 2987
7 29 102 129 208 247 279 324 391 475 539 544 620 668 752 791 849 881 943 995 1053 1127 1158 1199 1284 1331 1377 1437 1467 1528 1584 1665 1675 1736 1798 1843 1922 1947 2010 2057 2139 2173 2244 2273 2359 2416 2471 2536 2540 2630 2697 2742 2776 2828 2876 2966 3016
7 29 102 154 183 259 283 327 393 463 528 541 620 655 746 796 816 896 955 991 1054 1082 1147 1223 1295 1306 1376 1437 1499 1520 1584 1671 1678 1745 1796 1857 1941 1944 2050 2090 2124 2184 2237 2317 2347 2411 2438 2496 2585 2630 2679 2742 2783 2832 2872 2921 3016
7 29 104 130 186 244 311 341 420 472 523 565 643 676 755 779 846 865 934 981 1072 1128 1159 1200 1282 1316 1368 1404 1478 1550 1577 1627 1707 1771 1810 1850 1942 1949 2030 2073 2140 2170 2231 2272 2328 2421 2474 2497 2575 2639 2682 2732 2756 2859 2870 2919 2984
7 29 104 152 208 268 288 329 410 448 524 565 598 682 750 776 863 881 954 995 1067 1095 1143 1233 1279 1320 1372 1407 1483 1555 1581 1642 1707 1768 1829 1838 1903 1979 2011 2057 2107 2172 2244 2268 2359 2427 2437 2516 2545 2635 2687 2727 2782 2818 2879 2966 2980
7 29 105 132 176 264 289 329 416 449 520 573 612 679 714 804 826 896 924 1022 1054 1126 1171 1196 1252 1302 1386 1404 1502 1556 1582 1662 1678 1755 1802 1866 1930 1993 2000 2083 2109 2212 2227 2269 2333 2399 2473 2521 2578 2638 2672 2714 2775 2817 2915 2943 2992
4 29 106 121 202 250 279 325 399 434 539 572 599 698 722 787 833 867 950 1011 1063 1119 1185 1195 1260 1340 1377 1437 1474 1557 1609 1656 1674 1736 1791 1847 1915 1963 2010 2074 2110 2197 2234 2295 2335 2423 2476 2532 2582 2619 2671 2715 2760 2838 2904 2966 2986
7 29 106 123 190 240 316 325 392 438 494 540 643 673 745 763 846 881 940 1019 1067 1092 1162 1218 1260 1332 1390 1430 1472 1557 1583 1644 1707 1781 1810 1856 1940 1947 2010 2084 2110 2204 2225 2302 2362 2415 2439 2532 2558 2600 2682 2721 2756 2859 2900 2921 3013
7 29 106 148 175 218 311 341 386 467 502 540 599 659 738 804 832 868 931 1001 1054 1123 1170 1232 1295 1302 1387 1437 1505 1520 1609 1641 1707 1773 1804 1886 1914 1945 2046 2075 2109 2211 2220 2317 2354 2407 2445 2496 2578 2619 2672 2715 2774 2848 2872 2943 2986
4 29 106 154 199 241 284 341 392 451 531 572 620 672 741 801 830 865 941 1003 1036 1111 1172 1235 1295 1347 1364 1453 1499 1520 1583 1643 1674 1746 1810 1842 1900 1948 2046 2064 2109 2167 2264 2302 2365 2405 2472 2496 2574 2613 2648 2709 2789 2846 2890 2921 3013
7 30 54 119 211 245 281 337 403 451 515 580 638 671 753 758 855 880 950 992 1040 1113 1180 1235 1252 1328 1400 1405 1498 1518 1575 1647 1685 1765 1834 1878 1917 1986 2041 2068 2144 2167 2267 2293 2370 2394 2433 2487 2546 2627 2669 2716 2782 2830 2899 2921 3006
7 30 54 121 165 269 320 362 413 459 515 550 618 675 718 777 858 880 926 979 1038 1105 1181 1234 1248 1314 1363 1409 1495 1522 1602 1654 1715 1765 1798 1859 1909 1986 2041 2103 2120 2181 2244 2312 2367 2409 2479 2487 2570 2617 2690 2752 2777 2810 2902 2917 2978
7 30 54 157 173 235 306 365 430 461 495 550 638 690 728 774 826 902 966 993 1076 1087 1141 1220 1272 1343 1364 1405 1462 1549 1575 1672 1715 1734 1808 1860 1912 1959 2001 2097 2123 2206 2243 2273 2354 2378 2470 2529 2572 2627 2674 2716 2807 2829 2875 2941 3006
7 30 54 158 201 244 282 340 413 454 495 580 599 701 747 776 842 902 952 1018 1075 1131 1166 1195 1279 1298 1386 1429 1471 1541 1602 1628 1685 1734 1798 1864 1919 1959 2001 2078 2147 2182 2234 2312 2338 2423 2441 2529 2586 2644 2670 2725 2797 2827 2866 2917 2978
7 30 55 116 165 228 285 347 415 458 505 584 632 675 752 777 853 865 954 979 1057 1106 1154 1221 1284 1335 1403 1409 1493 1527 1574 1667 1689 1777 1792 1888 1937 1986 2046 2081 2146 2190 2265 2279 2367 2401 2468 2508 2550 2625 2652 2722 2757 2808 2880 2934 2983
4 30 56 120 177 267 294 365 389 479 521 554 595 650 709 805 829 874 951 1015 1075 1107 1167 1233 1279 1349 1402 1429 1509 1541 1576 1648 1713 1737 1822 1844 1911 1985 1998 2070 2123 2189 2247 2312 2345 2398 2465 2529 2558 2629 2663 2714 2801 2835 2866 2921 2975
7 30 56 123 174 263 274 364 417 483 523 578 595 656 729 778 828 880 941 998 1078 1099 1162 1241 1277 1341 1399 1429 1493 1521 1576 1627 1689 1758 1794 1838 1906 1986 2041 2071 2116 2194 2260 2273 2355 2424 2480 2484 2566 2629 2668 2714 2786 2852 2887 2961 2975
7 30 56 160 212 262 319 333 415 448 523 554 599 679 721 799 843 880 946 1006 1042 1086 1187 1216 1251 1344 1354 1448 1484 1547 1572 1641 1713 1758 1796 1858 1941 1986 2041 2079 2146 2186 2261 2269 2340 2421 2442 2484 2561 2632 2648 2712 2762 2831 2897 2941 2979
7 30 57 108 178 263 272 368 399 469 534 580 611 667 736 782 835 874 927 1012 1039 1122 1144 1207 1272 1303 1373 1405 1461 1555 1573 1634 1689 1748 1811 1871 1922 1983 2047 2057 2130 2187 2226 2273 2368 2392 2483 2523 2571 2643 2669 2729 2806 2845 2913 2958 3016
4 30 57 120 215 227 292 347 429 464 534 554 599 700 708 792 856 874 951 999 1026 1093 1153 1198 1285 1311 1352 1445 1509 1541 1612 1663 1715 1748 1812 1859 1926 1983 2047 2086 2150 2199 2261 2286 2347 2384 2446 2523 2547 2613 2682 2728 2774 2835 2865 2917 2976
4 30 57 158 164 250 285 347 406 451 505 580 595 684 711 766 852 902 952 980 1029 1104 1160 1223 1285 1335 1403 1422 1471 1541 1573 1667 1689 1776 1804 1883 1942 1955 2047 2085 2150 2176 2237 2309 2336 2403 2453 2523 2544 2621 2658 2751 2786 2827 2862 2921 3016
7 30 57 161 174 248 273 362 407 443 529 580 599 670 744 764 844 908 943 998 1028 1088 1173 1204 1290 1305 1350 1445 1475 1532 1612 1626 1689 1758 1833 1888 1924 1969 2036 2098 2116 2179 2234 2269 2355 2412 2480 2533 2552 2613 2684 2728 2802 2836 2885 2934 2976
7 30 59 150 215 253 295 340 415 462 532 545 608 683 706 808 858 874 934 999 1054 1108 1184 1195 1264 1328 1370 1442 1477 1543 1569 1633 1719 1745 1796 1845 1941 1986 2038 2086 2146 2209 2261 2293 2347 2411 2450 2496 2560 2636 2654 2700 2756 2832 2908 2917 2979
7 30 60 117 188 236 284 362 406 480 520 541 634 677 755 807 850 887 921 1005 1059 1115 1136 1212 1289 1338 1359 1419 1472 1548 1570 1644 1692 1747 1804 1879 1942 1955 2028 2059 2150 2177 2237 2273 2335 2376 2476 2535 2556 2641 2679 2738 2766 2814 2889 2958 3016
7 30 60 133 171 264 296 333 399 452 533 557 634 691 725 756 818 908 931 978 1035 1098 1151 1230 1276 1320 1383 1419 1505 1531 1570 1673 1675 1764 1811 1867 1922 1983 2049 2091 2130 2162 2226 2309 2325 2426 2443 2514 2574 2641 2698 2738 2776 2842 2877 2921 3016
4 30 61 129 181 236 299 325 415 481 498 578 638 663 755 765 850 887 950 1001 1061 1113 1138 1214 1294 1339 1400 1419 1504 1539 1568 1658 1679 1754 1792 1878 1937 1986 2032 2058 2146 2177 2265 2286 2357 2394 2476 2507 2538 2640 2649 2723 2760 2820 2887 2927 2983
7 30 61 143 208 267 320 364 426 479 498 545 611 654 709 768 845 887 918 989 1047 1117 1161 1192 1270 1314 1379 1415 1484 1564 1580 1654 1713 1754 1806 1839 1939 1986 2032 2105 2107 2189 2235 2312 2362 2419 2449 2507 2570 2629 2690 2710 2770 2817 2908 2931 2972
4 30 63 130 191 253 303 340 417 462 533 541 632 657 751 771 855 904 970 991 1049 1133 1147 1209 1244 1314 1376 1419 1491 1520 1569 1671 1699 1779 1794 1872 1906 1986 2035 2078 2116 2164 2260 2312 2357 2401 2436 2498 2581 2636 2679 2700 2775 2837 2911 2921 2975
7 30 63 136 184 246 318 365 389 470 488 563 632 683 752 781 836 874 953 1000 1053 1122 1138 1207 1289 1316 1373 1419 1465 1563 1569 1670 1675 1736 1822 1845 1922 1962 2012 2097 2146 2173 2236 2273 2374 2392 2463 2522 2591 2636 2663 2700 2801 2828 2896 2961 2975
4 30 63 156 196 251 298 333 389 440 537 541 608 677 754 769 863 905 967 990 1058 1125 1150 1215 1250 1315 1357 1442 1482 1514 1569 1655 1699 1775 1822 1874 1911 1985 2035 2094 2123 2185 2247 2273 2372 2380 2457 2498 2564 2592 2693 2744 2771 2829 2884 2961 2975
4 30 65 121 181 266 323 368 423 466 501 557 595 663 732 765 843 874 920 1001 1026 1129 1181 1225 1245 1320 1371 1419 1495 1522 1598 1648 1715 1774 1811 1860 1894 1986 2038 2103 2111 2173 2221 2307 2357 2424 2456 2490 2574 2610 2698 2743 2776 2816 2906 2941 2991
4 30 65 144 182 268 295 368 420 454 532 580 618 652 738 794 837 905 969 1020 1069 1114 1142 1197 1245 1308 1370 1442 1472 1522 1588 1653 1692 1745 1801 1843 1905 1955 2038 2053 2111 2185 2238 2283 2371 2405 2483 2490 2568 2620 2696 2746 2788 2857 2862 2917 3002
4 30 65 161 205 231 282 333 423 455 495 580 608 698 737 769 846 908 945 1010 1052 1131 1182 1216 1288 1303 1386 1405 1479 1528 1598 1622 1692 1731 1811 1870 1896 1949 2004 2101 2147 2169 2218 2307 2352 2423 2430 2525 2571 2635 2669 2719 2806 2834 2881 2941 2991
7 30 66 119 189 228 298 347 426 458 537 557 599 700 732 792 828 904 939 1025 1026 1083 1180 1225 1245 1330 1357 1442 1498 1518 1574 1640 1685 1775 1806 1865 1939 1986 2035 2068 2107 2210 2235 2283 2347 2421 2464 2494 2547 2625 2662 2722 2797 2841 2906 2961 2972
4 30 68 133 187 237 273 337 426 443 486 557 599 681 747 804 832 908 931 1025 1077 1117 1173 1192 1271 1305 1393 1415 1505 1531 1609 1626 1713 1763 1784 1886 1939 1945 2007 2068 2147 2188 2235 2293 2349 2406 2482 2520 2575 2624 2660 2719 2762 2842 2869 2957 2993
4 30 68 159 214 236 313 365 410 481 486 578 618 656 718 789 837 908 955 1000 1052 1085 1138 1227 1262 1325 1353 1444 1465 1540 1590 1658 1692 1763 1801 1850 1901 1945 2007 2097 2120 2213 2236 2273 2344 2386 2455 2520 2551 2640 2696 2702 2788 2857 2909 2927 3013
7 30 69 145 214 250 317 329 389 461 512 563 632 680 717 764 810 908 948 1000 1028 1098 1141 1230 1290 1332 1383 1405 1462 1561 1613 1672 1689 1753 1788 1849 1922 1985 2051 2097 2123 2169 2236 2309 2344 2426 2466 2505 2552 2611 2656 2726 2757 2853 2885 2927 3010
7 30 72 130 167 258 289 340 429 455 501 580 635 648 720 800 831 865 970 982 1055 1106 1136 1221 1255 1345 1403 1419 1466 1544 1601 1669 1679 1767 1789 1872 1937 1983 2044 2065 2150 2192 2251 2279 2325 2401 2441 2511 2576 2607 2650 2709 2800 2837 2913 2941 2999
4 30 72 161 169 261 299 325 393 436 498 580 618 684 723 766 862 908 945 974 1032 1098 1183 1219 1281 1339 1400 1415 1479 1528 1595 1658 1679 1760 1791 1883 1932 1962 2025 2100 2144 2188 2238 2309 2336 2410 2452 2531 2541 2599 2646 2751 2790 2834 2874 2931 3005
7 30 74 136 187 219 277 329 396 441 507 563 611 664 745 776 819 874 937 999 1075 1092 1170 1217 1246 1298 1382 1444 1510 1519 1578 1634 1713 1780 1825 1882 1940 1989 2027 2099 2147 2160 2249 2283 2375 2402 2466 2530 2586 2598 2670 2740 2770 2844 2900 2917 3002
7 30 74 140 213 231 319 333 384 455 490 563 595 681 711 783 829 905 931 1009 1051 1123 1136 1188 1294 1316 1387 1419 1466 1534 1598 1669 1713 1735 1822 1886 1893 1949 2043 2065 2150 2195 2224 2286 2369 2406 2459 2513 2591 2635 2663 2719 2801 2835 2898 2957 2981
7 30 75 144 208 224 299 329 399 432 498 580 611 701 717 776 839 905 965 1012 1074 1098 1137 1230 1244 1333 1400 1419 1468 1525 1618 1664 1675 1754 1827 1864 1922 1969 2032 2057 2144 2195 2226 2312 2338 2410 2449 2492 2587 2628 2650 2725 2761 2859 2885 2927 2998
7 30 76 161 171 245 302 365 410 451 494 580 611 648 709 800 857 908 943 978 1063 1107 1180 1233 1291 1308 1372 1442 1475 1532 1582 1647 1699 1742 1801 1872 1911 1959 2000 2091 2107 2211 2226 2279 2325 2428 2467 2532 2568 2627 2696 2709 2788 2836 2866 2921 3013
7 30 78 123 207 255 302 347 425 478 507 578 638 697 708 794 842 880 941 979 1069 1093 1154 1198 1242 1308 1358 1444 1493 1521 1619 1647 1716 1756 1816 1884 1926 1959 2050 2081 2111 2172 2265 2279 2326 2378 2451 2521 2568 2608 2696 2720 2773 2852 2865 2917 2997
4 30 81 113 191 243 319 362 411 485 490 584 611 657 736 771 847 869 921 991 1068 1109 1151 1238 1274 1344 1387 1419 1498 1523 1618 1641 1685 1735 1790 1836 1902 1986 2043 2098 2130 2207 2241 2269 2357 2419 2481 2506 2561 2617 2648 2736 2768 2818 2880 2957 2992
7 30 81 150 213 242 307 347 403 444 490 550 595 661 748 766 845 869 941 1019 1032 1099 1184 1205 1254 1339 1399 1444 1477 1543 1589 1650 1719 1735 1818 1838 1943 1986 2043 2086 2144 2180 2242 2286 2359 2424 2459 2506 2541 2625 2646 2708 2763 2824 2902 2931 3023
4 30 82 145 189 258 282 340 424 455 522 563 608 683 734 808 860 908 961 1025 1054 1085 1182 1200 1287 1303 1360 1445 1508 1516 1601 1622 1685 1775 1809 1836 1929 1983 2049 2072 2107 2179 2231 2273 2347 2379 2464 2491 2560 2607 2680 2709 2767 2839 2883 2957 2989
4 30 88 156 214 263 273 362 404 469 486 581 618 693 736 777 863 865 967 994 1057 1109 1148 1238 1284 1301 1393 1415 1460 1535 1595 1630 1689 1763 1828 1840 1902 1989 2007 2059 2123 2187 2248 2273 2350 2414 2455 2500 2550 2643 2687 2707 2771 2829 2880 2957 2989
7 30 89 115 196 245 285 337 421 451 539 545 595 690 709 788 847 902 920 1022 1047 1129 1160 1192 1270 1335 1371 1448 1491 1534 1575 1667 1699 1755 1785 1860 1927 1986 2024 2064 2123 2211 2245 2279 2340 2424 2477 2536 2550 2627 2652 2716 2764 2822 2908 2957 2970
7 30 89 140 182 221 317 337 393 441 512 563 634 685 714 760 856 905 931 1020 1071 1098 1148 1219 1270 1347 1383 1415 1466 1534 1566 1657 1679 1781 1817 1867 1932 1983 2024 2053 2123 2199 2238 2312 2371 2426 2446 2536 2545 2595 2676 2744 2774 2835 2883 2917 2978
4 30 90 130 205 250 309 333 412 451 492 580 632 652 717 806 846 865 946 1002 1074 1111 1160 1230 1244 1312 1362 1448 1491 1520 1617 1667 1716 1731 1810 1881 1908 1969 2008 2064 2123 2169 2264 2283 2360 2397 2430 2498 2558 2621 2699 2707 2779 2860 2885 2921 3018
7 30 90 131 201 261 313 340 405 436 489 580 638 667 730 782 842 887 934 989 1058 1115 1183 1240 1250 1325 1350 1442 1507 1514 1617 1658 1716 1734 1816 1871 1915 1945 2008 2072 2116 2182 2267 2273 2368 2385 2441 2498 2551 2599 2696 2729 2773 2852 2884 2931 3018
7 30 90 151 184 235 292 347 405 467 488 581 632 693 748 777 823 880 956 1024 1038 1099 1143 1205 1248 1338 1398 1448 1458 1515 1617 1636 1715 1736 1816 1840 1943 1955 2012 2088 2107 2186 2240 2273 2350 2425 2463 2494 2570 2621 2665 2707 2804 2839 2902 2931 3018
7 30 91 159 178 251 292 364 390 440 534 584 611 654 754 768 837 902 955 1018 1047 1087 1168 1210 1287 1338 1352 1445 1487 1519 1610 1636 1699 1748 1832 1846 1923 1955 2047 2071 2120 2185 2241 2273 2362 2390 2483 2488 2570 2592 2665 2703 2788 2857 2890 2917 3000
7 30 93 126 175 245 270 364 398 467 489 581 595 680 709 778 857 908 968 974 1054 1117 1150 1192 1264 1331 1393 1442 1501 1543 1613 1629 1685 1738 1835 1849 1939 1949 2004 2075 2123 2211 2262 2293 2330 2406 2467 2496 2590 2611 2672 2726 2781 2843 2908 2931 2986
7 30 93 144 190 265 312 329 404 480 517 581 618 673 739 792 817 904 965 994 1026 1130 1136 1217 1245 1311 1369 1419 1472 1522 1583 1644 1685 1749 1802 1864 1902 1962 2010 2059 2150 2164 2248 2307 2374 2410 2475 2490 2547 2612 2682 2753 2783 2859 2906 2917 3017
4 30 93 150 205 241 306 364 404 459 495 550 608 697 754 760 819 869 941 1002 1071 1087 1167 1210 1264 1347 1364 1429 1477 1543 1583 1668 1716 1731 1802 1884 1923 1989 2004 2102 2123 2196 2227 2307 2360 2378 2430 2496 2545 2645 2676 2720 2789 2824 2890 2917 3017
7 30 96 113 174 265 296 325 413 452 519 545 634 656 706 778 853 908 928 998 1054 1131 1151 1195 1264 1320 1397 1429 1498 1523 1590 1673 1685 1778 1791 1850 1919 1986 2017 2098 2120 2198 2234 2307 2355 2413 2460 2517 2590 2640 2683 2702 2754 2811 2908 2934 2985
7 30 99 126 197 236 277 362 407 480 507 581 608 691 718 759 837 908 968 981 1032 1105 1157 1234 1254 1309 1382 1444 1501 1543 1570 1622 1679 1780 1833 1867 1909 1955 2027 2067 2130 2213 2250 2286 2322 2389 2455 2506 2548 2641 2684 2738 2802 2843 2902 2917 2976
7 30 100 115 168 243 278 368 389 457 520 578 618 697 736 794 847 869 920 1017 1055 1122 1186 1207 1255 1296 1366 1419 1481 1544 1583 1656 1675 1757 1788 1884 1922 1985 2018 2080 2123 2207 2236 2279 2326 2399 2481 2511 2582 2645 2649 2720 2764 2822 2913 2958 3010
7 30 100 116 212 265 277 329 389 480 518 541 608 674 706 804 853 908 954 990 1077 1107 1157 1233 1271 1309 1372 1429 1474 1546 1583 1622 1713 1741 1788 1862 1911 1962 2025 2094 2146 2198 2247 2279 2356 2428 2460 2504 2575 2612 2656 2753 2757 2808 2869 2958 3010
7 30 100 130 177 219 321 368 398 441 514 541 635 679 745 774 846 904 946 995 1076 1083 1148 1225 1255 1343 1357 1415 1466 1544 1606 1657 1713 1762 1835 1858 1939 1949 2018 2053 2123 2160 2262 2283 2364 2421 2438 2511 2572 2598 2674 2712 2779 2860 2892 2941 2986
4 30 103 108 213 262 290 347 380 472 531 550 611 674 728 790 845 904 954 1009 1076 1101 1140 1220 1272 1327 1377 1409 1461 1555 1587 1632 1713 1735 1806 1862 1897 1959 2002 2061 2150 2180 2228 2269 2369 2428 2459 2523 2556 2608 2690 2753 2770 2817 2875 2958 3019
4 30 103 110 190 258 298 347 431 447 493 578 635 656 720 789 822 878 928 1024 1039 1127 1143 1221 1272 1315 1401 1405 1458 1555 1615 1655 1685 1773 1799 1850 1917 1985 2002 2088 2150 2192 2240 2273 2344 2413 2451 2523 2564 2615 2693 2702 2794 2814 2913 2934 2990
7 30 103 120 183 241 321 368 401 459 493 550 599 687 738 762 832 878 944 1004 1029 1114 1167 1197 1285 1332 1378 1422 1509 1541 1587 1668 1713 1773 1784 1882 1905 1985 2002 2070 2130 2212 2256 2309 2334 2395 2458 2523 2548 2645 2660 2717 2762 2842 2862 2917 3019
7 30 103 136 212 223 273 337 431 445 529 550 595 690 724 788 836 887 953 1006 1047 1115 1170 1240 1287 1301 1350 1445 1510 1519 1615 1630 1713 1758 1799 1852 1915 1989 2036 2099 2146 2193 2242 2273 2340 2385 2442 2488 2550 2594 2687 2723 2801 2828 2890 2934 2990
4 30 103 159 162 255 281 337 401 478 515 578 611 673 714 808 820 908 965 981 1054 1098 1154 1219 1287 1328 1400 1409 1487 1519 1587 1647 1685 1771 1784 1864 1932 1969 2036 2087 2146 2166 2230 2309 2358 2410 2432 2488 2560 2608 2654 2753 2768 2846 2883 2917 3019
7 30 104 108 169 237 316 325 425 443 511 580 635 671 747 805 862 874 927 986 1075 1108 1140 1195 1279 1312 1370 1448 1461 1555 1585 1660 1713 1760 1810 1852 1941 1959 2011 2061 2111 2188 2251 2293 2324 2411 2452 2515 2558 2624 2699 2743 2779 2845 2866 2934 3004
4 30 105 116 183 223 319 333 412 434 490 584 635 654 735 796 862 865 918 1004 1072 1109 1157 1201 1262 1316 1387 1444 1474 1546 1603 1669 1713 1773 1810 1839 1940 1962 2005 2094 2130 2183 2233 2273 2334 2419 2458 2514 2555 2605 2699 2710 2779 2845 2888 2931 3018
7 30 105 133 211 219 290 347 405 438 531 584 634 650 702 779 840 880 951 992 1042 1132 1173 1223 1276 1327 1377 1445 1505 1531 1603 1632 1713 1732 1816 1844 1915 1945 2005 2068 2116 2203 2267 2283 2370 2398 2468 2514 2581 2601 2665 2714 2804 2821 2871 2921 3018
7 30 105 157 188 221 278 325 412 435 520 578 634 656 714 778 826 874 966 985 1054 1122 1177 1219 1287 1331 1366 1445 1496 1516 1603 1620 1719 1747 1810 1838 1908 1969 2028 2082 2123 2199 2264 2273 2355 2399 2476 2491 2590 2601 2672 2714 2807 2829 2883 2931 3018
7 30 106 110 182 242 303 347 423 444 512 554 634 650 721 779 850 902 928 1021 1042 1131 1163 1216 1251 1314 1397 1405 1502 1512 1589 1671 1692 1781 1804 1850 1896 1986 2024 2089 2111 2206 2218 2312 2370 2413 2446 2521 2581 2625 2679 2708 2766 2814 2897 2927 2998
7 30 107 119 164 224 307 347 425 432 535 580 635 670 737 789 852 880 939 986 1052 1086 1137 1216 1288 1325 1354 1442 1464 1551 1592 1664 1719 1776 1816 1865 1941 1949 2019 2061 2120 2176 2251 2269 2330 2421 2453 2501 2551 2628 2696 2752 2773 2841 2881 2927 2997
4 30 107 131 188 267 275 329 430 469 525 580 595 698 709 786 845 887 960 1005 1063 1100 1148 1233 1291 1299 1362 1415 1460 1560 1594 1630 1719 1774 1818 1855 1918 1959 2015 2059 2123 2189 2237 2307 2335 2408 2449 2505 2582 2639 2646 2734 2763 2824 2866 2958 2995
7 31 54 127 208 259 314 351 408 434 520 555 639 686 724 768 823 903 926 975 1047 1105 1143 1192 1282 1338 1398 1428 1495 1564 1616 1662 1680 1765 1793 1853 1903 1979 2051 2085 2107 2181 2244 2318 2346 2427 2466 2491 2569 2617 2665 2710 2759 2836 2879 2931 3018
7 31 54 143 183 229 306 357 387 461 538 555 644 666 728 799 832 891 931 984 1070 1087 1137 1239 1276 1304 1370 1419 1505 1549 1614 1653 1680 1768 1808 1841 1906 1945 2005 2076 2145 2164 2253 2292 2353 2403 2447 2537 2580 2622 2648 2711 2798 2829 2911 2962 3020
7 31 54 152 179 254 288 363 408 448 538 546 617 691 726 776 841 891 959 976 1061 1112 1185 1191 1279 1322 1386 1449 1507 1546 1616 1628 1690 1768 1793 1838 1919 1945 2005 2078 2140 2172 2228 2318 2344 2385 2451 2537 2551 2601 2651 2725 2773 2852 2909 2931 3018
4 31 55 126 214 232 273 363 400 471 518 555 627 648 753 809 837 886 929 1013 1060 1093 1146 1213 1286 1342 1378 1432 1489 1554 1592 1645 1689 1764 1803 1883 1894 1945 2007 2073 2151 2168 2232 2274 2329 2406 2449 2527 2576 2601 2683 2749 2767 2813 2911 2967 3014
4 31 55 136 193 228 304 346 387 468 530 555 644 665 729 797 821 909 932 984 1078 1131 1180 1196 1278 1349 1398 1410 1461 1544 1610 1658 1689 1770 1831 1840 1906 1984 2040 2076 2107 2165 2253 2302 2343 2402 2448 2493 2545 2612 2646 2722 2802 2839 2881 2945 2995
7 31 55 138 191 251 288 363 427 444 522 554 644 652 739 782 834 865 939 1002 1074 1086 1139 1241 1286 1303 1402 1410 1477 1554 1610 1648 1690 1760 1792 1854 1890 1968 2007 2062 2151 2206 2261 2297 2336 2417 2432 2527 2589 2612 2663 2722 2793 2820 2897 2950 2995
7 31 56 149 165 232 317 374 414 441 515 579 617 669 710 797 858 909 960 994 1078 1084 1159 1214 1278 1296 1361 1437 1460 1521 1591 1670 1689 1742 1820 1868 1902 1960 2028 2095 2134 2211 2235 2274 2339 2394 2456 2518 2545 2631 2699 2712 2789 2854 2881 2917 3017
7 31 56 160 188 236 280 351 416 444 515 554 600 682 745 801 827 909 925 1023 1067 1129 1161 1212 1251 1314 1397 1405 1478 1548 1613 1625 1714 1742 1794 1889 1899 1960 2028 2059 2156 2183 2231 2292 2370 2376 2433 2518 2581 2628 2678 2738 2775 2850 2864 2950 2994
4 31 57 142 195 227 280 363 421 463 515 554 609 700 740 775 856 886 971 981 1034 1129 1176 1198 1293 1300 1397 1437 1503 1560 1584 1639 1703 1757 1803 1843 1915 1950 2012 2093 2156 2184 2216 2313 2359 2376 2432 2511 2565 2613 2659 2741 2790 2847 2878 2917 2992
7 31 57 152 209 228 273 363 418 468 514 567 595 673 729 766 828 870 959 972 1043 1116 1171 1208 1293 1319 1382 1449 1493 1560 1589 1667 1689 1758 1804 1838 1942 1968 2012 2105 2156 2165 2221 2302 2371 2385 2440 2511 2577 2612 2658 2744 2785 2852 2870 2932 2987
4 31 58 145 198 237 285 337 408 443 494 585 609 689 719 758 817 914 953 1005 1069 1105 1158 1192 1263 1305 1401 1428 1505 1547 1585 1659 1680 1747 1829 1880 1903 1945 2026 2054 2140 2200 2244 2308 2331 2424 2482 2497 2563 2623 2695 2743 2754 2861 2884 2945 2980
4 31 58 159 208 216 313 374 409 481 505 585 621 676 709 789 845 897 944 996 1062 1097 1144 1228 1262 1298 1372 1443 1475 1520 1577 1646 1680 1763 1825 1850 1911 1959 2011 2090 2107 2213 2226 2284 2325 2380 2468 2512 2547 2639 2689 2730 2799 2858 2914 2940 2988
7 31 61 121 173 251 294 357 430 452 495 562 644 666 739 799 813 870 948 993 1070 1080 1156 1241 1290 1298 1399 1405 1462 1538 1594 1664 1703 1766 1819 1847 1896 1959 2015 2069 2151 2206 2254 2284 2353 2423 2454 2535 2580 2604 2655 2705 2787 2838 2897 2956 2989
7 31 62 128 193 246 318 338 430 445 530 562 644 672 749 795 815 903 954 993 1036 1133 1138 1188 1267 1347 1384 1432 1481 1555 1599 1647 1675 1770 1802 1882 1896 1990 2040 2069 2120 2171 2254 2302 2334 2414 2448 2486 2555 2621 2654 2703 2781 2821 2912 2922 3007
7 31 62 138 182 229 319 369 397 462 510 541 644 694 728 794 827 878 930 985 1060 1096 1145 1239 1286 1296 1360 1432 1477 1554 1599 1668 1698 1771 1834 1861 1897 1960 2000 2056 2145 2164 2242 2274 2358 2415 2452 2527 2591 2621 2653 2703 2795 2830 2911 2950 3007
4 31 63 116 215 237 280 351 429 463 533 541 609 694 719 792 862 886 951 1007 1046 1093 1176 1192 1285 1300 1379 1454 1500 1514 1605 1639 1714 1728 1790 1839 1916 1990 2047 2096 2140 2200 2262 2274 2360 2405 2436 2510 2551 2603 2674 2724 2774 2846 2884 2931 2986
7 31 63 128 168 264 299 357 389 458 533 579 600 667 746 793 848 886 931 1013 1035 1098 1138 1230 1244 1324 1361 1419 1481 1555 1583 1634 1675 1728 1807 1864 1921 1990 2047 2069 2134 2195 2236 2284 2374 2381 2483 2510 2571 2643 2649 2708 2801 2845 2904 2967 3009
4 31 63 130 172 219 323 357 385 478 486 541 644 678 735 799 824 909 935 977 1067 1132 1169 1224 1244 1330 1357 1420 1479 1555 1605 1658 1714 1775 1833 1858 1909 1968 2047 2064 2134 2189 2242 2283 2340 2417 2460 2510 2583 2616 2694 2712 2780 2812 2871 2922 2986
7 31 65 115 199 238 298 338 420 436 489 567 600 655 745 756 823 886 937 1007 1075 1088 1160 1190 1252 1325 1382 1443 1510 1528 1588 1634 1720 1774 1801 1888 1931 1979 2023 2100 2156 2181 2258 2269 2375 2413 2466 2524 2585 2609 2657 2741 2759 2836 2887 2931 3001
7 31 65 159 195 226 305 338 418 437 532 585 608 689 749 758 824 897 966 1009 1051 1133 1161 1188 1252 1316 1387 1405 1466 1528 1597 1633 1703 1731 1800 1880 1896 1968 2023 2071 2156 2190 2266 2308 2331 2411 2459 2524 2582 2610 2669 2743 2758 2835 2912 2922 2991
7 31 66 115 205 262 290 363 425 456 502 562 639 657 739 798 823 891 937 997 1070 1086 1172 1241 1290 1326 1390 1420 1475 1563 1595 1632 1680 1750 1793 1873 1890 1959 2002 2061 2156 2196 2263 2269 2324 2428 2450 2511 2581 2595 2665 2733 2759 2836 2897 2950 3000
7 31 66 124 202 234 289 363 411 437 507 546 627 648 744 809 822 878 928 1024 1060 1082 1161 1229 1290 1331 1393 1405 1466 1563 1596 1633 1698 1746 1785 1885 1898 1973 2002 2071 2156 2191 2251 2284 2329 2401 2451 2511 2576 2602 2693 2748 2778 2848 2907 2962 2999
4 31 66 142 183 252 313 374 388 440 507 562 609 672 721 795 817 878 956 1003 1043 1092 1175 1214 1293 1320 1371 1449 1503 1560 1595 1622 1680 1746 1829 1882 1895 1973 2002 2094 2145 2212 2233 2302 2334 2412 2471 2511 2548 2625 2695 2703 2754 2861 2870 2917 3000
4 31 69 121 174 247 322 369 403 453 504 546 644 694 744 794 821 886 947 992 1060 1088 1152 1229 1290 1302 1386 1420 1462 1538 1605 1661 1689 1755 1831 1839 1892 1973 2006 2074 2140 2179 2257 2269 2358 2409 2434 2535 2591 2603 2646 2724 2802 2839 2907 2956 2979
7 31 69 142 166 259 306 357 389 434 504 554 595 695 724 786 846 886 971 990 1040 1120 1175 1206 1268 1328 1402 1443 1503 1560 1576 1629 1680 1755 1807 1836 1911 1973 2006 2094 2151 2181 2246 2318 2333 2383 2442 2535 2567 2617 2649 2749 2801 2847 2866 2932 3009
7 31 70 144 200 251 287 346 404 444 516 573 639 673 739 806 813 870 927 989 1026 1124 1161 1222 1249 1306 1392 1405 1478 1564 1589 1625 1690 1740 1796 1838 1938 1984 2020 2059 2156 2206 2265 2297 2332 2418 2454 2526 2585 2612 2677 2744 2783 2842 2915 2931 2974
4 31 70 146 198 228 323 363 391 468 493 555 639 650 707 798 818 914 928 1005 1068 1127 1180 1199 1273 1330 1350 1405 1483 1523 1589 1658 1708 1780 1809 1862 1920 1968 2039 2054 2112 2187 2244 2283 2331 2425 2449 2506 2583 2612 2694 2744 2805 2825 2880 2945 2974
7 31 74 128 198 232 270 338 420 441 493 579 639 651 753 785 837 886 954 981 1040 1114 1159 1236 1246 1343 1403 1432 1502 1534 1578 1670 1680 1780 1801 1882 1934 1994 2039 2053 2140 2168 2255 2283 2355 2414 2449 2502 2568 2631 2657 2724 2759 2821 2888 2917 3001
4 31 74 161 205 220 282 346 416 442 490 579 595 689 729 765 846 897 953 997 1062 1131 1181 1196 1294 1324 1375 1419 1458 1519 1597 1650 1680 1750 1807 1880 1906 1960 2016 2101 2156 2173 2224 2313 2324 2424 2450 2526 2571 2610 2649 2743 2801 2847 2881 2945 2981
7 31 75 112 170 264 279 363 418 483 510 585 608 676 737 759 852 870 929 1009 1072 1080 1142 1241 1277 1334 1399 1432 1485 1524 1570 1637 1675 1730 1804 1867 1896 1994 2041 2071 2129 2204 2266 2284 2355 2423 2472 2505 2562 2618 2658 2714 2785 2827 2900 2950 2987
7 31 75 116 166 267 307 374 399 480 521 541 608 677 718 804 829 886 951 990 1075 1103 1178 1226 1267 1349 1396 1432 1500 1514 1570 1655 1720 1741 1823 1866 1901 1984 2019 2094 2112 2168 2246 2302 2333 2379 2457 2529 2538 2618 2653 2714 2806 2846 2872 2932 2987
7 31 75 145 171 246 278 346 399 461 488 585 621 699 713 764 810 914 953 1011 1053 1122 1137 1207 1255 1332 1391 1419 1505 1547 1570 1653 1675 1753 1823 1884 1921 1950 2041 2076 2145 2207 2226 2302 2338 2420 2479 2505 2557 2605 2698 2726 2761 2861 2867 2932 2987
4 31 77 115 179 269 312 374 407 467 516 562 600 668 702 800 862 891 945 976 1051 1090 1182 1235 1252 1337 1369 1405 1510 1528 1613 1665 1708 1749 1815 1849 1920 1990 2010 2078 2121 2167 2228 2308 2344 2381 2471 2524 2540 2630 2655 2736 2791 2828 2912 2931 2973
7 31 77 148 187 246 321 369 414 445 501 562 633 657 713 798 810 914 970 1016 1068 1106 1138 1193 1273 1344 1358 1419 1476 1533 1569 1647 1708 1738 1820 1873 1902 1960 2037 2074 2134 2207 2235 2269 2324 2395 2479 2496 2583 2621 2682 2733 2807 2815 2880 2922 3017
7 31 77 150 211 236 277 351 407 444 501 573 595 701 724 763 812 914 962 1019 1066 1105 1139 1192 1264 1315 1401 1410 1477 1542 1613 1648 1698 1738 1815 1871 1903 1960 2037 2062 2151 2203 2245 2308 2322 2424 2455 2496 2590 2628 2684 2738 2763 2851 2879 2931 2973
7 31 78 159 168 251 280 363 386 444 533 573 600 665 748 777 845 909 944 1024 1038 1108 1161 1191 1280 1314 1379 1454 1466 1528 1610 1625 1703 1728 1824 1840 1923 1968 2047 2071 2107 2198 2251 2284 2363 2390 2483 2494 2569 2612 2690 2722 2799 2858 2886 2931 2972
4 31 79 128 209 258 302 351 394 473 514 579 595 701 733 763 815 886 954 1021 1066 1103 1136 1200 1260 1332 1353 1420 1502 1534 1615 1629 1724 1758 1790 1874 1928 1950 2012 2077 2120 2179 2224 2302 2322 2422 2440 2488 2590 2637 2666 2735 2781 2821 2883 2962 3022
7 31 79 140 183 269 289 346 394 470 507 590 609 690 702 774 862 891 927 984 1037 1104 1180 1237 1272 1308 1393 1405 1461 1540 1615 1656 1714 1746 1790 1877 1899 1959 2002 2076 2112 2167 2253 2302 2353 2378 2471 2498 2543 2627 2674 2745 2774 2846 2910 2962 3022
7 31 82 127 173 265 307 374 382 432 532 555 627 666 727 799 826 903 945 993 1067 1099 1141 1231 1251 1330 1385 1405 1511 1548 1596 1673 1720 1752 1809 1841 1912 1959 2001 2092 2134 2170 2232 2292 2353 2389 2469 2518 2583 2639 2694 2711 2805 2816 2864 2922 2983
7 31 82 149 200 233 305 351 425 454 532 585 617 699 742 764 841 903 962 982 1045 1133 1177 1195 1278 1308 1387 1410 1460 1521 1580 1641 1690 1752 1793 1884 1890 1959 2001 2077 2156 2182 2263 2302 2338 2411 2441 2518 2565 2596 2651 2726 2773 2852 2914 2917 3000
4 31 82 160 197 264 308 374 388 483 509 585 600 670 746 800 863 878 958 985 1028 1110 1142 1230 1251 1305 1362 1428 1478 1548 1580 1637 1690 1774 1829 1854 1908 1984 2001 2079 2134 2195 2219 2269 2342 2397 2468 2518 2563 2618 2695 2704 2754 2815 2904 2950 3000
7 31 83 138 187 267 323 363 411 480 486 541 617 670 710 776 849 878 939 974 1039 1132 1178 1208 1247 1333 1357 1410 1501 1530 1580 1655 1708 1777 1785 1854 1926 1994 2045 2093 2134 2177 2223 2313 2365 2417 2439 2495 2574 2618 2693 2704 2778 2820 2889 2932 2999
4 31 83 150 168 262 279 363 382 456 535 573 609 684 738 775 845 914 959 1013 1053 1123 1146 1209 1247 1312 1374 1449 1489 1530 1595 1659 1675 1728 1809 1845 1912 1959 2045 2073 2134 2198 2232 2274 2374 2378 2483 2495 2546 2595 2697 2733 2803 2854 2875 2940 2983
7 31 84 142 192 225 296 374 395 448 491 554 621 651 727 789 810 886 956 986 1035 1099 1185 1231 1283 1315 1363 1449 1507 1556 1578 1628 1675 1739 1823 1882 1912 1960 2017 2078 2140 2209 2218 2308 2351 2412 2477 2528 2575 2631 2698 2724 2761 2861 2864 2922 2991
4 31 89 140 162 233 318 325 383 436 520 567 633 673 723 766 862 914 927 1019 1064 1122 1148 1218 1266 1347 1394 1428 1487 1515 1587 1647 1690 1781 1810 1838 1908 1990 2036 2082 2112 2200 2225 2302 2371 2418 2436 2531 2555 2614 2654 2744 2774 2846 2874 2931 2982
7 31 89 156 173 241 302 374 383 434 489 555 617 665 751 797 826 865 944 1003 1033 1109 1175 1235 1295 1332 1378 1443 1503 1546 1587 1629 1703 1752 1810 1840 1900 1950 2044 2094 2151 2170 2233 2302 2343 2390 2469 2523 2590 2636 2666 2722 2762 2859 2862 2931 2982
4 31 90 129 213 241 281 337 407 475 512 546 617 692 751 791 849 903 949 998 1079 1090 1156 1235 1249 1331 1355 1405 1476 1552 1575 1641 1708 1736 1785 1878 1920 1960 2018 2055 2151 2170 2228 2297 2370 2394 2446 2536 2576 2594 2693 2742 2778 2820 2862 2967 3003
7 31 90 159 183 259 270 338 381 457 493 573 617 690 722 774 814 909 966 984 1031 1117 1144 1223 1269 1343 1403 1405 1475 1520 1575 1670 1680 1768 1812 1880 1936 1959 2050 2090 2145 2183 2239 2318 2353 2411 2447 2504 2549 2594 2677 2742 2768 2835 2875 2945 3003
7 31 91 112 200 256 302 351 426 484 489 585 627 697 719 781 841 870 929 989 1069 1093 1154 1192 1263 1304 1378 1443 1485 1524 1619 1657 1724 1752 1826 1883 1916 1945 2044 2059 2121 2182 2265 2292 2332 2406 2441 2521 2540 2599 2689 2700 2797 2827 2884 2931 3005
7 31 91 130 195 263 308 338 422 481 509 585 633 700 713 775 824 865 935 981 1053 1110 1159 1207 1255 1312 1362 1437 1502 1532 1619 1630 1724 1731 1830 1876 1932 1950 2044 2053 2134 2190 2255 2283 2359 2397 2459 2521 2546 2592 2697 2707 2780 2812 2867 2940 3005
4 31 92 126 195 242 307 369 403 480 532 555 608 667 706 808 840 886 923 981 1066 1099 1178 1210 1264 1349 1385 1410 1501 1542 1583 1655 1724 1731 1831 1864 1933 1979 2023 2093 2134 2174 2216 2308 2359 2389 2459 2496 2545 2643 2646 2708 2802 2819 2879 2917 2979
7 31 92 150 197 216 298 369 385 479 489 590 595 691 709 778 845 897 959 985 1044 1116 1145 1240 1264 1309 1382 1443 1477 1542 1576 1650 1690 1774 1833 1838 1909 1968 2023 2056 2134 2213 2242 2274 2342 2385 2468 2496 2542 2641 2673 2725 2803 2854 2903 2931 2986
4 31 94 150 175 223 289 363 378 459 507 590 608 680 718 759 858 897 959 1002 1050 1104 1139 1198 1254 1331 1393 1449 1477 1542 1618 1633 1698 1732 1835 1845 1939 1960 2016 2062 2112 2211 2261 2297 2351 2378 2456 2506 2584 2611 2685 2737 2789 2854 2901 2917 2976
7 31 95 110 211 267 291 325 396 458 529 579 621 701 710 763 849 878 964 1019 1078 1092 1148 1214 1278 1313 1371 1410 1487 1544 1611 1624 1720 1753 1814 1874 1895 1960 2000 2082 2129 2177 2225 2302 2322 2412 2439 2493 2579 2640 2668 2735 2766 2833 2881 2967 3013
7 31 95 128 191 227 322 337 426 453 522 579 644 659 740 804 856 886 931 986 1075 1087 1152 1205 1267 1302 1370 1437 1481 1555 1609 1661 1720 1760 1817 1841 1941 1945 2007 2055 2121 2184 2241 2297 2352 2403 2432 2486 2538 2623 2699 2719 2792 2845 2872 2922 3015
7 31 96 148 174 267 299 325 380 458 496 590 600 685 718 803 829 886 925 992 1050 1129 1138 1198 1254 1324 1397 1432 1476 1533 1611 1634 1708 1733 1791 1889 1915 1960 2017 2074 2120 2168 2257 2313 2358 2376 2457 2516 2541 2640 2680 2735 2791 2860 2901 2956 3012
7 31 97 133 166 252 316 325 427 465 521 590 608 690 754 787 818 903 966 983 1047 1133 1162 1195 1260 1319 1387 1420 1472 1516 1568 1623 1680 1741 1792 1880 1890 1968 2019 2082 2151 2180 2261 2302 2340 2411 2457 2507 2550 2600 2686 2742 2771 2859 2903 2945 2995
4 31 97 134 183 216 282 346 419 479 490 590 627 686 755 780 862 865 926 1003 1072 1128 1145 1222 1277 1324 1375 1432 1463 1524 1592 1650 1680 1746 1791 1853 1934 1990 2021 2070 2145 2167 2256 2284 2334 2427 2471 2505 2541 2641 2680 2710 2791 2828 2900 2931 2972
7 31 97 145 175 232 290 363 386 471 502 590 621 695 710 767 858 909 971 1001 1031 1132 1158 1208 1255 1326 1390 1437 1505 1547 1592 1632 1680 1732 1824 1836 1926 1945 2021 2054 2129 2211 2248 2283 2352 2383 2456 2505 2556 2601 2690 2749 2799 2844 2889 2932 2972
4 31 98 114 175 259 285 337 396 457 537 567 633 680 722 759 827 865 970 1002 1072 1106 1183 1201 1279 1334 1358 1449 1458 1565 1608 1630 1680 1754 1814 1873 1895 1960 2046 2099 2129 2183 2225 2318 2351 2395 2433 2520 2562 2594 2658 2709 2775 2850 2898 2950 3013
7 31 98 115 162 237 316 325 380 443 523 567 627 659 719 786 862 886 945 1021 1040 1099 1172 1210 1268 1299 1385 1454 1475 1563 1609 1645 1680 1781 1791 1841 1933 1959 2034 2061 2121 2200 2240 2308 2369 2389 2436 2532 2567 2623 2680 2719 2791 2828 2866 2962 3012
4 31 98 154 165 226 277 346 380 437 537 546 644 669 749 797 839 865 942 994 1033 1089 1147 1237 1295 1315 1367 1437 1494 1549 1609 1648 1703 1754 1791 1848 1915 1960 2046 2072 2120 2190 2257 2308 2339 2415 2443 2520 2590 2610 2684 2731 2787 2811 2862 2962 3012
7 31 100 130 162 252 314 351 416 440 520 541 633 677 721 767 851 909 922 1021 1031 1131 1136 1196 1255 1338 1398 1419 1502 1532 1569 1662 1680 1781 1794 1850 1906 1994 2036 2077 2121 2212 2224 2302 2369 2402 2436 2521 2556 2625 2678 2729 2775 2826 2889 2940 2994
7 31 101 134 165 250 273 363 403 470 514 590 600 688 746 777 861 865 937 994 1056 1088 1169 1229 1261 1319 1382 1420 1471 1517 1566 1667 1689 1742 1792 1888 1892 1979 2029 2072 2134 2208 2257 2292 2339 2413 2456 2495 2550 2645 2686 2707 2771 2816 2905 2962 3020
7 31 103 116 173 253 321 357 388 467 501 562 609 688 738 773 813 865 955 1003 1048 1106 1178 1201 1285 1321 1358 1410 1500 1514 1566 1669 1720 1766 1813 1888 1895 1984 2008 2094 2134 2206 2233 2318 2343 2395 2454 2510 2542 2645 2660 2707 2783 2842 2882 2931 3018
4 31 103 130 186 234 277 351 431 437 501 585 644 676 744 789 831 865 922 1018 1035 1128 1147 1232 1244 1315 1401 1419 1479 1555 1614 1648 1698 1766 1789 1850 1924 1984 2008 2088 2140 2191 2252 2284 2325 2402 2441 2510 2575 2602 2698 2730 2795 2826 2904 2922 2970
7 31 103 159 182 256 278 325 388 484 488 585 600 685 723 803 814 897 966 985 1050 1122 1154 1218 1280 1328 1391 1420 1466 1528 1566 1657 1698 1771 1813 1871 1908 1973 2024 2079 2145 2178 2219 2318 2358 2420 2452 2494 2541 2599 2676 2753 2768 2835 2874 2931 3018
7 31 105 157 198 233 281 337 422 454 512 585 633 676 723 759 817 886 965 981 1050 1098 1177 1218 1280 1331 1355 1454 1484 1522 1593 1641 1708 1747 1817 1867 1932 1973 2006 2053 2112 2200 2255 2284 2355 2387 2482 2501 2584 2596 2685 2714 2807 2808 2874 2917 3019
4 31 105 160 186 258 294 351 391 473 495 585 609 685 720 792 831 878 925 975 1039 1127 1143 1199 1269 1339 1399 1405 1495 1531 1615 1622 1708 1766 1786 1889 1920 1950 2015 2085 2129 2191 2244 2318 2368 2376 2441 2492 2558 2637 2669 2735 2772 2850 2867 2956 2996
4 31 106 110 166 238 321 357 378 436 494 554 644 678 745 799 846 903 942 983 1067 1089 1148 1212 1251 1344 1367 1428 1487 1544 1607 1647 1720 1755 1835 1848 1939 1960 2018 2082 2112 2181 2261 2269 2340 2415 2442 2522 2583 2609 2682 2721 2792 2856 2864 2945 2976
4 31 106 159 164 247 273 363 378 443 518 585 617 670 720 776 854 897 944 997 1039 1109 1172 1199 1269 1342 1378 1454 1475 1520 1607 1645 1689 1737 1835 1840 1937 1950 2035 2061 2121 2202 2263 2269 2365 2390 2472 2504 2574 2613 2685 2718 2789 2858 2867 2945 2976
7 31 107 129 192 228 294 351 426 452 535 579 644 651 729 789 828 870 930 986 1062 1096 1156 1196 1294 1298 1360 1449 1476 1552 1604 1664 1708 1775 1826 1861 1941 1960 1998 2055 2107 2165 2241 2283 2351 2415 2440 2491 2547 2628 2689 2747 2797 2840 2881 2940 3005
7 31 107 137 183 236 288 338 422 444 538 573 644 672 745 795 814 865 947 1003 1036 1088 1139 1190 1291 1303 1386 1449 1469 1559 1604 1648 1714 1768 1830 1839 1931 1973 2005 2070 2112 2183 2256 2292 2334 2409 2447 2484 2555 2628 2697 2747 2780 2822 2887 2931 3005
7 31 107 144 172 242 279 325 414 483 535 573 608 690 706 787 839 870 927 977 1047 1123 1142 1210 1282 1334 1374 1428 1478 1564 1601 1637 1714 1775 1828 1877 1910 1960 1998 2079 2134 2174 2227 2318 2340 2378 2460 2491 2550 2640 2671 2745 2757 2842 2879 2962 3008
7 32 54 141 176 223 296 374 393 433 520 569 607 652 724 804 823 887 961 1001 1047 1115 1170 1226 1267 1302 1399 1445 1467 1518 1615 1644 1726 1739 1820 1889 1935 1964 2015 2084 2108 2191 2217 2297 2362 2427 2456 2528 2558 2633 2665 2710 2772 2854 2867 2963 2981
4 32 56 109 172 233 317 374 414 450 525 569 596 648 746 799 841 910 958 1007 1032 1133 1141 1231 1251 1317 1354 1424 1482 1548 1582 1641 1688 1743 1821 1884 1941 1969 2028 2079 2134 2173 2263 2320 2338 2386 2456 2517 2563 2630 2651 2712 2776 2816 2896 2958 3016
4 32 56 133 167 267 292 347 389 481 522 569 646 653 755 777 854 914 949 1015 1073 1120 1168 1198 1281 1302 1351 1445 1469 1526 1612 1648 1688 1737 1820 1859 1938 1973 2031 2068 2152 2203 2214 2288 2347 2384 2464 2514 2558 2628 2665 2739 2772 2821 2866 2918 2985
7 32 58 111 170 228 285 347 423 458 528 569 607 649 719 779 853 891 928 1004 1033 1091 1149 1225 1263 1330 1350 1406 1498 1559 1589 1631 1694 1734 1818 1876 1905 1986 2024 2081 2158 2204 2217 2314 2359 2424 2464 2506 2565 2623 2695 2708 2805 2861 2880 2967 3009
4 32 59 109 213 263 286 376 394 452 530 586 635 686 741 802 820 893 926 1021 1029 1105 1141 1203 1274 1333 1363 1432 1482 1548 1592 1639 1688 1771 1782 1859 1900 1969 2033 2079 2125 2164 2250 2318 2358 2407 2483 2493 2554 2613 2658 2705 2803 2850 2891 2918 3013
7 32 59 120 185 264 273 353 399 443 517 586 596 682 712 806 818 882 944 979 1077 1119 1171 1192 1285 1341 1378 1454 1476 1556 1609 1636 1688 1764 1787 1847 1937 1996 2007 2070 2130 2200 2235 2309 2349 2391 2431 2519 2574 2592 2686 2717 2776 2840 2915 2945 2995
7 32 60 111 177 232 281 370 415 442 502 567 644 683 744 795 858 893 971 975 1031 1113 1149 1194 1264 1326 1394 1456 1498 1559 1594 1647 1694 1765 1783 1887 1898 1986 2017 2081 2108 2160 2247 2293 2367 2419 2441 2505 2560 2627 2654 2749 2795 2818 2887 2930 2993
4 32 60 123 165 226 294 365 379 448 506 559 644 699 728 800 839 866 963 982 1070 1101 1134 1218 1260 1301 1355 1456 1470 1549 1594 1663 1703 1775 1819 1872 1897 1991 2019 2100 2136 2175 2254 2282 2375 2415 2470 2503 2572 2627 2655 2749 2786 2811 2875 2941 2993
7 32 61 122 187 222 305 347 426 459 524 592 623 657 720 790 857 866 947 1015 1070 1095 1168 1225 1255 1347 1395 1450 1469 1538 1567 1670 1703 1733 1792 1869 1901 1958 2021 2068 2147 2181 2214 2288 2328 2379 2451 2516 2582 2615 2699 2737 2758 2849 2879 2967 3011
7 32 62 112 179 230 323 370 401 472 529 559 621 663 713 768 841 893 957 990 1026 1129 1181 1222 1284 1305 1401 1454 1480 1537 1598 1624 1726 1772 1783 1881 1917 1969 2033 2072 2119 2186 2221 2270 2360 2412 2442 2490 2586 2621 2688 2703 2762 2831 2878 2958 3007
7 32 62 124 215 261 286 336 379 447 530 559 644 687 740 804 859 887 929 982 1047 1110 1146 1210 1267 1314 1363 1432 1458 1554 1598 1658 1726 1771 1806 1851 1897 1975 2033 2100 2152 2196 2254 2309 2326 2402 2481 2490 2558 2595 2653 2729 2781 2844 2867 2918 3007
7 32 62 125 166 255 285 347 379 446 528 592 621 693 706 792 830 877 956 994 1077 1128 1160 1198 1285 1330 1350 1454 1471 1556 1598 1631 1694 1753 1806 1852 1930 1991 2004 2083 2136 2207 2222 2309 2361 2388 2451 2519 2587 2621 2674 2703 2761 2827 2915 2918 3007
4 32 64 125 165 241 301 374 427 438 514 553 613 696 707 797 830 916 956 1025 1034 1125 1167 1226 1273 1332 1353 1429 1503 1524 1583 1629 1703 1767 1810 1848 1925 1946 2013 2095 2136 2182 2265 2309 2332 2392 2477 2511 2539 2635 2670 2700 2761 2827 2884 2963 3005
7 32 64 130 194 227 274 353 405 480 525 553 618 654 739 790 855 866 923 1009 1070 1099 1174 1207 1255 1349 1397 1424 1466 1542 1583 1630 1703 1757 1831 1862 1896 1996 2013 2052 2156 2176 2238 2314 2331 2397 2432 2511 2582 2592 2697 2743 2790 2848 2879 2958 3005
7 32 65 128 197 223 301 374 394 433 489 586 635 701 733 800 815 866 965 1021 1070 1094 1157 1213 1260 1304 1378 1418 1465 1530 1615 1657 1703 1773 1825 1840 1900 1964 2014 2079 2130 2183 2250 2320 2373 2416 2469 2523 2572 2633 2652 2710 2779 2830 2875 2947 2970
7 32 67 130 162 224 296 374 382 469 520 542 618 663 736 794 835 877 957 1020 1044 1131 1135 1231 1255 1302 1399 1450 1466 1542 1595 1644 1726 1745 1829 1881 1943 1973 2009 2092 2136 2166 2224 2288 2334 2412 2473 2511 2556 2624 2667 2703 2775 2813 2907 2958 3010
7 32 67 152 189 261 270 353 425 447 501 542 640 684 740 757 861 891 952 979 1034 1104 1171 1193 1273 1344 1392 1429 1476 1524 1595 1632 1726 1762 1786 1845 1911 1958 2009 2070 2156 2196 2235 2309 2345 2382 2479 2511 2579 2595 2656 2732 2807 2853 2884 2936 3010
4 32 68 117 174 224 276 351 416 469 503 542 607 662 708 767 853 887 922 1003 1043 1100 1135 1212 1242 1322 1371 1434 1499 1560 1569 1644 1694 1746 1818 1875 1895 1994 2036 2059 2152 2194 2237 2320 2348 2423 2474 2496 2573 2624 2695 2729 2805 2861 2905 2958 3016
7 32 68 124 206 238 289 370 410 437 503 559 646 699 710 809 836 887 953 1006 1036 1102 1159 1189 1290 1343 1357 1445 1501 1512 1612 1642 1676 1746 1812 1885 1926 1994 2036 2057 2134 2191 2223 2282 2365 2403 2442 2496 2542 2631 2687 2736 2769 2819 2903 2947 2973
7 32 68 128 202 267 285 347 410 481 486 542 635 670 745 787 814 910 939 973 1039 1085 1161 1221 1260 1306 1392 1456 1465 1530 1612 1655 1694 1776 1812 1841 1898 1973 2010 2075 2156 2213 2251 2282 2330 2401 2439 2523 2564 2628 2661 2739 2794 2857 2907 2947 2973
7 32 70 118 170 237 323 370 393 479 529 553 623 671 707 757 852 891 953 1004 1034 1115 1173 1226 1273 1305 1401 1445 1473 1538 1585 1624 1726 1761 1794 1864 1935 1946 2042 2081 2125 2185 2217 2293 2359 2425 2435 2497 2579 2612 2694 2707 2754 2825 2884 2967 3008
7 32 70 130 215 243 278 342 389 455 519 553 635 695 737 796 846 866 923 982 1041 1122 1135 1205 1268 1327 1356 1434 1466 1542 1585 1657 1726 1771 1798 1858 1890 1973 2042 2092 2152 2209 2262 2318 2326 2401 2481 2497 2567 2599 2649 2720 2800 2848 2873 2941 3008
7 32 73 120 211 258 306 365 382 438 508 586 646 686 702 802 821 882 949 1023 1042 1120 1167 1236 1279 1327 1351 1429 1503 1529 1588 1629 1676 1755 1822 1859 1899 1973 2005 2095 2136 2177 2267 2318 2358 2384 2465 2503 2541 2617 2676 2705 2769 2835 2874 2930 3018
4 32 74 115 178 253 303 353 417 449 492 592 596 674 717 806 858 891 919 983 1061 1111 1147 1191 1280 1339 1359 1450 1489 1534 1587 1665 1699 1770 1786 1860 1919 1986 2024 2078 2125 2172 2229 2318 2357 2413 2430 2489 2589 2610 2699 2707 2764 2850 2908 2930 3018
4 32 74 116 193 225 305 351 396 485 524 592 607 662 750 767 811 882 950 985 1043 1095 1177 1200 1284 1345 1395 1454 1492 1518 1614 1672 1699 1750 1789 1866 1927 1975 2003 2096 2147 2200 2232 2270 2348 2379 2437 2510 2573 2596 2674 2740 2777 2846 2862 2963 2990
7 32 74 124 169 233 315 365 382 470 524 563 596 671 746 793 836 882 953 1013 1035 1131 1146 1231 1248 1299 1385 1450 1458 1554 1587 1636 1726 1750 1822 1864 1943 1975 2003 2100 2134 2173 2224 2282 2323 2425 2461 2510 2570 2610 2676 2707 2769 2819 2896 2967 3018
7 32 75 152 210 263 292 347 423 452 487 542 613 690 741 772 863 891 952 984 1037 1111 1153 1216 1268 1322 1386 1434 1476 1524 1571 1627 1688 1768 1818 1842 1893 1996 2006 2089 2147 2164 2230 2318 2322 2385 2439 2516 2573 2613 2695 2725 2805 2853 2876 2963 3009
7 32 76 110 193 237 279 326 413 479 526 553 621 665 727 801 849 893 934 998 1059 1080 1173 1230 1251 1349 1398 1424 1487 1543 1573 1624 1699 1736 1831 1874 1906 1991 1999 2066 2147 2165 2225 2320 2335 2388 2452 2522 2582 2612 2697 2719 2790 2855 2868 2967 2997
7 32 76 136 210 267 291 326 396 468 494 563 644 664 745 799 814 910 933 984 1032 1092 1179 1232 1251 1300 1380 1456 1461 1543 1594 1659 1688 1768 1803 1847 1907 1975 1999 2067 2147 2213 2252 2288 2322 2402 2439 2522 2563 2641 2668 2735 2802 2849 2896 2945 2976
4 32 76 141 184 226 318 365 398 448 526 563 646 683 716 802 823 893 961 977 1029 1083 1176 1227 1274 1307 1360 1454 1464 1521 1594 1620 1688 1736 1801 1887 1937 1991 1999 2077 2108 2186 2236 2297 2361 2429 2461 2522 2554 2627 2685 2749 2772 2854 2891 2936 2976
7 32 78 114 207 259 300 347 378 476 507 567 640 679 755 785 859 882 941 988 1065 1120 1152 1198 1289 1321 1358 1418 1477 1532 1572 1633 1716 1766 1799 1873 1938 1975 2003 2089 2158 2211 2226 2318 2325 2377 2466 2506 2553 2626 2657 2709 2789 2836 2866 2918 3013
7 32 78 147 197 227 277 376 412 480 507 581 644 682 739 783 813 882 933 1023 1033 1092 1144 1206 1263 1297 1380 1406 1462 1559 1609 1661 1703 1766 1791 1847 1934 1975 2003 2105 2130 2176 2257 2314 2371 2402 2475 2506 2561 2592 2684 2717 2786 2838 2880 2930 2975
7 32 79 108 194 254 317 336 422 437 525 569 618 649 738 779 825 916 966 981 1053 1133 1159 1239 1276 1316 1354 1445 1501 1528 1597 1642 1724 1757 1800 1876 1933 1946 2013 2057 2134 2205 2249 2314 2359 2386 2432 2495 2545 2614 2665 2708 2792 2820 2912 2936 2982
7 32 80 146 176 233 270 353 415 470 501 590 621 695 746 760 841 910 923 1001 1079 1085 1150 1221 1293 1344 1392 1424 1504 1547 1573 1632 1726 1739 1783 1858 1898 1986 2034 2054 2108 2173 2247 2282 2362 2401 2456 2533 2548 2610 2688 2720 2762 2831 2906 2941 2993
7 32 80 161 188 248 312 326 396 440 501 592 607 656 705 778 850 910 928 985 1064 1091 1167 1204 1277 1320 1350 1429 1502 1563 1590 1626 1724 1739 1803 1876 1927 1986 2034 2096 2136 2189 2232 2297 2353 2424 2444 2533 2543 2629 2668 2701 2802 2812 2908 2936 2976
7 32 82 109 199 232 305 351 425 467 531 586 596 660 744 801 858 893 926 990 1059 1084 1161 1212 1251 1347 1388 1456 1482 1548 1581 1670 1699 1744 1786 1868 1911 1958 2001 2058 2156 2160 2235 2288 2339 2398 2441 2517 2582 2602 2699 2726 2764 2850 2868 2958 3010
4 32 82 113 197 247 307 374 382 444 500 586 646 682 710 783 815 877 960 1023 1049 1128 1178 1228 1278 1314 1362 1406 1492 1521 1581 1638 1699 1773 1829 1853 1899 1975 2001 2095 2134 2183 2267 2309 2371 2376 2469 2517 2545 2618 2667 2711 2775 2834 2863 2936 3010
7 32 84 129 210 259 306 326 388 466 487 563 613 685 753 771 814 916 938 972 1071 1106 1140 1237 1280 1327 1373 1450 1484 1517 1579 1629 1716 1768 1797 1855 1924 1973 2006 2094 2119 2213 2231 2318 2334 2383 2439 2507 2541 2637 2676 2718 2794 2857 2898 2947 2996
7 32 84 131 187 255 315 376 422 461 524 563 623 664 706 756 830 877 945 978 1074 1131 1165 1241 1282 1311 1385 1454 1495 1513 1593 1623 1716 1733 1800 1871 1933 1946 2021 2060 2134 2207 2249 2288 2364 2425 2451 2492 2550 2606 2685 2711 2773 2815 2872 2963 2982
7 32 84 144 197 253 290 376 388 450 491 581 640 691 714 809 813 866 927 1021 1036 1122 1141 1188 1282 1343 1374 1424 1482 1513 1579 1641 1699 1766 1797 1870 1906 1958 2021 2079 2134 2176 2250 2318 2373 2382 2475 2492 2542 2609 2687 2745 2783 2841 2911 2947 2996
7 32 87 108 185 247 298 370 429 458 517 569 596 666 724 776 851 916 930 999 1047 1125 1145 1226 1267 1335 1353 1432 1475 1554 1611 1635 1699 1764 1835 1874 1925 1964 2007 2087 2119 2168 2263 2309 2329 2392 2431 2490 2585 2604 2650 2718 2764 2858 2867 2967 3014
7 32 87 110 178 225 290 376 390 436 510 569 644 697 742 783 822 877 963 983 1049 1101 1173 1196 1278 1316 1355 1445 1487 1543 1610 1668 1699 1770 1800 1872 1921 1991 2004 2066 2125 2208 2241 2270 2357 2415 2430 2493 2545 2645 2665 2751 2792 2824 2863 2945 3015
4 32 88 146 180 255 306 326 378 461 508 586 621 660 706 801 831 914 940 1010 1069 1120 1137 1198 1293 1304 1351 1418 1504 1547 1577 1652 1716 1735 1825 1868 1938 1996 2026 2067 2136 2207 2226 2288 2339 2384 2450 2533 2572 2606 2652 2726 2779 2813 2915 2941 2986
7 32 88 161 198 247 287 353 420 444 493 586 607 676 724 759 851 916 922 981 1071 1100 1178 1193 1277 1333 1371 1432 1502 1563 1577 1638 1716 1751 1782 1875 1915 1994 2026 2086 2108 2168 2220 2293 2354 2423 2431 2533 2554 2618 2658 2715 2803 2818 2901 2936 2986
4 32 90 117 180 241 304 370 381 474 512 542 613 692 707 769 857 887 971 1010 1056 1115 1134 1226 1250 1306 1399 1456 1507 1552 1575 1637 1716 1735 1812 1879 1935 1958 2022 2063 2136 2182 2230 2297 2339 2427 2450 2485 2564 2598 2661 2734 2794 2812 2884 2967 3002
7 32 90 156 211 230 289 370 412 472 493 581 644 693 728 795 826 877 930 1023 1048 1097 1138 1201 1250 1317 1369 1432 1468 1552 1598 1668 1676 1755 1788 1852 1934 1969 2022 2105 2136 2171 2257 2320 2358 2414 2465 2485 2543 2621 2672 2703 2797 2808 2893 2936 2978
7 32 91 124 200 259 301 351 398 466 489 563 646 678 755 764 859 882 929 977 1066 1119 1140 1192 1290 1332 1378 1418 1501 1512 1584 1629 1724 1773 1789 1863 1937 1946 2014 2077 2152 2211 2236 2309 2344 2391 2466 2496 2539 2637 2670 2713 2781 2844 2872 2947 2988
4 32 94 155 178 224 284 326 409 464 497 590 623 674 736 806 835 877 938 983 1077 1097 1162 1232 1295 1341 1387 1450 1498 1516 1567 1623 1694 1728 1805 1843 1902 1986 2046 2066 2130 2166 2241 2320 2357 2394 2473 2494 2574 2629 2686 2723 2759 2830 2906 2945 2977
4 32 96 134 171 238 284 342 412 471 497 590 635 695 733 796 811 916 925 1025 1041 1097 1169 1201 1253 1299 1387 1432 1508 1546 1592 1666 1676 1776 1791 1857 1934 1975 1998 2103 2130 2168 2257 2282 2326 2394 2471 2501 2567 2597 2679 2721 2791 2832 2888 2963 2975
7 32 96 157 199 248 310 342 399 469 534 542 640 692 731 769 855 893 969 990 1052 1083 1157 1227 1253 1303 1360 1418 1485 1546 1572 1621 1724 1740 1787 1879 1937 1996 1998 2058 2130 2163 2235 2297 2339 2429 2445 2501 2569 2600 2669 2734 2793 2845 2876 2958 2995
7 32 97 134 201 241 318 336 390 474 495 590 623 679 707 759 830 916 941 987 1071 1087 1151 1210 1277 1307 1390 1429 1493 1561 1600 1620 1716 1732 1800 1873 1921 1991 2051 2062 2125 2182 2241 2297 2351 2377 2477 2535 2554 2598 2685 2709 2773 2815 2901 2918 3015
7 32 97 142 202 253 317 336 386 450 490 581 596 678 717 778 810 910 929 973 1064 1108 1141 1191 1277 1317 1389 1432 1485 1561 1611 1641 1724 1738 1788 1863 1922 1996 2051 2075 2125 2172 2251 2293 2330 2391 2478 2535 2543 2609 2672 2713 2797 2825 2908 2947 3004
4 32 97 147 189 258 308 370 395 457 521 581 623 684 702 757 821 882 947 979 1066 1095 1155 1200 1252 1318 1395 1429 1506 1516 1600 1625 1724 1777 1795 1869 1927 1958 2049 2072 2158 2177 2233 2270 2345 2379 2465 2537 2546 2598 2678 2709 2780 2823 2911 2945 3015
7 32 98 128 172 248 277 376 429 469 516 542 623 690 705 756 850 910 939 1007 1038 1118 1157 1233 1279 1336 1372 1429 1465 1530 1600 1621 1703 1754 1835 1862 1925 1964 2011 2079 2119 2189 2263 2318 2338 2381 2444 2502 2586 2600 2656 2706 2758 2857 2877 2958 3014
4 32 105 113 201 222 310 374 423 455 495 553 623 659 720 782 831 910 960 1001 1039 1091 1170 1225 1286 1303 1398 1406 1467 1545 1616 1621 1694 1732 1821 1853 1905 1996 2051 2084 2147 2181 2217 2297 2337 2376 2477 2529 2569 2619 2669 2735 2759 2834 2879 2941 3006
7 32 105 116 210 238 317 374 413 437 490 559 618 663 733 794 811 916 950 972 1044 1094 1159 1213 1286 1316 1389 1432 1464 1545 1602 1642 1688 1738 1810 1839 1900 1991 2051 2094 2147 2168 2231 2270 2334 2405 2471 2529 2556 2631 2653 2746 2777 2846 2875 2947 3020
7 32 105 148 179 226 275 370 423 448 519 559 596 655 716 776 841 914 919 1010 1073 1111 1134 1216 1246 1320 1359 1434 1507 1522 1616 1663 1688 1772 1821 1860 1893 1986 2041 2063 2158 2186 2230 2297 2340 2413 2442 2537 2559 2627 2651 2727 2776 2816 2902 2941 3006
7 32 105 155 174 231 278 376 413 435 519 553 621 670 714 764 828 914 939 998 1066 1122 1162 1188 1252 1332 1356 1429 1498 1516 1602 1652 1694 1772 1810 1841 1906 1986 2041 2066 2152 2198 2225 2270 2353 2401 2447 2537 2539 2638 2670 2739 2761 2829 2911 2947 3020
7 33 55 114 212 264 278 348 392 461 518 576 645 688 747 795 848 880 918 1003 1038 1132 1135 1205 1291 1342 1356 1434 1469 1522 1570 1634 1717 1772 1803 1858 1895 1957 2041 2099 2138 2186 2242 2321 2340 2395 2472 2513 2561 2614 2649 2716 2789 2849 2870 2941 3006
7 33 55 158 168 245 277 335 398 480 535 582 645 669 715 775 857 895 936 1012 1032 1102 1160 1234 1275 1312 1362 1434 1500 1556 1570 1666 1711 1738 1797 1876 1893 1970 2027 2089 2123 2161 2250 2293 2322 2415 2440 2529 2590 2614 2651 2716 2781 2840 2871 2969 3006
4 33 56 157 167 257 298 347 392 458 499 569 636 648 752 777 853 917 928 1024 1066 1127 1179 1218 1280 1318 1351 1455 1466 1523 1601 1669 1711 1737 1818 1843 1917 1957 2044 2068 2138 2204 2219 2294 2341 2387 2463 2508 2554 2630 2650 2740 2756 2837 2880 2934 2990
7 33 57 109 200 260 288 335 398 465 506 569 630 697 743 764 841 895 929 995 1071 1119 1143 1225 1290 1348 1350 1446 1472 1540 1568 1626 1725 1768 1797 1846 1924 1962 2014 2098 2131 2210 2217 2321 2334 2383 2448 2507 2555 2636 2651 2728 2781 2857 2888 2941 3006
7 33 58 133 170 218 290 347 425 436 504 569 625 651 730 779 854 880 956 986 1038 1086 1156 1198 1250 1336 1350 1417 1507 1557 1581 1636 1717 1734 1814 1871 1900 1997 2050 2081 2131 2203 2215 2305 2368 2416 2463 2501 2577 2628 2665 2720 2804 2851 2912 2968 2997
7 33 59 109 203 256 272 366 394 447 529 571 645 687 740 791 841 893 929 998 1029 1129 1156 1200 1288 1331 1377 1417 1487 1525 1586 1624 1711 1772 1787 1843 1897 1969 2032 2100 2131 2179 2259 2321 2360 2386 2480 2493 2558 2613 2661 2700 2781 2857 2885 2934 3023
7 33 59 135 191 243 273 353 399 446 532 571 611 693 733 782 821 888 967 994 1067 1118 1169 1207 1286 1330 1373 1457 1460 1555 1618 1641 1711 1742 1782 1844 1930 1987 2007 2055 2130 2207 2230 2319 2370 2388 2431 2518 2576 2597 2687 2717 2761 2818 2913 2929 2989
7 33 62 129 203 263 297 355 381 442 529 582 645 696 729 802 828 887 934 1010 1043 1115 1141 1203 1294 1345 1352 1422 1458 1531 1580 1630 1700 1772 1806 1859 1910 1975 2032 2091 2143 2191 2250 2321 2348 2380 2480 2490 2546 2593 2658 2729 2793 2850 2867 2929 3017
7 33 63 136 181 254 304 366 421 455 525 563 623 664 720 761 825 900 966 978 1053 1121 1180 1238 1289 1316 1387 1457 1472 1513 1616 1623 1725 1728 1784 1881 1934 1962 2005 2060 2118 2200 2248 2294 2374 2402 2451 2495 2553 2603 2683 2708 2758 2831 2893 2948 2998
4 33 66 134 188 227 284 355 411 471 507 591 647 682 751 796 826 900 933 1014 1033 1082 1153 1215 1253 1317 1354 1417 1489 1559 1613 1661 1692 1776 1788 1857 1933 1969 2028 2102 2136 2168 2258 2310 2360 2412 2475 2485 2538 2615 2666 2703 2806 2813 2872 2942 2978
7 33 66 138 165 235 315 355 381 484 534 557 619 691 702 784 851 887 968 1008 1036 1117 1139 1227 1253 1303 1375 1446 1485 1559 1575 1637 1725 1750 1806 1880 1924 1981 2028 2066 2136 2182 2235 2281 2324 2418 2445 2485 2587 2598 2658 2733 2793 2827 2869 2969 3017
4 33 67 130 185 221 309 377 409 451 520 552 623 656 735 806 824 888 966 1011 1054 1121 1155 1232 1244 1302 1387 1446 1474 1516 1571 1620 1706 1731 1829 1881 1940 1962 2019 2092 2130 2169 2233 2305 2334 2402 2476 2521 2548 2644 2657 2717 2755 2838 2906 2968 2997
7 33 68 109 205 227 289 348 397 455 521 571 630 698 710 798 820 893 965 1005 1052 1084 1180 1205 1290 1330 1365 1457 1472 1540 1607 1623 1692 1730 1782 1868 1942 1995 2002 2060 2118 2209 2220 2310 2366 2403 2458 2507 2576 2631 2687 2719 2761 2819 2908 2941 2991
4 33 68 151 163 239 315 375 378 443 534 557 630 678 705 783 819 876 962 983 1041 1117 1183 1222 1277 1312 1375 1457 1486 1514 1607 1628 1706 1757 1802 1886 1929 1970 2021 2061 2136 2206 2221 2293 2369 2418 2443 2488 2543 2631 2698 2719 2760 2842 2882 2959 2991
4 33 69 128 183 225 302 353 426 460 492 564 606 686 713 774 850 880 921 988 1056 1093 1136 1189 1269 1340 1359 1440 1494 1526 1574 1664 1699 1747 1809 1860 1919 1997 2050 2055 2148 2167 2237 2319 2363 2422 2430 2489 2588 2641 2689 2712 2792 2844 2910 2948 3016
4 33 72 142 184 259 287 353 394 476 526 591 625 661 730 757 846 906 921 1020 1037 1091 1175 1237 1249 1326 1388 1440 1496 1551 1572 1671 1687 1744 1787 1882 1897 1969 2020 2078 2131 2162 2259 2286 2351 2399 2433 2484 2585 2625 2674 2709 2769 2829 2872 2969 3023
7 33 72 146 199 230 280 366 411 459 493 591 647 693 738 805 813 888 930 1014 1048 1107 1164 1190 1258 1297 1360 1422 1477 1552 1618 1668 1687 1767 1791 1844 1933 1975 1998 2102 2130 2181 2258 2300 2348 2425 2465 2506 2567 2597 2660 2717 2801 2832 2866 2953 2975
7 33 73 123 209 257 285 347 424 458 491 557 645 655 746 766 828 895 939 973 1054 1085 1182 1220 1244 1303 1402 1446 1481 1516 1601 1666 1700 1755 1806 1836 1898 1957 2013 2081 2159 2210 2228 2305 2333 2395 2461 2521 2587 2630 2658 2740 2793 2850 2906 2947 2973
4 33 73 130 214 227 300 347 417 471 512 564 623 657 751 789 855 876 947 991 1069 1090 1174 1198 1244 1346 1397 1440 1474 1516 1569 1639 1692 1733 1820 1850 1896 1977 2013 2073 2159 2168 2214 2310 2328 2377 2446 2521 2583 2615 2689 2747 2780 2858 2890 2968 3005
7 33 75 122 162 224 308 375 404 478 526 552 618 659 735 766 862 895 945 1012 1054 1130 1137 1232 1244 1307 1369 1440 1479 1547 1595 1644 1700 1749 1827 1883 1931 1962 2014 2087 2136 2166 2252 2310 2329 2407 2449 2488 2587 2605 2654 2701 2771 2813 2906 2969 3019
7 33 75 151 200 263 270 353 423 442 506 552 630 694 729 759 860 880 951 984 1046 1132 1144 1193 1277 1335 1370 1429 1486 1514 1595 1627 1700 1768 1809 1845 1906 1977 2014 2101 2157 2191 2222 2321 2345 2382 2448 2488 2573 2593 2685 2714 2796 2854 2876 2959 3019
7 33 76 140 176 231 309 377 385 453 520 563 619 678 724 804 812 893 962 977 1027 1105 1154 1236 1256 1302 1387 1455 1464 1521 1605 1620 1706 1748 1831 1886 1935 1981 2001 2104 2118 2164 2231 2286 2349 2418 2466 2531 2549 2633 2656 2719 2782 2853 2891 2959 2981
4 33 79 111 173 222 322 377 428 432 501 569 606 651 713 803 838 915 954 1011 1040 1106 1155 1235 1271 1301 1355 1429 1474 1534 1604 1640 1692 1736 1826 1857 1921 1977 2043 2092 2148 2170 2233 2305 2345 2391 2479 2532 2547 2632 2680 2735 2798 2810 2863 2942 3012
7 33 80 149 171 235 282 340 414 438 487 576 636 656 723 768 850 888 944 1000 1064 1101 1166 1204 1261 1342 1378 1434 1503 1562 1571 1629 1725 1739 1803 1881 1894 1997 2045 2095 2130 2160 2216 2281 2371 2424 2436 2516 2561 2644 2649 2717 2789 2847 2903 2948 2984
7 33 81 130 212 255 275 360 389 432 518 564 645 695 737 783 836 876 947 990 1041 1126 1155 1191 1277 1348 1359 1429 1474 1516 1576 1640 1706 1772 1790 1837 1913 1962 2041 2092 2148 2198 2253 2321 2353 2390 2472 2486 2543 2599 2663 2711 2800 2858 2882 2947 3020
7 33 81 149 176 239 284 340 388 471 490 564 647 664 748 808 845 900 944 999 1032 1108 1153 1202 1275 1317 1372 1434 1509 1556 1616 1661 1706 1763 1789 1881 1891 1987 2000 2083 2118 2163 2261 2293 2327 2424 2450 2529 2557 2603 2646 2708 2794 2847 2871 2968 2979
7 33 82 113 193 251 279 375 404 434 496 576 619 688 722 795 815 895 937 1022 1049 1119 1177 1222 1288 1345 1357 1417 1491 1521 1589 1649 1699 1775 1827 1858 1927 1975 1999 2096 2123 2175 2255 2321 2340 2376 2457 2498 2550 2596 2654 2716 2771 2860 2865 2959 3019
7 33 82 140 168 223 296 375 393 448 533 563 636 685 714 791 838 893 962 972 1029 1098 1186 1226 1288 1310 1380 1457 1464 1521 1615 1625 1711 1739 1786 1877 1930 1977 1999 2071 2123 2209 2236 2281 2362 2426 2439 2498 2558 2638 2683 2726 2756 2853 2885 2942 2992
4 33 84 124 175 231 276 360 422 453 496 563 623 671 706 759 858 888 926 981 1046 1107 1154 1190 1257 1335 1360 1417 1511 1517 1585 1620 1692 1729 1824 1848 1933 1997 2045 2057 2157 2183 2248 2300 2368 2425 2459 2512 2573 2633 2685 2739 2780 2855 2898 2959 3021
7 33 84 143 168 227 282 375 419 455 487 563 606 669 710 775 838 917 922 1012 1078 1128 1137 1233 1247 1304 1378 1434 1479 1526 1585 1667 1692 1739 1826 1852 1916 1970 2045 2087 2143 2209 2252 2310 2322 2398 2439 2512 2544 2631 2680 2741 2798 2810 2878 2948 3021
7 33 86 109 183 253 285 348 380 458 538 569 645 666 737 795 817 895 965 988 1049 1094 1182 1209 1288 1303 1355 1457 1487 1525 1611 1666 1699 1747 1811 1868 1925 1981 2004 2074 2148 2199 2218 2281 2363 2403 2430 2493 2550 2634 2695 2750 2764 2819 2865 2934 3014
7 33 86 112 191 225 292 355 419 481 532 569 611 652 709 771 857 906 933 1020 1047 1114 1142 1227 1262 1334 1353 1417 1475 1564 1610 1632 1699 1742 1832 1872 1927 1970 2007 2097 2143 2171 2241 2319 2344 2396 2431 2490 2579 2620 2665 2702 2785 2836 2862 2969 3015
7 33 88 118 206 254 315 355 414 443 511 582 630 657 742 762 841 876 919 1016 1045 1101 1183 1204 1242 1312 1398 1434 1468 1519 1569 1628 1725 1769 1797 1850 1894 1969 2036 2080 2159 2179 2216 2294 2355 2405 2480 2525 2590 2615 2651 2747 2781 2857 2883 2934 2990
7 33 88 152 172 227 290 347 392 471 486 591 630 661 710 785 838 917 951 1019 1074 1132 1153 1205 1268 1311 1370 1434 1509 1553 1569 1661 1717 1735 1818 1845 1895 1977 2038 2083 2118 2209 2242 2286 2323 2382 2439 2523 2560 2615 2650 2747 2756 2853 2908 2942 2990
7 33 89 124 201 260 316 335 393 465 489 563 636 658 752 767 836 888 926 972 1073 1118 1140 1207 1269 1309 1373 1440 1511 1517 1568 1629 1727 1762 1805 1885 1930 1962 2019 2071 2138 2201 2236 2319 2329 2388 2468 2499 2539 2636 2676 2728 2803 2855 2893 2947 2974
7 33 91 117 176 238 316 377 428 461 489 563 611 664 717 808 812 915 967 999 1045 1118 1135 1228 1242 1304 1373 1434 1469 1519 1593 1634 1687 1748 1826 1844 1908 1987 2034 2099 2138 2164 2246 2294 2327 2388 2466 2525 2544 2640 2680 2746 2798 2837 2883 2953 3012
7 33 91 122 171 245 290 366 422 454 486 552 611 656 715 768 857 895 923 1000 1049 1085 1138 1197 1245 1336 1370 1434 1494 1532 1593 1636 1699 1735 1832 1853 1923 1997 2038 2053 2157 2161 2257 2305 2371 2428 2440 2520 2577 2640 2665 2746 2785 2836 2909 2942 3012
7 33 93 143 212 221 315 375 388 484 511 593 619 688 711 795 853 887 922 1003 1049 1108 1139 1202 1245 1303 1398 1434 1473 1532 1566 1637 1706 1769 1792 1852 1891 1957 2036 2079 2148 2193 2261 2305 2340 2398 2474 2520 2550 2611 2695 2721 2782 2810 2909 2934 2976
7 33 93 158 197 268 316 335 387 438 489 571 619 663 718 778 837 906 936 974 1074 1091 1166 1196 1268 1309 1373 1434 1503 1553 1566 1629 1727 1748 1793 1876 1939 1995 2034 2095 2130 2165 2243 2286 2326 2415 2444 2523 2567 2611 2647 2721 2802 2840 2908 2953 2976
7 33 94 149 208 251 319 353 397 434 497 576 625 676 716 757 845 888 944 981 1073 1096 1177 1193 1273 1305 1358 1422 1503 1562 1582 1649 1727 1751 1782 1884 1942 1995 2037 2085 2118 2181 2220 2293 2336 2421 2432 2503 2549 2596 2653 2722 2794 2847 2889 2959 2991
4 33 95 146 167 245 272 366 417 454 529 564 623 664 703 761 856 915 930 991 1053 1089 1150 1199 1273 1331 1377 1422 1499 1530 1593 1624 1711 1760 1817 1844 1896 1997 2042 2073 2138 2174 2214 2293 2374 2425 2438 2534 2553 2640 2667 2746 2757 2832 2910 2929 3008
7 33 97 118 182 268 284 355 419 451 490 552 618 694 718 779 837 906 919 1007 1038 1128 1134 1233 1291 1336 1372 1434 1465 1522 1599 1642 1692 1763 1832 1850 1916 1981 2000 2091 2131 2165 2252 2321 2325 2405 2444 2513 2577 2598 2665 2709 2785 2857 2870 2968 3015
4 33 97 119 176 253 291 348 384 458 490 557 647 678 741 804 813 906 957 977 1037 1100 1179 1188 1252 1324 1366 1455 1466 1561 1611 1669 1687 1763 1791 1855 1909 1981 2000 2068 2138 2195 2266 2293 2349 2417 2450 2513 2539 2634 2660 2750 2801 2832 2869 2947 3003
7 33 97 128 172 235 277 360 428 484 535 557 618 661 723 785 850 888 921 1019 1048 1118 1139 1228 1246 1341 1362 1434 1473 1547 1599 1637 1687 1738 1824 1882 1908 1977 2027 2079 2148 2160 2246 2319 2323 2399 2436 2486 2586 2598 2673 2709 2792 2844 2877 2969 3015
7 33 99 123 206 243 304 366 427 446 523 571 619 654 749 765 828 880 939 1016 1040 1086 1169 1199 1271 1299 1389 1429 1462 1534 1583 1641 1725 1769 1794 1856 1899 1975 2025 2053 2159 2191 2243 2305 2355 2376 2480 2532 2584 2597 2670 2752 2793 2850 2863 2929 2977
7 33 99 147 165 254 282 340 383 455 514 571 606 675 720 800 831 917 925 1008 1070 1127 1137 1218 1283 1304 1351 1440 1493 1549 1574 1667 1725 1750 1834 1846 1917 1987 2046 2072 2136 2200 2229 2294 2324 2387 2445 2511 2571 2603 2652 2749 2774 2808 2913 2941 2986
7 33 99 152 177 230 271 353 389 459 514 591 619 667 722 756 812 917 951 1013 1065 1126 1164 1191 1279 1306 1364 1429 1509 1553 1583 1668 1706 1750 1831 1842 1913 1987 2046 2070 2123 2196 2253 2281 2343 2385 2433 2511 2545 2597 2656 2752 2782 2853 2897 2953 2977
4 33 100 115 197 263 309 355 411 442 520 552 611 670 733 771 815 900 963 974 1066 1121 1144 1238 1280 1296 1387 1455 1508 1523 1580 1627 1727 1748 1788 1884 1934 1975 2001 2080 2130 2187 2257 2294 2326 2402 2444 2508 2559 2593 2666 2729 2806 2825 2880 2959 2978
4 33 100 143 169 226 287 353 384 479 524 593 611 696 709 782 838 887 922 989 1063 1100 1161 1188 1276 1346 1390 1455 1473 1532 1580 1651 1687 1740 1815 1859 1909 1977 2022 2056 2143 2170 2266 2310 2367 2392 2479 2487 2580 2593 2692 2729 2798 2810 2902 2942 2978
7 33 100 147 180 238 277 360 411 480 497 593 645 695 706 783 831 895 925 1022 1041 1107 1160 1190 1263 1312 1399 1422 1496 1546 1580 1666 1687 1766 1788 1847 1933 1969 2022 2093 2136 2176 2258 2294 2353 2386 2471 2487 2543 2621 2698 2701 2774 2808 2898 2959 2978
7 33 101 128 206 264 310 360 387 454 503 564 625 657 747 762 848 880 921 1016 1078 1091 1138 1196 1247 1317 1388 1434 1494 1526 1567 1636 1727 1778 1789 1882 1939 1969 2030 2053 2157 2186 2243 2310 2355 2399 2472 2512 2557 2621 2646 2714 2794 2844 2878 2929 2980
7 33 101 146 197 255 322 340 407 432 491 564 606 675 739 800 813 915 930 976 1070 1125 1155 1213 1292 1301 1367 1446 1499 1530 1577 1640 1727 1743 1796 1885 1938 1981 2026 2067 2130 2195 2237 2300 2324 2384 2450 2516 2571 2599 2655 2710 2801 2832 2904 2947 2971
4 33 102 157 212 224 304 375 393 478 523 593 630 695 708 783 853 893 928 990 1031 1080 1157 1208 1259 1316 1389 1429 1470 1520 1595 1623 1717 1769 1786 1847 1911 1962 2025 2090 2138 2193 2254 2294 2353 2383 2474 2530 2553 2605 2683 2701 2756 2837 2914 2929 2992
4 33 103 112 208 255 310 360 421 432 524 569 618 649 739 785 830 906 945 981 1074 1130 1154 1229 1287 1311 1369 1455 1511 1528 1576 1642 1727 1751 1784 1883 1934 1962 2010 2057 2118 2195 2248 2300 2336 2407 2432 2492 2560 2599 2650 2711 2790 2823 2888 2942 2998
4 33 104 156 167 239 297 348 405 443 529 582 623 669 705 756 824 917 940 1024 1065 1115 1142 1209 1279 1305 1352 1417 1504 1538 1585 1670 1706 1760 1829 1852 1904 1995 2042 2068 2143 2206 2219 2293 2341 2380 2438 2527 2545 2631 2657 2741 2755 2838 2897 2934 3001
7 33 106 133 197 262 317 348 399 445 512 557 625 691 725 784 845 893 959 976 1075 1098 1162 1226 1250 1306 1380 1440 1507 1557 1572 1621 1727 1743 1782 1880 1930 1987 2003 2074 2130 2163 2230 2281 2324 2426 2450 2501 2548 2600 2653 2733 2794 2847 2874 2968 2989
4 34 56 151 178 248 317 330 408 485 497 575 645 672 746 775 816 905 939 1005 1056 1098 1184 1189 1251 1336 1372 1446 1511 1550 1600 1666 1689 1742 1819 1849 1892 1944 2024 2101 2132 2208 2242 2292 2333 2386 2458 2502 2567 2630 2651 2740 2758 2816 2877 2963 2990
7 34 56 155 177 240 313 365 408 444 524 554 636 679 713 805 839 871 963 973 1054 1129 1144 1220 1256 1303 1402 1455 1481 1523 1600 1642 1710 1737 1819 1889 1917 1971 2016 2070 2106 2180 2216 2292 2366 2426 2461 2510 2544 2632 2650 2738 2759 2850 2878 2963 2990
7 34 57 121 214 247 281 370 408 451 506 591 629 693 717 809 827 886 930 1021 1057 1098 1145 1189 1290 1335 1360 1446 1475 1539 1571 1645 1689 1771 1803 1883 1892 1971 2006 2085 2106 2169 2242 2309 2372 2398 2469 2490 2576 2621 2681 2741 2757 2834 2907 2923 3007
4 34 58 116 184 244 323 370 408 480 531 582 608 669 718 769 835 886 957 990 1050 1129 1178 1220 1262 1333 1400 1455 1474 1542 1570 1652 1710 1775 1803 1879 1917 1944 2039 2052 2132 2174 2216 2275 2332 2428 2441 2514 2578 2598 2681 2708 2757 2826 2873 2958 3007
7 34 58 119 186 243 284 324 385 434 516 582 601 681 751 794 826 910 943 985 1079 1118 1153 1240 1287 1340 1359 1445 1481 1559 1603 1621 1710 1747 1788 1839 1933 1971 2028 2061 2129 2193 2236 2319 2362 2393 2440 2526 2570 2622 2694 2720 2782 2822 2913 2931 2974
7 34 61 121 191 266 299 324 390 481 522 562 629 657 755 771 857 915 943 991 1070 1113 1166 1225 1290 1298 1371 1445 1475 1539 1610 1648 1701 1733 1792 1854 1929 1959 2002 2062 2152 2205 2239 2310 2353 2379 2471 2490 2539 2644 2665 2739 2776 2820 2894 2923 2991
4 34 61 136 175 265 301 337 387 482 534 565 629 665 729 759 821 910 949 984 1046 1081 1179 1190 1278 1333 1394 1445 1499 1517 1610 1673 1698 1756 1795 1845 1908 1944 2004 2099 2157 2193 2237 2275 2347 2392 2446 2488 2572 2644 2687 2739 2778 2828 2892 2959 2991
7 34 61 148 206 255 285 337 416 456 513 562 636 666 736 758 863 864 965 988 1055 1104 1154 1191 1278 1328 1364 1411 1487 1517 1588 1631 1701 1776 1834 1859 1907 1991 2004 2083 2157 2198 2223 2309 2323 2388 2462 2488 2565 2604 2695 2710 2804 2855 2882 2952 3014
7 34 61 152 202 240 289 370 430 472 522 565 636 670 713 768 841 915 919 1017 1040 1106 1171 1220 1270 1299 1379 1411 1490 1560 1588 1654 1698 1733 1821 1855 1939 1959 2002 2105 2106 2180 2264 2304 2369 2378 2459 2490 2563 2604 2664 2710 2763 2824 2878 2958 3014
4 34 62 132 210 266 272 337 403 481 487 562 645 656 747 760 848 899 931 1000 1031 1101 1166 1235 1271 1325 1369 1450 1469 1531 1605 1648 1717 1772 1785 1858 1901 1944 2014 2068 2147 2213 2228 2295 2328 2386 2462 2516 2575 2644 2667 2744 2788 2849 2903 2923 2987
7 34 63 141 214 231 275 370 425 476 494 591 635 674 733 789 827 906 938 1022 1037 1084 1165 1216 1266 1323 1354 1428 1496 1551 1585 1669 1674 1771 1794 1867 1930 1951 2020 2105 2120 2169 2259 2304 2371 2413 2469 2497 2555 2593 2660 2702 2779 2811 2881 2943 2992
7 34 63 145 165 229 308 370 380 457 529 540 620 688 718 785 858 871 971 1009 1045 1129 1137 1220 1266 1304 1402 1439 1492 1551 1589 1638 1725 1736 1783 1881 1917 1987 2020 2072 2120 2188 2245 2292 2327 2426 2435 2497 2569 2603 2662 2748 2799 2841 2873 2958 2988
7 34 63 146 172 256 307 330 380 477 525 591 629 661 707 784 841 910 935 1005 1032 1099 1184 1224 1250 1327 1383 1430 1511 1555 1589 1673 1674 1752 1783 1862 1920 1959 2011 2101 2148 2189 2242 2292 2338 2379 2449 2506 2586 2639 2692 2712 2770 2817 2866 2958 2988
7 34 64 117 166 266 278 346 406 484 516 540 640 677 755 776 857 915 936 976 1059 1124 1177 1219 1281 1313 1366 1445 1480 1524 1599 1659 1717 1757 1796 1838 1938 1951 2018 2059 2142 2205 2220 2295 2359 2377 2471 2509 2541 2641 2672 2727 2766 2831 2900 2931 2986
7 34 69 110 206 266 277 346 397 484 492 554 635 650 747 774 848 899 938 988 1048 1084 1172 1228 1254 1317 1354 1450 1476 1537 1599 1664 1701 1776 1807 1867 1919 1951 2027 2060 2157 2213 2246 2310 2323 2413 2462 2498 2548 2641 2659 2727 2794 2843 2910 2916 2980
7 34 69 130 194 247 274 375 427 461 492 565 636 687 711 790 811 899 928 1025 1029 1123 1174 1226 1267 1332 1358 1404 1506 1523 1577 1625 1689 1776 1810 1849 1942 1951 2027 2097 2129 2176 2264 2309 2360 2397 2474 2498 2558 2611 2677 2724 2756 2827 2879 2963 3003
7 34 69 139 184 245 286 330 405 463 510 554 636 660 707 777 855 886 956 990 1034 1099 1150 1224 1248 1334 1353 1404 1503 1560 1577 1629 1701 1740 1831 1875 1920 1995 2012 2052 2142 2200 2216 2314 2332 2410 2477 2513 2582 2611 2698 2724 2804 2861 2866 2958 3003
7 34 69 155 169 246 314 375 402 434 534 554 640 700 722 795 815 871 963 993 1044 1117 1153 1221 1267 1311 1381 1445 1481 1523 1599 1621 1701 1734 1802 1886 1929 1980 2027 2061 2129 2197 2227 2268 2365 2429 2433 2498 2547 2619 2678 2749 2783 2850 2865 2959 2980
7 34 70 130 198 265 307 324 409 482 519 565 640 656 735 762 812 899 928 977 1054 1103 1179 1199 1256 1327 1389 1455 1506 1523 1605 1673 1681 1748 1798 1858 1909 1959 2001 2092 2147 2187 2244 2292 2326 2389 2460 2510 2586 2644 2692 2744 2755 2827 2878 2959 2978
7 34 70 145 178 223 291 359 409 453 497 547 645 697 706 783 858 864 971 983 1055 1120 1147 1193 1263 1314 1397 1450 1498 1545 1605 1630 1701 1742 1798 1886 1919 1986 2024 2076 2120 2166 2234 2292 2355 2421 2458 2487 2540 2636 2647 2752 2799 2841 2899 2959 2978
7 34 70 155 201 260 299 324 421 433 505 547 636 667 750 767 863 878 958 985 1043 1083 1153 1194 1256 1322 1386 1428 1481 1523 1575 1622 1701 1761 1834 1866 1897 1980 2001 2061 2147 2192 2236 2319 2346 2381 2468 2510 2571 2607 2695 2731 2804 2855 2890 2963 3009
7 34 72 117 211 252 297 359 386 436 501 591 640 693 722 809 812 864 940 1024 1063 1104 1142 1191 1281 1344 1364 1430 1480 1524 1595 1626 1681 1760 1798 1883 1907 1987 2009 2095 2129 2190 2253 2309 2372 2388 2457 2509 2570 2597 2692 2741 2755 2827 2896 2931 3001
4 34 72 141 190 263 319 346 393 477 518 591 620 652 724 764 835 906 938 1020 1047 1082 1187 1207 1255 1348 1376 1450 1496 1551 1595 1671 1681 1745 1791 1873 1891 1944 2009 2084 2142 2172 2258 2283 2328 2406 2443 2509 2582 2633 2686 2705 2772 2811 2872 2958 3001
4 34 73 136 180 248 319 330 403 485 512 586 636 660 750 777 825 889 937 994 1034 1096 1179 1215 1246 1348 1382 1455 1499 1517 1600 1671 1698 1730 1800 1861 1903 1944 2029 2099 2147 2204 2226 2283 2332 2387 2431 2522 2582 2630 2686 2740 2763 2840 2868 2952 2973
7 34 74 118 209 233 271 370 382 440 503 582 629 698 705 809 824 864 951 1013 1063 1109 1164 1209 1281 1340 1352 1445 1478 1536 1610 1636 1681 1750 1788 1885 1926 1995 2008 2081 2120 2185 2219 2295 2367 2403 2441 2497 2570 2631 2694 2752 2782 2825 2896 2940 2977
7 34 74 155 172 224 303 375 384 449 525 547 629 697 717 783 839 878 963 989 1028 1111 1159 1232 1261 1316 1387 1445 1470 1534 1610 1623 1717 1752 1786 1886 1938 1991 2011 2065 2106 2191 2243 2292 2355 2429 2449 2494 2568 2631 2684 2752 2759 2850 2863 2943 2977
7 34 75 124 166 231 323 370 399 476 531 565 617 677 711 776 829 878 951 976 1029 1132 1182 1226 1267 1333 1400 1445 1486 1525 1585 1652 1710 1768 1795 1864 1933 1951 2045 2057 2148 2191 2222 2268 2359 2425 2459 2496 2572 2593 2687 2702 2778 2819 2879 2968 2979
7 34 75 135 212 255 298 370 380 456 526 575 645 691 736 795 842 871 924 1021 1044 1116 1145 1209 1267 1326 1355 1404 1475 1525 1576 1640 1701 1773 1783 1844 1920 1959 2045 2085 2148 2198 2242 2309 2374 2380 2483 2496 2547 2604 2662 2721 2799 2858 2865 2940 2988
4 34 77 116 189 269 297 330 387 464 501 562 635 668 747 793 862 906 935 974 1031 1091 1178 1235 1271 1301 1364 1430 1474 1542 1606 1669 1710 1760 1804 1839 1912 1944 2009 2052 2157 2210 2233 2314 2352 2401 2479 2504 2542 2630 2654 2734 2798 2848 2903 2931 2982
7 34 77 135 202 236 278 366 387 435 516 575 620 701 732 807 814 871 966 1019 1075 1081 1159 1190 1275 1334 1366 1445 1472 1528 1606 1638 1698 1757 1804 1869 1908 1995 2018 2063 2106 2197 2237 2314 2367 2420 2434 2495 2590 2626 2691 2738 2762 2814 2889 2931 2982
7 34 80 121 215 220 313 365 379 436 538 591 620 681 731 796 857 886 943 1004 1050 1088 1140 1218 1253 1317 1388 1404 1486 1528 1596 1628 1710 1778 1801 1839 1905 1951 2047 2100 2152 2200 2258 2310 2360 2393 2475 2518 2551 2629 2656 2720 2776 2820 2881 2931 2972
7 34 81 130 181 253 319 346 382 485 518 575 636 663 736 765 823 889 936 1001 1044 1109 1179 1209 1267 1348 1376 1445 1506 1523 1615 1671 1681 1739 1790 1837 1926 1959 2015 2092 2157 2199 2219 2268 2353 2378 2454 2498 2577 2624 2691 2745 2775 2818 2865 2963 2975
7 34 82 119 192 255 277 346 393 444 490 586 601 680 739 806 813 906 932 974 1076 1128 1144 1219 1287 1339 1356 1455 1481 1559 1586 1642 1701 1764 1791 1853 1934 1980 2003 2070 2106 2194 2215 2309 2349 2404 2450 2526 2590 2616 2686 2711 2772 2834 2915 2931 3001
4 34 82 128 212 260 291 359 388 433 533 586 635 686 750 800 848 886 921 1021 1034 1093 1136 1215 1246 1305 1362 1419 1488 1548 1597 1639 1701 1773 1807 1854 1906 1944 2039 2079 2148 2192 2248 2319 2374 2401 2483 2489 2559 2607 2659 2709 2794 2843 2868 2923 2989
7 34 83 145 191 238 277 346 411 441 490 540 636 663 714 765 855 871 950 991 1044 1107 1147 1202 1245 1339 1356 1419 1498 1545 1568 1642 1701 1733 1831 1880 1906 1986 2035 2076 2152 2207 2225 2304 2353 2424 2471 2505 2577 2610 2698 2701 2804 2861 2887 2968 2997
4 34 84 151 164 263 301 346 388 477 530 581 640 684 714 776 820 899 926 999 1029 1107 1184 1202 1260 1333 1398 1430 1511 1550 1595 1673 1689 1729 1807 1840 1906 1944 2014 2101 2148 2183 2248 2275 2352 2382 2448 2493 2572 2633 2687 2705 2767 2830 2887 2968 2989
4 34 87 127 212 227 318 365 408 445 517 591 629 686 724 800 851 871 949 1021 1047 1081 1151 1207 1255 1301 1394 1419 1469 1536 1569 1649 1717 1781 1819 1845 1892 1944 2036 2085 2132 2207 2242 2314 2374 2392 2475 2525 2546 2617 2650 2718 2759 2838 2872 2940 2990
4 34 87 129 207 243 314 349 403 434 517 582 640 653 735 785 862 871 926 1019 1045 1107 1153 1205 1266 1311 1398 1428 1468 1524 1587 1621 1725 1781 1800 1840 1903 1944 2036 2074 2147 2209 2226 2304 2363 2382 2480 2525 2569 2622 2655 2737 2793 2853 2873 2931 2973
7 34 87 152 172 220 290 330 403 436 498 591 617 674 742 806 841 889 919 989 1076 1101 1140 1235 1295 1339 1360 1450 1507 1543 1587 1628 1717 1752 1800 1838 1901 1986 2038 2080 2106 2189 2228 2304 2355 2394 2449 2523 2590 2629 2686 2730 2763 2824 2908 2931 2973
7 34 90 126 199 235 286 349 384 463 489 581 636 693 713 807 823 886 940 1004 1075 1093 1150 1205 1269 1334 1374 1439 1459 1514 1571 1629 1681 1761 1790 1883 1918 1991 2019 2096 2106 2184 2262 2319 2375 2388 2470 2515 2590 2621 2691 2741 2775 2818 2895 2931 2974
7 34 90 145 180 247 302 370 385 451 512 547 636 695 711 768 854 864 971 982 1051 1132 1158 1226 1245 1312 1399 1439 1498 1545 1571 1631 1716 1730 1788 1881 1933 1971 2029 2064 2129 2176 2236 2283 2344 2426 2431 2505 2552 2621 2675 2741 2803 2841 2879 2968 2974
7 34 91 129 192 256 294 365 422 479 489 547 640 697 731 789 814 906 961 974 1037 1088 1156 1218 1266 1309 1368 1439 1468 1524 1619 1632 1674 1748 1830 1888 1905 1995 2033 2070 2132 2165 2215 2292 2349 2415 2467 2525 2555 2638 2675 2750 2760 2816 2881 2931 3002
7 34 92 161 171 235 274 337 403 461 494 586 636 649 713 758 850 899 950 994 1053 1107 1174 1205 1291 1332 1356 1428 1504 1562 1575 1625 1725 1749 1785 1880 1903 1986 2041 2099 2106 2184 2226 2275 2340 2424 2442 2536 2568 2623 2667 2716 2788 2847 2895 2943 2987
4 34 93 125 210 234 315 375 388 454 539 565 608 656 704 760 825 871 957 1000 1062 1129 1146 1214 1263 1336 1400 1450 1484 1515 1579 1668 1716 1759 1802 1879 1923 1944 2036 2065 2148 2161 2231 2292 2328 2428 2474 2519 2543 2601 2676 2721 2785 2817 2892 2952 2994
7 34 93 153 192 223 286 330 388 475 489 581 640 666 708 757 815 915 965 999 1070 1093 1186 1215 1274 1304 1374 1419 1509 1565 1579 1659 1701 1748 1802 1859 1906 1987 2033 2101 2106 2164 2248 2292 2324 2388 2467 2523 2554 2613 2678 2710 2783 2850 2911 2952 2994
7 34 94 115 172 253 284 359 389 464 516 562 645 697 736 783 823 889 961 989 1055 1097 1182 1191 1278 1297 1359 1445 1464 1516 1612 1665 1674 1747 1805 1888 1915 1991 2028 2080 2148 2199 2228 2275 2355 2415 2454 2489 2540 2645 2665 2750 2764 2830 2882 2931 3018
7 34 94 123 182 265 277 349 389 484 490 540 635 685 735 796 812 899 962 975 1050 1107 1172 1205 1262 1317 1356 1455 1467 1542 1612 1664 1698 1764 1805 1869 1903 1987 2003 2069 2152 2187 2240 2275 2356 2424 2460 2514 2551 2642 2656 2753 2773 2809 2873 2931 3018
7 34 94 132 192 241 275 370 428 445 490 562 601 666 719 757 844 899 931 999 1042 1123 1151 1226 1273 1344 1358 1419 1469 1531 1614 1649 1674 1764 1835 1846 1942 1987 2003 2085 2132 2163 2263 2309 2324 2397 2450 2514 2583 2603 2679 2722 2792 2849 2871 2968 3016
4 34 97 110 207 264 302 370 387 460 535 575 620 653 746 785 848 878 938 1019 1056 1082 1148 1189 1251 1306 1376 1428 1484 1529 1574 1637 1716 1778 1795 1873 1908 1944 2050 2063 2157 2192 2237 2310 2363 2406 2483 2524 2557 2598 2671 2704 2794 2843 2877 2923 2991
4 34 97 138 215 238 296 375 384 450 535 581 636 687 714 790 851 878 937 1004 1029 1096 1135 1202 1260 1325 1382 1411 1474 1521 1588 1622 1710 1778 1786 1861 1918 1944 2050 2096 2152 2207 2262 2295 2360 2387 2475 2524 2558 2601 2684 2713 2759 2838 2887 2940 2977
7 34 97 161 193 234 294 324 382 454 502 575 636 672 704 767 854 910 956 1001 1058 1099 1181 1217 1291 1309 1353 1411 1504 1562 1588 1632 1716 1737 1788 1875 1926 1995 2037 2092 2120 2161 2219 2292 2341 2410 2445 2536 2555 2601 2675 2713 2803 2841 2889 2943 2977
7 34 98 141 169 245 285 337 396 451 513 591 594 686 742 808 847 906 921 993 1076 1091 1158 1235 1295 1328 1364 1439 1498 1549 1582 1631 1701 1734 1784 1854 1912 1986 2046 2064 2129 2165 2224 2314 2365 2401 2433 2517 2587 2623 2674 2709 2784 2829 2908 2923 2971
7 34 98 153 178 233 277 346 380 471 492 591 629 667 705 780 822 905 958 1005 1065 1116 1186 1209 1279 1317 1354 1404 1509 1565 1582 1664 1701 1756 1801 1866 1920 1987 2046 2101 2120 2185 2242 2275 2333 2381 2443 2517 2551 2600 2656 2731 2776 2857 2896 2963 2971
7 34 99 141 195 234 313 359 407 441 538 591 601 661 703 784 840 906 921 983 1074 1088 1147 1204 1274 1303 1388 1419 1498 1549 1614 1642 1716 1777 1787 1862 1921 1971 2048 2076 2152 2162 2234 2292 2338 2393 2457 2537 2544 2614 2650 2712 2791 2829 2907 2916 3011
7 34 99 146 201 252 318 366 400 436 517 591 594 667 732 767 813 910 927 985 1058 1081 1142 1190 1291 1323 1394 1428 1502 1564 1607 1626 1716 1765 1794 1868 1908 1980 2051 2073 2132 2181 2224 2275 2346 2392 2464 2534 2555 2597 2660 2729 2779 2826 2889 2931 3018
7 34 99 151 206 229 303 366 407 457 523 581 608 666 718 758 816 899 939 988 1053 1103 1152 1199 1291 1316 1389 1411 1497 1564 1614 1623 1725 1759 1787 1846 1909 1991 2051 2060 2132 2188 2246 2292 2323 2389 2478 2534 2568 2603 2684 2722 2758 2816 2895 2916 3011
7 34 99 156 189 235 308 370 400 463 538 581 617 684 726 776 826 906 924 974 1059 1100 1150 1201 1279 1313 1393 1404 1503 1543 1607 1629 1725 1777 1794 1840 1899 1971 2048 2052 2142 2171 2233 2275 2352 2384 2463 2537 2541 2621 2672 2705 2768 2837 2902 2931 3018
7 34 101 110 183 235 271 370 428 463 503 554 594 652 713 762 850 899 938 1016 1054 1106 1143 1220 1256 1340 1352 1428 1476 1537 1607 1636 1681 1738 1835 1873 1939 1971 2021 2090 2148 2184 2266 2319 2330 2406 2442 2496 2586 2621 2679 2705 2792 2843 2878 2958 3016
7 34 101 135 174 268 272 366 407 481 503 547 645 685 740 790 818 899 966 996 1029 1095 1166 1197 1267 1325 1351 1445 1475 1525 1612 1648 1689 1738 1787 1869 1921 1971 2021 2062 2152 2203 2234 2268 2362 2420 2451 2496 2558 2642 2684 2753 2758 2814 2879 2940 3011
7 34 103 135 180 224 289 370 423 449 515 547 608 669 733 769 854 899 924 994 1050 1084 1159 1216 1253 1329 1386 1404 1472 1528 1618 1623 1698 1730 1835 1844 1930 1995 2026 2063 2147 2176 2261 2310 2332 2380 2431 2518 2578 2631 2685 2744 2786 2858 2881 2943 3021
7 34 104 112 201 233 314 375 411 440 517 582 594 669 727 766 830 899 922 996 1048 1107 1164 1202 1289 1297 1398 1419 1487 1552 1618 1636 1701 1765 1810 1844 1906 1991 2051 2071 2147 2163 2225 2275 2335 2382 2464 2530 2556 2631 2648 2744 2784 2846 2874 2940 3020
7 34 104 141 184 232 298 370 421 442 526 582 601 650 730 757 835 915 938 982 1070 1083 1158 1194 1274 1326 1355 1428 1498 1549 1616 1640 1701 1775 1821 1867 1897 1986 2043 2064 2142 2174 2236 2283 2340 2413 2441 2537 2554 2625 2655 2727 2772 2811 2911 2916 3023
7 34 106 123 165 232 281 370 423 442 506 540 617 677 715 776 858 899 919 977 1029 1101 1154 1200 1260 1335 1360 1411 1489 1521 1616 1645 1689 1736 1835 1838 1937 1986 2041 2081 2157 2188 2254 2295 2359 2394 2435 2524 2572 2625 2685 2727 2786 2854 2887 2959 3021
7 34 107 146 166 240 291 349 426 444 533 586 594 668 713 786 841 915 935 976 1053 1093 1155 1205 1291 1314 1362 1411 1502 1564 1604 1630 1710 1768 1826 1839 1918 1986 2043 2059 2148 2180 2220 2292 2359 2401 2459 2534 2540 2632 2647 2734 2770 2817 2895 2931 3002
4 35 54 114 180 245 272 345 430 474 515 574 637 671 752 769 857 891 932 980 1057 1112 1170 1233 1279 1329 1401 1407 1507 1518 1575 1624 1690 1738 1808 1856 1928 1997 2042 2073 2133 2172 2255 2293 2362 2425 2456 2485 2558 2633 2661 2711 2772 2825 2909 2921 3001
4 35 54 139 188 257 321 350 418 471 515 555 618 665 723 772 850 891 938 984 1033 1083 1179 1224 1248 1345 1352 1409 1505 1549 1597 1653 1709 1738 1793 1851 1932 1997 2042 2102 2128 2168 2244 2311 2369 2410 2448 2485 2552 2644 2666 2725 2777 2821 2911 2919 2978
4 35 54 154 164 235 287 350 403 455 495 574 597 690 715 793 843 917 968 1006 1074 1127 1147 1205 1248 1303 1375 1447 1490 1549 1575 1660 1690 1758 1834 1866 1907 1973 2042 2072 2128 2209 2229 2273 2326 2388 2481 2485 2559 2602 2689 2741 2793 2855 2869 2941 3001
7 35 55 127 188 237 271 350 392 480 530 555 637 676 743 807 850 869 929 1019 1071 1110 1141 1240 1275 1333 1350 1432 1472 1561 1570 1626 1697 1738 1803 1876 1915 1947 2029 2068 2141 2168 2232 2293 2334 2385 2448 2535 2584 2629 2679 2743 2767 2832 2901 2969 3004
7 35 55 146 163 256 295 358 398 461 495 555 621 696 713 763 841 867 959 1010 1040 1119 1184 1211 1291 1343 1369 1447 1504 1544 1570 1632 1697 1772 1797 1858 1902 1949 2029 2098 2133 2169 2247 2321 2328 2384 2430 2535 2555 2635 2664 2737 2779 2860 2881 2941 3004
7 35 59 149 181 246 317 377 410 441 501 583 616 657 704 797 843 898 970 995 1068 1094 1153 1221 1278 1307 1368 1431 1466 1533 1567 1647 1679 1742 1828 1868 1910 1973 2005 2091 2121 2211 2227 2271 2333 2401 2479 2532 2567 2637 2696 2700 2800 2848 2866 2941 3008
7 35 59 157 204 236 277 351 378 444 506 583 597 698 716 768 812 917 951 1013 1073 1132 1157 1212 1259 1314 1391 1429 1478 1525 1604 1660 1679 1764 1826 1881 1921 1960 2046 2062 2141 2194 2223 2296 2351 2415 2433 2491 2564 2624 2656 2747 2784 2859 2879 2939 2971
7 35 61 114 193 236 315 345 387 464 524 567 647 659 736 797 827 898 932 972 1068 1131 1171 1190 1278 1346 1382 1407 1464 1560 1606 1667 1679 1780 1809 1856 1920 1988 2040 2052 2130 2175 2258 2296 2331 2425 2455 2506 2567 2604 2658 2723 2802 2825 2866 2932 2988
4 35 61 138 168 248 274 367 404 452 522 545 647 667 748 806 811 887 927 989 1058 1108 1149 1238 1280 1298 1392 1407 1484 1564 1606 1654 1703 1776 1792 1847 1901 1967 2020 2069 2141 2198 2261 2284 2336 2417 2435 2527 2589 2604 2677 2723 2799 2808 2908 2944 2988
7 35 62 111 175 254 309 377 379 473 508 583 599 665 747 804 861 891 952 979 1038 1111 1155 1234 1271 1314 1363 1429 1495 1554 1597 1628 1677 1747 1826 1851 1927 1972 2009 2100 2128 2193 2220 2284 2338 2396 2479 2526 2564 2644 2656 2725 2784 2810 2913 2951 2970
7 35 62 157 173 253 306 350 403 438 528 583 609 658 734 774 855 917 969 1019 1065 1113 1141 1209 1265 1317 1354 1438 1472 1531 1566 1669 1677 1757 1834 1867 1904 1967 2039 2068 2134 2206 2232 2293 2348 2378 2480 2495 2546 2593 2689 2745 2793 2842 2875 2921 3001
4 35 64 119 163 267 322 377 390 465 516 567 609 655 704 805 820 867 965 1010 1062 1094 1179 1221 1284 1337 1374 1409 1509 1540 1586 1659 1702 1728 1822 1853 1910 1988 2007 2098 2128 2190 2247 2303 2328 2393 2474 2526 2559 2641 2654 2714 2773 2835 2866 2941 2993
4 35 64 144 206 248 294 345 427 452 516 566 628 666 748 782 816 867 939 1002 1038 1118 1167 1233 1271 1313 1402 1429 1462 1554 1590 1635 1703 1728 1796 1844 1923 1988 2007 2053 2159 2198 2265 2284 2332 2418 2431 2526 2585 2604 2663 2740 2761 2858 2913 2921 2989
7 35 64 152 198 236 320 367 391 464 514 567 628 656 716 798 812 917 928 1020 1078 1127 1171 1206 1273 1341 1362 1429 1459 1512 1590 1667 1702 1770 1831 1855 1906 1967 2039 2057 2109 2194 2221 2273 2343 2402 2433 2493 2577 2604 2680 2740 2805 2839 2887 2932 2989
7 35 65 140 198 230 278 367 396 457 526 567 599 655 722 762 812 887 967 993 1063 1102 1186 1201 1288 1296 1361 1457 1497 1557 1614 1651 1677 1770 1792 1850 1929 1960 2028 2093 2133 2194 2222 2303 2370 2395 2433 2534 2539 2609 2692 2717 2784 2859 2894 2939 2996
4 35 67 131 192 254 306 350 425 473 490 574 616 648 747 757 859 887 929 982 1063 1108 1142 1238 1274 1344 1392 1432 1498 1524 1592 1642 1677 1730 1799 1845 1901 1997 2033 2070 2111 2193 2241 2284 2366 2417 2481 2505 2544 2644 2653 2731 2768 2828 2909 2960 2987
4 35 67 137 185 257 316 377 394 471 517 543 616 657 723 797 828 869 962 991 1068 1085 1166 1236 1246 1346 1387 1432 1510 1514 1592 1666 1709 1741 1829 1836 1896 1972 2019 2101 2130 2168 2228 2311 2333 2377 2470 2519 2567 2644 2658 2731 2780 2818 2899 2932 2987
7 35 67 144 208 216 292 347 425 440 498 543 621 686 746 789 816 890 939 1022 1077 1098 1174 1198 1244 1315 1389 1427 1501 1516 1592 1631 1709 1759 1799 1877 1916 1949 2019 2081 2159 2161 2226 2284 2367 2384 2468 2519 2587 2623 2660 2752 2761 2858 2892 2960 2987
7 35 67 159 199 227 309 377 409 458 498 574 609 655 731 805 855 890 967 973 1062 1090 1144 1228 1246 1303 1373 1447 1488 1514 1584 1639 1677 1759 1834 1850 1898 1949 2019 2096 2130 2210 2214 2297 2328 2395 2476 2519 2559 2639 2689 2717 2793 2842 2905 2939 2995
7 35 69 128 171 237 298 338 427 469 497 566 628 649 743 756 850 869 950 1002 1056 1125 1138 1226 1267 1336 1400 1432 1492 1526 1573 1663 1699 1754 1802 1874 1923 1997 2045 2053 2149 2168 2265 2291 2366 2422 2448 2502 2547 2640 2657 2706 2777 2821 2914 2919 2983
4 35 69 141 212 226 287 338 384 455 511 563 597 680 711 795 852 917 920 1018 1078 1124 1147 1188 1267 1303 1360 1427 1479 1526 1580 1660 1702 1740 1830 1887 1891 1949 2045 2084 2149 2200 2252 2297 2367 2406 2459 2502 2580 2611 2668 2749 2791 2812 2893 2951 2976
7 35 71 108 212 252 285 347 390 480 533 555 621 686 706 789 851 898 949 1018 1077 1094 1140 1221 1272 1309 1368 1409 1459 1556 1574 1627 1702 1740 1806 1888 1910 1967 2025 2089 2149 2202 2247 2271 2367 2401 2459 2494 2587 2613 2666 2742 2765 2817 2864 2969 3010
7 35 71 159 191 248 286 367 399 452 533 566 597 659 739 765 855 898 967 1015 1026 1086 1167 1194 1286 1320 1367 1457 1460 1541 1606 1635 1690 1740 1824 1856 1938 1967 2025 2055 2130 2206 2251 2297 2363 2390 2480 2494 2569 2604 2698 2723 2793 2842 2863 2921 2977
7 35 72 146 209 236 275 367 418 464 493 555 618 666 736 766 835 867 959 984 1055 1116 1180 1192 1293 1297 1398 1438 1504 1544 1590 1658 1679 1745 1791 1844 1932 1967 2012 2102 2159 2175 2244 2296 2348 2397 2447 2533 2583 2604 2646 2740 2785 2860 2864 2945 2980
4 35 72 153 210 216 286 367 417 463 501 545 621 690 746 760 848 885 968 993 1028 1105 1186 1198 1293 1310 1397 1431 1497 1544 1577 1646 1690 1735 1795 1866 1908 1947 2012 2093 2159 2161 2222 2303 2359 2388 2435 2533 2572 2600 2667 2741 2786 2856 2892 2941 2993
4 35 73 124 204 223 299 327 424 450 488 566 637 659 743 765 858 887 932 1001 1056 1112 1160 1226 1267 1340 1401 1427 1506 1529 1579 1630 1679 1732 1820 1856 1935 1997 2033 2063 2141 2182 2264 2297 2363 2425 2467 2499 2538 2632 2647 2723 2760 2815 2914 2932 3002
7 35 73 155 213 217 306 327 401 438 490 545 609 693 702 795 820 917 930 1021 1078 1120 1141 1197 1267 1317 1392 1432 1475 1529 1598 1669 1702 1730 1822 1886 1900 1969 2033 2065 2141 2204 2234 2291 2355 2405 2460 2499 2580 2630 2654 2747 2773 2835 2893 2960 2982
4 35 74 138 174 229 295 358 382 448 503 563 647 685 751 803 821 869 918 992 1071 1109 1152 1239 1280 1307 1360 1420 1484 1564 1615 1668 1697 1767 1825 1837 1892 1973 2006 2066 2149 2180 2249 2271 2354 2420 2453 2527 2588 2599 2676 2706 2795 2817 2895 2944 3007
7 35 76 129 176 267 316 377 386 465 517 563 599 664 732 804 814 885 966 997 1052 1081 1172 1232 1261 1346 1387 1420 1500 1520 1586 1666 1709 1748 1823 1843 1890 1988 2011 2104 2109 2162 2246 2296 2339 2382 2464 2525 2550 2641 2676 2714 2797 2846 2872 2945 2980
4 35 76 149 199 245 303 377 391 474 505 574 621 648 714 801 855 907 970 978 1036 1097 1170 1235 1261 1298 1365 1431 1480 1520 1577 1624 1699 1759 1831 1868 1906 1967 2011 2100 2109 2210 2221 2284 2323 2401 2476 2525 2568 2633 2697 2709 2787 2848 2888 2921 2989
7 35 78 118 183 242 315 329 412 443 524 567 637 655 712 762 850 890 937 1009 1027 1131 1162 1217 1242 1342 1382 1420 1499 1521 1584 1671 1697 1769 1803 1850 1892 1997 2050 2094 2130 2179 2218 2303 2370 2425 2437 2516 2576 2639 2679 2717 2767 2832 2907 2919 2984
7 35 82 117 200 235 301 351 415 455 532 563 616 678 715 781 861 907 962 1014 1044 1085 1173 1195 1289 1316 1387 1457 1477 1538 1607 1633 1690 1773 1786 1836 1938 1972 2048 2059 2109 2209 2236 2273 2374 2377 2463 2496 2553 2602 2681 2709 2756 2839 2878 2951 3013
7 35 82 125 195 237 307 327 388 480 532 555 599 650 710 786 862 907 933 1021 1036 1092 1141 1227 1268 1297 1381 1438 1475 1559 1609 1626 1699 1773 1791 1870 1913 1972 2048 2065 2134 2201 2234 2291 2373 2396 2469 2496 2583 2629 2646 2704 2785 2834 2880 2969 3011
4 35 82 126 199 249 302 351 386 434 531 555 628 696 716 763 823 890 926 973 1043 1132 1163 1212 1289 1345 1388 1409 1468 1538 1609 1672 1699 1774 1793 1858 1921 1988 2048 2096 2109 2181 2214 2321 2328 2418 2462 2496 2552 2596 2666 2737 2777 2849 2879 2939 3011
7 35 84 141 169 221 315 345 388 470 524 563 628 658 709 782 847 917 920 1012 1073 1129 1165 1202 1260 1346 1382 1420 1479 1526 1566 1667 1679 1769 1823 1867 1909 1972 2050 2064 2134 2208 2238 2311 2340 2427 2451 2510 2550 2593 2676 2745 2797 2812 2878 2919 2978
7 35 85 119 210 235 270 358 412 442 487 567 637 656 751 798 826 867 944 1009 1064 1109 1174 1239 1287 1326 1394 1427 1487 1562 1579 1629 1690 1734 1797 1855 1892 1969 2036 2094 2159 2174 2218 2273 2343 2386 2436 2531 2590 2615 2672 2740 2772 2857 2895 2944 2990
7 35 87 131 214 260 317 329 415 441 502 563 616 680 703 802 819 898 937 1014 1072 1086 1153 1194 1274 1307 1367 1420 1498 1524 1568 1647 1727 1753 1825 1885 1938 1947 2013 2059 2133 2160 2236 2297 2361 2390 2461 2505 2588 2622 2676 2751 2795 2819 2900 2960 2974
7 35 87 154 193 237 285 350 408 480 502 593 621 688 710 767 849 898 968 972 1049 1105 1140 1207 1255 1309 1397 1447 1496 1543 1570 1627 1699 1753 1833 1866 1899 1947 2013 2052 2111 2201 2258 2291 2331 2388 2482 2505 2557 2629 2695 2743 2787 2855 2902 2932 2972
7 35 90 118 176 253 299 329 419 433 488 566 647 664 748 804 823 891 937 997 1038 1112 1134 1233 1271 1305 1401 1420 1467 1552 1615 1665 1677 1761 1790 1850 1928 1988 2002 2083 2141 2192 2266 2293 2339 2425 2450 2528 2564 2598 2665 2707 2794 2832 2913 2939 2991
7 35 90 119 182 268 321 358 384 471 488 543 618 687 733 779 827 891 944 1004 1037 1124 1179 1188 1282 1345 1379 1427 1509 1540 1588 1653 1702 1761 1789 1855 1891 1988 2002 2098 2111 2185 2252 2321 2335 2386 2444 2528 2557 2634 2660 2708 2771 2857 2871 2932 3019
4 35 90 158 192 229 283 358 385 448 519 566 609 649 721 756 843 907 964 982 1035 1092 1181 1211 1282 1320 1371 1457 1470 1540 1615 1638 1677 1730 1824 1874 1929 1973 2002 2078 2111 2209 2233 2291 2366 2408 2481 2528 2569 2599 2698 2706 2793 2855 2873 2941 2991
7 35 91 119 185 237 303 377 378 469 505 543 637 661 743 806 828 891 965 983 1058 1104 1176 1240 1287 1298 1365 1409 1487 1562 1572 1624 1699 1741 1826 1853 1921 1960 2031 2092 2141 2168 2223 2291 2341 2393 2470 2531 2589 2640 2677 2707 2764 2835 2901 2944 2971
7 35 91 131 173 252 308 338 422 453 531 563 637 664 706 773 851 898 937 998 1041 1131 1142 1190 1263 1348 1382 1409 1498 1524 1572 1662 1677 1778 1782 1850 1920 1997 2044 2070 2134 2202 2224 2296 2369 2425 2459 2517 2563 2640 2678 2707 2763 2819 2896 2939 2971
7 35 93 122 211 264 310 345 387 469 496 543 599 686 708 802 826 898 943 1023 1072 1080 1138 1189 1274 1324 1359 1432 1492 1532 1574 1663 1727 1747 1809 1888 1934 1969 2022 2053 2149 2167 2245 2284 2355 2407 2443 2497 2588 2613 2658 2742 2802 2826 2900 2944 2988
7 35 93 154 175 246 278 367 399 476 496 593 609 695 704 773 843 898 968 979 1041 1122 1135 1192 1263 1326 1390 1431 1496 1543 1585 1620 1677 1747 1824 1848 1926 1969 2022 2057 2128 2211 2262 2273 2338 2405 2479 2497 2563 2601 2698 2726 2793 2855 2896 2945 2977
4 35 94 157 163 242 294 351 415 479 516 593 609 694 720 788 840 907 951 978 1039 1121 1151 1196 1265 1310 1402 1429 1472 1531 1595 1638 1697 1728 1786 1881 1911 1947 2007 2058 2133 2170 2262 2303 2360 2415 2474 2495 2558 2603 2681 2750 2756 2859 2902 2921 3013
7 35 94 160 175 218 281 367 389 466 508 593 599 696 732 762 843 890 959 989 1027 1098 1149 1198 1242 1327 1389 1438 1484 1542 1609 1641 1697 1747 1832 1858 1916 1973 2009 2069 2109 2211 2261 2284 2329 2384 2479 2493 2576 2596 2693 2737 2800 2848 2907 2941 2999
7 35 95 120 168 216 312 329 411 440 522 583 647 665 746 804 848 885 938 986 1052 1082 1145 1217 1261 1324 1354 1431 1482 1551 1618 1661 1709 1776 1827 1851 1941 1969 2020 2071 2134 2161 2263 2284 2338 2410 2435 2492 2550 2623 2696 2725 2801 2841 2872 2919 3009
4 35 95 131 165 266 275 329 403 478 534 574 597 699 714 786 851 887 937 1006 1036 1096 1165 1235 1261 1297 1357 1420 1471 1551 1605 1658 1718 1764 1814 1885 1907 1967 2020 2072 2134 2189 2229 2296 2324 2390 2473 2492 2583 2638 2646 2733 2763 2819 2888 2969 3023
7 35 95 133 167 265 274 351 409 483 522 574 609 694 721 788 826 885 930 973 1039 1120 1163 1199 1281 1329 1392 1407 1468 1530 1605 1622 1718 1776 1808 1886 1898 1969 2020 2096 2111 2174 2214 2321 2360 2405 2436 2492 2558 2625 2661 2746 2772 2857 2885 2944 3023
7 35 96 128 203 242 276 351 386 479 534 545 618 693 712 789 850 890 950 1024 1077 1081 1152 1232 1244 1309 1356 1420 1473 1545 1595 1637 1709 1749 1793 1882 1890 1947 2035 2077 2149 2179 2246 2291 2361 2414 2437 2488 2587 2603 2666 2750 2777 2821 2892 2969 3011
4 35 96 149 182 263 299 327 388 458 488 574 618 694 718 794 835 907 957 985 1032 1129 1153 1202 1290 1340 1401 1420 1466 1533 1595 1630 1679 1761 1791 1881 1909 1973 2002 2091 2133 2178 2238 2321 2354 2409 2444 2522 2539 2603 2646 2750 2785 2860 2869 2939 3011
4 35 98 118 208 249 318 338 404 436 492 567 597 680 716 795 823 890 937 1022 1078 1096 1176 1206 1273 1317 1357 1409 1499 1521 1596 1657 1727 1765 1801 1885 1937 1967 1999 2081 2141 2181 2226 2293 2367 2390 2462 2484 2580 2594 2654 2751 2794 2832 2887 2960 2979
4 35 98 148 168 223 301 338 429 472 523 593 637 695 743 773 847 885 947 986 1051 1125 1157 1226 1273 1316 1396 1429 1469 1521 1576 1633 1703 1734 1784 1848 1923 1972 1999 2071 2141 2182 2263 2273 2338 2426 2478 2484 2553 2610 2681 2726 2758 2852 2914 2919 3000
4 35 98 160 194 227 276 358 380 479 492 593 618 687 731 779 855 890 959 992 1037 1116 1152 1230 1251 1309 1398 1447 1484 1542 1576 1637 1703 1765 1833 1844 1894 1967 1999 2066 2121 2210 2249 2271 2335 2397 2476 2484 2557 2618 2695 2719 2787 2848 2903 2921 3000
7 35 100 141 168 257 270 338 389 484 487 593 599 697 710 775 847 887 920 989 1049 1089 1159 1207 1255 1304 1394 1427 1473 1532 1612 1651 1709 1734 1812 1887 1916 1947 2036 2069 2134 2182 2261 2311 2336 2406 2478 2517 2549 2631 2688 2733 2797 2812 2902 2944 3021
7 35 103 113 201 249 310 345 416 436 496 583 628 658 716 782 842 869 919 980 1073 1110 1170 1212 1259 1324 1359 1431 1507 1519 1617 1663 1727 1751 1827 1880 1942 1960 2018 2073 2109 2181 2255 2293 2340 2376 2442 2498 2550 2594 2696 2730 2801 2847 2879 2945 3003
7 35 103 155 174 257 278 327 380 484 496 593 618 694 723 794 828 869 930 992 1032 1122 1159 1224 1249 1296 1390 1432 1476 1528 1599 1651 1718 1751 1813 1886 1894 1960 2018 2066 2128 2168 2249 2303 2354 2405 2470 2498 2539 2631 2692 2746 2764 2835 2911 2944 3022
4 35 104 111 180 217 285 347 416 438 533 583 628 660 702 779 840 891 952 980 1037 1104 1182 1218 1282 1309 1368 1457 1495 1554 1613 1627 1702 1754 1815 1857 1942 1947 2010 2073 2121 2204 2255 2291 2362 2391 2439 2514 2557 2630 2695 2732 2805 2810 2871 2921 3016
7 35 104 116 178 236 287 338 411 444 511 583 647 654 736 805 835 867 918 986 1062 1109 1157 1190 1284 1303 1360 1438 1469 1552 1613 1660 1702 1775 1821 1837 1941 1973 2010 2071 2130 2175 2263 2273 2329 2420 2447 2514 2559 2624 2689 2738 2806 2840 2866 2939 3016
7 35 104 144 179 265 279 347 410 483 511 566 599 700 721 787 817 867 939 987 1035 1119 1136 1211 1282 1340 1369 1427 1462 1554 1612 1650 1718 1775 1820 1877 1902 1973 2010 2086 2121 2174 2235 2321 2347 2384 2446 2514 2538 2625 2647 2739 2760 2858 2873 2951 3017
7 35 105 109 204 257 283 327 397 484 519 566 621 698 710 768 858 885 956 1013 1052 1092 1164 1227 1252 1313 1371 1429 1458 1556 1599 1646 1709 1732 1796 1882 1913 1960 2000 2060 2111 2182 2225 2311 2351 2408 2467 2515 2585 2631 2663 2746 2761 2814 2880 2969 3020
7 35 105 122 180 266 271 345 397 478 530 574 618 689 731 777 857 867 943 1012 1062 1088 1165 1228 1246 1301 1350 1432 1479 1545 1599 1658 1702 1738 1796 1888 1900 1949 2029 2064 2121 2172 2238 2311 2330 2407 2456 2486 2586 2638 2653 2739 2771 2826 2905 2969 3020
7 35 105 133 198 226 289 329 416 455 519 574 637 655 711 762 839 885 965 993 1027 1104 1173 1218 1286 1327 1365 1457 1477 1522 1616 1633 1702 1732 1827 1853 1942 1960 2000 2059 2109 2200 2255 2297 2370 2393 2473 2515 2576 2611 2693 2714 2804 2820 2862 2941 3003
4 35 106 128 202 265 314 351 399 483 486 566 597 698 715 768 833 869 950 1015 1073 1085 1136 1195 1260 1305 1351 1420 1492 1526 1605 1650 1727 1737 1790 1882 1938 1969 2030 2055 2128 2180 2251 2311 2351 2414 2440 2510 2564 2625 2665 2746 2794 2821 2878 2951 3012
4 35 106 155 172 252 271 345 411 480 486 593 637 687 706 769 839 869 944 991 1046 1109 1141 1190 1257 1333 1394 1438 1475 1529 1608 1626 1702 1737 1827 1855 1941 1969 2030 2065 2134 2202 2263 2271 2345 2386 2471 2510 2570 2613 2693 2708 2804 2820 2896 2932 3009
7 36 58 139 200 242 279 326 414 432 516 546 601 694 739 806 860 897 951 1025 1039 1103 1173 1210 1287 1306 1364 1445 1511 1531 1601 1638 1682 1775 1825 1860 1938 1972 2049 2067 2109 2185 2236 2298 2340 2377 2474 2499 2550 2612 2691 2730 2782 2817 2878 2957 2974
7 36 62 146 165 240 280 350 397 445 529 543 596 677 724 776 831 872 936 977 1052 1092 1164 1205 1267 1313 1362 1445 1506 1556 1599 1630 1704 1770 1834 1882 1935 1951 2027 2103 2146 2208 2229 2302 2357 2425 2466 2534 2538 2593 2687 2723 2770 2861 2900 2922 3002
7 36 63 122 210 242 292 364 421 452 487 542 627 663 727 809 826 867 937 1008 1064 1088 1168 1238 1289 1342 1382 1411 1463 1563 1584 1650 1682 1752 1794 1888 1918 1950 2012 2055 2147 2198 2256 2298 2343 2408 2452 2516 2556 2592 2695 2740 2767 2855 2907 2944 2980
7 36 63 146 184 258 302 365 378 460 487 548 622 660 706 802 831 867 936 1010 1041 1109 1184 1222 1293 1327 1373 1431 1503 1559 1577 1629 1676 1752 1822 1885 1910 1950 2012 2077 2146 2196 2241 2302 2338 2422 2478 2516 2557 2636 2698 2712 2770 2861 2867 2923 2987
4 36 64 124 165 231 278 327 409 484 513 566 627 668 755 786 858 870 956 977 1072 1124 1154 1226 1291 1328 1400 1411 1504 1524 1584 1652 1704 1770 1796 1863 1937 1986 2041 2066 2146 2182 2265 2270 2357 2401 2466 2496 2561 2632 2647 2700 2778 2831 2880 2924 2979
7 36 64 126 170 242 274 364 391 452 528 566 601 700 739 775 854 905 971 1005 1071 1128 1163 1210 1255 1300 1385 1437 1505 1561 1584 1655 1704 1756 1814 1852 1914 1950 2041 2075 2109 2185 2215 2276 2354 2397 2480 2496 2553 2592 2697 2740 2802 2848 2878 2918 2979
7 36 65 108 170 254 305 350 423 485 528 580 601 671 749 757 835 870 938 1004 1040 1084 1150 1239 1252 1344 1354 1406 1498 1529 1616 1642 1677 1756 1799 1867 1904 1986 2041 2104 2135 2204 2234 2276 2355 2411 2480 2495 2562 2610 2669 2747 2792 2835 2893 2950 2982
7 36 65 116 162 269 300 365 394 471 495 543 601 677 723 791 862 892 951 998 1030 1103 1178 1236 1284 1347 1364 1406 1509 1539 1616 1668 1715 1746 1827 1860 1912 1972 2009 2077 2112 2176 2252 2302 2342 2377 2470 2529 2543 2610 2661 2747 2774 2841 2898 2924 2982
7 36 66 108 176 251 308 331 411 453 533 546 627 664 744 769 845 904 944 991 1038 1130 1150 1215 1253 1314 1394 1433 1498 1529 1591 1673 1677 1779 1806 1874 1898 1986 2030 2104 2108 2164 2247 2296 2367 2401 2434 2494 2587 2640 2693 2722 2784 2829 2906 2923 2971
7 36 66 122 162 237 313 365 401 468 496 543 627 685 755 781 862 866 963 992 1070 1129 1138 1207 1289 1323 1362 1433 1463 1563 1591 1663 1680 1746 1815 1853 1936 1952 2008 2087 2146 2176 2245 2275 2348 2389 2470 2516 2588 2640 2655 2722 2786 2828 2901 2944 2971
4 36 67 117 192 253 305 350 410 454 490 542 635 697 727 774 810 872 929 995 1064 1107 1158 1238 1289 1317 1392 1433 1472 1542 1612 1669 1677 1762 1834 1848 1898 1950 2003 2052 2140 2186 2248 2275 2368 2419 2450 2535 2591 2608 2662 2713 2794 2826 2907 2957 2989
4 36 67 143 206 265 279 331 410 443 516 543 622 685 748 782 863 890 966 1022 1046 1081 1177 1211 1276 1313 1364 1445 1501 1516 1612 1631 1676 1775 1834 1859 1923 1979 2049 2080 2112 2179 2223 2275 2347 2400 2469 2489 2538 2604 2687 2717 2770 2830 2892 2957 2989
4 36 71 109 205 255 315 352 422 484 498 566 634 683 702 760 820 871 942 1000 1060 1117 1165 1213 1272 1310 1367 1437 1491 1535 1619 1640 1716 1740 1829 1884 1915 1946 2047 2060 2112 2178 2264 2271 2364 2398 2440 2531 2543 2607 2697 2721 2785 2822 2882 2924 3009
7 36 71 153 182 251 271 330 422 480 508 581 627 687 744 773 815 892 937 998 1037 1088 1156 1215 1254 1309 1382 1444 1475 1524 1619 1645 1702 1758 1829 1888 1940 1950 2044 2089 2108 2164 2240 2271 2322 2408 2465 2533 2548 2613 2678 2716 2805 2823 2906 2924 3009
7 36 73 109 176 260 312 357 417 482 490 566 602 664 740 769 841 871 942 991 1075 1100 1143 1241 1288 1339 1385 1433 1491 1535 1593 1649 1676 1733 1800 1859 1905 1986 2034 2084 2109 2207 2266 2274 2367 2424 2481 2515 2550 2617 2657 2738 2764 2822 2880 2957 2970
7 36 73 150 180 232 271 330 417 454 508 542 622 692 747 804 822 897 946 1025 1077 1111 1182 1208 1247 1309 1382 1412 1494 1516 1593 1645 1702 1774 1800 1886 1942 1947 2029 2073 2147 2173 2230 2274 2361 2385 2479 2520 2569 2630 2656 2725 2765 2853 2876 2957 2970
4 36 74 127 206 229 316 352 420 433 503 547 602 685 712 782 861 904 963 1022 1026 1091 1166 1199 1281 1325 1399 1445 1490 1564 1615 1644 1680 1766 1786 1853 1933 1979 2051 2060 2108 2191 2243 2271 2347 2389 2477 2500 2558 2616 2682 2722 2759 2823 2879 2944 3006
7 36 74 154 179 253 288 364 420 448 538 546 635 661 727 787 830 892 941 983 1073 1088 1147 1238 1280 1310 1381 1412 1508 1530 1615 1666 1681 1767 1786 1837 1918 1946 2014 2063 2140 2186 2257 2271 2332 2409 2430 2537 2589 2614 2651 2724 2789 2839 2907 2944 3006
7 36 74 155 162 259 301 357 400 460 538 547 597 682 714 786 820 892 969 998 1072 1125 1184 1201 1261 1328 1370 1431 1503 1550 1602 1629 1680 1767 1807 1841 1906 1946 2014 2077 2146 2171 2252 2309 2342 2391 2447 2537 2561 2635 2647 2704 2768 2840 2912 2924 3019
4 36 75 117 165 266 323 357 423 476 506 542 597 668 711 786 853 872 935 977 1049 1132 1181 1219 1243 1314 1366 1411 1489 1525 1604 1659 1715 1763 1795 1836 1909 1986 2046 2103 2135 2188 2229 2296 2357 2416 2473 2509 2584 2617 2695 2726 2766 2819 2895 2922 2986
4 36 75 138 177 265 312 357 404 443 521 580 600 667 748 788 849 905 969 1012 1058 1114 1145 1217 1243 1323 1354 1431 1468 1525 1583 1664 1676 1749 1808 1851 1910 1952 2046 2069 2135 2179 2214 2275 2374 2381 2483 2509 2547 2604 2696 2746 2799 2857 2885 2919 3008
7 36 75 140 215 216 274 352 390 452 521 542 601 692 719 804 862 905 927 990 1056 1123 1163 1199 1256 1300 1392 1407 1482 1513 1604 1655 1715 1749 1827 1886 1901 1952 2046 2098 2140 2199 2263 2274 2361 2404 2445 2509 2589 2618 2661 2725 2774 2841 2872 2944 2986
7 36 76 156 212 227 288 330 398 444 517 548 622 686 713 804 852 905 939 997 1056 1119 1151 1206 1256 1310 1402 1410 1481 1536 1613 1666 1715 1737 1817 1889 1890 1946 2032 2089 2133 2203 2241 2271 2366 2392 2458 2485 2589 2641 2651 2719 2758 2845 2872 2950 3000
7 36 77 133 215 248 312 326 409 440 521 568 601 694 721 806 850 872 938 1011 1039 1084 1184 1203 1259 1339 1354 1431 1484 1549 1567 1649 1708 1749 1792 1867 1941 1986 2046 2096 2146 2212 2261 2274 2340 2411 2445 2507 2550 2625 2657 2723 2772 2808 2908 2919 2983
4 36 77 161 188 224 315 365 387 464 501 573 601 677 730 791 854 904 936 972 1030 1091 1186 1231 1277 1310 1363 1431 1474 1533 1567 1640 1704 1765 1814 1882 1900 1946 2021 2091 2113 2210 2232 2271 2342 2425 2455 2532 2543 2625 2697 2723 2802 2848 2905 2922 2983
7 36 78 156 192 267 286 330 386 463 486 581 596 666 716 806 814 872 939 995 1039 1132 1148 1208 1259 1306 1389 1410 1483 1534 1611 1630 1708 1748 1811 1889 1922 1974 2025 2052 2109 2165 2248 2296 2368 2392 2465 2523 2550 2639 2691 2739 2797 2845 2908 2957 3021
7 36 79 135 186 231 315 365 408 484 501 548 634 658 755 787 846 871 961 973 1073 1129 1165 1207 1286 1310 1363 1410 1467 1562 1566 1640 1704 1750 1817 1847 1936 1947 2036 2085 2140 2182 2238 2270 2336 2388 2478 2510 2589 2632 2651 2718 2758 2852 2901 2944 2990
4 36 79 146 207 226 293 357 413 441 507 548 600 700 745 788 859 867 971 987 1035 1115 1164 1230 1292 1297 1398 1444 1506 1556 1566 1634 1704 1745 1813 1852 1894 1951 2036 2103 2147 2172 2219 2296 2341 2397 2442 2510 2571 2609 2670 2740 2801 2827 2890 2918 2990
7 36 81 109 200 220 295 352 389 467 510 547 596 669 716 771 841 890 942 990 1078 1096 1163 1233 1274 1296 1387 1437 1482 1544 1609 1641 1682 1772 1793 1884 1902 1985 2048 2098 2109 2211 2263 2274 2375 2398 2477 2493 2578 2596 2664 2736 2764 2822 2881 2958 3014
4 36 81 127 188 264 308 327 388 453 530 547 627 682 726 786 826 904 933 972 1049 1110 1150 1202 1275 1314 1397 1406 1511 1543 1609 1673 1682 1753 1794 1841 1899 1972 2048 2091 2135 2183 2232 2309 2342 2427 2468 2493 2584 2628 2695 2704 2767 2855 2863 2922 3014
4 36 81 131 199 233 317 352 414 441 530 548 635 660 741 802 830 904 964 994 1045 1133 1148 1204 1274 1347 1388 1410 1459 1544 1610 1651 1681 1753 1786 1885 1911 1972 2048 2076 2109 2160 2262 2302 2338 2394 2456 2493 2553 2602 2651 2712 2789 2839 2914 2918 3013
7 36 83 125 197 224 283 326 396 464 491 573 634 672 752 778 853 871 928 993 1063 1127 1186 1232 1268 1341 1401 1412 1498 1512 1590 1640 1677 1732 1831 1850 1928 1986 2034 2067 2133 2188 2267 2298 2370 2407 2473 2505 2555 2625 2659 2701 2766 2819 2887 2922 3017
7 36 83 147 213 228 312 326 379 443 490 543 600 686 718 801 829 905 934 1003 1051 1128 1145 1210 1268 1323 1385 1433 1476 1512 1613 1664 1708 1733 1815 1889 1914 1951 2034 2061 2133 2205 2228 2276 2369 2397 2444 2505 2588 2641 2655 2719 2786 2860 2900 2957 2993
7 36 84 130 205 234 309 327 383 485 502 580 622 698 748 765 823 866 956 1015 1058 1099 1155 1217 1243 1348 1350 1411 1507 1536 1614 1636 1716 1739 1797 1862 1924 1952 2008 2088 2112 2209 2218 2296 2350 2402 2441 2498 2570 2631 2666 2745 2800 2825 2885 2950 3022
4 36 85 124 215 258 286 330 401 475 525 546 622 692 706 804 858 890 956 990 1077 1099 1146 1222 1257 1305 1350 1407 1471 1557 1575 1631 1708 1744 1783 1862 1920 1952 2050 2101 2146 2196 2260 2270 2361 2402 2451 2504 2569 2620 2660 2750 2778 2831 2867 2958 3003
4 36 85 125 166 260 285 350 401 457 531 573 597 690 740 792 841 871 929 1007 1047 1129 1160 1207 1258 1318 1363 1433 1458 1551 1575 1658 1680 1743 1783 1879 1936 1985 2018 2072 2113 2207 2245 2270 2326 2388 2481 2536 2586 2642 2671 2728 2768 2818 2915 2958 3003
7 36 86 126 171 230 291 364 406 477 509 581 600 687 707 756 857 890 971 983 1046 1115 1147 1192 1272 1333 1398 1437 1508 1558 1598 1637 1676 1742 1832 1852 1932 1951 1999 2063 2113 2211 2257 2271 2339 2397 2461 2508 2564 2611 2672 2752 2799 2848 2897 2946 2978
7 36 86 157 210 241 300 364 430 476 499 542 622 690 728 760 826 871 930 993 1060 1097 1172 1188 1272 1347 1360 1407 1477 1558 1575 1668 1716 1752 1802 1879 1929 1972 1999 2105 2113 2198 2230 2302 2358 2387 2452 2508 2543 2642 2661 2728 2800 2821 2882 2922 3002
7 36 91 125 200 230 278 352 426 451 536 547 600 697 707 803 841 897 929 1025 1055 1122 1186 1192 1263 1328 1377 1431 1498 1512 1583 1652 1677 1772 1807 1848 1925 1986 2024 2067 2113 2211 2236 2270 2340 2419 2477 2511 2561 2638 2647 2713 2768 2818 2897 2957 2992
4 36 91 155 192 251 309 365 390 453 486 547 596 649 744 789 815 892 949 1018 1035 1090 1187 1231 1292 1348 1368 1444 1497 1556 1589 1636 1677 1748 1827 1850 1901 1952 2025 2070 2140 2164 2263 2296 2345 2386 2465 2510 2570 2640 2666 2724 2769 2859 2890 2922 2986
7 36 96 132 182 265 283 327 428 444 491 573 635 665 720 796 833 892 932 998 1042 1127 1151 1226 1264 1315 1401 1410 1481 1560 1610 1666 1676 1762 1791 1846 1934 1985 2002 2089 2133 2206 2240 2275 2322 2407 2460 2521 2590 2603 2679 2711 2787 2809 2915 2924 2998
7 36 96 161 176 225 289 350 386 449 520 573 600 660 715 772 857 904 936 991 1048 1102 1173 1189 1290 1321 1379 1445 1474 1533 1610 1620 1676 1733 1832 1885 1923 1974 2002 2104 2109 2191 2247 2276 2367 2422 2481 2521 2576 2602 2672 2712 2799 2848 2886 2923 2998
4 36 97 154 193 264 309 327 428 453 502 546 596 653 724 770 811 892 948 1019 1071 1105 1187 1225 1255 1348 1350 1437 1477 1561 1609 1636 1716 1738 1791 1871 1915 1972 2009 2090 2146 2184 2258 2276 2373 2396 2443 2496 2557 2628 2679 2704 2787 2832 2878 2923 2998
4 36 100 123 205 229 285 350 413 456 498 568 634 657 733 807 827 866 970 1015 1070 1094 1182 1239 1280 1333 1395 1412 1480 1565 1590 1643 1680 1740 1803 1869 1895 1951 2047 2088 2147 2170 2218 2271 2350 2395 2440 2503 2563 2593 2673 2733 2754 2849 2910 2950 3000
4 36 100 151 177 240 317 330 398 445 524 546 634 679 724 775 846 905 946 1012 1071 1104 1144 1225 1255 1347 1394 1412 1469 1523 1590 1651 1704 1781 1817 1845 1916 1972 2017 2069 2108 2208 2214 2302 2374 2426 2451 2533 2553 2593 2651 2733 2758 2852 2878 2919 3000
4 36 101 123 199 250 297 331 391 436 536 568 627 693 732 769 810 866 970 994 1075 1112 1169 1211 1261 1339 1359 1431 1480 1565 1617 1663 1681 1753 1792 1856 1891 1950 2042 2100 2109 2181 2239 2309 2338 2408 2456 2524 2550 2597 2657 2715 2772 2849 2909 2957 3001
7 36 101 129 170 226 295 331 392 449 510 547 634 649 714 779 852 870 966 1004 1072 1096 1173 1201 1261 1316 1387 1445 1474 1565 1597 1620 1704 1778 1787 1861 1935 1946 2042 2104 2109 2203 2234 2296 2355 2398 2458 2524 2568 2601 2682 2714 2758 2845 2912 2950 3022
7 36 101 157 188 240 278 327 383 433 536 547 635 665 750 796 826 866 930 992 1042 1122 1157 1223 1295 1327 1377 1444 1505 1530 1597 1653 1704 1753 1797 1847 1894 1950 2042 2082 2113 2183 2250 2302 2322 2419 2468 2524 2590 2605 2666 2710 2800 2821 2883 2944 3022
7 36 102 120 193 255 302 326 382 484 487 548 600 686 702 801 821 897 967 1023 1051 1109 1154 1209 1279 1304 1373 1411 1504 1528 1588 1652 1716 1742 1825 1855 1924 1974 2023 2066 2146 2178 2219 2271 2369 2422 2439 2507 2588 2607 2675 2753 2798 2820 2888 2944 3006
7 36 102 133 195 234 300 364 420 471 499 548 601 700 751 775 840 892 918 981 1071 1090 1178 1200 1259 1347 1360 1410 1484 1549 1588 1668 1716 1729 1786 1875 1933 1979 2023 2102 2108 2206 2243 2296 2354 2393 2453 2507 2553 2645 2651 2716 2789 2829 2875 2919 3006
7 36 102 140 188 254 281 357 382 450 501 581 601 687 749 773 860 866 950 992 1036 1094 1180 1239 1256 1307 1395 1410 1482 1513 1588 1670 1682 1765 1825 1888 1895 1985 2021 2082 2135 2204 2250 2271 2322 2395 2455 2509 2549 2645 2691 2716 2782 2817 2893 2944 3006
7 36 104 127 197 236 280 352 416 432 529 580 627 670 732 780 815 871 963 993 1027 1129 1173 1234 1275 1305 1362 1445 1511 1543 1592 1638 1702 1770 1829 1853 1908 1952 2027 2067 2109 2195 2267 2270 2370 2389 2433 2493 2552 2618 2678 2738 2805 2823 2885 2922 3015
7 36 104 131 172 232 305 327 425 454 528 580 635 648 747 796 859 872 948 982 1078 1084 1158 1203 1274 1317 1354 1437 1459 1544 1592 1669 1702 1771 1821 1857 1941 1951 2027 2065 2135 2173 2246 2274 2339 2411 2441 2493 2554 2630 2699 2726 2773 2856 2881 2918 3015
7 36 105 124 192 233 312 326 416 442 490 566 635 649 741 789 836 870 940 1018 1057 1100 1146 1204 1262 1323 1385 1444 1471 1557 1597 1664 1708 1762 1826 1861 1943 1952 2003 2101 2109 2160 2233 2275 2345 2424 2450 2499 2547 2601 2696 2714 2779 2847 2914 2946 3018
4 36 105 137 178 226 322 331 422 449 504 573 635 672 745 805 859 867 941 1010 1061 1088 1134 1215 1246 1311 1381 1444 1479 1546 1597 1660 1702 1773 1821 1837 1940 1946 2013 2078 2112 2172 2240 2298 2344 2409 2442 2489 2559 2601 2699 2714 2773 2856 2905 2923 3018
4 36 105 139 182 234 305 327 387 485 490 573 601 673 751 794 833 870 927 972 1043 1123 1150 1200 1287 1344 1392 1433 1511 1531 1614 1642 1702 1762 1796 1886 1900 1952 2003 2091 2108 2206 2232 2309 2348 2404 2460 2499 2560 2631 2671 2745 2755 2842 2875 2957 3001
7 36 107 108 204 267 293 352 427 463 534 580 597 698 716 765 845 870 944 1016 1057 1096 1144 1233 1294 1297 1372 1412 1476 1551 1605 1634 1708 1763 1828 1862 1902 1951 2020 2062 2108 2165 2226 2296 2350 2414 2433 2500 2571 2639 2670 2745 2784 2829 2881 2958 2988
4 36 107 127 186 241 312 326 424 482 521 580 602 678 728 766 826 871 933 973 1044 1114 1143 1209 1281 1339 1354 1407 1490 1564 1605 1649 1708 1776 1831 1887 1920 1950 2020 2085 2135 2198 2238 2309 2336 2381 2452 2500 2549 2637 2658 2748 2767 2855 2862 2944 2988
7 36 107 150 162 247 288 330 424 483 538 573 597 673 715 794 821 866 946 992 1048 1112 1139 1189 1290 1341 1381 1412 1462 1547 1605 1635 1715 1767 1831 1886 1913 1974 2014 2087 2112 2170 2245 2309 2348 2385 2447 2506 2555 2639 2659 2745 2766 2853 2886 2944 2988
7 37 55 111 188 224 275 324 411 437 507 560 601 687 749 791 839 912 929 1014 1079 1093 1177 1240 1257 1331 1376 1417 1489 1561 1586 1621 1719 1764 1798 1887 1908 1969 2015 2082 2156 2168 2232 2271 2356 2397 2455 2526 2570 2601 2693 2743 2782 2848 2885 2962 2981
7 37 55 113 185 255 274 372 411 483 535 584 606 657 736 764 842 864 919 1024 1051 1109 1155 1229 1278 1334 1380 1411 1485 1534 1586 1631 1695 1743 1798 1841 1907 1994 2039 2065 2130 2195 2233 2271 2369 2419 2483 2501 2567 2635 2675 2710 2801 2845 2888 2962 2981
4 37 55 161 187 233 296 374 387 450 507 584 597 675 732 795 844 912 950 980 1030 1081 1186 1231 1291 1317 1356 1449 1482 1526 1578 1634 1695 1764 1825 1882 1895 1969 2015 2099 2106 2201 2223 2275 2351 2412 2456 2526 2549 2625 2697 2716 2794 2844 2893 2929 2989
7 37 57 112 215 229 285 347 406 459 526 560 606 687 720 790 857 909 928 1004 1067 1091 1140 1220 1272 1332 1352 1404 1459 1555 1577 1643 1722 1743 1812 1878 1905 1951 2047 2088 2150 2212 2260 2271 2357 2395 2453 2516 2564 2613 2672 2751 2762 2817 2879 2967 3009
7 37 57 149 185 262 272 368 399 447 526 588 597 656 738 765 845 909 944 1024 1031 1101 1166 1194 1285 1315 1367 1454 1476 1541 1605 1632 1695 1743 1833 1862 1917 1951 2047 2070 2130 2192 2228 2281 2369 2413 2483 2516 2548 2620 2690 2729 2794 2843 2863 2916 2980
7 37 57 161 166 243 286 330 407 445 515 588 606 690 724 775 846 908 953 981 1028 1105 1186 1224 1282 1328 1391 1404 1482 1526 1577 1639 1695 1771 1811 1875 1915 1969 2030 2099 2151 2166 2222 2318 2332 2410 2431 2533 2550 2613 2662 2751 2801 2841 2878 2919 3009
7 37 58 111 184 268 301 374 397 455 521 560 638 673 720 782 831 912 957 989 1067 1095 1149 1220 1272 1330 1396 1407 1508 1542 1575 1673 1720 1734 1825 1866 1901 1951 1999 2092 2118 2174 2216 2268 2359 2404 2457 2529 2572 2639 2687 2708 2805 2819 2879 2941 2979
7 37 58 149 189 218 316 335 425 443 521 585 594 699 742 767 847 912 952 986 1030 1133 1166 1203 1273 1323 1381 1429 1476 1541 1576 1636 1695 1734 1790 1875 1913 1951 1999 2070 2156 2177 2266 2312 2343 2411 2452 2529 2577 2611 2676 2743 2779 2835 2912 2919 2978
7 37 61 109 176 249 287 368 416 473 538 588 614 664 741 758 842 871 924 1021 1045 1100 1163 1239 1252 1328 1364 1404 1502 1517 1592 1638 1687 1751 1811 1859 1900 1994 2045 2083 2109 2195 2218 2293 2363 2403 2483 2493 2550 2618 2662 2737 2801 2845 2905 2962 2999
7 37 62 133 176 251 282 372 397 438 538 584 614 678 748 760 845 914 959 1013 1064 1112 1156 1204 1271 1317 1369 1449 1495 1537 1571 1648 1677 1751 1825 1867 1901 1951 2045 2068 2118 2192 2216 2293 2371 2393 2483 2492 2549 2593 2697 2744 2794 2843 2890 2916 2979
7 37 62 135 175 246 283 335 420 463 508 584 639 654 743 778 843 871 964 993 1062 1114 1138 1221 1267 1336 1403 1425 1497 1540 1571 1670 1677 1780 1802 1872 1929 1994 2045 2062 2154 2178 2265 2268 2349 2408 2448 2492 2555 2636 2648 2701 2766 2824 2888 2941 2979
7 37 63 118 195 251 285 372 425 438 488 540 639 677 734 798 838 876 922 990 1059 1094 1161 1241 1281 1332 1390 1425 1480 1563 1571 1643 1699 1740 1790 1868 1913 1951 2018 2065 2156 2206 2266 2271 2339 2425 2445 2528 2564 2593 2672 2744 2783 2848 2897 2961 2978
7 37 64 117 184 262 287 368 427 447 499 540 644 673 734 782 811 887 927 989 1059 1102 1146 1241 1281 1313 1402 1407 1478 1554 1605 1653 1687 1755 1814 1844 1904 1951 2020 2053 2151 2196 2254 2289 2359 2423 2435 2535 2580 2620 2677 2729 2798 2813 2897 2965 2974
7 37 64 141 167 256 322 369 406 446 499 552 614 691 704 761 847 887 959 1008 1036 1112 1187 1200 1284 1343 1369 1452 1493 1551 1570 1644 1674 1755 1812 1867 1905 1951 2020 2084 2150 2177 2260 2318 2323 2393 2452 2535 2547 2641 2654 2731 2779 2835 2881 2919 3009
7 37 65 121 194 220 298 347 418 440 513 543 606 687 745 790 816 912 939 1025 1067 1083 1181 1218 1260 1320 1388 1411 1511 1530 1586 1628 1720 1774 1799 1887 1939 1944 2014 2075 2156 2161 2229 2289 2357 2387 2466 2518 2564 2601 2684 2743 2776 2836 2892 2961 2972
4 37 65 136 192 255 282 372 418 483 503 585 601 653 737 757 836 887 926 1003 1061 1102 1145 1241 1288 1322 1402 1417 1497 1539 1586 1642 1677 1746 1799 1845 1904 1994 2032 2055 2106 2194 2263 2289 2365 2423 2472 2500 2544 2635 2669 2710 2791 2834 2894 2961 2972
7 37 65 149 197 230 308 374 387 481 513 585 614 670 725 783 845 912 944 973 1040 1087 1164 1235 1261 1306 1378 1448 1488 1529 1568 1624 1677 1774 1825 1873 1898 1944 2014 2095 2130 2213 2219 2281 2328 2401 2462 2518 2559 2633 2697 2717 2794 2843 2914 2923 2989
7 37 66 115 173 251 299 324 429 433 502 588 644 664 734 797 838 876 943 991 1041 1113 1139 1222 1265 1326 1391 1425 1467 1559 1594 1664 1677 1760 1793 1873 1929 1989 2017 2061 2151 2206 2256 2293 2324 2402 2445 2536 2587 2598 2650 2722 2793 2838 2915 2923 2991
7 37 66 119 169 217 323 368 388 468 508 543 644 684 745 782 820 909 920 1001 1067 1129 1180 1218 1260 1330 1365 1425 1474 1544 1594 1652 1722 1775 1833 1853 1894 1944 2050 2080 2118 2165 2253 2275 2347 2417 2438 2503 2572 2598 2687 2722 2797 2828 2892 2941 2991
7 37 66 149 170 254 283 335 384 436 508 588 601 690 730 775 835 909 952 977 1038 1111 1164 1234 1275 1336 1403 1429 1488 1529 1588 1670 1677 1775 1805 1875 1925 1944 2050 2095 2150 2189 2215 2318 2332 2411 2437 2503 2540 2602 2663 2751 2791 2835 2877 2937 2997
7 37 67 121 196 235 316 343 409 443 517 543 594 684 712 781 861 912 945 1014 1034 1081 1166 1193 1289 1323 1385 1454 1477 1564 1607 1636 1687 1762 1786 1859 1933 1989 2051 2069 2130 2202 2245 2275 2348 2382 2470 2508 2567 2594 2686 2717 2765 2830 2871 2962 3020
7 37 67 141 175 227 278 368 382 451 533 552 594 670 717 762 827 887 944 993 1061 1108 1176 1215 1274 1300 1358 1454 1498 1546 1607 1630 1677 1780 1814 1873 1928 1965 2022 2103 2154 2193 2225 2313 2349 2401 2448 2537 2539 2594 2691 2717 2784 2851 2909 2923 3020
7 37 67 147 169 259 287 368 394 462 538 543 601 686 703 784 820 883 969 997 1072 1106 1175 1194 1274 1328 1364 1449 1492 1546 1616 1638 1687 1775 1784 1847 1912 1969 2022 2078 2154 2165 2251 2318 2351 2397 2438 2537 2554 2623 2658 2704 2774 2852 2898 2916 3011
7 37 67 154 170 252 282 372 409 454 538 552 644 667 728 799 839 883 934 977 1065 1097 1140 1229 1276 1317 1369 1404 1494 1543 1607 1648 1677 1775 1786 1848 1920 1969 2022 2052 2150 2185 2257 2275 2332 2409 2437 2537 2589 2608 2657 2702 2793 2837 2896 2962 3020
7 37 68 121 171 250 310 374 407 485 488 588 606 649 736 800 861 867 945 981 1055 1116 1157 1213 1260 1345 1367 1425 1511 1530 1613 1635 1674 1747 1821 1842 1915 1990 2010 2099 2130 2199 2222 2275 2327 2398 2473 2518 2569 2624 2650 2736 2765 2830 2904 2961 2998
4 37 69 111 171 249 302 374 384 473 497 588 601 656 737 804 861 883 957 977 1049 1126 1163 1219 1257 1314 1366 1407 1489 1561 1603 1638 1699 1747 1810 1866 1925 1989 2000 2095 2106 2199 2215 2281 2331 2404 2473 2526 2590 2618 2660 2725 2775 2819 2915 2962 2992
4 37 69 138 177 229 312 374 403 453 504 563 639 683 754 788 827 908 961 1000 1079 1088 1145 1235 1257 1335 1360 1417 1462 1561 1589 1672 1722 1740 1809 1837 1897 1965 2000 2090 2106 2179 2244 2271 2368 2381 2463 2526 2573 2619 2681 2706 2796 2839 2885 2923 3007
7 37 70 109 201 239 294 324 389 479 511 547 606 669 716 767 842 912 924 1015 1030 1096 1143 1228 1273 1324 1386 1448 1463 1555 1585 1628 1695 1761 1798 1864 1892 1990 2040 2061 2109 2213 2234 2293 2373 2398 2465 2515 2577 2644 2675 2714 2801 2845 2912 2967 3003
7 37 70 147 163 263 319 369 393 455 516 560 606 674 710 778 820 867 969 1008 1062 1118 1187 1216 1268 1336 1354 1448 1493 1545 1585 1635 1681 1771 1794 1858 1918 1944 2029 2084 2154 2169 2260 2318 2328 2387 2434 2527 2555 2644 2648 2714 2774 2852 2887 2941 3003
4 37 71 115 167 218 321 369 408 451 506 552 644 694 742 788 847 912 947 973 1079 1083 1144 1237 1265 1335 1361 1429 1467 1559 1599 1663 1719 1755 1824 1865 1921 1947 2012 2056 2106 2177 2257 2289 2358 2415 2452 2536 2573 2603 2681 2716 2780 2834 2876 2923 2987
7 37 74 117 190 252 319 369 396 448 490 563 644 683 728 788 818 864 923 988 1060 1109 1136 1229 1281 1310 1380 1425 1478 1554 1594 1661 1681 1766 1834 1837 1907 1957 2009 2063 2150 2185 2248 2271 2368 2419 2459 2535 2591 2614 2670 2706 2802 2817 2896 2965 2983
4 37 74 135 171 232 303 335 430 469 525 547 644 649 742 800 822 908 964 981 1056 1133 1159 1203 1246 1337 1384 1425 1487 1550 1594 1647 1699 1770 1801 1872 1913 1990 2049 2059 2106 2162 2261 2316 2327 2408 2449 2495 2568 2614 2664 2706 2787 2824 2912 2919 2983
7 37 74 138 181 263 304 324 400 455 525 563 642 680 710 771 815 908 948 974 1054 1105 1149 1212 1280 1327 1383 1407 1508 1516 1580 1673 1681 1770 1788 1854 1926 1990 2049 2092 2118 2169 2231 2318 2334 2418 2439 2495 2584 2644 2683 2719 2755 2853 2891 2937 2997
7 37 74 141 211 217 297 368 430 468 524 563 614 664 707 758 840 876 944 987 1045 1087 1165 1197 1284 1311 1378 1454 1493 1551 1594 1667 1681 1732 1801 1873 1937 1944 2009 2105 2151 2203 2238 2316 2363 2401 2461 2535 2550 2598 2680 2722 2772 2851 2872 2919 2983
4 37 75 139 172 235 287 368 403 443 499 585 618 697 712 787 850 914 971 1011 1069 1127 1150 1197 1243 1313 1402 1452 1505 1547 1583 1653 1687 1749 1809 1851 1897 1965 2026 2080 2106 2202 2244 2275 2326 2399 2481 2490 2568 2594 2689 2741 2788 2844 2867 2919 3007
4 37 75 154 214 257 321 368 418 466 506 552 597 656 732 765 843 883 946 995 1031 1083 1168 1218 1243 1338 1361 1411 1490 1547 1603 1660 1720 1742 1784 1866 1939 1994 2026 2105 2106 2178 2229 2316 2369 2415 2448 2490 2548 2618 2666 2725 2766 2824 2906 2941 2986
7 37 76 124 208 220 309 327 396 441 520 563 644 676 745 795 816 912 955 988 1030 1121 1154 1217 1291 1347 1383 1411 1460 1552 1614 1663 1695 1759 1796 1862 1907 1989 2051 2063 2118 2161 2248 2313 2350 2402 2466 2499 2549 2600 2668 2708 2781 2831 2893 2916 3023
7 37 76 141 164 243 274 372 386 453 535 563 594 680 708 771 847 876 959 991 1072 1123 1185 1189 1274 1334 1380 1449 1498 1546 1618 1631 1695 1768 1790 1854 1895 1947 2013 2094 2150 2183 2224 2318 2334 2406 2446 2537 2566 2605 2676 2719 2779 2835 2898 2923 3018
7 37 78 142 189 220 272 368 416 441 501 540 606 700 745 774 846 871 971 993 1044 1129 1176 1218 1283 1307 1390 1452 1498 1545 1574 1640 1695 1750 1811 1860 1894 1947 2035 2103 2156 2161 2225 2313 2336 2391 2435 2511 2571 2600 2662 2748 2801 2841 2892 2941 2999
7 37 79 116 189 248 310 324 395 485 501 584 606 699 748 767 811 867 928 986 1064 1091 1157 1204 1271 1345 1352 1429 1506 1520 1600 1635 1724 1750 1813 1878 1923 1951 2035 2104 2126 2196 2233 2313 2343 2395 2435 2510 2542 2627 2678 2740 2798 2813 2890 2965 3012
4 37 79 146 167 234 272 343 413 465 501 590 639 691 754 761 831 867 922 1008 1035 1094 1150 1211 1250 1315 1390 1452 1486 1540 1608 1632 1719 1750 1822 1868 1943 1951 2035 2098 2106 2174 2247 2281 2323 2425 2457 2510 2548 2609 2690 2730 2805 2819 2910 2941 3004
7 37 81 155 213 221 300 347 389 433 490 547 606 682 724 790 824 914 941 1015 1052 1120 1139 1205 1267 1325 1399 1425 1467 1520 1613 1664 1719 1739 1815 1889 1892 1947 2037 2061 2151 2187 2234 2268 2362 2391 2451 2514 2580 2628 2664 2732 2773 2860 2899 2965 2985
7 37 82 143 213 268 319 330 404 455 490 563 606 658 720 775 837 867 919 1012 1038 1109 1187 1206 1258 1336 1380 1452 1490 1558 1574 1635 1720 1739 1819 1841 1931 1994 2037 2087 2150 2174 2249 2268 2364 2419 2451 2513 2540 2639 2663 2709 2776 2814 2895 2937 2995
7 37 83 121 187 256 304 330 383 446 519 543 638 686 704 784 832 912 939 980 1042 1122 1157 1208 1275 1327 1389 1429 1511 1530 1597 1673 1674 1754 1783 1847 1899 1990 2040 2099 2126 2177 2223 2318 2351 2427 2467 2502 2584 2641 2683 2704 2760 2836 2874 2929 3014
7 37 83 142 173 254 282 372 383 442 503 540 618 688 731 772 856 871 971 991 1062 1127 1185 1196 1268 1322 1402 1448 1498 1545 1597 1642 1677 1760 1783 1851 1898 1965 2016 2094 2151 2188 2224 2318 2324 2399 2445 2527 2560 2596 2652 2749 2790 2841 2887 2929 3014
7 37 84 124 213 234 297 330 383 465 524 563 594 681 754 791 837 912 955 1015 1079 1087 1146 1235 1257 1342 1378 1407 1460 1552 1596 1636 1719 1739 1783 1863 1898 1965 2002 2071 2151 2174 2224 2281 2362 2401 2451 2533 2570 2609 2683 2742 2760 2831 2885 2967 3014
7 37 86 136 204 259 310 324 391 463 488 563 601 681 703 791 819 909 943 1023 1057 1101 1138 1194 1288 1310 1367 1425 1497 1539 1584 1670 1724 1747 1834 1863 1917 1947 2010 2062 2154 2165 2236 2281 2362 2413 2439 2500 2591 2622 2670 2742 2802 2816 2898 2961 2988
4 37 86 143 202 242 312 372 430 466 504 563 614 678 727 760 832 867 919 987 1064 1088 1168 1196 1270 1347 1360 1411 1490 1558 1584 1660 1724 1730 1796 1879 1937 1990 2010 2105 2106 2197 2238 2312 2371 2381 2446 2500 2549 2634 2668 2730 2781 2814 2891 2929 2988
7 37 87 117 176 234 316 343 415 465 517 563 642 678 715 760 857 864 923 1013 1037 1085 1146 1214 1293 1323 1385 1449 1478 1554 1608 1636 1687 1781 1808 1879 1912 1951 2034 2053 2109 2212 2231 2312 2371 2377 2453 2525 2577 2609 2676 2730 2762 2817 2883 2967 2996
7 37 87 118 185 232 305 327 395 454 517 552 638 656 704 765 859 864 957 1024 1036 1095 1161 1200 1284 1297 1396 1454 1480 1563 1593 1626 1699 1781 1813 1866 1923 1951 2034 2065 2126 2200 2233 2316 2369 2404 2444 2525 2543 2629 2691 2725 2785 2812 2881 2962 3012
4 37 87 131 172 238 288 330 408 448 528 563 638 676 708 784 824 883 965 976 1072 1084 1174 1189 1274 1307 1360 1454 1473 1565 1593 1622 1687 1779 1800 1844 1933 1947 2038 2101 2106 2187 2246 2313 2361 2385 2451 2520 2554 2629 2680 2725 2773 2860 2898 2965 3012
7 37 88 118 198 263 286 343 414 484 527 540 638 688 711 758 839 876 922 994 1045 1123 1148 1193 1284 1328 1379 1452 1480 1563 1619 1639 1681 1754 1828 1885 1891 1969 2033 2079 2109 2168 2220 2318 2338 2407 2455 2525 2550 2615 2662 2715 2782 2848 2872 2962 3002
7 37 89 131 173 246 308 374 400 463 513 563 642 658 743 799 828 883 965 974 1065 1104 1183 1213 1276 1306 1378 1411 1473 1565 1567 1624 1677 1744 1810 1845 1926 1957 2044 2092 2151 2178 2231 2268 2341 2384 2463 2517 2589 2636 2668 2705 2768 2860 2896 2961 2975
7 37 89 136 176 229 309 343 421 453 520 563 638 664 720 758 857 909 943 1021 1038 1121 1145 1206 1258 1338 1383 1404 1497 1539 1572 1672 1677 1781 1787 1873 1920 1994 2031 2055 2118 2212 2246 2316 2363 2402 2453 2531 2557 2619 2656 2722 2763 2816 2895 2923 2971
7 37 90 135 201 230 299 324 405 481 527 547 618 667 725 766 842 908 934 1023 1035 1098 1138 1240 1250 1339 1368 1452 1497 1540 1583 1651 1677 1761 1788 1848 1903 1994 2025 2062 2126 2213 2236 2281 2364 2409 2465 2510 2543 2633 2647 2702 2790 2856 2910 2962 2992
4 37 90 155 192 227 309 343 384 451 519 547 642 697 717 760 828 914 941 1016 1064 1111 1144 1234 1271 1347 1384 1429 1467 1520 1583 1663 1677 1769 1810 1851 1925 1989 2025 2056 2106 2193 2215 2313 2353 2429 2447 2510 2549 2594 2668 2741 2768 2860 2890 2929 2992
7 37 92 116 195 256 301 369 399 446 532 543 642 677 718 798 829 908 923 990 1052 1085 1157 1210 1267 1330 1385 1425 1506 1520 1570 1673 1724 1744 1833 1879 1917 1951 2027 2104 2130 2162 2228 2268 2339 2377 2441 2514 2572 2641 2687 2731 2797 2818 2899 2929 2980
7 37 92 133 173 229 305 347 427 459 532 590 594 690 754 766 827 908 952 974 1035 1133 1156 1211 1250 1297 1381 1417 1495 1537 1577 1626 1677 1744 1814 1875 1904 1951 2027 2068 2151 2179 2254 2316 2341 2411 2463 2514 2543 2613 2691 2751 2784 2851 2910 2937 2974
4 37 93 143 187 218 286 330 388 443 527 543 644 657 742 804 832 887 919 1001 1049 1110 1150 1237 1295 1314 1379 1452 1505 1543 1609 1653 1695 1754 1804 1841 1894 1957 2033 2080 2106 2177 2253 2312 2330 2419 2467 2520 2590 2611 2660 2710 2781 2814 2876 2962 3022
7 37 94 113 204 263 302 347 382 484 497 540 606 682 710 790 815 908 954 1023 1052 1107 1148 1216 1278 1313 1366 1407 1485 1534 1581 1639 1724 1747 1814 1869 1928 1965 2000 2073 2154 2169 2225 2275 2362 2422 2439 2501 2580 2615 2677 2753 2798 2809 2887 2962 3020
7 37 95 111 173 248 322 324 415 485 503 588 618 690 738 766 838 883 929 974 1031 1106 1149 1194 1285 1343 1364 1417 1508 1542 1600 1644 1720 1760 1808 1887 1912 1951 2016 2092 2109 2206 2231 2318 2341 2397 2445 2515 2547 2627 2654 2740 2783 2848 2863 2961 2996
4 37 95 112 177 232 282 327 413 454 503 585 644 676 742 795 829 883 927 1018 1030 1102 1140 1203 1273 1317 1402 1448 1459 1555 1593 1648 1722 1760 1822 1844 1943 1951 2016 2088 2106 2162 2247 2293 2350 2423 2441 2515 2549 2629 2697 2725 2797 2818 2912 2929 3004
4 37 96 155 177 257 285 347 388 458 488 590 597 679 732 792 828 871 941 1000 1027 1129 1159 1218 1247 1318 1390 1425 1466 1521 1606 1657 1722 1740 1804 1889 1894 1957 2018 2081 2106 2178 2253 2313 2368 2391 2463 2494 2544 2626 2674 2735 2768 2860 2906 2961 3022
7 37 101 109 188 256 308 327 396 481 514 547 614 682 704 796 832 912 954 1014 1068 1095 1164 1200 1252 1306 1377 1429 1502 1517 1590 1624 1724 1753 1796 1869 1923 1957 2006 2082 2150 2177 2232 2268 2356 2422 2467 2493 2589 2606 2668 2753 2781 2814 2881 2962 3023
7 37 101 146 181 250 271 372 396 464 491 590 618 688 736 772 861 867 922 984 1062 1109 1180 1229 1267 1301 1393 1425 1486 1540 1590 1656 1681 1738 1796 1885 1907 1989 2007 2067 2118 2199 2248 2268 2324 2407 2473 2492 2560 2645 2674 2715 2775 2819 2888 2962 3023
7 37 101 150 198 233 297 368 392 465 514 590 594 674 732 762 844 912 969 989 1027 1083 1146 1218 1247 1342 1388 1449 1478 1522 1618 1636 1681 1753 1835 1858 1939 1957 2006 2053 2109 2201 2254 2289 2344 2387 2456 2493 2574 2610 2679 2714 2789 2849 2906 2941 2993
7 37 103 149 190 263 290 347 380 484 496 585 597 679 711 792 835 912 952 988 1027 1122 1153 1198 1285 1322 1401 1417 1476 1541 1581 1634 1681 1766 1799 1871 1909 1965 2002 2085 2150 2168 2226 2318 2368 2416 2459 2516 2544 2615 2669 2753 2791 2835 2867 2916 3011
4 37 105 157 167 242 287 335 387 473 499 585 614 679 727 803 826 871 933 973 1054 1127 1163 1196 1280 1328 1402 1407 1489 1516 1606 1638 1719 1755 1802 1889 1898 1969 2020 2095 2106 2197 2219 2318 2358 2399 2452 2495 2554 2626 2658 2735 2756 2850 2891 2965 3013
7 37 106 149 172 225 275 368 392 437 512 585 601 676 721 784 850 912 944 976 1042 1096 1177 1190 1275 1331 1372 1454 1488 1529 1614 1621 1674 1749 1835 1862 1930 1947 2012 2083 2118 2202 2263 2293 2361 2413 2481 2503 2584 2600 2679 2708 2789 2843 2874 2937 2993
7 37 107 121 164 242 300 347 424 473 535 588 594 690 727 766 832 867 939 984 1035 1118 1152 1216 1289 1339 1354 1411 1477 1564 1601 1650 1719 1768 1818 1887 1918 1957 2013 2085 2126 2197 2230 2318 2341 2387 2446 2508 2543 2626 2647 2740 2760 2836 2870 2962 3002
7 38 54 127 182 257 297 331 384 468 523 555 643 665 755 779 850 915 944 986 1059 1124 1166 1224 1282 1319 1378 1454 1481 1541 1610 1666 1700 1739 1792 1845 1937 1966 2002 2056 2152 2187 2216 2299 2364 2383 2478 2497 2550 2644 2679 2735 2771 2809 2880 2919 2984
4 38 54 141 210 218 298 370 430 479 523 564 624 664 707 757 852 915 930 999 1045 1125 1170 1220 1272 1302 1377 1407 1477 1552 1581 1665 1690 1739 1817 1869 1925 1966 2002 2105 2113 2174 2255 2317 2362 2400 2450 2497 2564 2598 2655 2710 2772 2832 2884 2967 3014
7 38 55 118 197 248 288 375 415 448 507 589 640 691 714 791 838 894 922 1014 1044 1120 1173 1221 1284 1321 1379 1426 1507 1532 1572 1621 1690 1760 1826 1836 1908 1952 2003 2079 2109 2184 2267 2318 2374 2389 2475 2498 2547 2601 2653 2715 2783 2847 2885 2942 3018
7 38 55 127 185 259 280 354 415 432 505 555 615 679 754 780 819 915 919 1006 1071 1106 1147 1229 1275 1333 1398 1450 1488 1534 1572 1624 1723 1770 1826 1853 1943 1947 2012 2092 2113 2195 2233 2318 2334 2416 2447 2489 2566 2606 2676 2710 2761 2835 2898 2942 3018
7 38 55 156 192 222 315 375 392 461 518 555 619 666 711 790 811 872 945 985 1049 1132 1171 1222 1284 1319 1385 1454 1469 1532 1614 1649 1723 1750 1792 1889 1933 1976 2003 2055 2109 2186 2214 2290 2363 2418 2449 2498 2550 2637 2679 2737 2771 2849 2879 2963 2975
7 38 57 113 196 243 288 338 406 472 515 561 624 690 743 773 847 910 920 984 1060 1112 1151 1223 1285 1321 1372 1453 1468 1526 1577 1621 1725 1768 1812 1850 1935 1952 2011 2084 2131 2213 2239 2318 2345 2381 2448 2484 2547 2640 2653 2720 2799 2857 2914 2919 3008
4 38 57 142 180 240 291 348 426 477 515 591 644 692 734 804 833 910 927 1025 1032 1081 1169 1205 1257 1300 1370 1407 1511 1555 1604 1653 1696 1768 1803 1843 1929 1952 2011 2093 2121 2172 2242 2299 2359 2402 2464 2484 2540 2620 2660 2729 2797 2826 2872 2966 2980
4 38 58 118 171 268 306 327 397 473 533 570 640 672 737 768 810 913 956 989 1049 1086 1161 1197 1284 1314 1394 1454 1507 1532 1599 1673 1682 1734 1813 1865 1916 1960 2000 2091 2157 2203 2215 2290 2354 2405 2444 2498 2572 2628 2688 2746 2767 2812 2879 2942 2992
7 38 59 142 201 238 293 354 415 465 517 586 643 668 732 767 836 915 935 999 1030 1113 1169 1228 1242 1323 1362 1420 1511 1555 1568 1666 1696 1745 1826 1878 1908 1952 2008 2093 2109 2180 2267 2294 2370 2399 2431 2499 2576 2597 2676 2714 2761 2817 2875 2967 3018
7 38 60 147 185 218 313 374 406 438 520 561 624 666 707 797 830 867 945 984 1055 1115 1144 1220 1262 1296 1402 1455 1475 1513 1611 1635 1723 1746 1820 1889 1935 1970 2007 2084 2113 2174 2239 2284 2356 2418 2473 2511 2551 2639 2650 2737 2765 2858 2884 2963 2999
7 38 60 160 178 226 299 327 425 436 504 561 640 672 722 768 837 872 954 982 1049 1084 1134 1202 1260 1336 1372 1420 1502 1546 1595 1633 1723 1729 1819 1881 1892 1994 2025 2066 2131 2208 2220 2299 2354 2409 2470 2493 2572 2630 2665 2728 2807 2851 2905 2968 3015
7 38 62 130 198 230 307 374 401 432 514 564 645 689 712 783 812 884 951 990 1065 1103 1147 1219 1243 1306 1377 1450 1488 1531 1601 1624 1677 1772 1825 1872 1901 1993 2005 2092 2113 2166 2249 2299 2375 2421 2477 2511 2586 2636 2667 2752 2768 2813 2878 2932 2987
4 38 62 135 192 229 309 344 421 452 487 564 609 681 704 774 843 872 942 985 1062 1089 1145 1194 1286 1322 1367 1435 1496 1540 1584 1669 1677 1747 1834 1848 1904 1994 2025 2055 2155 2165 2214 2319 2363 2408 2452 2491 2591 2635 2689 2723 2790 2855 2910 2963 3005
7 38 62 147 209 249 297 331 421 443 514 543 624 661 742 761 863 884 966 978 1048 1083 1165 1201 1262 1341 1387 1420 1475 1513 1584 1645 1700 1772 1834 1857 1890 1993 2005 2061 2156 2179 2229 2319 2324 2387 2467 2511 2571 2615 2683 2743 2796 2836 2892 2963 3005
7 38 63 121 174 244 322 344 379 477 529 591 609 681 731 774 821 867 960 1002 1062 1088 1166 1195 1289 1337 1384 1454 1463 1514 1598 1656 1682 1728 1822 1860 1916 1976 2013 2074 2152 2198 2234 2294 2363 2393 2433 2490 2591 2616 2674 2712 2803 2829 2907 2966 2986
7 38 63 144 165 235 304 370 402 458 529 548 619 696 724 776 851 867 971 1010 1040 1115 1141 1220 1244 1313 1402 1453 1503 1559 1583 1629 1725 1728 1794 1864 1935 1976 2013 2081 2127 2190 2243 2284 2333 2418 2442 2490 2581 2593 2670 2740 2788 2827 2867 2967 3002
7 38 63 160 206 249 282 327 379 455 488 548 644 675 742 794 863 884 954 979 1030 1101 1152 1217 1242 1316 1355 1420 1493 1555 1598 1663 1725 1775 1822 1881 1909 1991 2004 2060 2137 2179 2241 2294 2351 2409 2467 2499 2549 2603 2694 2724 2781 2851 2875 2966 2986
4 38 64 109 164 261 292 331 378 456 528 570 597 692 738 793 832 910 944 978 1079 1114 1165 1240 1269 1329 1368 1454 1475 1551 1604 1632 1723 1742 1795 1843 1933 1970 2019 2061 2121 2193 2229 2319 2369 2385 2434 2532 2556 2620 2688 2729 2784 2828 2904 2938 2974
7 38 64 112 215 259 285 348 407 446 525 570 645 688 737 790 846 872 940 1009 1049 1105 1140 1197 1284 1327 1351 1426 1460 1525 1570 1630 1723 1755 1811 1867 1896 1960 2046 2099 2152 2212 2258 2318 2340 2395 2472 2505 2550 2592 2671 2713 2800 2842 2879 2919 3008
7 38 64 131 203 260 271 370 378 439 525 589 644 693 749 789 828 872 930 1024 1031 1089 1143 1194 1256 1315 1367 1407 1476 1554 1604 1647 1705 1755 1795 1861 1904 1960 2046 2087 2131 2197 2257 2319 2358 2408 2483 2505 2560 2621 2677 2728 2795 2843 2864 2938 2974
4 38 66 137 206 243 279 331 395 472 492 543 619 685 743 784 828 913 931 979 1071 1123 1135 1240 1275 1327 1365 1450 1478 1534 1587 1637 1725 1775 1806 1840 1924 1960 2000 2078 2137 2213 2223 2318 2351 2376 2467 2489 2562 2640 2658 2711 2788 2850 2898 2938 3013
4 38 66 152 192 255 305 338 401 459 518 591 619 652 718 756 836 894 947 1013 1041 1103 1187 1219 1248 1348 1395 1450 1495 1559 1587 1662 1677 1750 1800 1874 1901 1952 2003 2070 2155 2161 2249 2290 2335 2404 2449 2486 2582 2640 2682 2711 2763 2815 2872 2967 3013
7 38 67 109 198 253 282 375 430 442 488 570 619 688 730 790 817 910 937 1025 1038 1112 1182 1233 1274 1338 1355 1420 1498 1528 1566 1641 1677 1775 1817 1867 1925 1966 2004 2079 2113 2189 2255 2318 2340 2398 2474 2494 2561 2596 2664 2713 2763 2835 2886 2966 3014
4 38 67 147 166 233 314 375 390 440 533 543 643 683 725 802 830 884 945 994 1050 1098 1160 1221 1274 1324 1386 1454 1459 1528 1610 1627 1705 1730 1786 1877 1930 1991 2004 2071 2113 2202 2245 2284 2355 2429 2443 2494 2566 2627 2685 2752 2765 2858 2874 2942 2970
7 38 69 118 184 249 278 327 384 455 511 589 609 693 720 792 823 894 956 977 1067 1124 1176 1224 1269 1330 1357 1454 1479 1560 1598 1638 1700 1747 1797 1865 1937 1991 1999 2065 2127 2200 2216 2319 2355 2405 2460 2525 2590 2603 2691 2724 2754 2812 2915 2924 2979
7 38 69 128 168 259 299 327 402 432 504 564 602 695 754 793 827 910 932 1001 1079 1112 1138 1223 1269 1336 1372 1455 1469 1560 1576 1633 1723 1754 1794 1838 1935 1976 1999 2089 2127 2195 2243 2318 2366 2381 2438 2525 2556 2606 2681 2706 2777 2852 2904 2932 3002
4 38 71 111 194 251 286 354 425 484 508 561 640 687 735 757 838 915 929 982 1045 1093 1177 1193 1272 1304 1392 1453 1458 1524 1619 1655 1690 1740 1826 1884 1892 1970 2033 2066 2156 2205 2220 2271 2338 2396 2454 2526 2564 2634 2653 2727 2783 2847 2884 2924 3007
4 38 75 116 165 221 287 338 423 479 526 564 602 668 712 805 853 867 935 1010 1065 1091 1178 1219 1243 1349 1383 1435 1465 1538 1571 1657 1696 1741 1818 1878 1914 1993 2029 2081 2157 2175 2243 2314 2333 2399 2430 2504 2565 2594 2689 2714 2806 2844 2878 2967 3003
7 38 77 122 180 238 312 374 407 437 508 570 645 689 721 783 823 867 961 1009 1065 1088 1136 1213 1259 1316 1368 1453 1464 1522 1612 1634 1696 1761 1820 1888 1896 1991 2010 2099 2121 2190 2258 2294 2375 2411 2471 2517 2586 2625 2657 2736 2758 2808 2863 2924 2998
7 38 79 151 198 220 297 348 417 465 514 590 645 688 715 790 816 913 918 1025 1049 1090 1169 1209 1260 1319 1387 1420 1511 1546 1586 1666 1682 1772 1799 1849 1938 1966 2005 2093 2109 2162 2242 2299 2340 2380 2477 2493 2550 2614 2679 2730 2764 2823 2905 2963 2971
7 38 80 141 205 242 302 370 388 451 521 591 615 658 709 762 827 888 930 972 1073 1107 1163 1216 1278 1300 1395 1407 1499 1530 1606 1643 1724 1780 1803 1869 1927 1976 2040 2064 2155 2169 2218 2276 2337 2400 2465 2537 2540 2593 2660 2717 2797 2832 2907 2932 3019
7 38 80 148 207 229 304 370 394 474 538 590 609 685 704 785 832 894 931 996 1070 1094 1157 1194 1278 1304 1393 1412 1492 1530 1615 1638 1725 1763 1783 1840 1899 1970 2040 2063 2155 2165 2247 2271 2350 2376 2463 2537 2545 2612 2673 2711 2774 2839 2910 2938 3010
7 38 80 152 195 248 313 373 398 441 538 591 597 667 714 786 838 894 925 977 1066 1097 1140 1211 1261 1296 1384 1426 1506 1548 1606 1635 1724 1763 1793 1863 1932 1970 2040 2053 2152 2184 2228 2284 2344 2385 2475 2537 2551 2608 2650 2701 2792 2838 2896 2924 3019
7 38 81 133 162 249 289 370 414 455 496 548 615 658 720 762 840 914 919 1016 1073 1106 1152 1241 1286 1309 1398 1435 1467 1519 1591 1663 1700 1732 1815 1853 1931 1947 2036 2087 2121 2200 2266 2319 2337 2416 2442 2514 2540 2603 2651 2732 2776 2828 2899 2966 3016
4 38 81 144 182 232 270 338 411 441 490 548 624 671 703 773 837 867 936 986 1035 1109 1140 1208 1249 1339 1363 1426 1506 1556 1591 1635 1700 1739 1818 1870 1912 1994 2036 2053 2152 2199 2219 2317 2364 2417 2478 2514 2573 2624 2698 2712 2796 2861 2888 2968 3016
7 38 82 140 210 233 270 348 415 467 490 586 643 649 725 772 824 914 940 999 1057 1120 1186 1221 1266 1310 1363 1426 1494 1557 1573 1664 1690 1739 1829 1856 1908 1947 2036 2093 2113 2202 2267 2299 2362 2406 2450 2513 2548 2600 2652 2726 2756 2813 2874 2968 3015
7 38 83 116 164 226 315 375 396 470 518 543 602 662 750 766 852 888 953 1019 1043 1121 1162 1214 1243 1319 1385 1450 1465 1538 1579 1649 1723 1733 1816 1879 1943 1966 2021 2096 2121 2181 2251 2299 2328 2428 2443 2504 2570 2596 2658 2700 2777 2826 2902 2967 3011
7 38 83 153 201 230 278 348 396 475 511 589 640 659 708 776 842 915 946 999 1040 1124 1186 1235 1247 1313 1357 1412 1494 1544 1579 1655 1677 1729 1816 1874 1926 1960 2018 2093 2127 2170 2267 2299 2370 2405 2446 2507 2581 2592 2670 2704 2766 2833 2864 2967 3011
7 38 85 136 202 243 312 344 392 480 508 555 619 667 743 778 847 910 925 985 1058 1114 1145 1240 1287 1309 1368 1453 1496 1539 1583 1641 1724 1761 1788 1863 1933 1947 2010 2055 2137 2213 2214 2319 2352 2385 2448 2509 2543 2632 2648 2701 2802 2854 2898 2924 2979
7 38 85 145 179 218 287 344 379 479 519 590 602 691 707 808 830 867 922 981 1061 1109 1178 1210 1287 1349 1390 1455 1487 1539 1576 1657 1690 1751 1822 1836 1909 1991 2010 2058 2137 2174 2241 2317 2357 2389 2473 2509 2580 2598 2674 2715 2803 2819 2895 2942 2986
7 38 87 130 189 250 314 354 410 440 522 564 643 668 745 767 846 884 923 1012 1030 1085 1160 1203 1255 1324 1397 1412 1478 1541 1590 1627 1725 1781 1807 1850 1899 1960 2017 2052 2156 2212 2231 2314 2370 2378 2472 2526 2576 2609 2675 2743 2800 2842 2862 2919 2981
4 38 87 149 165 225 288 338 420 448 515 564 640 675 708 785 853 894 954 983 1070 1084 1173 1190 1278 1321 1372 1407 1485 1565 1578 1621 1725 1741 1800 1881 1903 1994 2039 2100 2127 2175 2235 2276 2360 2409 2430 2503 2545 2624 2655 2724 2789 2860 2910 2966 2993
7 38 87 155 181 261 274 344 395 460 498 564 597 664 738 796 815 914 924 998 1053 1123 1162 1240 1295 1306 1350 1450 1503 1548 1578 1658 1725 1758 1825 1846 1924 1976 2039 2058 2121 2193 2223 2317 2323 2391 2452 2503 2586 2616 2667 2732 2768 2810 2904 2924 2993
7 38 88 120 189 260 315 373 420 461 521 586 619 649 749 772 828 872 948 1020 1036 1084 1171 1190 1257 1319 1382 1407 1462 1512 1575 1649 1725 1769 1806 1856 1903 1966 2050 2062 2156 2197 2235 2299 2362 2398 2483 2529 2570 2599 2658 2726 2788 2850 2868 2932 2987
7 38 91 140 170 255 306 331 378 459 530 590 643 690 718 779 829 910 923 1007 1038 1085 1175 1198 1266 1314 1397 1435 1494 1557 1577 1673 1677 1735 1795 1850 1904 1960 2028 2104 2131 2161 2257 2290 2339 2378 2456 2513 2572 2640 2688 2720 2784 2831 2894 2968 2974
7 38 93 116 186 234 275 370 388 469 495 543 644 683 742 789 833 888 953 1000 1048 1080 1178 1201 1262 1298 1365 1455 1465 1538 1594 1668 1696 1759 1803 1888 1894 1993 2015 2081 2137 2194 2252 2284 2367 2419 2441 2485 2543 2645 2660 2742 2797 2826 2892 2924 3019
7 38 93 130 173 253 283 354 431 436 495 561 609 690 731 773 855 888 923 1006 1035 1127 1147 1232 1268 1339 1356 1412 1488 1531 1615 1620 1677 1759 1824 1850 1926 1993 2015 2092 2152 2188 2233 2318 2345 2378 2454 2485 2573 2602 2698 2720 2790 2842 2869 2968 2997
4 38 93 137 167 268 293 354 398 468 517 543 645 684 737 801 810 913 958 974 1033 1102 1166 1206 1268 1323 1362 1454 1481 1531 1594 1666 1696 1738 1793 1855 1932 1970 2015 2056 2152 2203 2228 2276 2369 2410 2444 2485 2567 2634 2685 2753 2758 2821 2871 2932 3019
7 38 94 149 194 253 312 344 397 442 508 570 640 662 731 762 855 888 970 989 1073 1088 1182 1195 1278 1309 1368 1412 1485 1565 1579 1641 1724 1740 1805 1879 1916 1995 2033 2091 2121 2188 2215 2271 2332 2411 2454 2503 2540 2596 2651 2700 2787 2845 2907 2966 3000
7 38 94 155 186 217 286 338 382 458 508 590 597 680 741 792 820 888 920 1000 1067 1099 1141 1236 1295 1330 1392 1453 1503 1548 1596 1629 1705 1740 1782 1841 1900 1995 2033 2081 2127 2177 2252 2314 2367 2390 2462 2503 2590 2611 2691 2722 2769 2814 2889 2924 2982
4 38 95 118 209 224 303 375 411 449 503 570 602 662 728 766 839 913 922 974 1043 1109 1176 1208 1281 1307 1390 1426 1479 1560 1618 1644 1700 1764 1827 1836 1912 1991 2051 2065 2156 2167 2219 2271 2328 2389 2474 2512 2570 2627 2671 2744 2782 2847 2863 2932 3006
7 38 95 152 178 238 289 370 421 437 534 570 597 672 732 768 836 915 947 982 1059 1083 1136 1201 1261 1338 1361 1420 1506 1548 1602 1634 1700 1767 1817 1865 1890 1994 2026 2057 2155 2180 2229 2290 2354 2414 2431 2537 2561 2625 2664 2746 2763 2815 2903 2924 3023
7 38 95 155 172 233 271 370 423 440 525 564 602 648 725 769 824 914 924 1010 1066 1111 1141 1200 1261 1315 1367 1426 1503 1548 1618 1647 1705 1776 1815 1851 1914 1995 2026 2081 2155 2202 2243 2284 2326 2386 2450 2537 2568 2627 2669 2744 2759 2810 2896 2919 3006
4 38 97 133 207 218 323 370 382 479 527 590 597 679 715 768 832 872 919 1000 1049 1128 1178 1209 1260 1314 1376 1435 1465 1521 1581 1657 1723 1763 1795 1853 1900 1966 2050 2081 2157 2165 2252 2284 2346 2416 2463 2520 2572 2598 2688 2710 2784 2828 2905 2942 2970
7 38 97 150 215 232 315 375 390 464 521 590 624 695 703 801 858 884 932 990 1033 1101 1146 1208 1251 1323 1382 1407 1482 1529 1581 1645 1723 1769 1786 1838 1920 1952 2050 2086 2152 2199 2254 2294 2359 2381 2457 2520 2567 2601 2685 2706 2765 2829 2888 2932 2970
7 38 98 141 166 226 283 327 404 436 492 591 609 693 750 792 852 888 930 994 1067 1096 1147 1227 1295 1339 1360 1450 1499 1530 1595 1620 1705 1730 1791 1861 1891 1994 2045 2082 2113 2181 2234 2317 2355 2408 2443 2522 2590 2630 2682 2728 2772 2832 2889 2938 2976
4 38 98 148 171 250 282 327 406 449 488 570 615 649 754 796 810 914 948 1004 1053 1112 1157 1223 1295 1316 1355 1453 1492 1530 1573 1663 1725 1734 1820 1856 1935 1970 2045 2063 2113 2203 2239 2314 2338 2398 2444 2522 2586 2600 2657 2726 2758 2821 2904 2932 2999
7 38 102 112 162 234 298 370 394 469 523 548 645 700 736 791 840 894 951 987 1044 1103 1181 1200 1284 1302 1377 1454 1460 1525 1594 1665 1690 1732 1783 1872 1922 1993 2009 2057 2131 2200 2224 2290 2365 2421 2442 2505 2547 2645 2673 2742 2774 2831 2885 2919 3010
4 38 102 125 174 225 297 348 431 464 523 555 615 667 708 778 853 894 927 1013 1031 1124 1146 1235 1256 1341 1378 1407 1482 1554 1606 1645 1682 1732 1824 1863 1926 1993 2009 2086 2152 2175 2233 2319 2352 2383 2430 2505 2571 2608 2683 2701 2806 2844 2864 2967 2997
7 38 102 131 191 251 270 348 379 484 490 548 644 684 735 804 834 913 952 979 1028 1109 1168 1210 1256 1310 1363 1455 1476 1554 1594 1664 1690 1765 1799 1855 1909 1976 2009 2060 2152 2205 2241 2271 2366 2417 2458 2505 2544 2634 2656 2753 2786 2820 2867 2938 3010
7 38 102 135 164 235 286 354 431 458 528 548 597 658 732 770 843 888 942 1019 1026 1113 1141 1228 1246 1330 1373 1426 1487 1549 1606 1629 1690 1742 1824 1869 1908 1991 2019 2096 2155 2183 2251 2319 2328 2388 2434 2495 2582 2593 2698 2717 2790 2855 2875 2967 2997
7 38 106 120 168 255 312 374 423 480 502 548 619 684 718 804 829 910 958 1001 1032 1091 1145 1219 1257 1309 1373 1435 1462 1512 1608 1641 1696 1737 1815 1855 1914 1995 2034 2089 2155 2161 2243 2271 2366 2410 2456 2529 2540 2619 2651 2753 2776 2839 2872 2932 3006
7 38 107 109 205 239 315 375 425 443 521 586 615 660 744 760 819 894 937 987 1037 1084 1165 1202 1290 1323 1382 1420 1475 1551 1585 1645 1723 1780 1826 1867 1892 1970 2040 2061 2156 2178 2220 2276 2322 2398 2465 2512 2576 2626 2676 2741 2761 2835 2882 2919 3007
7 39 55 134 186 227 317 377 400 437 518 560 625 685 708 790 826 874 966 985 1026 1093 1153 1228 1278 1325 1354 1445 1466 1527 1612 1649 1684 1743 1831 1887 1933 1971 2028 2088 2127 2191 2238 2271 2357 2426 2476 2536 2545 2637 2672 2743 2755 2848 2879 2936 2978
7 39 58 131 168 232 302 365 420 478 533 560 597 665 740 793 859 895 961 1006 1042 1130 1158 1236 1250 1324 1354 1414 1471 1547 1578 1635 1694 1758 1827 1876 1941 1955 2027 2087 2127 2161 2252 2295 2322 2390 2455 2503 2590 2623 2648 2706 2763 2831 2889 2969 3015
7 39 58 134 195 256 276 344 423 449 515 560 604 694 745 780 860 874 957 1001 1039 1129 1170 1210 1277 1329 1374 1407 1474 1520 1578 1620 1694 1775 1825 1853 1898 1977 2027 2104 2147 2174 2216 2321 2337 2377 2433 2503 2573 2598 2685 2731 2805 2858 2885 2943 3015
4 39 59 122 204 238 287 365 378 455 491 571 647 698 751 805 812 867 951 1010 1064 1109 1147 1212 1259 1303 1377 1424 1483 1558 1607 1656 1696 1772 1819 1840 1896 1954 2010 2087 2116 2169 2249 2295 2373 2423 2475 2516 2565 2636 2662 2714 2806 2838 2863 2937 2987
4 39 59 135 186 268 308 327 421 447 501 571 614 681 704 794 843 874 948 985 1068 1129 1142 1197 1286 1344 1351 1430 1477 1517 1584 1648 1696 1774 1796 1843 1912 1986 2030 2088 2115 2189 2238 2321 2357 2401 2444 2496 2589 2629 2696 2700 2758 2857 2908 2936 3011
4 39 59 146 207 249 297 333 421 439 491 561 620 700 737 785 861 867 945 981 1041 1115 1159 1201 1288 1343 1369 1425 1459 1528 1584 1650 1706 1772 1796 1852 1913 1954 2010 2101 2147 2198 2237 2321 2324 2384 2473 2516 2571 2592 2650 2737 2804 2858 2886 2936 3011
7 39 60 112 200 240 291 349 415 444 535 559 625 699 716 807 841 883 962 999 1030 1082 1169 1216 1289 1339 1359 1457 1477 1539 1600 1644 1696 1729 1800 1878 1942 1986 2024 2059 2109 2206 2230 2278 2370 2421 2446 2515 2552 2627 2688 2738 2760 2820 2895 2927 2970
7 39 60 146 166 228 302 365 395 456 533 561 625 690 725 802 818 867 966 984 1035 1093 1180 1231 1291 1324 1354 1457 1475 1513 1600 1635 1694 1756 1819 1887 1930 1971 2029 2083 2126 2196 2220 2279 2366 2426 2448 2510 2540 2627 2698 2738 2770 2836 2884 2926 2970
7 39 61 136 213 259 271 355 383 454 524 565 647 682 742 790 814 874 933 1015 1026 1110 1143 1194 1278 1320 1367 1407 1460 1564 1602 1670 1684 1776 1811 1861 1901 1965 2026 2097 2125 2174 2258 2309 2360 2422 2480 2500 2545 2615 2677 2713 2802 2842 2879 2938 2988
7 39 61 158 162 227 272 343 390 476 538 565 635 677 733 781 851 895 922 1006 1027 1094 1176 1234 1280 1304 1378 1426 1510 1560 1585 1666 1684 1764 1806 1883 1914 1964 2014 2089 2116 2166 2250 2271 2329 2409 2447 2512 2587 2597 2669 2728 2798 2822 2878 2969 3006
4 39 62 120 192 252 308 344 422 447 487 559 614 680 719 760 844 874 942 1000 1040 1110 1142 1194 1285 1344 1367 1414 1494 1535 1568 1648 1677 1753 1825 1851 1901 1997 2047 2070 2132 2160 2219 2309 2369 2422 2436 2507 2588 2644 2697 2729 2792 2844 2903 2948 3016
7 39 62 148 200 230 299 349 420 465 510 559 604 663 726 764 841 917 935 1020 1061 1113 1138 1222 1265 1323 1357 1425 1472 1555 1568 1668 1677 1729 1826 1873 1927 1955 2047 2102 2127 2206 2265 2300 2349 2376 2446 2507 2556 2621 2651 2752 2766 2814 2875 2958 3016
7 39 66 108 197 230 278 342 426 461 507 550 614 675 748 761 845 873 925 980 1038 1081 1186 1205 1248 1341 1399 1426 1495 1529 1570 1622 1677 1751 1833 1867 1928 1986 2041 2067 2159 2184 2242 2300 2340 2401 2442 2526 2583 2625 2690 2748 2792 2843 2893 2943 3021
7 39 66 138 170 246 305 377 429 460 508 550 615 676 709 808 811 905 964 1017 1062 1114 1139 1221 1260 1303 1363 1425 1470 1518 1570 1639 1677 1750 1830 1851 1927 1954 2041 2096 2125 2185 2256 2295 2324 2400 2479 2526 2554 2639 2674 2733 2793 2825 2862 2948 3021
7 39 67 109 199 252 305 377 382 447 498 571 620 693 719 801 817 873 967 1023 1038 1123 1161 1228 1273 1314 1373 1415 1497 1528 1595 1628 1677 1762 1829 1845 1903 1966 2023 2100 2126 2160 2264 2309 2364 2398 2464 2531 2543 2644 2675 2702 2784 2834 2868 2936 3003
4 39 67 119 196 266 292 343 430 445 498 543 635 677 750 781 852 873 923 972 1027 1087 1174 1214 1259 1318 1385 1424 1464 1542 1599 1664 1706 1762 1784 1865 1905 1966 2023 2069 2159 2211 2251 2295 2329 2394 2468 2531 2587 2596 2655 2748 2800 2854 2901 2927 2999
7 39 67 145 163 231 275 344 425 469 516 543 620 657 710 778 858 883 960 997 1049 1084 1134 1207 1255 1336 1362 1415 1492 1546 1595 1638 1706 1745 1786 1881 1918 1997 2044 2058 2115 2187 2245 2288 2371 2420 2469 2509 2582 2644 2660 2702 2804 2859 2898 2958 3003
4 39 69 114 169 245 320 355 389 465 534 559 614 660 704 779 847 884 952 990 1048 1122 1181 1233 1291 1309 1401 1457 1488 1537 1613 1624 1701 1755 1788 1871 1934 1947 2037 2080 2115 2212 2219 2279 2358 2414 2445 2485 2582 2606 2688 2724 2772 2808 2871 2958 3001
7 39 69 137 213 256 284 355 402 449 512 565 635 692 745 802 814 867 946 1010 1035 1115 1134 1211 1291 1348 1358 1415 1465 1537 1597 1657 1694 1776 1797 1841 1902 1966 2037 2086 2115 2174 2250 2321 2364 2394 2480 2485 2540 2598 2676 2712 2787 2857 2884 2937 3017
7 39 71 113 195 264 294 343 390 471 515 561 604 700 753 758 824 895 935 987 1071 1113 1151 1225 1286 1345 1357 1430 1489 1523 1574 1621 1716 1775 1806 1873 1924 1955 2027 2098 2125 2210 2239 2321 2351 2376 2433 2489 2547 2619 2669 2716 2798 2850 2905 2919 3006
7 39 71 114 193 259 315 355 405 454 530 561 597 672 715 770 827 882 952 989 1058 1131 1183 1238 1289 1298 1392 1457 1484 1541 1602 1629 1716 1740 1798 1871 1938 1965 2003 2052 2116 2200 2253 2278 2368 2414 2435 2513 2567 2615 2698 2713 2791 2808 2866 2943 2977
4 39 71 138 168 238 274 343 393 475 533 581 597 682 711 794 811 874 964 972 1068 1108 1174 1190 1286 1346 1382 1457 1464 1523 1602 1634 1696 1758 1810 1861 1942 1977 2027 2069 2125 2209 2251 2295 2356 2391 2455 2489 2589 2615 2694 2713 2793 2825 2908 2926 2977
7 39 71 140 167 254 312 333 401 480 530 581 604 684 703 756 856 882 947 1013 1033 1088 1184 1237 1272 1333 1395 1430 1462 1559 1574 1672 1696 1740 1795 1888 1912 1965 2003 2065 2138 2177 2257 2271 2339 2378 2461 2513 2572 2619 2682 2716 2778 2823 2887 2969 3006
4 39 75 114 206 266 298 333 414 436 488 561 635 654 750 787 848 882 918 977 1043 1095 1181 1214 1243 1310 1402 1414 1488 1537 1610 1653 1701 1773 1795 1854 1897 1947 2007 2080 2159 2211 2233 2300 2334 2413 2473 2533 2584 2605 2671 2741 2789 2843 2901 2937 2993
7 39 75 146 191 233 314 377 390 438 531 561 604 652 702 804 825 867 966 987 1055 1117 1164 1221 1267 1300 1392 1445 1475 1513 1610 1632 1701 1730 1818 1886 1924 1964 2007 2098 2116 2197 2239 2289 2355 2427 2482 2533 2566 2633 2665 2714 2762 2836 2869 2948 2993
4 39 77 146 209 259 272 343 412 454 514 561 613 666 742 761 860 867 945 1002 1038 1116 1183 1206 1273 1341 1402 1415 1459 1528 1579 1629 1684 1760 1820 1844 1890 1977 2013 2077 2159 2174 2221 2309 2350 2392 2433 2531 2583 2615 2690 2736 2805 2858 2868 2943 3005
4 39 78 140 199 239 286 349 416 475 486 581 647 693 738 801 834 882 947 1023 1031 1095 1148 1196 1270 1301 1386 1415 1462 1559 1616 1661 1695 1761 1799 1838 1917 1966 2005 2102 2109 2173 2262 2300 2364 2428 2465 2515 2550 2614 2678 2709 2801 2823 2880 2926 2971
4 39 78 145 195 259 287 344 394 455 513 560 647 650 742 808 860 867 960 987 1062 1091 1147 1194 1242 1303 1355 1415 1493 1545 1616 1656 1716 1775 1821 1881 1921 1971 2029 2076 2125 2174 2260 2278 2351 2420 2433 2491 2554 2614 2674 2709 2803 2859 2879 2948 2971
7 39 80 112 162 229 298 349 379 436 538 560 635 685 745 791 816 882 962 979 1039 1088 1181 1210 1277 1310 1352 1457 1486 1530 1615 1653 1685 1764 1799 1878 1939 1977 2014 2082 2115 2200 2240 2271 2356 2421 2447 2492 2562 2642 2693 2751 2785 2820 2885 2938 3009
7 39 80 135 164 262 286 349 429 463 522 550 615 697 726 778 843 895 948 1017 1049 1113 1146 1222 1277 1336 1350 1407 1463 1530 1605 1626 1695 1780 1832 1862 1927 1964 2014 2096 2115 2175 2256 2321 2331 2383 2459 2492 2582 2608 2660 2701 2758 2857 2875 2958 3019
7 39 81 120 207 266 275 344 403 445 497 550 647 676 750 808 848 882 942 981 1042 1096 1177 1226 1250 1313 1380 1414 1482 1547 1614 1661 1706 1772 1789 1851 1891 1965 2003 2074 2147 2211 2263 2295 2324 2422 2473 2503 2575 2596 2646 2733 2788 2844 2889 2919 3000
7 39 81 123 204 265 300 365 382 433 497 571 620 681 724 791 812 882 955 1023 1039 1120 1172 1231 1277 1342 1356 1407 1485 1520 1596 1637 1685 1772 1815 1836 1903 1965 2003 2100 2127 2169 2264 2321 2360 2393 2475 2503 2562 2617 2661 2707 2783 2860 2885 2926 3018
4 39 82 115 211 229 312 344 424 482 531 565 613 677 742 763 833 873 936 973 1026 1091 1182 1194 1278 1333 1394 1445 1485 1527 1599 1672 1685 1737 1807 1865 1921 1965 2000 2090 2159 2203 2231 2271 2347 2381 2452 2536 2572 2596 2682 2748 2767 2845 2879 2948 2984
7 39 82 157 169 266 286 343 402 445 522 550 613 675 753 761 849 917 943 1008 1070 1113 1177 1225 1287 1301 1350 1445 1481 1521 1599 1661 1701 1744 1828 1867 1924 1966 2050 2075 2115 2208 2227 2300 2340 2383 2457 2486 2550 2596 2678 2748 2771 2809 2905 2919 2984
7 39 84 121 180 241 315 355 402 481 530 550 613 674 709 771 857 867 968 1008 1062 1117 1156 1221 1260 1298 1392 1430 1502 1552 1583 1629 1716 1733 1797 1884 1924 1954 2010 2075 2127 2190 2227 2289 2330 2427 2458 2490 2590 2593 2676 2739 2787 2812 2862 2969 3017
7 39 84 144 190 228 312 344 379 467 530 581 614 680 725 760 818 867 970 1002 1040 1088 1167 1210 1282 1347 1395 1457 1458 1529 1613 1658 1685 1733 1821 1866 1939 1954 2010 2058 2138 2196 2240 2288 2369 2378 2448 2490 2588 2616 2694 2715 2781 2824 2906 2943 2986
7 39 87 122 210 256 314 349 403 438 528 571 604 663 745 764 814 867 947 1011 1061 1088 1164 1210 1255 1300 1395 1415 1505 1536 1566 1632 1727 1779 1813 1888 1939 1965 2036 2068 2147 2174 2215 2288 2349 2378 2480 2520 2556 2609 2675 2737 2802 2842 2885 2938 2976
7 39 87 153 208 263 305 327 395 460 498 571 615 649 706 795 839 905 927 1003 1074 1123 1139 1202 1293 1303 1373 1424 1503 1554 1573 1639 1727 1752 1819 1885 1930 1971 2034 2063 2126 2193 2220 2278 2338 2398 2444 2523 2565 2622 2662 2725 2806 2810 2913 2927 2970
7 39 87 158 197 265 316 343 415 433 509 571 613 675 711 761 853 889 922 980 1070 1108 1172 1190 1284 1326 1365 1426 1507 1563 1573 1637 1727 1741 1800 1883 1942 1986 2034 2079 2109 2183 2230 2279 2340 2409 2453 2523 2550 2617 2652 2730 2795 2822 2908 2926 2970
7 39 88 156 179 245 299 327 401 465 493 581 604 678 704 768 825 917 957 1013 1070 1129 1138 1197 1284 1323 1374 1426 1509 1563 1591 1668 1701 1728 1818 1853 1912 1977 2033 2065 2126 2212 2257 2279 2328 2377 2467 2523 2543 2606 2665 2747 2762 2836 2908 2936 2982
4 39 89 122 211 260 310 342 405 443 529 543 615 677 744 763 812 895 951 973 1059 1130 1164 1239 1276 1313 1364 1445 1505 1536 1585 1626 1727 1750 1798 1883 1938 1965 2022 2068 2116 2205 2253 2295 2347 2380 2438 2497 2538 2597 2684 2728 2806 2838 2900 2926 2977
7 39 89 157 176 227 307 343 393 476 520 593 615 695 708 760 826 874 943 1001 1040 1080 1179 1206 1285 1347 1383 1445 1467 1534 1585 1663 1677 1752 1810 1867 1926 1964 2011 2053 2138 2191 2266 2278 2355 2383 2476 2508 2588 2597 2694 2728 2793 2809 2903 2943 2977
7 39 91 122 179 243 294 365 422 471 493 543 604 661 710 800 862 895 951 978 1049 1107 1151 1207 1255 1345 1379 1424 1505 1536 1617 1621 1695 1728 1827 1840 1895 1997 2033 2083 2132 2176 2226 2279 2363 2423 2467 2520 2560 2640 2655 2750 2756 2838 2898 2938 3013
7 39 91 125 176 254 305 377 423 459 498 560 604 652 703 804 841 889 958 1001 1055 1101 1150 1237 1249 1314 1373 1424 1495 1512 1617 1628 1677 1752 1826 1850 1898 1986 2034 2104 2138 2177 2216 2290 2355 2419 2476 2519 2566 2640 2651 2750 2766 2814 2887 2927 3013
4 39 92 113 192 253 278 342 385 474 535 561 635 652 737 789 810 895 958 1000 1041 1102 1178 1201 1288 1298 1372 1457 1470 1542 1615 1666 1677 1753 1798 1850 1925 1954 1999 2056 2132 2194 2233 2289 2369 2419 2436 2501 2567 2643 2698 2750 2791 2826 2886 2927 2997
7 39 92 132 170 229 299 349 393 436 510 561 647 690 742 801 833 873 953 974 1038 1080 1166 1206 1273 1323 1357 1445 1473 1558 1615 1668 1677 1777 1790 1874 1926 1977 1999 2081 2125 2203 2266 2279 2367 2410 2452 2501 2543 2642 2665 2751 2790 2821 2868 2937 2997
4 39 94 156 174 220 278 327 378 476 507 593 625 694 730 770 818 905 957 1007 1058 1104 1176 1217 1246 1298 1399 1426 1510 1562 1572 1666 1694 1751 1819 1853 1896 1954 2041 2089 2116 2179 2249 2289 2346 2377 2466 2498 2567 2603 2698 2731 2770 2836 2910 2943 2987
7 39 94 159 211 268 305 327 409 447 508 559 620 655 731 786 855 873 956 973 1073 1103 1161 1203 1246 1314 1363 1425 1507 1562 1584 1628 1727 1750 1794 1870 1936 1986 2041 2090 2116 2162 2231 2290 2347 2411 2438 2498 2566 2629 2651 2700 2799 2852 2895 2948 2975
7 39 96 136 180 222 275 355 426 432 497 550 614 660 727 779 857 889 933 980 1048 1096 1170 1189 1251 1336 1380 1407 1511 1514 1604 1638 1696 1733 1832 1861 1928 1997 2042 2067 2147 2190 2242 2288 2358 2422 2458 2530 2582 2626 2660 2735 2758 2842 2912 2926 3022
7 39 96 157 167 240 287 365 428 444 491 550 597 648 716 793 826 917 943 1013 1078 1127 1157 1220 1244 1303 1377 1425 1481 1521 1604 1656 1696 1740 1830 1843 1894 1971 2042 2095 2138 2206 2228 2278 2339 2406 2461 2530 2554 2627 2674 2734 2793 2809 2891 2936 3022
7 39 98 156 184 246 298 333 384 479 488 593 613 683 709 769 811 905 945 1016 1060 1116 1138 1188 1279 1310 1402 1425 1509 1563 1571 1653 1701 1737 1814 1844 1907 1977 2043 2065 2127 2185 2254 2271 2345 2392 2479 2528 2562 2620 2693 2719 2771 2848 2896 2926 2981
7 39 100 131 209 264 322 344 389 459 514 560 613 673 753 763 824 895 940 1000 1059 1125 1142 1230 1276 1332 1352 1430 1494 1524 1583 1636 1727 1760 1788 1885 1934 1947 2013 2070 2115 2210 2219 2309 2352 2385 2433 2509 2538 2631 2664 2701 2795 2853 2900 2927 3001
4 39 100 160 199 241 292 355 389 481 498 593 620 696 732 807 810 884 934 1015 1030 1098 1143 1215 1275 1339 1385 1424 1460 1540 1583 1643 1695 1762 1788 1864 1895 1954 2023 2097 2109 2167 2258 2309 2373 2384 2464 2499 2552 2593 2688 2739 2772 2846 2910 2927 3001
4 39 102 151 196 262 314 349 393 463 528 581 597 673 716 786 823 873 940 972 1073 1082 1140 1216 1246 1300 1395 1426 1499 1525 1605 1632 1727 1765 1790 1885 1942 1964 2049 2069 2138 2184 2251 2289 2329 2385 2465 2534 2566 2608 2665 2701 2790 2832 2895 2927 2997
7 39 103 150 197 262 310 342 408 463 529 550 625 674 716 771 845 884 969 990 1078 1083 1146 1220 1244 1313 1364 1414 1503 1557 1567 1626 1727 1751 1789 1884 1937 1971 2021 2056 2109 2184 2243 2289 2330 2426 2442 2493 2575 2608 2646 2739 2788 2847 2891 2958 2995
7 39 103 160 174 244 282 327 394 479 529 593 614 681 707 794 818 884 955 996 1068 1085 1166 1200 1287 1346 1390 1445 1487 1514 1592 1624 1685 1751 1821 1836 1921 1971 2021 2066 2125 2179 2260 2300 2357 2393 2466 2493 2589 2622 2694 2707 2781 2824 2907 2926 2971
7 39 104 124 196 239 315 365 425 454 528 565 597 665 738 793 834 882 949 979 1042 1084 1183 1207 1269 1298 1394 1415 1459 1550 1580 1629 1706 1765 1815 1842 1918 1954 2049 2077 2159 2173 2245 2289 2322 2388 2465 2532 2590 2636 2676 2741 2769 2856 2870 2938 2974
4 39 106 152 186 254 274 343 378 480 518 593 625 683 703 779 841 889 923 1007 1048 1109 1185 1212 1251 1309 1397 1424 1501 1557 1582 1671 1696 1743 1800 1855 1896 1955 2028 2089 2115 2177 2249 2271 2335 2404 2476 2486 2582 2619 2688 2708 2760 2820 2912 2958 3007
7 40 55 134 207 237 281 342 387 466 535 576 624 676 719 761 862 914 927 1019 1052 1123 1153 1227 1263 1325 1353 1428 1484 1556 1591 1659 1697 1743 1815 1872 1903 1944 2036 2103 2117 2192 2255 2272 2357 2387 2436 2501 2584 2607 2654 2743 2755 2837 2868 2969 3019
7 40 56 114 180 258 316 377 391 461 515 576 624 674 726 801 831 882 970 1023 1043 1112 1168 1236 1279 1321 1358 1404 1504 1526 1577 1625 1686 1766 1822 1865 1899 1967 2011 2099 2129 2176 2255 2318 2347 2377 2464 2533 2558 2628 2652 2709 2772 2841 2864 2920 3014
7 40 56 124 196 257 277 346 414 441 515 551 644 665 749 788 835 882 938 988 1033 1084 1182 1222 1257 1297 1396 1408 1460 1549 1610 1653 1711 1766 1791 1842 1919 1967 2011 2076 2159 2211 2256 2299 2343 2402 2448 2533 2590 2605 2675 2740 2781 2854 2908 2916 2980
7 40 58 116 176 233 311 360 408 472 533 559 616 664 723 758 862 886 945 1021 1050 1098 1177 1221 1284 1305 1401 1454 1469 1547 1593 1634 1705 1773 1790 1880 1928 1944 2034 2054 2110 2192 2227 2280 2360 2401 2436 2514 2586 2598 2680 2720 2755 2837 2877 2969 3017
7 40 58 123 203 260 283 328 385 448 531 559 644 687 729 800 828 864 939 982 1037 1132 1136 1215 1277 1345 1357 1427 1483 1554 1593 1658 1705 1775 1813 1854 1891 1968 2034 2100 2143 2185 2248 2321 2336 2408 2481 2514 2541 2612 2659 2706 2793 2843 2871 2928 3017
4 40 60 110 166 231 321 328 379 466 533 576 617 654 726 776 846 875 961 1018 1043 1089 1172 1236 1279 1320 1391 1454 1471 1561 1598 1639 1694 1762 1811 1875 1923 1967 2043 2082 2137 2202 2222 2268 2348 2390 2459 2499 2583 2613 2674 2718 2763 2819 2864 2969 3023
7 40 61 142 196 243 273 334 426 440 498 562 624 679 746 773 861 864 963 988 1032 1117 1169 1205 1268 1339 1399 1427 1487 1517 1567 1631 1711 1766 1792 1843 1892 1948 2029 2094 2159 2185 2239 2318 2343 2391 2448 2531 2578 2620 2660 2752 2796 2857 2882 2936 3003
7 40 63 124 192 250 322 377 421 477 487 551 630 666 731 790 836 882 962 985 1042 1088 1149 1223 1266 1327 1377 1435 1496 1514 1608 1627 1674 1736 1822 1862 1900 1994 2032 2101 2110 2165 2217 2292 2361 2403 2476 2532 2559 2639 2664 2751 2760 2829 2905 2939 2983
7 40 63 160 204 234 285 342 421 457 488 540 624 682 740 761 831 917 925 1008 1072 1129 1161 1201 1250 1316 1387 1440 1486 1513 1608 1665 1686 1752 1822 1881 1893 1948 2046 2060 2156 2194 2225 2292 2351 2391 2445 2518 2564 2643 2652 2748 2772 2841 2892 2939 2983
7 40 64 112 214 225 294 345 427 473 512 570 598 665 750 777 818 882 944 979 1042 1096 1181 1190 1284 1314 1394 1454 1493 1540 1610 1672 1674 1756 1795 1842 1927 1968 2007 2097 2159 2193 2229 2280 2354 2396 2431 2521 2572 2605 2686 2740 2784 2856 2886 2953 2973
4 40 66 157 188 241 290 328 411 450 502 562 630 682 729 785 826 917 933 1018 1061 1132 1172 1215 1253 1311 1381 1435 1471 1515 1608 1654 1697 1734 1830 1881 1891 1964 2038 2082 2156 2204 2222 2268 2327 2383 2450 2529 2581 2643 2671 2748 2756 2847 2871 2928 2979
7 40 67 109 191 236 321 342 381 476 533 570 594 672 708 771 856 885 951 1008 1047 1093 1161 1227 1274 1314 1391 1454 1486 1564 1604 1646 1678 1762 1795 1884 1933 1956 2043 2060 2143 2186 2225 2292 2364 2386 2434 2491 2572 2608 2686 2702 2784 2816 2879 2969 3020
7 40 67 125 213 264 298 360 390 456 520 570 644 692 735 783 824 875 924 990 1054 1126 1150 1196 1294 1331 1355 1404 1480 1543 1604 1663 1678 1775 1785 1857 1920 1967 2043 2086 2125 2170 2253 2321 2347 2402 2472 2491 2547 2594 2657 2717 2798 2849 2863 2940 3020
7 40 67 159 179 240 271 345 381 480 538 544 644 668 744 782 844 882 943 1012 1031 1088 1144 1223 1276 1303 1377 1404 1500 1559 1604 1653 1705 1759 1795 1880 1900 1981 2005 2065 2117 2176 2257 2292 2328 2403 2451 2530 2584 2594 2677 2717 2793 2827 2891 2969 3020
7 40 68 112 199 241 279 334 410 483 534 559 630 660 729 759 830 894 964 987 1037 1081 1181 1215 1277 1309 1382 1457 1493 1540 1600 1662 1674 1730 1800 1867 1942 1968 2023 2097 2156 2204 2221 2291 2371 2384 2446 2528 2582 2610 2687 2739 2760 2835 2871 2920 2991
7 40 69 110 195 267 284 324 404 450 509 551 647 675 749 808 824 900 929 980 1033 1108 1172 1222 1257 1317 1392 1435 1471 1561 1611 1654 1694 1776 1788 1845 1895 1967 2000 2082 2156 2201 2260 2272 2323 2412 2439 2523 2570 2617 2664 2727 2794 2853 2908 2940 2990
7 40 69 117 168 220 281 345 405 478 535 551 598 665 731 777 857 864 932 1024 1042 1090 1142 1223 1266 1334 1353 1428 1491 1560 1587 1650 1694 1743 1808 1875 1898 1994 2036 2052 2143 2195 2243 2299 2354 2419 2475 2486 2572 2618 2665 2706 2805 2851 2905 2969 3015
7 40 69 120 204 233 279 324 405 472 534 559 617 653 734 791 844 885 948 1008 1071 1081 1177 1240 1257 1337 1382 1408 1461 1561 1587 1634 1686 1752 1808 1882 1918 1981 2000 2062 2156 2182 2223 2299 2351 2384 2445 2523 2585 2598 2697 2726 2773 2848 2869 2969 3015
7 40 69 123 207 244 273 360 404 440 535 559 624 699 703 798 842 864 952 1007 1036 1109 1169 1196 1290 1339 1363 1457 1501 1536 1611 1631 1686 1743 1788 1855 1936 1994 2036 2081 2128 2212 2219 2272 2369 2415 2436 2486 2552 2619 2687 2725 2772 2830 2895 2940 2990
7 40 69 153 177 224 302 374 384 460 534 551 624 666 713 795 839 885 965 993 1039 1093 1186 1231 1291 1303 1360 1457 1465 1526 1611 1621 1694 1752 1809 1887 1929 1981 2000 2084 2106 2196 2232 2292 2356 2418 2473 2523 2568 2619 2693 2725 2759 2844 2865 2920 2990
4 40 70 122 204 225 287 346 404 473 519 570 613 659 735 765 812 868 967 1001 1054 1109 1181 1196 1294 1320 1388 1457 1504 1519 1606 1672 1686 1744 1803 1839 1936 1967 2020 2087 2156 2208 2219 2268 2358 2389 2454 2517 2565 2605 2692 2744 2771 2847 2863 2953 2975
4 40 70 126 163 226 283 328 404 435 493 551 647 658 738 805 837 886 969 980 1050 1114 1147 1216 1258 1333 1395 1424 1497 1545 1606 1670 1705 1780 1803 1877 1895 1994 2031 2082 2128 2169 2260 2268 2355 2423 2458 2506 2540 2636 2663 2714 2799 2834 2905 2953 2975
7 40 70 153 200 260 293 346 421 448 500 551 630 694 729 764 861 885 953 985 1027 1115 1171 1197 1294 1344 1392 1404 1473 1519 1572 1622 1705 1761 1796 1841 1900 1948 2020 2101 2156 2185 2217 2321 2352 2405 2448 2517 2571 2612 2656 2726 2796 2857 2890 2936 3010
4 40 71 110 186 250 301 374 422 477 506 551 613 658 707 789 846 900 961 974 1034 1085 1149 1213 1272 1348 1368 1408 1508 1524 1617 1627 1698 1744 1810 1850 1910 1997 2033 2089 2137 2189 2231 2268 2370 2416 2473 2524 2539 2639 2675 2742 2763 2819 2909 2939 2995
7 40 71 115 204 232 286 354 425 452 506 562 594 657 739 767 858 900 919 1001 1029 1086 1160 1203 1255 1335 1381 1427 1505 1541 1592 1626 1686 1744 1824 1865 1935 1997 2033 2056 2156 2162 2250 2288 2358 2428 2454 2524 2582 2637 2660 2727 2764 2842 2912 2920 3022
7 40 71 125 211 224 277 360 425 460 515 551 616 664 738 758 853 894 924 987 1050 1084 1186 1216 1258 1328 1396 1404 1490 1533 1592 1621 1698 1741 1824 1857 1924 1994 2037 2058 2159 2171 2259 2288 2360 2402 2432 2519 2586 2619 2656 2745 2768 2849 2905 2920 3022
4 40 71 139 208 225 273 360 422 445 498 562 598 682 750 785 811 914 925 998 1068 1117 1173 1190 1258 1306 1399 1424 1476 1533 1617 1664 1686 1758 1810 1881 1906 1976 2037 2057 2159 2193 2235 2268 2327 2391 2437 2519 2574 2634 2655 2748 2782 2860 2886 2939 2995
4 40 74 151 163 241 315 334 402 483 493 544 647 677 746 803 819 914 921 1005 1052 1117 1175 1205 1248 1330 1365 1440 1472 1551 1600 1668 1697 1780 1825 1849 1892 1968 2031 2061 2137 2187 2262 2268 2330 2425 2458 2502 2543 2610 2676 2739 2790 2819 2882 2936 2985
7 40 77 112 180 265 301 374 387 446 506 570 630 692 705 783 840 882 944 1023 1035 1119 1179 1231 1277 1348 1368 1427 1493 1540 1568 1627 1698 1761 1815 1857 1903 1944 2014 2099 2117 2173 2255 2321 2347 2382 2469 2528 2566 2630 2647 2717 2762 2856 2873 2920 3019
7 40 77 118 194 236 287 334 411 476 519 570 616 662 728 802 850 864 921 1024 1060 1109 1161 1234 1271 1347 1388 1440 1467 1547 1568 1646 1698 1749 1792 1885 1897 1964 2014 2080 2156 2166 2215 2272 2329 2389 2447 2528 2585 2608 2689 2738 2768 2853 2867 2969 3019
7 40 78 118 188 237 272 360 425 447 501 540 617 677 734 764 850 894 921 977 1027 1094 1176 1195 1270 1344 1387 1416 1494 1521 1585 1645 1697 1748 1824 1849 1935 1997 2042 2081 2156 2178 2250 2272 2368 2425 2435 2512 2571 2626 2656 2739 2768 2853 2914 2936 3022
7 40 79 139 187 251 272 360 408 474 501 590 624 695 713 798 838 886 925 990 1040 1129 1150 1191 1281 1344 1387 1424 1480 1529 1571 1645 1697 1772 1790 1881 1902 1948 2019 2086 2106 2169 2253 2321 2373 2391 2457 2490 2548 2621 2680 2735 2755 2860 2906 2928 3017
7 40 79 151 164 261 294 324 385 479 530 590 613 690 709 771 859 868 929 1020 1047 1107 1175 1240 1260 1314 1376 1435 1472 1551 1571 1672 1697 1745 1813 1872 1891 1968 2019 2061 2143 2175 2248 2280 2346 2385 2468 2490 2572 2627 2686 2729 2767 2811 2894 2969 3017
7 40 81 117 183 236 283 354 414 448 493 551 644 666 728 795 850 864 959 988 1055 1114 1136 1193 1250 1345 1395 1440 1507 1544 1594 1658 1678 1759 1793 1887 1919 1997 2050 2076 2128 2166 2256 2292 2356 2423 2447 2485 2551 2637 2649 2725 2798 2822 2909 2936 2978
7 40 81 154 176 267 290 345 388 450 517 551 630 664 743 758 845 917 944 1021 1074 1119 1172 1202 1275 1311 1368 1454 1488 1520 1594 1654 1678 1735 1818 1857 1933 1944 2050 2064 2137 2207 2217 2288 2360 2382 2475 2485 2562 2617 2690 2745 2783 2813 2872 2940 2978
7 40 82 114 192 264 289 346 388 434 511 576 605 681 712 774 811 882 950 985 1077 1119 1171 1202 1289 1340 1356 1454 1473 1557 1609 1637 1678 1774 1791 1858 1933 1976 2003 2101 2106 2193 2217 2321 2361 2393 2437 2520 2563 2616 2674 2716 2782 2860 2904 2939 3006
7 40 82 115 213 259 283 354 393 435 531 576 647 674 741 801 820 886 919 990 1046 1111 1147 1206 1268 1333 1357 1427 1488 1558 1602 1670 1678 1775 1807 1865 1911 1944 2034 2090 2125 2174 2249 2318 2347 2428 2472 2489 2555 2602 2648 2709 2803 2842 2868 2928 3013
7 40 82 137 168 218 311 354 386 480 533 544 605 669 718 773 859 864 957 1024 1032 1104 1166 1232 1268 1309 1401 1454 1466 1558 1609 1630 1711 1773 1793 1870 1917 1968 2034 2052 2125 2198 2243 2291 2354 2394 2444 2489 2578 2616 2691 2716 2757 2821 2882 2969 3006
7 40 82 159 169 219 275 324 402 475 511 544 647 675 751 808 849 882 943 1005 1033 1096 1148 1225 1287 1313 1371 1427 1500 1559 1602 1660 1711 1774 1798 1864 1892 1976 2003 2061 2129 2173 2262 2280 2323 2420 2460 2520 2570 2602 2668 2709 2788 2827 2876 2967 3013
7 40 83 117 191 230 289 346 412 470 511 540 613 659 709 765 857 875 932 1015 1054 1097 1136 1219 1243 1340 1356 1427 1507 1544 1579 1637 1678 1733 1801 1879 1911 1997 2044 2076 2143 2205 2230 2299 2358 2416 2465 2492 2565 2641 2672 2703 2805 2851 2914 2967 3009
7 40 83 142 190 237 318 377 381 447 518 540 624 673 719 801 817 886 965 981 1046 1093 1176 1227 1268 1298 1360 1454 1487 1517 1605 1645 1678 1729 1831 1887 1933 1981 2006 2088 2117 2192 2225 2291 2349 2418 2482 2531 2555 2626 2685 2719 2769 2855 2868 2936 2982
4 40 85 121 204 253 308 354 406 481 519 562 613 682 718 761 858 885 959 1008 1052 1104 1137 1232 1248 1325 1369 1440 1502 1551 1573 1633 1724 1744 1783 1883 1917 1948 2020 2062 2117 2162 2223 2268 2351 2427 2454 2502 2584 2606 2654 2746 2787 2818 2882 2969 3023
7 40 86 159 204 248 307 324 424 439 488 559 624 657 719 767 844 868 943 1001 1069 1099 1179 1194 1256 1345 1367 1427 1506 1553 1567 1635 1724 1752 1813 1864 1916 1997 2046 2087 2117 2182 2219 2292 2358 2420 2445 2494 2541 2644 2659 2728 2793 2827 2902 2953 2977
7 40 87 110 209 264 314 354 410 434 510 576 613 676 735 761 824 875 929 1017 1072 1107 1171 1189 1272 1316 1376 1404 1508 1524 1582 1637 1727 1779 1800 1872 1942 1968 2017 2066 2156 2170 2221 2272 2357 2385 2472 2524 2564 2616 2652 2743 2794 2853 2870 2939 2991
4 40 87 149 208 268 319 346 420 439 498 576 598 654 730 776 843 894 932 977 1070 1090 1179 1197 1267 1333 1353 1427 1506 1563 1588 1635 1727 1758 1807 1875 1925 1994 2037 2087 2117 2161 2244 2268 2348 2419 2437 2503 2555 2624 2648 2718 2803 2818 2889 2936 2985
7 40 87 154 203 222 296 374 402 484 510 593 598 687 716 800 845 875 944 982 1029 1096 1135 1225 1255 1304 1394 1427 1466 1541 1588 1649 1711 1779 1825 1842 1892 1968 2017 2085 2137 2205 2262 2288 2336 2396 2477 2524 2549 2624 2683 2718 2783 2813 2912 2916 2985
7 40 88 116 167 253 299 328 419 481 532 562 616 679 704 777 854 882 946 1012 1042 1112 1137 1236 1284 1334 1358 1416 1469 1547 1612 1633 1674 1754 1833 1888 1899 1976 2003 2095 2143 2177 2228 2318 2339 2377 2450 2514 2572 2606 2665 2707 2779 2836 2886 2969 3018
7 40 88 123 182 229 277 360 392 441 532 540 644 673 745 783 827 882 952 989 1035 1092 1182 1191 1277 1297 1379 1457 1483 1554 1614 1653 1698 1754 1789 1855 1939 1976 2003 2053 2110 2199 2252 2291 2366 2415 2435 2514 2566 2634 2698 2751 2786 2830 2873 2928 3016
7 40 88 137 186 248 278 342 419 484 521 540 605 685 719 772 844 868 931 1020 1046 1123 1135 1227 1268 1322 1361 1427 1466 1558 1612 1649 1698 1770 1833 1885 1903 1981 2028 2085 2137 2182 2224 2318 2324 2379 2445 2489 2583 2599 2672 2715 2773 2848 2868 2969 3018
7 40 89 147 187 218 271 354 413 480 513 593 644 681 739 795 830 882 935 1023 1039 1086 1144 1203 1245 1303 1402 1416 1472 1555 1609 1653 1697 1755 1787 1858 1935 1968 2007 2093 2106 2177 2261 2305 2340 2408 2474 2495 2568 2616 2693 2716 2780 2814 2912 2920 2999
7 40 91 117 188 248 296 360 390 484 530 540 598 682 723 785 850 875 959 1018 1068 1098 1135 1221 1266 1304 1374 1435 1491 1560 1581 1649 1724 1748 1785 1883 1928 1964 2015 2059 2128 2178 2245 2292 2327 2427 2435 2486 2574 2599 2657 2746 2798 2822 2877 2969 3020
7 40 91 123 189 263 295 345 381 467 505 540 624 700 743 757 828 882 939 981 1058 1119 1162 1202 1290 1342 1356 1408 1501 1536 1581 1625 1724 1772 1795 1869 1933 1956 2015 2088 2143 2211 2225 2321 2350 2393 2455 2486 2546 2638 2677 2707 2793 2843 2872 2940 3020
7 40 91 134 177 250 279 334 390 479 534 590 624 679 707 773 846 900 946 1006 1032 1087 1185 1234 1263 1309 1382 1408 1484 1556 1581 1662 1674 1752 1785 1888 1920 1967 2000 2070 2125 2189 2253 2292 2343 2377 2473 2501 2578 2638 2691 2707 2765 2817 2888 2969 3020
7 40 91 140 187 226 275 360 423 475 505 590 647 686 738 790 838 882 926 1023 1042 1084 1148 1216 1266 1313 1375 1428 1468 1560 1616 1660 1674 1772 1789 1867 1924 1956 2015 2093 2128 2169 2261 2299 2340 2422 2457 2486 2559 2595 2679 2713 2806 2809 2905 2920 2984
4 40 92 155 186 226 286 334 385 475 506 590 613 685 711 772 839 917 963 1020 1070 1132 1148 1215 1267 1301 1381 1427 1500 1563 1579 1660 1705 1744 1828 1851 1891 1981 2033 2061 2129 2196 2248 2268 2324 2383 2473 2503 2558 2595 2673 2749 2759 2844 2889 2920 3000
4 40 93 120 210 268 317 374 398 439 527 559 605 663 730 799 818 885 957 974 1061 1104 1149 1214 1253 1330 1401 1435 1508 1515 1584 1666 1727 1738 1809 1870 1934 1968 2012 2089 2110 2161 2231 2268 2346 2394 2463 2529 2567 2624 2651 2721 2801 2839 2871 2953 2975
4 40 93 155 170 231 281 345 398 466 489 593 624 700 726 757 839 914 963 999 1058 1117 1153 1190 1252 1325 1399 1416 1510 1553 1584 1659 1694 1739 1809 1843 1906 1948 2041 2077 2129 2202 2258 2268 2350 2391 2466 2498 2546 2613 2693 2732 2759 2844 2911 2953 2975
4 40 95 146 191 221 276 342 426 449 531 570 617 659 722 765 856 914 931 1015 1053 1117 1155 1205 1267 1348 1365 1427 1492 1530 1580 1652 1711 1762 1815 1839 1892 1997 2045 2067 2110 2186 2239 2268 2358 2425 2434 2535 2566 2632 2647 2744 2762 2839 2907 2928 2979
7 40 96 124 194 259 308 354 413 435 519 551 616 675 715 757 816 882 962 979 1058 1131 1183 1229 1290 1325 1369 1457 1496 1514 1602 1633 1724 1749 1787 1864 1937 1944 2014 2066 2129 2199 2259 2272 2374 2401 2447 2509 2546 2602 2693 2709 2780 2829 2872 2953 2999
7 40 96 126 199 242 302 342 388 478 534 551 630 693 708 763 854 886 969 1021 1057 1093 1163 1227 1264 1297 1360 1408 1497 1545 1595 1628 1724 1730 1791 1883 1933 1976 2023 2064 2106 2181 2217 2291 2337 2418 2446 2500 2590 2597 2675 2735 2781 2834 2879 2969 3006
7 40 96 146 171 244 285 342 413 459 488 590 647 691 754 796 818 894 931 1014 1044 1094 1159 1195 1264 1316 1387 1427 1477 1545 1602 1665 1686 1776 1787 1839 1935 1968 2023 2103 2106 2161 2261 2272 2336 2425 2463 2500 2544 2600 2673 2711 2801 2839 2894 2953 2999
7 40 97 129 209 243 302 342 427 460 495 544 624 676 746 761 828 885 934 1017 1052 1082 1186 1205 1248 1303 1398 1404 1490 1529 1577 1621 1724 1769 1795 1878 1927 1968 2012 2058 2159 2185 2229 2305 2357 2400 2481 2525 2584 2600 2677 2736 2793 2843 2882 2928 2973
7 40 97 133 213 230 318 377 386 470 495 590 630 686 709 790 845 885 964 997 1047 1081 1151 1240 1260 1319 1382 1416 1479 1518 1569 1622 1678 1769 1818 1867 1918 1968 2012 2096 2125 2205 2242 2299 2340 2384 2477 2525 2554 2641 2690 2713 2783 2813 2894 2916 2980
7 40 97 140 182 245 290 345 427 474 502 590 594 674 737 781 856 882 919 989 1077 1086 1158 1233 1283 1329 1381 1435 1507 1522 1577 1636 1678 1734 1795 1865 1904 1997 2038 2053 2129 2165 2252 2305 2366 2428 2456 2498 2556 2628 2686 2709 2784 2816 2910 2928 2973
7 40 99 124 163 251 290 328 419 474 517 551 594 694 713 786 837 882 938 1005 1039 1119 1158 1231 1291 1329 1368 1428 1460 1549 1601 1636 1697 1780 1833 1863 1903 1981 2005 2100 2137 2169 2224 2321 2330 2382 2458 2499 2577 2621 2665 2705 2779 2854 2865 2967 3018
7 40 99 135 174 229 272 360 383 441 523 551 647 666 741 790 821 868 945 1002 1047 1099 1166 1194 1274 1319 1367 1454 1459 1564 1614 1669 1697 1777 1812 1862 1916 1976 2013 2059 2125 2203 2260 2292 2361 2420 2432 2491 2554 2634 2690 2751 2790 2817 2879 2916 3005
7 40 100 117 211 251 303 360 398 474 524 551 613 693 711 763 853 864 959 1010 1078 1104 1158 1214 1243 1317 1369 1435 1507 1544 1571 1636 1727 1741 1788 1883 1934 1948 2029 2053 2129 2171 2231 2291 2337 2427 2432 2492 2570 2621 2664 2735 2794 2822 2890 2967 2996
7 40 100 141 190 261 279 324 398 479 518 593 624 683 716 767 842 900 934 999 1029 1082 1185 1225 1255 1309 1398 1424 1477 1550 1571 1662 1686 1729 1788 1878 1906 1968 2006 2077 2110 2167 2258 2291 2331 2400 2482 2515 2582 2627 2687 2729 2772 2830 2912 2967 2996
4 40 101 141 195 253 313 328 383 481 499 593 605 700 718 784 834 900 939 980 1053 1085 1147 1209 1267 1306 1389 1427 1497 1530 1612 1623 1724 1738 1812 1869 1916 1976 2040 2082 2125 2162 2260 2268 2323 2393 2478 2535 2547 2606 2683 2707 2797 2824 2907 2940 3005
4 40 101 151 206 268 303 360 383 464 503 590 616 685 703 758 819 868 921 992 1074 1109 1152 1196 1252 1311 1388 1416 1498 1525 1612 1642 1727 1753 1812 1885 1936 1964 2049 2057 2137 2188 2241 2268 2338 2389 2457 2527 2562 2599 2690 2715 2790 2819 2895 2940 3005
7 40 102 137 209 260 309 342 420 452 499 544 630 662 729 763 828 864 931 1007 1078 1090 1160 1197 1243 1313 1393 1427 1505 1520 1568 1626 1727 1769 1798 1885 1925 1956 2008 2056 2156 2185 2244 2299 2367 2379 2481 2518 2570 2608 2668 2738 2788 2848 2890 2940 2994
7 40 102 160 213 245 313 374 394 468 499 593 624 681 707 795 855 864 950 997 1055 1085 1143 1213 1250 1299 1389 1428 1486 1513 1591 1631 1678 1769 1820 1858 1910 1956 2008 2079 2125 2195 2258 2305 2340 2393 2477 2518 2551 2635 2695 2716 2769 2815 2909 2939 2972
4 40 103 126 197 268 309 342 380 464 529 562 624 682 703 761 837 875 969 1015 1072 1089 1155 1220 1272 1301 1364 1408 1492 1550 1581 1638 1727 1739 1799 1883 1938 1981 2001 2067 2128 2188 2239 2268 2351 2418 2438 2497 2564 2599 2667 2746 2799 2834 2870 2967 3008
7 40 105 140 176 237 298 360 422 447 520 559 605 660 719 759 862 914 926 1010 1069 1105 1158 1194 1256 1331 1355 1428 1507 1522 1585 1663 1678 1773 1810 1867 1910 1997 2045 2053 2137 2192 2231 2291 2371 2422 2436 2527 2549 2626 2655 2739 2782 2809 2902 2916 2995
7 41 54 130 208 230 312 372 408 440 492 564 633 686 721 809 823 909 926 1021 1077 1084 1136 1192 1282 1340 1377 1440 1482 1522 1569 1652 1709 1739 1820 1872 1896 1963 2010 2052 2139 2189 2235 2299 2349 2397 2446 2498 2588 2607 2681 2752 2780 2833 2910 2960 2987
4 41 54 150 209 254 291 369 408 468 495 574 630 662 729 785 860 912 950 976 1043 1081 1155 1237 1253 1319 1373 1443 1486 1518 1569 1628 1700 1768 1820 1845 1910 1978 2012 2056 2124 2213 2221 2299 2341 2378 2481 2496 2551 2644 2673 2716 2788 2854 2909 2960 2987
4 41 55 110 190 262 320 367 400 459 530 576 642 655 718 760 822 903 935 993 1045 1105 1172 1201 1257 1347 1383 1435 1511 1527 1567 1673 1707 1770 1792 1867 1914 1990 2031 2088 2131 2171 2222 2303 2327 2414 2435 2493 2585 2641 2688 2720 2768 2808 2891 2935 2993
4 41 57 109 167 266 305 358 407 485 506 588 619 661 736 756 842 894 941 983 1044 1103 1161 1213 1272 1348 1358 1423 1508 1532 1614 1659 1718 1756 1797 1846 1902 1990 2003 2098 2143 2204 2231 2301 2334 2398 2473 2491 2541 2643 2662 2741 2763 2810 2900 2956 2989
4 41 57 150 179 228 319 369 418 448 505 588 626 663 726 808 844 898 950 972 1061 1102 1145 1210 1264 1322 1351 1443 1464 1539 1586 1667 1718 1758 1833 1845 1899 1981 2005 2063 2137 2186 2228 2287 2325 2378 2468 2489 2577 2621 2699 2715 2804 2854 2870 2942 3018
7 41 57 157 169 231 312 358 418 440 513 583 633 660 705 782 849 909 964 994 1063 1091 1136 1188 1272 1340 1356 1436 1459 1532 1586 1652 1722 1749 1833 1853 1903 1976 2003 2075 2143 2212 2224 2287 2346 2387 2466 2491 2572 2606 2696 2729 2807 2836 2879 2942 3018
7 41 59 116 168 256 277 372 424 441 506 583 639 665 753 794 829 888 934 992 1059 1118 1157 1241 1286 1319 1385 1423 1460 1543 1578 1643 1711 1733 1799 1839 1917 1978 2027 2052 2141 2207 2263 2299 2352 2428 2433 2528 2564 2605 2659 2700 2783 2823 2913 2956 2980
7 41 61 161 168 245 275 367 401 448 513 588 624 685 716 773 857 903 968 992 1029 1111 1180 1197 1294 1307 1392 1436 1485 1550 1591 1631 1711 1733 1792 1870 1892 1963 2020 2101 2141 2180 2215 2313 2352 2420 2433 2521 2538 2604 2660 2726 2795 2859 2877 2942 2992
7 41 62 117 196 254 297 356 407 468 528 583 612 665 729 786 861 903 932 998 1046 1090 1142 1234 1243 1300 1356 1452 1481 1535 1582 1642 1700 1772 1802 1836 1906 1990 2031 2076 2143 2213 2227 2299 2360 2388 2480 2486 2545 2644 2650 2703 2802 2850 2912 2951 2984
7 41 63 157 188 235 290 341 378 436 494 583 624 698 716 801 826 909 945 1010 1057 1132 1141 1204 1244 1323 1385 1440 1479 1513 1607 1625 1714 1752 1794 1889 1893 1970 2021 2082 2141 2189 2232 2301 2356 2415 2442 2508 2581 2639 2652 2751 2765 2856 2871 2965 2983
7 41 64 122 215 237 289 348 391 437 535 570 630 692 710 790 862 898 927 1023 1052 1102 1138 1210 1255 1325 1351 1447 1478 1540 1572 1627 1714 1755 1782 1869 1899 1978 2044 2099 2154 2196 2254 2287 2372 2378 2469 2501 2576 2620 2664 2743 2757 2824 2886 2962 2981
7 41 64 133 200 256 271 372 406 441 535 579 612 651 749 771 860 898 956 1008 1041 1086 1156 1192 1271 1298 1371 1449 1483 1524 1578 1644 1705 1755 1825 1854 1895 1978 2044 2059 2131 2211 2236 2305 2374 2406 2483 2501 2547 2605 2679 2700 2799 2843 2881 2960 2975
4 41 66 137 178 269 312 358 400 482 492 572 624 667 740 770 859 881 925 985 1042 1100 1167 1223 1245 1327 1377 1440 1496 1529 1607 1665 1722 1739 1806 1840 1897 1990 2010 2078 2131 2187 2239 2308 2351 2381 2476 2484 2547 2643 2648 2748 2755 2829 2914 2960 2979
7 41 66 150 214 235 299 341 400 436 502 588 630 701 731 783 819 898 962 1008 1072 1105 1139 1201 1253 1316 1387 1435 1486 1518 1607 1627 1707 1731 1806 1886 1914 1970 1998 2073 2151 2175 2222 2308 2361 2410 2445 2496 2587 2639 2647 2751 2756 2841 2878 2960 2979
4 41 72 133 164 244 322 369 418 453 500 579 637 668 708 806 854 898 956 995 1072 1080 1142 1200 1259 1334 1353 1452 1483 1524 1570 1656 1707 1737 1833 1867 1903 1976 2013 2074 2143 2202 2224 2294 2323 2393 2462 2514 2565 2597 2699 2707 2804 2843 2873 2935 3018
4 41 73 130 215 219 280 354 382 432 532 564 612 681 717 801 846 909 942 1023 1057 1108 1148 1203 1244 1301 1367 1436 1468 1535 1596 1632 1714 1755 1787 1863 1909 1988 2047 2092 2154 2212 2261 2305 2372 2389 2469 2485 2581 2609 2675 2738 2775 2816 2871 2951 2976
7 41 75 108 194 245 319 367 399 448 487 564 626 681 721 807 825 898 935 1015 1077 1086 1145 1192 1282 1322 1371 1435 1470 1525 1591 1667 1720 1730 1818 1874 1895 1963 2022 2057 2145 2175 2243 2305 2366 2406 2438 2494 2591 2604 2686 2726 2806 2811 2910 2965 2977
7 41 75 157 209 249 270 358 399 470 499 585 624 676 746 770 863 907 964 976 1035 1085 1163 1230 1244 1299 1362 1436 1479 1513 1591 1638 1700 1768 1818 1853 1918 1984 2008 2058 2124 2210 2219 2305 2341 2387 2481 2508 2554 2618 2698 2713 2793 2836 2894 2965 2977
4 41 76 129 213 230 270 348 427 447 499 558 630 692 731 790 814 903 946 1025 1052 1090 1186 1205 1266 1313 1362 1436 1494 1520 1568 1623 1709 1768 1803 1878 1936 1988 2008 2090 2151 2180 2242 2299 2372 2382 2477 2507 2576 2600 2677 2732 2761 2813 2875 2965 2971
7 41 76 143 173 246 317 348 410 439 526 574 642 694 739 772 813 907 957 978 1039 1130 1139 1221 1266 1315 1401 1435 1480 1520 1567 1624 1693 1742 1791 1864 1934 1984 2008 2080 2151 2178 2256 2301 2333 2429 2430 2507 2567 2612 2661 2749 2770 2860 2888 2953 2972
7 41 77 152 181 268 316 358 387 471 501 570 630 653 705 763 819 881 960 1019 1055 1091 1187 1188 1279 1345 1361 1452 1509 1545 1574 1648 1707 1757 1806 1865 1903 1988 2011 2103 2145 2176 2254 2313 2326 2382 2444 2511 2558 2628 2647 2721 2756 2841 2879 2942 2992
4 41 77 158 172 217 283 358 399 434 514 572 619 661 722 756 837 907 969 978 1044 1083 1165 1195 1279 1311 1370 1449 1503 1545 1589 1629 1705 1745 1818 1876 1895 1963 2011 2094 2145 2209 2243 2316 2334 2423 2476 2511 2541 2615 2698 2710 2793 2861 2892 2953 2977
4 41 79 122 171 236 290 341 428 439 494 574 639 648 751 768 812 894 934 1013 1037 1118 1138 1214 1259 1323 1385 1452 1478 1540 1604 1625 1714 1750 1826 1839 1943 1978 2023 2099 2149 2161 2265 2294 2336 2428 2453 2497 2544 2622 2690 2718 2786 2817 2909 2953 3004
7 41 79 154 183 219 279 367 422 432 507 574 642 655 717 760 849 896 967 1000 1045 1082 1146 1197 1271 1336 1373 1449 1469 1528 1604 1634 1714 1736 1832 1857 1922 1976 2023 2057 2124 2212 2256 2305 2327 2377 2466 2497 2585 2609 2697 2730 2807 2836 2876 2942 3004
7 41 80 141 183 239 284 372 388 434 538 576 637 655 712 760 834 888 956 1000 1073 1080 1165 1202 1293 1310 1353 1449 1503 1562 1616 1629 1693 1763 1799 1867 1901 1976 2037 2094 2145 2183 2220 2303 2327 2393 2437 2537 2557 2593 2676 2720 2767 2835 2903 2949 3017
7 41 80 148 177 246 290 363 394 439 521 576 639 650 739 788 810 894 928 987 1070 1103 1138 1213 1292 1323 1358 1447 1506 1563 1616 1625 1693 1780 1793 1860 1902 1970 2037 2071 2154 2178 2244 2301 2331 2398 2432 2537 2581 2612 2652 2701 2766 2822 2896 2951 3017
7 41 80 155 169 221 273 363 379 443 538 558 628 660 744 782 815 888 937 994 1059 1088 1148 1219 1292 1313 1366 1436 1499 1563 1613 1620 1711 1763 1803 1866 1892 1976 2037 2061 2154 2188 2238 2311 2346 2391 2451 2537 2576 2602 2677 2717 2761 2812 2907 2962 3020
7 41 83 123 212 244 293 354 427 453 511 558 630 695 708 797 842 912 933 1025 1040 1096 1169 1199 1242 1318 1363 1438 1511 1515 1573 1628 1707 1761 1783 1856 1936 1990 2036 2090 2149 2202 2242 2294 2373 2405 2474 2502 2548 2597 2670 2704 2756 2817 2874 2956 2990
7 41 83 152 175 262 322 369 382 459 489 558 619 671 718 778 816 894 950 1013 1050 1094 1187 1216 1268 1331 1366 1443 1509 1545 1587 1659 1707 1728 1787 1838 1909 1988 2016 2103 2154 2171 2261 2303 2332 2385 2441 2523 2546 2641 2668 2701 2782 2852 2875 2953 2976
7 41 85 130 181 226 273 360 428 443 500 585 628 653 748 763 823 888 926 1019 1046 1118 1148 1214 1243 1313 1402 1452 1468 1535 1609 1620 1714 1743 1816 1858 1943 1988 2007 2092 2139 2177 2265 2299 2326 2412 2459 2486 2568 2598 2685 2728 2780 2833 2912 2935 3015
7 41 85 136 182 269 279 367 406 483 508 585 624 685 740 773 856 900 931 979 1029 1087 1181 1223 1258 1309 1372 1423 1478 1526 1611 1661 1714 1729 1788 1863 1911 1978 2000 2055 2131 2187 2219 2316 2352 2400 2479 2493 2538 2642 2658 2734 2765 2825 2914 2951 3013
4 41 87 148 190 232 278 367 408 461 517 576 628 656 748 792 822 894 928 977 1064 1081 1154 1237 1295 1311 1352 1443 1506 1563 1593 1635 1700 1770 1800 1859 1910 1963 2042 2055 2139 2171 2221 2316 2343 2399 2435 2534 2590 2604 2649 2724 2754 2822 2889 2962 3008
7 41 89 150 171 265 281 341 381 478 509 574 619 699 722 804 812 912 962 986 1030 1117 1145 1217 1247 1324 1375 1435 1464 1539 1605 1637 1718 1750 1798 1886 1907 1981 2006 2063 2145 2161 2214 2313 2363 2410 2453 2506 2557 2619 2661 2753 2763 2841 2869 2949 3023
4 41 91 119 165 223 271 354 428 454 505 585 628 676 738 770 838 881 929 1019 1042 1106 1144 1226 1245 1298 1399 1443 1472 1512 1593 1644 1722 1735 1826 1853 1943 1978 2029 2092 2149 2182 2265 2305 2341 2422 2434 2502 2547 2616 2679 2713 2797 2814 2914 2942 3004
7 41 91 160 163 232 274 367 422 461 493 585 633 670 713 766 837 896 954 974 1040 1107 1149 1194 1242 1343 1355 1438 1474 1515 1593 1640 1722 1748 1832 1844 1932 1963 2029 2060 2137 2206 2247 2294 2345 2397 2479 2502 2579 2604 2697 2724 2807 2848 2874 2953 3004
7 41 92 109 196 244 317 341 381 437 537 570 637 672 708 769 842 912 941 1010 1043 1093 1141 1200 1288 1315 1390 1438 1479 1561 1602 1624 1700 1778 1798 1859 1890 1984 2051 2082 2143 2202 2232 2301 2348 2386 2474 2512 2567 2613 2661 2708 2763 2810 2873 2962 3023
4 41 92 124 206 233 310 360 399 432 537 564 626 657 732 758 836 912 947 1015 1027 1083 1146 1195 1291 1305 1397 1449 1469 1558 1618 1634 1705 1778 1790 1851 1895 1984 2051 2057 2124 2198 2243 2311 2354 2395 2464 2512 2561 2595 2669 2716 2778 2821 2882 2951 3006
7 41 92 141 163 220 280 363 393 460 532 564 637 670 706 766 840 900 944 974 1066 1108 1176 1208 1293 1307 1367 1438 1503 1562 1602 1626 1705 1777 1785 1861 1904 1963 2026 2084 2154 2167 2223 2313 2345 2389 2450 2537 2552 2613 2646 2708 2772 2847 2910 2949 3023
7 41 92 152 178 216 289 363 385 449 535 570 626 662 715 775 816 881 950 985 1073 1102 1171 1198 1293 1302 1351 1449 1492 1562 1618 1650 1700 1774 1804 1845 1912 1981 2026 2078 2154 2172 2239 2303 2351 2378 2440 2537 2542 2595 2651 2716 2782 2852 2903 2960 3006
7 41 94 152 168 223 298 369 378 456 504 570 637 649 738 806 838 881 950 1002 1053 1095 1160 1240 1295 1312 1365 1443 1492 1562 1576 1633 1711 1732 1794 1838 1893 1970 2045 2089 2141 2182 2232 2316 2342 2385 2434 2535 2584 2614 2657 2723 2760 2852 2901 2949 2983
4 41 96 111 208 242 270 348 380 470 497 588 624 701 726 795 839 907 965 1021 1061 1089 1163 1210 1264 1299 1364 1423 1465 1517 1611 1638 1709 1739 1791 1887 1913 1981 2004 2072 2139 2173 2215 2308 2349 2417 2446 2513 2590 2626 2662 2750 2769 2828 2870 2962 3002
4 41 96 115 162 267 316 356 386 485 496 588 612 685 749 786 820 900 942 975 1033 1108 1172 1208 1247 1345 1367 1435 1494 1533 1611 1648 1709 1740 1784 1863 1904 1988 2004 2104 2131 2200 2230 2313 2339 2389 2443 2513 2558 2642 2647 2734 2777 2831 2866 2956 3002
7 41 96 143 178 217 282 356 412 455 497 574 633 662 722 775 837 907 970 985 1030 1097 1156 1217 1247 1336 1350 1449 1466 1533 1598 1630 1722 1739 1832 1852 1927 1981 2004 2076 2131 2209 2241 2299 2351 2379 2476 2513 2585 2594 2697 2709 2807 2848 2869 2935 3015
7 41 98 134 186 230 286 367 406 447 523 558 633 671 721 766 826 900 967 980 1066 1086 1186 1192 1293 1296 1379 1449 1497 1565 1598 1623 1705 1754 1788 1837 1895 1970 2033 2088 2139 2189 2236 2303 2344 2396 2442 2534 2552 2600 2658 2702 2765 2856 2910 2965 3013
4 41 98 155 179 217 293 356 384 455 511 558 639 663 751 808 817 888 937 972 1064 1096 1144 1234 1295 1303 1363 1443 1499 1563 1598 1643 1705 1765 1811 1851 1900 1981 2033 2065 2149 2181 2226 2316 2325 2405 2460 2534 2574 2594 2668 2709 2759 2812 2889 2951 3013
7 41 100 121 188 251 283 354 398 484 514 572 612 698 723 801 832 912 958 1010 1068 1083 1137 1193 1248 1304 1370 1440 1458 1523 1594 1636 1709 1741 1783 1887 1896 1970 2015 2069 2145 2168 2245 2311 2356 2423 2454 2495 2570 2631 2648 2753 2777 2818 2890 2962 3020
7 41 100 122 190 266 282 372 398 483 497 574 630 683 736 764 842 894 934 977 1050 1097 1181 1225 1255 1305 1350 1423 1478 1540 1594 1661 1707 1734 1783 1888 1920 1984 2009 2055 2131 2204 2221 2311 2343 2379 2473 2501 2560 2645 2670 2739 2756 2817 2888 2962 3020
4 41 100 127 162 239 312 372 416 434 492 572 639 677 724 794 851 903 922 975 1052 1100 1143 1196 1255 1340 1377 1447 1473 1540 1616 1652 1709 1740 1835 1843 1925 1976 2009 2067 2131 2170 2266 2287 2339 2381 2443 2501 2572 2593 2696 2720 2805 2857 2886 2953 2997
7 41 100 133 175 268 297 348 379 468 492 574 612 699 717 804 827 903 952 982 1045 1111 1142 1197 1271 1300 1392 1440 1483 1524 1594 1642 1707 1740 1803 1886 1892 1976 2009 2074 2154 2163 2238 2313 2363 2420 2430 2501 2542 2631 2653 2753 2784 2847 2876 2960 3020
4 41 101 134 162 244 291 369 392 453 495 558 642 677 744 794 821 900 967 975 1059 1082 1169 1219 1292 1319 1373 1447 1497 1565 1570 1628 1700 1742 1812 1857 1898 1976 2039 2104 2141 2166 2230 2301 2339 2377 2441 2535 2564 2597 2659 2707 2771 2856 2907 2956 2989
7 41 101 141 173 231 292 358 383 440 495 564 626 664 754 803 827 900 944 978 1053 1087 1165 1223 1295 1297 1372 1443 1503 1562 1586 1622 1693 1742 1789 1849 1911 1976 2039 2094 2151 2163 2243 2316 2333 2400 2430 2535 2587 2606 2667 2729 2784 2847 2901 2960 2974
7 41 101 152 184 236 270 358 407 462 499 558 637 669 751 792 812 894 960 996 1064 1090 1171 1234 1295 1299 1362 1452 1492 1562 1570 1638 1700 1738 1797 1865 1906 1981 2039 2078 2151 2161 2227 2308 2330 2382 2453 2535 2590 2599 2662 2705 2763 2841 2889 2949 2989
4 41 105 108 166 265 298 360 422 478 504 574 642 683 703 764 840 888 921 1000 1048 1088 1145 1190 1252 1308 1365 1443 1470 1525 1619 1637 1720 1732 1816 1888 1922 1963 2045 2057 2137 2181 2256 2311 2343 2392 2436 2526 2562 2619 2673 2739 2792 2826 2885 2949 3021
7 42 54 133 190 247 282 372 387 455 510 574 615 683 720 760 854 914 971 1016 1053 1127 1152 1189 1272 1316 1396 1437 1508 1564 1591 1659 1685 1734 1820 1866 1902 1946 2032 2059 2117 2192 2221 2273 2359 2398 2472 2501 2541 2607 2697 2741 2794 2855 2876 2925 2989
4 42 54 134 203 222 316 334 393 444 510 550 599 687 710 802 847 914 921 1004 1052 1118 1135 1206 1294 1318 1364 1413 1473 1541 1586 1668 1709 1734 1823 1887 1913 1946 2032 2070 2154 2203 2246 2290 2366 2396 2458 2501 2591 2601 2676 2738 2790 2812 2912 2950 2994
4 42 56 127 179 234 316 358 415 433 499 549 644 700 734 782 825 869 918 980 1071 1085 1147 1229 1281 1318 1374 1415 1468 1549 1594 1668 1686 1766 1818 1853 1918 1946 2019 2058 2140 2191 2257 2290 2371 2409 2453 2535 2591 2606 2676 2730 2795 2833 2907 2965 2974
4 42 56 131 207 244 279 326 408 475 523 549 615 676 708 778 842 898 934 998 1072 1080 1142 1220 1256 1308 1370 1452 1476 1550 1570 1627 1686 1767 1797 1876 1906 1979 2049 2101 2111 2201 2266 2279 2375 2400 2474 2505 2585 2629 2647 2736 2773 2840 2887 2967 2997
4 42 57 123 168 268 275 329 429 448 513 588 644 649 728 804 827 866 949 982 1048 1124 1134 1233 1271 1320 1391 1415 1483 1552 1594 1653 1696 1771 1803 1855 1929 1979 2035 2071 2141 2209 2252 2277 2335 2408 2437 2521 2584 2622 2660 2715 2793 2832 2915 2928 2973
7 42 57 132 203 229 277 329 392 471 529 561 605 687 748 802 843 897 937 1004 1079 1092 1157 1235 1271 1345 1357 1413 1474 1552 1569 1638 1722 1756 1813 1874 1891 1946 2035 2083 2141 2185 2233 2279 2366 2386 2435 2521 2564 2612 2698 2751 2771 2808 2884 2967 2997
7 42 60 111 188 216 292 332 425 456 502 561 596 687 735 801 840 912 921 1025 1067 1093 1174 1212 1270 1326 1388 1416 1494 1548 1576 1636 1709 1777 1783 1887 1936 1949 2006 2081 2156 2177 2237 2279 2367 2396 2482 2529 2570 2611 2665 2738 2769 2836 2868 2950 2982
4 42 60 133 165 240 275 329 379 432 513 574 596 699 717 776 839 914 963 999 1064 1111 1151 1218 1260 1320 1391 1416 1511 1561 1576 1653 1696 1764 1829 1875 1908 1953 2041 2082 2154 2200 2229 2302 2325 2420 2466 2492 2552 2611 2693 2738 2776 2861 2885 2927 2982
7 42 63 124 182 252 314 332 425 460 525 551 628 665 738 779 837 912 970 986 1042 1133 1140 1216 1266 1327 1395 1426 1491 1512 1573 1662 1676 1779 1783 1885 1912 1994 2036 2077 2111 2164 2260 2302 2361 2402 2432 2504 2569 2636 2665 2708 2769 2839 2903 2927 2982
7 42 63 128 178 244 310 374 379 469 509 542 628 697 743 782 835 869 957 1002 1071 1110 1138 1219 1281 1324 1366 1426 1461 1563 1573 1656 1686 1728 1829 1854 1908 1953 2018 2079 2154 2166 2229 2279 2374 2399 2463 2523 2591 2636 2669 2708 2801 2822 2907 2950 2982
7 42 67 128 188 222 270 333 410 441 501 542 603 670 745 785 827 869 932 1017 1061 1085 1171 1215 1246 1319 1382 1452 1510 1515 1567 1640 1709 1780 1814 1882 1931 1979 2029 2091 2156 2168 2258 2290 2375 2401 2479 2512 2579 2604 2662 2748 2777 2848 2899 2928 2988
4 42 68 117 215 229 274 344 410 452 521 542 603 697 727 808 857 875 925 1017 1043 1107 1185 1194 1242 1322 1386 1438 1496 1531 1590 1623 1722 1757 1801 1844 1931 1994 2039 2091 2140 2206 2258 2279 2348 2419 2452 2509 2568 2631 2661 2718 2755 2821 2895 2921 3001
7 42 68 144 199 217 285 334 416 446 486 542 599 692 749 802 817 897 946 1023 1079 1104 1161 1234 1271 1348 1382 1415 1462 1547 1597 1650 1722 1747 1800 1877 1903 1966 2023 2054 2156 2173 2235 2277 2362 2382 2439 2526 2564 2610 2695 2732 2762 2853 2884 2951 2993
4 42 69 123 190 261 316 358 405 485 510 588 615 656 741 763 842 866 941 1009 1036 1099 1162 1239 1262 1343 1364 1413 1499 1536 1618 1643 1686 1734 1797 1854 1893 1994 2032 2088 2116 2204 2218 2273 2365 2415 2472 2484 2551 2618 2647 2749 2773 2840 2900 2950 3000
7 42 69 154 199 223 284 326 405 449 509 551 603 693 745 801 823 898 940 1023 1067 1115 1172 1224 1248 1326 1390 1426 1472 1537 1618 1644 1722 1747 1797 1889 1894 1955 1998 2072 2156 2167 2217 2273 2362 2405 2439 2518 2570 2641 2665 2726 2755 2857 2890 2950 3000
4 42 71 132 207 219 297 333 425 436 527 561 596 700 722 806 848 897 918 1025 1044 1104 1169 1202 1265 1339 1356 1438 1499 1527 1581 1657 1686 1772 1795 1853 1936 1994 2031 2081 2111 2211 2237 2277 2348 2409 2470 2516 2546 2619 2653 2730 2764 2828 2901 2965 2971
7 42 71 146 190 232 315 329 390 484 530 561 628 652 702 792 835 914 938 1016 1066 1117 1183 1208 1258 1349 1389 1406 1476 1535 1581 1647 1686 1769 1829 1839 1899 1979 2031 2059 2116 2193 2221 2316 2359 2427 2435 2516 2567 2622 2669 2727 2801 2822 2886 2925 2971
4 42 73 117 197 221 299 357 401 465 512 542 642 670 743 809 853 875 931 1013 1071 1098 1134 1219 1281 1348 1365 1415 1478 1549 1580 1637 1679 1732 1800 1883 1921 1953 2001 2076 2141 2188 2230 2290 2351 2377 2467 2535 2564 2617 2695 2747 2762 2815 2907 2967 3009
7 42 77 126 198 267 323 372 411 472 514 561 599 655 722 764 837 875 919 1000 1044 1126 1178 1202 1265 1321 1372 1413 1490 1542 1586 1666 1708 1763 1799 1849 1915 1994 2039 2093 2108 2163 2220 2303 2365 2423 2433 2500 2587 2630 2698 2710 2784 2823 2901 2927 2970
4 42 77 146 215 228 306 326 394 439 521 561 603 687 703 801 856 914 938 998 1057 1106 1142 1203 1273 1323 1354 1409 1476 1535 1586 1664 1708 1757 1815 1887 1920 1956 2039 2101 2154 2207 2266 2279 2367 2379 2452 2500 2580 2601 2652 2738 2779 2822 2880 2951 2970
7 42 78 131 174 246 323 372 406 484 507 549 644 667 729 794 828 898 934 979 1077 1115 1183 1192 1263 1341 1378 1406 1476 1550 1599 1647 1708 1775 1824 1861 1926 1956 2044 2059 2116 2175 2257 2273 2332 2417 2431 2498 2578 2608 2692 2700 2786 2840 2865 2938 2975
4 42 80 120 188 254 302 326 414 445 501 550 603 687 725 801 818 897 928 1025 1057 1103 1180 1204 1261 1301 1350 1416 1506 1513 1569 1646 1724 1780 1819 1874 1930 1949 2029 2074 2141 2178 2244 2290 2367 2395 2479 2499 2580 2612 2675 2751 2798 2815 2893 2965 2974
7 42 80 133 174 229 300 329 415 471 503 590 603 685 727 775 832 898 963 979 1026 1121 1152 1194 1259 1311 1381 1416 1508 1564 1569 1644 1685 1729 1818 1875 1918 1946 2013 2059 2140 2206 2257 2316 2332 2420 2477 2515 2562 2612 2688 2751 2783 2861 2895 2938 2974
4 42 80 155 162 244 319 326 429 475 538 590 642 688 743 771 835 869 940 991 1056 1125 1141 1232 1261 1313 1375 1426 1471 1513 1570 1628 1685 1745 1803 1866 1929 1979 2029 2061 2141 2166 2252 2280 2346 2429 2463 2499 2561 2629 2686 2736 2768 2856 2894 2925 2973
7 42 81 153 175 228 270 358 382 441 518 551 603 665 703 779 832 869 944 992 1056 1109 1171 1203 1274 1319 1367 1454 1498 1556 1610 1640 1685 1753 1818 1885 1917 1966 2004 2103 2154 2207 2217 2302 2361 2428 2476 2527 2554 2599 2688 2708 2783 2861 2880 2918 3007
4 42 82 109 211 216 309 344 415 451 531 549 644 671 735 795 840 912 936 980 1040 1121 1144 1194 1288 1347 1394 1416 1471 1559 1607 1658 1685 1754 1786 1868 1918 1979 2051 2058 2108 2177 2257 2303 2339 2408 2482 2507 2558 2616 2649 2716 2781 2823 2887 2921 3006
7 42 82 121 214 259 314 326 402 460 531 550 628 674 709 770 827 912 938 989 1027 1117 1140 1198 1289 1327 1389 1409 1484 1558 1602 1662 1683 1754 1798 1839 1909 1979 2051 2085 2127 2168 2214 2318 2352 2427 2479 2507 2556 2629 2678 2704 2777 2848 2875 2928 3011
7 42 82 157 163 235 294 357 382 432 532 550 644 678 739 788 817 866 935 987 1070 1099 1151 1239 1287 1301 1364 1416 1511 1538 1607 1653 1683 1775 1819 1860 1893 1966 2021 2082 2154 2170 2242 2273 2340 2415 2442 2537 2580 2616 2675 2716 2798 2816 2902 2951 3006
7 42 83 138 213 241 306 326 404 438 490 545 605 667 748 766 849 874 934 1012 1039 1108 1175 1210 1243 1339 1385 1452 1490 1530 1583 1649 1708 1731 1831 1861 1943 1994 2026 2096 2141 2174 2259 2277 2360 2417 2450 2499 2545 2625 2654 2700 2772 2832 2910 2938 3023
7 42 83 139 197 223 289 326 378 449 489 573 615 701 709 778 838 914 962 1013 1073 1117 1157 1198 1243 1309 1401 1413 1489 1530 1618 1659 1679 1732 1815 1881 1909 1955 2026 2067 2141 2203 2239 2316 2351 2416 2467 2499 2584 2641 2672 2726 2760 2851 2875 2928 2986
7 42 84 120 167 251 315 334 416 461 530 550 642 648 706 772 853 897 928 997 1055 1131 1156 1191 1257 1321 1389 1406 1506 1513 1582 1673 1679 1769 1800 1856 1910 1994 2031 2098 2127 2197 2228 2303 2355 2414 2458 2503 2590 2633 2695 2724 2762 2815 2889 2925 2993
7 42 84 135 192 236 317 374 402 445 487 550 628 697 753 782 814 875 961 989 1071 1089 1159 1225 1286 1318 1363 1413 1464 1553 1590 1667 1679 1743 1823 1844 1909 1966 2017 2085 2140 2163 2214 2270 2374 2383 2457 2517 2591 2631 2676 2718 2790 2846 2902 2965 2985
7 42 85 132 189 242 317 329 406 485 487 573 596 699 751 776 826 884 937 976 1064 1086 1162 1196 1265 1342 1363 1413 1499 1527 1611 1643 1724 1743 1788 1874 1933 1956 2017 2088 2116 2212 2251 2303 2325 2386 2460 2516 2552 2638 2672 2740 2787 2808 2879 2965 3012
7 42 85 134 186 269 286 334 384 458 508 590 596 685 724 766 846 874 921 972 1039 1093 1186 1234 1243 1303 1388 1413 1488 1526 1611 1670 1708 1744 1811 1887 1915 1949 2030 2068 2127 2189 2248 2316 2341 2396 2471 2503 2545 2638 2691 2740 2791 2812 2910 2951 3012
7 42 85 146 192 252 281 333 423 475 487 590 628 680 738 756 813 884 932 1024 1050 1101 1142 1216 1258 1305 1397 1452 1476 1535 1608 1627 1708 1743 1822 1862 1943 1956 2017 2101 2111 2164 2241 2270 2338 2422 2457 2516 2557 2620 2685 2706 2805 2829 2903 2925 3015
7 42 86 123 188 259 296 333 424 469 515 542 615 692 709 796 827 912 949 1025 1063 1081 1169 1201 1262 1299 1365 1409 1499 1536 1572 1624 1724 1780 1796 1869 1937 1956 2015 2081 2141 2168 2237 2277 2367 2394 2479 2484 2589 2620 2667 2742 2793 2832 2872 2950 2995
7 42 89 115 213 262 283 326 402 479 512 545 603 693 727 801 849 912 967 1010 1067 1096 1147 1220 1270 1314 1379 1415 1465 1555 1595 1621 1709 1731 1798 1863 1890 1966 2002 2061 2140 2174 2234 2280 2362 2428 2450 2522 2570 2614 2678 2753 2777 2826 2868 2967 3011
4 42 89 149 182 235 299 357 400 432 512 574 605 671 712 773 850 912 950 986 1034 1081 1166 1201 1285 1348 1365 1454 1464 1539 1607 1637 1679 1731 1835 1868 1937 1966 2002 2077 2108 2198 2260 2277 2361 2394 2481 2522 2587 2616 2673 2716 2800 2854 2869 2927 2999
7 42 91 124 205 254 317 329 422 445 498 588 628 652 725 792 859 875 948 1000 1066 1098 1159 1218 1266 1318 1351 1437 1491 1512 1617 1667 1724 1735 1827 1864 1922 1946 2008 2057 2114 2178 2255 2290 2359 2391 2437 2504 2567 2612 2699 2703 2780 2860 2877 2927 3010
7 42 94 126 199 259 302 326 431 460 486 551 599 651 710 776 823 884 933 1012 1064 1132 1175 1237 1265 1320 1367 1438 1490 1542 1602 1626 1724 1747 1805 1864 1916 1979 2023 2096 2154 2167 2259 2277 2373 2406 2439 2500 2552 2629 2693 2704 2802 2809 2879 2927 2999
7 42 95 108 169 217 274 344 423 446 522 574 644 671 749 795 820 874 942 1021 1040 1108 1163 1210 1267 1299 1385 1437 1475 1544 1598 1648 1722 1771 1822 1852 1943 1956 2027 2104 2111 2173 2241 2277 2339 2417 2436 2490 2558 2610 2697 2731 2792 2828 2909 2918 3015
7 42 95 154 165 231 277 329 417 455 529 574 627 662 726 786 839 875 965 975 1043 1089 1172 1208 1275 1345 1357 1454 1472 1537 1598 1638 1722 1764 1827 1837 1927 1955 2027 2072 2127 2200 2265 2270 2349 2389 2466 2490 2590 2623 2673 2719 2807 2831 2862 2925 3015
4 42 97 133 181 219 271 372 384 459 498 590 596 688 722 771 850 898 971 972 1049 1126 1163 1202 1260 1314 1397 1437 1511 1561 1603 1635 1683 1738 1824 1866 1915 1966 2005 2068 2111 2211 2248 2280 2346 2398 2468 2492 2569 2596 2679 2736 2799 2855 2901 2927 2998
7 42 98 130 181 259 273 334 409 469 537 542 642 680 710 772 823 884 964 996 1078 1118 1169 1206 1268 1322 1371 1438 1487 1565 1608 1624 1683 1765 1801 1862 1913 1955 2038 2092 2111 2167 2230 2318 2322 2390 2439 2530 2568 2620 2661 2706 2755 2857 2912 2950 3002
4 42 98 136 182 230 279 334 384 433 523 549 627 671 732 773 814 874 958 986 1075 1080 1181 1205 1268 1302 1370 1454 1481 1565 1598 1633 1676 1779 1811 1852 1923 1966 2038 2098 2111 2187 2240 2303 2361 2400 2432 2530 2546 2610 2691 2731 2791 2845 2914 2965 3012
7 42 98 160 171 231 289 329 406 455 537 549 644 649 742 804 810 884 948 979 1048 1083 1152 1223 1295 1309 1353 1437 1508 1538 1598 1659 1676 1765 1788 1851 1926 1955 2038 2059 2117 2184 2257 2316 2335 2403 2449 2530 2584 2623 2672 2719 2787 2825 2891 2951 3012
7 42 99 128 180 256 297 333 430 468 527 545 627 695 726 769 833 866 932 987 1036 1112 1138 1188 1279 1339 1356 1452 1461 1563 1619 1657 1686 1759 1831 1882 1906 1953 2042 2079 2127 2176 2245 2318 2323 2401 2461 2525 2545 2621 2654 2722 2772 2848 2881 2951 2996
7 42 101 137 199 256 313 332 391 468 493 545 596 693 717 801 810 897 970 1023 1057 1097 1138 1211 1261 1323 1358 1426 1485 1526 1589 1657 1724 1738 1808 1863 1928 1955 2011 2054 2154 2184 2235 2280 2362 2425 2449 2485 2580 2621 2652 2753 2787 2825 2893 2951 3017
4 42 101 138 205 242 307 372 403 477 495 545 615 683 754 760 827 874 934 1000 1053 1080 1178 1205 1257 1347 1370 1406 1490 1530 1589 1660 1724 1735 1796 1876 1923 1979 2011 2093 2114 2209 2220 2303 2359 2400 2437 2485 2541 2645 2667 2729 2793 2832 2892 2928 3017
7 42 101 139 181 236 277 372 407 471 493 590 605 680 705 772 850 897 959 996 1055 1116 1157 1192 1257 1345 1393 1438 1489 1530 1613 1638 1679 1738 1835 1842 1925 1955 2011 2067 2114 2211 2254 2270 2322 2404 2468 2485 2590 2605 2673 2725 2800 2854 2889 2938 2992
7 42 103 108 206 236 291 344 421 445 539 550 605 678 705 774 848 898 942 1014 1041 1115 1159 1192 1272 1343 1378 1437 1491 1528 1584 1667 1676 1773 1789 1852 1926 1994 2025 2057 2114 2211 2243 2273 2354 2417 2470 2536 2539 2631 2659 2723 2764 2828 2889 2965 2977
7 42 103 122 201 244 298 332 416 469 539 542 599 658 708 775 842 898 919 1023 1026 1126 1138 1212 1259 1336 1372 1452 1485 1541 1574 1656 1685 1773 1806 1849 1903 1994 2025 2054 2127 2201 2235 2280 2360 2423 2474 2536 2562 2636 2662 2707 2785 2827 2895 2950 2987
7 42 105 144 185 242 316 334 397 485 499 573 615 679 754 774 818 866 946 988 1041 1112 1162 1205 1269 1343 1374 1415 1494 1516 1606 1643 1709 1766 1792 1877 1890 1949 2019 2092 2114 2209 2239 2318 2353 2382 2447 2487 2539 2638 2659 2745 2761 2853 2892 2965 3008
7 42 106 130 185 219 313 374 378 436 494 561 627 666 753 788 824 866 965 988 1070 1089 1169 1225 1287 1323 1357 1409 1487 1565 1596 1657 1683 1746 1815 1837 1909 1955 2047 2092 2141 2181 2239 2280 2353 2389 2469 2511 2580 2619 2652 2715 2779 2856 2902 2965 2986
7 42 106 152 200 240 276 358 405 451 494 549 605 673 742 803 841 866 959 992 1048 1116 1171 1223 1295 1308 1393 1452 1498 1557 1583 1630 1696 1746 1797 1842 1894 1955 2047 2103 2156 2176 2217 2302 2336 2404 2453 2511 2585 2592 2647 2733 2773 2841 2891 2921 3000
7 42 107 121 198 246 293 344 422 448 526 588 628 656 716 763 813 874 957 1000 1039 1110 1166 1207 1289 1315 1366 1454 1484 1558 1593 1620 1708 1763 1822 1854 1922 1953 2028 2057 2108 2187 2255 2273 2365 2399 2433 2507 2548 2644 2685 2749 2805 2829 2863 2928 3016
4 42 107 132 163 223 282 333 422 449 532 573 644 677 745 783 820 884 918 990 1030 1085 1157 1215 1277 1316 1374 1438 1474 1552 1593 1659 1722 1775 1822 1853 1931 1946 2021 2083 2114 2167 2247 2273 2337 2409 2442 2514 2541 2641 2697 2752 2792 2828 2899 2928 3016
7 42 107 144 175 232 271 332 417 462 533 573 628 665 702 779 816 866 961 992 1042 1089 1161 1208 1282 1314 1363 1454 1462 1547 1593 1635 1722 1774 1826 1844 1927 1966 2021 2054 2116 2193 2265 2280 2361 2383 2455 2514 2569 2644 2679 2749 2796 2837 2886 2921 3016
7 43 54 121 186 218 271 332 413 464 523 546 598 664 730 785 843 880 937 998 1038 1086 1156 1230 1253 1341 1355 1417 1498 1552 1581 1641 1684 1758 1834 1883 1897 1986 2030 2075 2142 2194 2236 2317 2340 2424 2474 2487 2565 2617 2693 2716 2805 2861 2899 2967 3009
7 43 55 114 213 255 293 359 392 455 530 589 644 693 742 783 829 880 923 1024 1038 1110 1155 1191 1278 1314 1379 1410 1466 1554 1598 1647 1684 1760 1798 1837 1890 1957 2033 2087 2110 2174 2253 2309 2368 2414 2483 2513 2567 2614 2663 2720 2802 2858 2873 2925 2995
7 43 55 161 173 216 277 335 398 471 528 589 635 664 733 774 851 899 937 999 1050 1084 1186 1225 1286 1317 1357 1413 1510 1544 1592 1655 1684 1764 1805 1883 1891 1948 2027 2098 2123 2163 2259 2274 2351 2424 2440 2519 2564 2606 2670 2716 2794 2822 2892 2967 3002
7 43 56 109 177 244 304 365 391 474 524 549 606 676 736 774 842 873 963 1019 1050 1131 1141 1220 1272 1317 1402 1453 1463 1549 1577 1628 1710 1743 1822 1864 1943 1950 1998 2100 2123 2162 2234 2272 2338 2422 2455 2516 2564 2629 2670 2712 2776 2829 2907 2967 3011
7 43 58 132 208 252 301 374 397 460 505 575 643 682 713 795 839 873 944 1023 1026 1119 1167 1228 1273 1320 1372 1422 1503 1541 1573 1622 1680 1773 1829 1858 1903 1953 1999 2085 2118 2172 2267 2309 2374 2399 2457 2523 2553 2635 2662 2708 2771 2827 2865 2920 3019
7 43 58 154 186 244 273 332 425 469 516 546 643 669 704 779 843 876 970 990 1048 1094 1146 1212 1263 1336 1350 1422 1485 1557 1573 1631 1710 1758 1802 1871 1905 1994 2036 2081 2115 2194 2231 2272 2348 2415 2474 2485 2578 2635 2660 2708 2807 2859 2894 2958 3019
7 43 60 119 185 246 308 374 397 463 520 557 600 668 746 788 828 873 945 1012 1028 1131 1137 1220 1270 1310 1402 1439 1469 1548 1571 1620 1723 1749 1829 1881 1943 1957 2006 2092 2114 2184 2228 2272 2344 2422 2456 2528 2563 2630 2662 2701 2771 2838 2896 2958 3019
7 43 60 141 200 261 292 332 425 452 506 557 629 678 729 759 861 876 962 987 1037 1098 1165 1216 1278 1335 1375 1410 1460 1539 1571 1643 1723 1762 1802 1867 1906 1954 2006 2077 2156 2206 2230 2309 2322 2400 2482 2528 2579 2593 2660 2738 2807 2842 2874 2920 3019
7 43 61 141 163 216 317 374 401 446 534 552 629 694 705 783 840 880 951 992 1038 1093 1159 1228 1278 1312 1370 1445 1460 1539 1601 1636 1684 1733 1809 1887 1929 1993 2005 2084 2114 2191 2237 2274 2367 2429 2468 2528 2567 2631 2665 2752 2778 2854 2873 2920 2991
4 43 64 141 178 239 315 365 378 454 512 552 598 667 723 805 834 880 951 988 1033 1132 1165 1222 1284 1297 1396 1454 1460 1539 1607 1641 1723 1757 1814 1889 1928 1954 2010 2077 2112 2186 2229 2277 2369 2427 2448 2522 2543 2632 2685 2714 2784 2854 2870 2952 2973
4 43 65 114 162 240 309 365 424 458 526 557 603 663 746 781 848 913 966 1011 1028 1133 1155 1220 1270 1318 1364 1408 1466 1554 1595 1644 1684 1731 1827 1883 1941 1957 2009 2087 2112 2190 2266 2304 2337 2395 2461 2522 2570 2610 2667 2717 2755 2813 2896 2967 2997
4 43 65 121 169 217 272 373 396 452 513 557 644 700 739 795 858 870 971 993 1026 1124 1156 1217 1245 1320 1383 1439 1498 1552 1594 1652 1684 1770 1799 1887 1914 1986 2035 2075 2118 2165 2241 2277 2357 2409 2436 2495 2553 2638 2662 2747 2802 2828 2893 2920 2999
4 43 66 128 162 260 306 365 425 466 496 557 629 700 726 791 848 868 963 987 1047 1108 1136 1207 1265 1338 1362 1453 1490 1534 1619 1649 1680 1731 1830 1882 1906 1994 2039 2077 2115 2190 2230 2277 2361 2403 2461 2525 2546 2625 2653 2751 2759 2809 2888 2929 2989
7 43 67 126 190 267 289 340 381 478 517 552 643 656 755 763 854 905 944 1009 1074 1119 1161 1202 1289 1297 1372 1454 1487 1528 1605 1666 1678 1730 1814 1858 1930 1953 2024 2063 2142 2193 2225 2278 2364 2399 2464 2500 2543 2644 2685 2735 2784 2833 2881 2922 2970
7 43 67 128 181 223 287 365 381 453 501 544 644 699 744 789 815 880 963 986 1059 1091 1157 1224 1244 1319 1378 1453 1481 1543 1605 1647 1687 1775 1814 1882 1900 1980 2014 2091 2114 2167 2254 2278 2375 2403 2478 2510 2583 2627 2677 2752 2792 2809 2890 2922 2970
4 43 67 135 180 262 288 332 409 483 533 544 643 669 747 779 822 899 960 996 1048 1084 1166 1189 1274 1309 1398 1454 1492 1514 1605 1673 1687 1745 1785 1844 1927 1962 2014 2096 2147 2187 2245 2274 2348 2383 2459 2510 2578 2644 2688 2735 2765 2846 2882 2926 2970
7 43 68 135 214 242 300 365 397 456 486 575 643 674 725 802 818 868 955 1023 1046 1120 1178 1227 1274 1333 1353 1410 1492 1514 1583 1650 1692 1766 1830 1848 1903 1957 2013 2085 2114 2182 2267 2318 2368 2387 2465 2510 2539 2610 2651 2729 2761 2852 2884 2926 3018
4 43 73 121 190 246 283 335 405 463 510 557 604 655 726 764 843 870 937 1009 1047 1096 1137 1207 1265 1334 1366 1413 1499 1551 1567 1620 1678 1730 1828 1884 1919 1994 2031 2062 2142 2204 2226 2317 2364 2423 2464 2507 2573 2630 2698 2705 2805 2861 2888 2958 3016
7 43 74 124 182 244 310 374 430 469 525 546 606 653 736 794 835 913 965 1017 1055 1133 1146 1220 1266 1299 1364 1414 1487 1530 1574 1631 1678 1750 1821 1884 1941 1953 2022 2079 2123 2162 2260 2304 2323 2395 2462 2511 2569 2635 2646 2707 2769 2824 2907 2958 3005
4 43 74 137 194 262 282 340 420 483 525 544 629 662 729 771 811 913 949 974 1043 1090 1166 1200 1261 1315 1390 1445 1503 1536 1601 1673 1680 1750 1789 1836 1926 1953 2022 2086 2156 2205 2243 2281 2347 2379 2450 2511 2585 2644 2694 2739 2759 2847 2891 2926 2977
7 43 75 145 190 269 284 340 399 451 510 552 604 659 753 768 854 914 949 1015 1053 1118 1182 1240 1287 1312 1365 1445 1463 1513 1606 1668 1710 1730 1809 1839 1924 1950 2031 2058 2110 2193 2222 2317 2359 2376 2464 2505 2567 2605 2665 2741 2778 2839 2909 2925 2993
4 43 75 154 177 219 297 328 404 442 488 552 635 667 733 805 849 870 969 989 1031 1124 1146 1217 1243 1338 1383 1414 1485 1557 1606 1657 1710 1753 1804 1889 1914 1994 2031 2081 2123 2160 2233 2277 2369 2409 2444 2505 2545 2633 2654 2714 2789 2860 2900 2966 2993
7 43 76 124 204 217 322 340 418 477 520 589 606 650 739 790 858 870 934 1009 1070 1080 1161 1218 1266 1347 1388 1439 1487 1530 1589 1667 1683 1736 1796 1862 1893 1948 2020 2063 2156 2165 2225 2278 2350 2391 2436 2511 2571 2612 2699 2732 2774 2857 2892 2958 3010
7 43 76 136 200 269 276 340 410 451 494 549 635 651 735 787 856 868 930 987 1055 1107 1181 1221 1266 1300 1392 1414 1475 1530 1606 1669 1723 1762 1803 1847 1892 1950 2020 2067 2156 2211 2240 2304 2322 2413 2482 2511 2576 2605 2647 2741 2800 2836 2907 2929 2992
4 43 77 112 164 227 321 328 401 459 518 575 606 663 713 770 852 870 966 1004 1026 1093 1179 1228 1273 1348 1403 1445 1459 1549 1585 1667 1684 1761 1804 1883 1929 1953 2042 2072 2155 2197 2237 2286 2347 2395 2458 2515 2577 2621 2682 2717 2762 2815 2865 2967 2996
7 43 78 126 214 258 273 359 398 469 486 581 643 680 709 809 831 876 942 1018 1045 1117 1146 1193 1289 1336 1380 1414 1487 1528 1568 1631 1683 1766 1805 1880 1891 1948 2013 2079 2123 2168 2259 2318 2373 2406 2465 2500 2552 2620 2687 2734 2777 2835 2911 2922 3002
4 43 78 136 193 255 304 359 412 455 524 549 600 649 715 761 821 868 945 1002 1074 1131 1160 1241 1289 1303 1402 1454 1477 1528 1598 1642 1716 1728 1811 1881 1923 1957 2013 2076 2123 2200 2258 2278 2360 2422 2432 2500 2545 2614 2690 2720 2791 2820 2881 2966 2972
7 43 78 138 191 239 288 335 406 472 533 581 600 693 723 803 834 880 956 984 1078 1086 1174 1196 1280 1349 1398 1454 1461 1512 1598 1634 1683 1745 1816 1837 1932 1980 2014 2062 2110 2186 2251 2317 2349 2381 2448 2499 2589 2614 2680 2720 2799 2839 2897 2926 2972
4 43 78 142 181 217 298 328 412 477 501 581 644 687 739 797 817 899 939 1025 1029 1103 1180 1217 1242 1307 1369 1410 1511 1550 1598 1648 1683 1775 1811 1860 1934 1962 2014 2103 2118 2165 2248 2278 2336 2402 2478 2499 2549 2612 2684 2722 2797 2816 2893 2966 2972
7 43 80 139 215 240 304 365 388 458 538 590 598 695 732 805 844 870 943 986 1031 1080 1157 1218 1243 1303 1388 1413 1481 1532 1595 1642 1710 1779 1819 1852 1893 1957 2044 2091 2155 2204 2254 2278 2341 2391 2463 2530 2545 2610 2690 2717 2782 2810 2900 2934 2981
7 43 81 161 176 245 289 340 385 459 517 575 635 651 720 787 857 913 932 1011 1055 1102 1180 1213 1286 1297 1372 1410 1510 1544 1603 1666 1678 1753 1789 1876 1911 1954 2000 2104 2118 2177 2250 2277 2322 2416 2445 2519 2576 2603 2651 2711 2803 2828 2886 2967 3013
7 43 82 137 181 258 294 365 424 460 500 544 604 688 710 796 815 913 949 1025 1049 1118 1167 1222 1268 1327 1365 1422 1503 1536 1578 1622 1683 1775 1827 1839 1942 1950 2015 2085 2118 2167 2265 2318 2336 2376 2478 2503 2560 2629 2667 2711 2755 2847 2883 2952 2997
7 43 82 152 176 236 318 365 388 433 533 549 629 700 724 791 812 870 951 972 1047 1093 1171 1227 1268 1302 1370 1454 1488 1536 1594 1625 1678 1744 1819 1887 1930 1993 2015 2083 2118 2192 2217 2286 2361 2429 2455 2503 2546 2638 2690 2747 2782 2843 2885 2926 2981
7 43 83 124 213 256 297 359 379 442 519 589 635 686 741 791 829 870 934 1018 1047 1111 1146 1210 1268 1338 1352 1422 1487 1530 1597 1657 1678 1760 1787 1851 1910 1953 2042 2079 2115 2174 2259 2318 2374 2401 2483 2509 2546 2595 2653 2700 2803 2857 2885 2929 3008
7 43 85 112 188 254 310 328 412 432 525 546 603 664 754 785 818 899 966 996 1053 1133 1164 1239 1287 1306 1364 1445 1496 1513 1592 1623 1724 1751 1811 1883 1923 1957 2021 2082 2123 2195 2258 2317 2340 2395 2451 2505 2550 2606 2684 2716 2797 2815 2909 2926 2972
7 43 86 147 189 253 308 373 406 463 538 581 600 666 707 772 830 873 941 984 1073 1087 1137 1195 1262 1310 1384 1413 1499 1525 1611 1620 1724 1774 1784 1863 1932 1948 2049 2062 2142 2161 2251 2281 2351 2397 2475 2537 2554 2622 2672 2724 2786 2831 2911 2934 3004
4 43 86 155 207 252 304 359 408 474 538 590 606 679 713 778 839 873 934 973 1065 1080 1141 1191 1256 1317 1388 1422 1507 1531 1600 1628 1716 1774 1807 1862 1921 1948 2049 2056 2155 2172 2252 2274 2342 2391 2457 2537 2561 2620 2673 2702 2773 2825 2903 2925 3015
7 43 87 114 184 262 283 328 402 484 510 557 644 661 729 797 811 913 966 995 1037 1096 1168 1216 1278 1296 1366 1445 1466 1554 1599 1659 1687 1759 1813 1856 1908 1954 2000 2073 2142 2205 2241 2274 2362 2423 2450 2513 2541 2643 2678 2753 2792 2813 2874 2925 3015
4 43 87 115 177 247 289 328 431 470 517 552 603 666 705 785 849 873 939 1019 1038 1119 1139 1228 1278 1341 1372 1410 1465 1554 1611 1621 1692 1753 1833 1863 1903 1993 2000 2100 2142 2160 2234 2309 2338 2399 2444 2513 2565 2622 2693 2724 2806 2844 2873 2967 3003
7 43 87 122 173 229 276 373 402 451 528 552 635 694 741 802 813 868 957 1001 1046 1100 1181 1211 1274 1300 1358 1454 1474 1537 1599 1669 1692 1764 1813 1888 1916 1980 2027 2068 2115 2200 2233 2274 2349 2411 2440 2486 2539 2645 2685 2751 2785 2808 2884 2925 3015
7 43 88 134 187 264 300 340 401 437 486 575 606 675 721 790 826 914 930 1004 1058 1120 1135 1202 1293 1325 1353 1414 1504 1558 1574 1658 1716 1743 1809 1873 1929 1993 2037 2072 2114 2207 2237 2272 2324 2387 2445 2536 2583 2599 2671 2743 2773 2838 2915 2922 2991
4 43 90 126 162 220 282 340 380 480 526 581 603 682 703 808 840 876 944 987 1072 1101 1181 1209 1269 1349 1389 1454 1475 1540 1609 1640 1680 1731 1816 1858 1922 1993 2009 2067 2115 2198 2240 2304 2361 2399 2461 2496 2589 2599 2680 2708 2799 2833 2908 2920 2998
4 43 92 153 188 256 312 332 393 442 494 589 600 677 715 801 832 905 919 990 1058 1128 1146 1208 1293 1323 1357 1414 1485 1558 1566 1657 1724 1749 1808 1874 1937 1980 2034 2081 2123 2199 2231 2272 2346 2381 2453 2536 2572 2595 2648 2731 2786 2829 2915 2929 2984
7 43 92 161 204 253 295 340 403 462 506 589 604 659 703 768 858 899 932 1000 1053 1101 1178 1209 1288 1314 1373 1410 1491 1563 1566 1645 1724 1736 1798 1876 1922 1986 2034 2086 2114 2165 2216 2281 2359 2416 2436 2536 2567 2623 2663 2703 2802 2828 2908 2920 2984
4 43 94 155 183 246 289 340 415 470 507 590 603 686 746 808 828 873 934 980 1077 1082 1139 1221 1295 1341 1381 1439 1507 1531 1569 1621 1678 1751 1794 1851 1918 1986 2038 2058 2112 2184 2256 2317 2357 2401 2456 2498 2584 2623 2674 2700 2783 2825 2895 2929 2980
4 43 96 160 209 256 307 335 380 435 491 549 635 676 741 774 863 880 964 988 1052 1099 1134 1210 1264 1325 1351 1410 1497 1546 1603 1651 1724 1776 1816 1864 1922 1993 2005 2066 2115 2174 2240 2272 2338 2421 2449 2492 2562 2602 2692 2712 2787 2859 2885 2952 2998
7 43 98 109 183 229 285 373 406 451 503 549 644 700 742 795 832 873 963 980 1026 1091 1182 1199 1273 1311 1378 1445 1463 1549 1599 1668 1680 1754 1784 1882 1926 1980 2023 2058 2110 2199 2256 2286 2357 2403 2453 2515 2553 2645 2672 2751 2786 2829 2865 2929 3004
4 43 99 126 215 218 308 374 383 457 538 581 598 687 730 797 854 876 944 991 1037 1087 1150 1230 1254 1296 1384 1422 1475 1540 1587 1635 1723 1779 1820 1860 1896 1950 2044 2099 2142 2194 2262 2278 2336 2397 2463 2512 2541 2624 2678 2722 2784 2833 2899 2925 2971
7 43 99 146 198 255 287 335 383 455 514 589 611 650 715 790 813 914 933 1015 1058 1127 1155 1208 1293 1319 1367 1408 1493 1564 1587 1647 1716 1740 1820 1862 1938 1980 2026 2059 2112 2200 2221 2278 2350 2392 2440 2531 2583 2614 2677 2732 2785 2808 2915 2925 2971
7 43 100 112 172 249 287 365 416 476 514 546 604 661 704 796 852 899 966 975 1048 1095 1163 1212 1263 1321 1367 1408 1496 1513 1617 1645 1687 1740 1817 1856 1904 1994 2026 2083 2155 2188 2214 2286 2363 2423 2467 2530 2561 2625 2668 2753 2762 2815 2894 2925 3023
7 43 100 130 198 216 285 373 411 446 514 552 611 656 733 763 851 899 941 1000 1031 1103 1159 1217 1243 1343 1369 1413 1490 1532 1618 1636 1680 1740 1835 1858 1934 1994 2026 2053 2147 2163 2249 2278 2364 2402 2440 2530 2586 2631 2666 2735 2768 2849 2900 2920 3022
7 43 100 139 180 235 280 373 413 445 497 546 598 692 750 786 825 914 920 998 1063 1122 1173 1195 1243 1299 1386 1414 1481 1532 1617 1661 1687 1757 1821 1870 1897 1980 2026 2075 2147 2207 2236 2277 2346 2404 2446 2530 2569 2645 2646 2733 2769 2834 2867 2934 3023
7 43 101 148 163 240 277 335 403 458 493 590 600 674 746 803 841 868 929 992 1077 1107 1157 1221 1295 1330 1392 1453 1498 1525 1583 1642 1684 1733 1797 1848 1892 1986 2046 2074 2114 2190 2247 2304 2367 2413 2468 2504 2590 2610 2686 2729 2754 2811 2895 2934 2985
4 43 102 159 187 247 287 335 420 462 501 544 629 668 705 778 849 873 964 974 1065 1091 1178 1199 1256 1321 1378 1410 1491 1565 1571 1645 1716 1744 1790 1881 1926 1994 2045 2086 2114 2160 2243 2286 2354 2403 2444 2504 2561 2630 2668 2701 2789 2860 2903 2966 2976
7 43 105 148 164 223 293 359 423 453 530 544 611 662 709 771 847 914 921 1004 1073 1117 1157 1193 1262 1314 1379 1413 1498 1525 1618 1647 1684 1761 1810 1836 1891 1986 2032 2074 2155 2202 2235 2281 2347 2407 2458 2537 2555 2627 2676 2739 2766 2819 2911 2922 3017
7 43 106 123 185 260 312 374 423 466 494 557 598 661 732 797 828 899 965 994 1029 1084 1136 1225 1242 1332 1357 1414 1484 1526 1617 1649 1683 1749 1810 1856 1891 1986 2034 2084 2155 2184 2235 2274 2362 2424 2456 2524 2549 2625 2658 2753 2783 2825 2893 2929 3017
4 43 106 138 204 235 292 373 405 445 506 557 604 681 749 758 815 905 948 1009 1051 1098 1174 1205 1257 1318 1375 1408 1461 1512 1617 1660 1683 1736 1827 1880 1919 1980 2034 2062 2156 2208 2226 2281 2350 2400 2436 2524 2570 2645 2667 2733 2755 2847 2877 2922 3017
7 43 107 146 186 220 297 328 417 439 519 589 603 664 703 785 841 914 933 998 1053 1111 1142 1209 1288 1332 1352 1417 1493 1564 1586 1663 1710 1772 1823 1852 1912 1986 2032 2073 2115 2198 2238 2274 2340 2401 2460 2535 2550 2640 2657 2748 2757 2808 2908 2934 2983
4 44 54 112 210 266 276 351 430 469 500 546 645 664 736 760 852 894 930 987 1050 1097 1181 1220 1272 1324 1396 1423 1461 1522 1594 1659 1712 1762 1793 1857 1902 1953 1999 2059 2159 2201 2228 2295 2345 2395 2462 2521 2587 2617 2668 2741 2800 2849 2906 2918 2992
4 44 54 132 194 229 316 377 403 444 500 577 620 693 710 796 833 894 967 1014 1031 1118 1166 1235 1252 1315 1357 1406 1502 1541 1589 1638 1680 1762 1823 1858 1926 1953 1999 2086 2134 2175 2264 2319 2364 2405 2478 2521 2550 2644 2667 2711 2771 2812 2865 2935 2997
7 44 56 109 182 228 315 375 415 484 525 549 621 671 735 760 856 894 953 1013 1050 1121 1156 1221 1272 1317 1392 1430 1458 1547 1574 1631 1712 1740 1821 1884 1940 1950 2003 2079 2108 2178 2240 2287 2338 2408 2449 2494 2587 2605 2676 2715 2761 2824 2906 2969 3018
7 44 56 153 205 239 271 354 415 480 521 577 620 660 718 773 859 915 929 1006 1045 1106 1165 1228 1254 1311 1350 1432 1501 1551 1574 1655 1683 1758 1821 1888 1915 1946 2008 2093 2112 2164 2264 2287 2355 2398 2454 2489 2584 2606 2653 2714 2783 2830 2882 2969 3018
7 44 58 122 205 237 270 361 397 442 521 570 620 689 731 807 814 866 966 1005 1062 1095 1186 1195 1289 1322 1351 1457 1472 1520 1606 1643 1680 1758 1803 1869 1936 1995 2008 2064 2114 2209 2232 2287 2356 2411 2454 2487 2563 2638 2688 2743 2771 2832 2901 2945 2981
7 44 60 143 174 266 289 326 399 457 504 567 624 656 743 770 853 917 928 1024 1074 1119 1161 1230 1276 1312 1362 1455 1458 1513 1605 1661 1712 1746 1831 1839 1935 1950 2044 2074 2124 2194 2225 2295 2336 2381 2463 2500 2561 2629 2650 2748 2778 2839 2894 2925 2999
4 44 61 124 195 222 280 354 387 461 538 565 612 698 717 798 829 870 958 1016 1057 1080 1183 1189 1290 1341 1372 1457 1462 1535 1614 1642 1703 1741 1787 1862 1925 1995 2012 2076 2108 2206 2245 2306 2356 2403 2447 2499 2581 2631 2687 2737 2766 2829 2897 2925 2973
7 44 61 125 194 251 274 375 415 462 508 565 631 687 702 802 825 894 937 1014 1037 1120 1177 1214 1294 1345 1367 1413 1491 1524 1569 1645 1703 1776 1821 1848 1915 1946 2013 2086 2112 2161 2264 2321 2364 2396 2465 2498 2559 2601 2676 2705 2761 2856 2884 2935 3018
7 44 61 140 178 245 304 375 383 439 534 567 612 673 723 783 834 866 952 992 1048 1122 1180 1233 1294 1297 1381 1457 1476 1524 1614 1636 1701 1751 1792 1886 1929 1976 2013 2071 2112 2209 2226 2277 2363 2418 2433 2498 2538 2631 2683 2737 2784 2853 2873 2954 2973
7 44 64 140 163 220 310 377 407 443 512 567 631 679 705 805 840 866 952 988 1041 1116 1154 1235 1256 1312 1374 1455 1476 1524 1612 1641 1705 1728 1831 1877 1928 1971 2021 2098 2114 2170 2221 2274 2357 2426 2466 2536 2561 2632 2650 2743 2778 2853 2870 2935 2991
7 44 65 134 195 223 276 361 420 479 532 558 624 677 716 780 862 915 918 1006 1030 1114 1170 1236 1259 1324 1366 1410 1484 1552 1571 1659 1703 1746 1827 1872 1922 1953 2018 2102 2108 2174 2255 2295 2365 2377 2442 2505 2587 2595 2668 2710 2765 2831 2885 2969 3010
7 44 66 111 166 216 306 326 395 459 533 591 603 693 703 799 840 891 967 984 1057 1086 1174 1204 1290 1346 1388 1457 1475 1535 1618 1646 1680 1731 1815 1858 1936 1971 2006 2072 2137 2196 2234 2306 2362 2405 2439 2499 2580 2614 2681 2711 2798 2833 2897 2935 2982
7 44 66 124 200 249 279 326 388 475 489 546 612 694 743 771 835 889 938 1001 1060 1119 1158 1230 1290 1331 1355 1441 1462 1535 1579 1650 1725 1775 1805 1856 1935 1973 2006 2101 2137 2210 2236 2321 2329 2388 2467 2499 2539 2625 2646 2718 2781 2850 2894 2925 3023
4 44 66 139 171 235 308 354 400 478 533 546 631 691 722 780 850 891 959 1008 1030 1104 1150 1228 1265 1324 1386 1423 1493 1560 1579 1627 1725 1731 1793 1870 1917 1971 2006 2052 2108 2172 2214 2277 2352 2426 2434 2499 2587 2609 2668 2733 2800 2852 2878 2969 3023
4 44 67 117 179 257 280 351 394 474 538 542 631 663 752 763 853 915 954 991 1064 1106 1173 1212 1289 1317 1372 1457 1463 1515 1615 1666 1705 1741 1786 1837 1930 1950 2012 2063 2132 2194 2235 2287 2368 2376 2463 2492 2567 2624 2695 2735 2778 2839 2899 2925 2993
7 44 67 144 172 217 286 349 382 447 498 542 647 690 738 796 837 870 968 993 1031 1123 1141 1217 1245 1315 1382 1441 1497 1559 1615 1667 1705 1780 1799 1877 1914 1995 2012 2081 2134 2160 2263 2277 2367 2410 2452 2492 2550 2627 2667 2732 2795 2834 2872 2935 2993
7 44 68 129 195 230 289 361 414 455 504 558 620 689 710 807 862 870 963 1016 1062 1084 1138 1191 1280 1336 1362 1455 1508 1540 1601 1637 1676 1746 1782 1878 1899 1997 2044 2076 2134 2174 2245 2299 2356 2416 2442 2491 2563 2640 2674 2732 2776 2819 2910 2925 2971
7 44 70 149 184 245 277 351 398 471 499 570 647 649 751 792 855 881 950 999 1055 1102 1170 1192 1285 1299 1365 1410 1509 1545 1613 1668 1701 1780 1794 1871 1906 1982 2011 2077 2108 2182 2254 2277 2322 2424 2440 2518 2548 2599 2651 2716 2794 2852 2886 2968 2989
7 44 70 158 176 220 280 351 393 472 538 565 645 664 712 760 857 901 943 1020 1050 1080 1176 1223 1285 1317 1372 1413 1500 1545 1586 1666 1705 1742 1789 1876 1891 1963 2011 2084 2108 2163 2250 2274 2345 2403 2437 2518 2587 2603 2676 2720 2793 2846 2892 2969 3017
7 44 72 110 189 249 274 351 393 475 501 549 624 700 743 767 847 901 926 972 1071 1128 1163 1219 1281 1345 1373 1430 1468 1517 1584 1645 1725 1768 1789 1850 1924 1946 2019 2088 2124 2210 2215 2321 2344 2391 2455 2496 2559 2625 2676 2713 2793 2857 2905 2922 3017
4 44 72 153 187 217 292 341 411 467 501 591 647 686 738 804 832 901 939 1022 1029 1103 1165 1217 1247 1310 1354 1410 1501 1551 1613 1669 1683 1768 1795 1866 1933 1946 2019 2093 2134 2160 2249 2299 2359 2425 2457 2496 2546 2607 2660 2707 2806 2819 2872 2943 2987
7 44 73 114 171 230 312 332 405 480 525 577 600 672 715 800 857 891 947 1008 1058 1090 1168 1240 1260 1337 1395 1430 1474 1558 1583 1652 1676 1733 1808 1885 1912 1963 2010 2052 2157 2168 2214 2299 2352 2397 2432 2504 2572 2615 2696 2704 2791 2848 2875 2969 3011
7 44 73 123 207 266 273 332 382 469 491 542 647 670 736 808 842 881 919 993 1039 1109 1172 1231 1260 1303 1360 1435 1465 1558 1607 1668 1712 1767 1806 1836 1914 1973 2010 2081 2157 2201 2263 2295 2333 2412 2473 2504 2552 2617 2661 2727 2803 2844 2895 2922 2986
4 44 74 123 178 229 313 332 417 444 509 558 621 674 710 781 858 866 919 992 1062 1089 1152 1191 1280 1329 1379 1435 1505 1519 1577 1653 1680 1732 1825 1836 1895 1997 2047 2071 2132 2175 2226 2319 2363 2412 2453 2514 2588 2644 2689 2722 2786 2844 2910 2954 3016
4 44 74 124 177 228 317 377 420 445 524 546 621 648 735 792 829 889 958 1007 1055 1130 1149 1221 1266 1299 1386 1435 1482 1516 1577 1628 1693 1735 1822 1864 1931 1953 2028 2100 2108 2178 2247 2306 2323 2401 2476 2533 2548 2644 2651 2722 2766 2829 2906 2968 3016
7 44 74 155 205 216 285 349 420 459 490 558 624 660 703 773 820 917 926 1006 1072 1128 1159 1222 1249 1316 1373 1432 1495 1550 1577 1661 1680 1752 1822 1850 1922 1946 2047 2102 2114 2196 2255 2306 2355 2391 2460 2514 2557 2614 2658 2752 2759 2811 2877 2968 3016
7 44 75 122 191 246 309 377 403 441 531 542 600 663 745 803 814 894 966 1011 1044 1121 1137 1221 1255 1307 1392 1441 1466 1525 1566 1625 1701 1749 1823 1871 1940 1973 2009 2099 2114 2184 2251 2287 2329 2408 2479 2536 2557 2628 2667 2701 2771 2832 2895 2968 2997
7 44 75 157 179 266 277 351 379 469 499 542 612 668 743 768 853 917 922 1018 1065 1128 1172 1219 1287 1299 1365 1455 1487 1533 1594 1668 1701 1741 1818 1853 1924 1953 2050 2058 2137 2194 2230 2306 2341 2399 2463 2495 2543 2617 2656 2741 2784 2833 2905 2922 2970
4 44 78 160 173 222 274 375 419 461 501 549 596 651 717 766 827 917 932 1012 1061 1128 1155 1222 1242 1319 1373 1410 1469 1534 1603 1670 1703 1748 1816 1844 1922 1976 2039 2097 2124 2206 2256 2306 2327 2391 2449 2512 2568 2631 2691 2748 2787 2821 2863 2943 3021
7 44 80 146 173 228 292 332 414 445 501 591 596 693 735 799 856 894 947 977 1067 1103 1142 1231 1292 1344 1354 1430 1506 1548 1589 1635 1693 1748 1783 1858 1920 1997 2039 2054 2134 2178 2224 2306 2362 2425 2449 2510 2570 2644 2682 2711 2770 2815 2896 2922 2970
7 44 82 124 214 217 312 326 425 467 531 565 621 665 738 789 837 870 938 986 1069 1084 1182 1198 1266 1337 1389 1441 1482 1516 1573 1652 1683 1739 1819 1856 1893 1963 2020 2066 2159 2160 2222 2299 2335 2388 2452 2533 2572 2607 2696 2747 2779 2850 2892 2968 3009
7 44 82 131 201 266 291 326 424 457 496 549 645 651 736 766 842 881 933 984 1055 1092 1174 1220 1266 1296 1402 1435 1475 1516 1605 1648 1701 1773 1798 1844 1907 1950 2020 2072 2159 2201 2234 2306 2327 2390 2473 2533 2574 2629 2647 2748 2789 2858 2906 2945 2976
4 44 82 151 184 223 309 377 393 435 531 549 624 673 716 797 823 870 952 972 1043 1111 1144 1236 1246 1307 1392 1455 1488 1536 1605 1625 1701 1739 1828 1886 1924 1963 2020 2088 2108 2174 2215 2297 2349 2418 2482 2533 2558 2639 2666 2737 2772 2842 2885 2954 2976
7 44 85 114 175 220 285 349 412 443 508 567 596 659 712 778 857 901 947 985 1026 1103 1154 1217 1243 1336 1354 1413 1505 1527 1609 1641 1680 1743 1832 1858 1933 1997 2046 2069 2157 2163 2248 2299 2374 2425 2437 2520 2565 2632 2672 2746 2791 2848 2898 2935 3012
7 44 86 115 177 265 289 361 419 436 504 567 600 683 723 756 849 889 921 1007 1048 1119 1157 1233 1294 1336 1362 1413 1473 1525 1610 1637 1676 1774 1832 1846 1932 1976 2016 2100 2124 2189 2247 2321 2323 2381 2436 2497 2565 2616 2672 2730 2791 2857 2873 2968 3004
7 44 86 122 173 241 276 361 408 469 532 542 645 690 729 802 826 894 966 977 1037 1081 1181 1188 1294 1324 1366 1457 1466 1525 1600 1659 1703 1747 1807 1869 1925 1971 2016 2054 2124 2200 2224 2277 2362 2411 2450 2497 2559 2642 2695 2742 2758 2832 2884 2922 3014
7 44 87 134 201 265 318 361 395 436 517 591 603 658 731 759 821 881 918 984 1073 1095 1151 1195 1278 1310 1384 1410 1499 1537 1610 1644 1727 1770 1795 1872 1936 1976 2040 2072 2132 2182 2234 2270 2327 2377 2475 2534 2546 2616 2660 2730 2806 2831 2901 2945 3003
7 44 88 115 196 243 315 361 424 454 528 565 624 677 742 780 847 891 921 1005 1030 1091 1186 1209 1265 1317 1389 1413 1472 1526 1567 1631 1725 1769 1789 1846 1909 1950 2031 2064 2159 2185 2232 2287 2365 2381 2480 2532 2587 2592 2676 2736 2793 2857 2878 2918 2985
4 44 89 114 202 249 322 332 383 465 507 567 612 652 743 779 847 901 947 992 1074 1125 1152 1230 1276 1309 1361 1430 1505 1527 1596 1633 1727 1755 1785 1885 1929 1950 1998 2071 2137 2210 2226 2319 2338 2397 2455 2485 2553 2636 2654 2724 2802 2848 2894 2918 2979
4 44 89 139 214 265 310 354 381 436 512 567 620 680 731 773 855 870 959 986 1072 1116 1157 1226 1258 1316 1374 1423 1507 1546 1596 1637 1727 1750 1787 1870 1937 1982 1998 2066 2114 2182 2222 2270 2335 2426 2440 2485 2557 2616 2658 2744 2794 2852 2869 2968 2979
4 44 89 156 187 227 280 354 421 472 507 593 645 695 721 795 826 901 933 1022 1033 1092 1176 1206 1258 1317 1402 1406 1490 1546 1576 1666 1703 1755 1807 1844 1923 1950 1998 2093 2114 2181 2249 2287 2359 2390 2471 2485 2567 2597 2695 2703 2758 2832 2909 2943 3000
4 44 90 129 171 236 283 354 412 448 494 546 603 648 721 757 850 881 929 1002 1042 1092 1138 1206 1249 1344 1364 1432 1508 1540 1592 1644 1676 1731 1824 1859 1923 1997 2045 2076 2157 2172 2257 2306 2358 2428 2434 2524 2573 2633 2679 2727 2797 2855 2909 2943 3021
7 44 90 154 176 238 279 375 419 432 489 546 621 664 713 760 823 917 937 1020 1075 1119 1135 1233 1271 1325 1355 1413 1474 1519 1592 1656 1676 1736 1816 1857 1932 1963 2045 2087 2137 2212 2247 2295 2345 2388 2443 2524 2562 2619 2691 2741 2787 2826 2883 2954 3021
4 44 94 118 196 264 317 341 397 446 522 570 620 672 737 786 852 891 939 1005 1061 1086 1148 1204 1242 1299 1388 1410 1511 1534 1583 1628 1727 1778 1794 1885 1936 1953 2024 2064 2157 2192 2232 2306 2365 2405 2472 2512 2548 2615 2651 2704 2794 2855 2863 2918 2990
7 44 94 149 197 262 322 332 382 449 507 570 631 653 709 759 845 881 960 1002 1073 1100 1166 1216 1278 1309 1361 1406 1492 1562 1587 1633 1727 1728 1806 1875 1939 1995 2026 2095 2134 2176 2239 2274 2332 2421 2431 2510 2546 2611 2661 2712 2803 2841 2901 2943 2986
7 44 94 155 163 240 280 351 397 481 507 593 600 696 745 788 820 881 926 988 1067 1092 1162 1220 1292 1341 1402 1430 1497 1548 1583 1642 1705 1728 1794 1851 1907 1995 2026 2058 2114 2190 2260 2306 2357 2390 2466 2510 2581 2596 2687 2723 2759 2811 2896 2918 2990
4 44 95 125 209 237 296 375 426 442 510 570 596 653 751 766 817 889 937 980 1055 1096 1186 1192 1285 1296 1390 1413 1471 1544 1609 1643 1693 1764 1817 1848 1913 1982 2048 2065 2159 2189 2229 2274 2325 2396 2469 2519 2574 2638 2647 2740 2770 2856 2886 2945 3002
7 44 95 132 189 227 317 377 413 437 522 570 603 659 721 808 826 901 967 972 1039 1086 1144 1234 1275 1303 1388 1406 1488 1555 1609 1623 1693 1753 1830 1858 1905 1971 2048 2088 2157 2181 2215 2297 2344 2405 2471 2519 2552 2632 2661 2746 2777 2812 2879 2922 3002
7 44 95 137 200 230 310 377 423 455 510 558 600 663 715 803 813 889 954 1001 1044 1101 1138 1240 1275 1316 1376 1432 1483 1555 1598 1637 1705 1764 1822 1837 1900 1982 2048 2101 2157 2168 2236 2270 2329 2376 2477 2519 2557 2640 2658 2735 2759 2818 2875 2925 3013
4 44 96 117 214 241 298 349 426 469 506 542 624 680 742 773 810 915 948 986 1045 1083 1181 1205 1254 1302 1399 1423 1461 1517 1608 1659 1683 1739 1817 1879 1913 1982 2043 2059 2159 2187 2229 2297 2335 2400 2452 2525 2584 2642 2662 2734 2755 2845 2882 2922 3002
7 44 96 127 184 230 319 377 428 455 506 549 621 649 710 792 823 915 964 999 1036 1118 1151 1235 1247 1319 1378 1410 1479 1523 1598 1624 1676 1739 1816 1852 1926 1982 2043 2092 2132 2174 2240 2299 2322 2383 2482 2525 2568 2640 2691 2735 2787 2826 2865 2935 3012
7 44 96 128 191 259 322 377 413 465 496 542 612 684 732 804 814 901 958 979 1029 1080 1152 1223 1247 1309 1372 1435 1478 1523 1608 1633 1683 1749 1830 1862 1891 1995 2043 2098 2132 2184 2230 2274 2361 2403 2479 2525 2546 2626 2661 2750 2777 2825 2872 2945 3002
7 44 97 112 191 268 292 341 428 445 490 546 596 694 724 771 855 894 930 1011 1027 1120 1142 1214 1277 1344 1367 1432 1461 1522 1599 1635 1683 1777 1824 1856 1915 1982 2023 2099 2132 2171 2251 2321 2329 2396 2451 2515 2573 2604 2679 2718 2797 2849 2862 2968 3004
7 44 97 129 163 241 273 361 395 469 495 546 647 679 742 805 832 881 963 988 1049 1091 1172 1209 1246 1303 1355 1455 1487 1561 1600 1668 1683 1763 1795 1878 1909 1971 2029 2058 2137 2187 2260 2297 2357 2416 2430 2509 2553 2642 2660 2742 2806 2819 2878 2918 3003
7 44 97 136 166 229 270 361 419 484 521 549 596 667 716 776 857 889 925 1012 1043 1114 1145 1236 1246 1322 1351 1432 1480 1561 1599 1643 1680 1738 1832 1882 1922 1963 2029 2097 2137 2168 2256 2319 2334 2392 2432 2509 2579 2604 2672 2718 2791 2848 2885 2969 3004
4 44 99 156 181 243 279 326 407 432 491 577 621 660 727 789 826 917 933 1018 1059 1127 1135 1224 1283 1325 1353 1435 1493 1543 1577 1656 1725 1740 1831 1850 1928 1971 2038 2067 2114 2200 2221 2287 2339 2384 2450 2528 2582 2614 2671 2752 2758 2832 2913 2922 2991
7 44 99 158 171 229 288 332 427 444 497 577 624 648 716 757 857 889 943 1002 1060 1096 1166 1211 1274 1342 1371 1432 1492 1553 1577 1638 1725 1733 1812 1864 1894 1997 2038 2095 2108 2168 2239 2274 2358 2417 2432 2528 2554 2644 2653 2722 2793 2846 2911 2935 2991
7 44 100 143 198 229 290 341 398 484 514 593 624 681 716 798 813 891 948 997 1057 1083 1156 1211 1276 1341 1399 1430 1458 1513 1584 1631 1680 1766 1794 1879 1906 1982 2005 2079 2108 2168 2254 2319 2372 2400 2477 2500 2581 2604 2687 2733 2759 2818 2911 2925 2989
4 44 101 123 196 255 310 354 391 443 510 558 631 677 747 780 842 866 919 1005 1075 1101 1154 1199 1271 1312 1376 1413 1505 1519 1569 1641 1727 1778 1797 1872 1942 1950 2035 2069 2157 2202 2227 2295 2365 2376 2472 2524 2542 2597 2670 2710 2803 2844 2883 2945 2977
7 44 101 148 183 246 284 326 391 468 493 593 603 687 745 799 814 894 938 983 1067 1097 1134 1220 1292 1330 1396 1441 1485 1537 1569 1621 1693 1757 1797 1848 1902 1995 2037 2074 2112 2184 2266 2295 2367 2395 2479 2522 2570 2601 2694 2705 2777 2825 2896 2945 2977
7 44 102 154 212 240 315 375 385 481 528 593 612 688 732 783 843 870 937 1009 1026 1084 1162 1198 1243 1306 1389 1413 1465 1527 1590 1642 1712 1769 1796 1857 1893 1973 2031 2090 2132 2203 2261 2299 2347 2388 2464 2520 2560 2596 2698 2717 2767 2826 2898 2918 2984
7 44 103 147 198 230 284 341 421 480 493 593 645 688 715 783 813 889 930 1022 1048 1097 1165 1201 1253 1297 1396 1432 1501 1557 1570 1655 1676 1766 1813 1857 1923 1953 2028 2093 2112 2168 2249 2299 2347 2395 2477 2506 2538 2615 2683 2717 2764 2813 2914 2954 2994
7 44 104 142 174 236 293 354 425 448 529 565 621 670 714 767 856 915 919 986 1071 1089 1157 1193 1284 1345 1379 1413 1507 1543 1592 1624 1712 1760 1821 1836 1893 1997 2033 2066 2124 2180 2222 2270 2374 2412 2447 2527 2559 2633 2676 2727 2761 2824 2902 2922 3007
7 44 104 156 192 245 286 354 405 439 518 577 600 651 723 761 814 917 933 1008 1065 1132 1150 1199 1284 1315 1363 1406 1493 1543 1603 1667 1701 1771 1823 1844 1912 1995 2033 2052 2124 2209 2214 2277 2332 2390 2454 2527 2550 2631 2667 2748 2771 2832 2908 2945 2995
4 44 106 143 191 239 312 326 395 480 531 593 600 695 718 793 834 891 928 979 1051 1091 1168 1209 1269 1337 1389 1455 1459 1512 1580 1652 1683 1749 1815 1839 1909 1976 2009 2067 2132 2164 2260 2287 2361 2381 2479 2507 2588 2606 2681 2708 2798 2839 2903 2954 2982
7 44 106 157 187 235 271 354 385 478 486 593 612 681 714 798 826 866 942 1009 1068 1089 1141 1193 1287 1330 1385 1441 1487 1533 1579 1636 1683 1755 1797 1879 1893 1971 2021 2090 2134 2181 2261 2319 2372 2406 2471 2495 2570 2609 2694 2733 2777 2812 2902 2922 2983
4 45 55 146 202 217 281 361 420 475 522 589 646 671 719 756 841 915 942 1007 1040 1113 1180 1236 1258 1301 1367 1433 1494 1544 1575 1648 1697 1743 1826 1862 1916 1949 2018 2102 2117 2164 2267 2300 2369 2384 2436 2487 2556 2612 2657 2710 2775 2837 2892 2958 3010
7 45 56 128 202 244 285 373 391 456 522 577 646 698 723 809 814 869 961 1019 1068 1085 1159 1199 1281 1329 1363 1445 1468 1521 1599 1628 1686 1743 1813 1882 1908 1995 2018 2075 2128 2191 2214 2300 2357 2403 2436 2486 2564 2631 2694 2736 2772 2809 2907 2946 2985
7 45 56 148 182 240 314 375 408 460 525 551 646 694 710 783 833 885 953 973 1039 1105 1164 1221 1278 1306 1392 1445 1465 1526 1599 1642 1712 1737 1796 1886 1938 1993 2000 2055 2111 2185 2232 2298 2365 2429 2439 2504 2544 2631 2665 2736 2754 2857 2878 2948 2985
7 45 56 150 168 216 281 345 416 450 522 551 625 665 725 757 845 869 944 1003 1046 1087 1145 1212 1251 1322 1367 1433 1503 1551 1582 1626 1712 1743 1818 1884 1914 1995 2018 2073 2155 2207 2243 2320 2326 2410 2471 2486 2582 2605 2693 2730 2804 2861 2872 2958 3003
7 45 57 121 170 240 316 334 392 471 529 591 599 692 710 799 833 885 936 974 1052 1092 1166 1205 1290 1346 1376 1445 1474 1541 1597 1656 1704 1748 1823 1847 1926 1977 1999 2054 2158 2185 2234 2306 2362 2382 2439 2502 2591 2620 2682 2721 2802 2808 2896 2966 2976
7 45 57 123 189 250 279 334 399 479 505 568 643 684 755 772 846 895 921 978 1059 1119 1134 1230 1290 1320 1359 1441 1472 1541 1573 1644 1725 1771 1811 1856 1934 1967 1999 2070 2158 2210 2225 2309 2335 2378 2476 2502 2546 2633 2671 2715 2793 2842 2888 2921 3001
4 45 57 133 171 235 296 376 406 469 529 568 631 695 705 756 850 885 971 997 1040 1115 1151 1220 1272 1301 1396 1453 1492 1560 1573 1633 1725 1748 1804 1871 1928 1977 1999 2059 2117 2162 2239 2273 2345 2426 2438 2502 2556 2606 2657 2741 2799 2852 2877 2958 3001
7 45 59 123 193 223 312 334 421 466 530 571 616 662 727 797 849 892 921 976 1073 1088 1182 1198 1242 1349 1389 1441 1488 1525 1579 1647 1679 1749 1828 1856 1910 1993 2009 2069 2147 2184 2215 2320 2329 2378 2458 2503 2573 2608 2696 2737 2790 2842 2885 2968 2997
7 45 59 150 185 230 284 352 421 451 499 545 631 656 709 780 845 875 944 982 1054 1097 1136 1192 1264 1328 1379 1427 1498 1556 1579 1623 1706 1728 1828 1870 1891 1986 2017 2060 2155 2200 2235 2320 2347 2424 2477 2495 2577 2629 2683 2717 2804 2861 2893 2968 2997
7 45 60 108 178 259 272 345 406 452 504 577 622 696 748 782 816 916 932 980 1079 1112 1144 1223 1276 1335 1353 1455 1482 1559 1570 1629 1723 1764 1804 1867 1928 1977 2013 2077 2117 2187 2239 2309 2356 2392 2442 2526 2581 2593 2692 2718 2765 2827 2913 2921 3001
7 45 60 120 215 254 292 355 395 456 533 577 635 692 735 796 856 885 924 998 1028 1093 1142 1204 1262 1305 1350 1409 1475 1548 1597 1646 1723 1762 1783 1847 1920 1956 2039 2086 2158 2196 2262 2319 2364 2394 2480 2499 2547 2620 2667 2721 2798 2836 2865 2946 2974
7 45 60 124 162 236 320 355 399 475 520 589 622 677 711 771 835 875 952 990 1029 1122 1161 1227 1262 1331 1403 1455 1471 1548 1570 1667 1712 1775 1811 1884 1934 1967 2039 2057 2158 2170 2225 2273 2336 2402 2453 2499 2571 2593 2686 2718 2778 2816 2864 2958 3001
4 45 60 161 174 240 273 334 379 471 504 589 635 659 727 774 844 916 960 999 1026 1088 1169 1198 1289 1311 1352 1409 1509 1546 1597 1653 1712 1764 1800 1880 1910 1977 2013 2098 2128 2168 2257 2298 2328 2416 2446 2526 2552 2620 2677 2721 2803 2835 2885 2968 2974
7 45 61 140 209 221 289 361 404 459 495 592 643 662 713 763 824 905 921 1007 1056 1119 1180 1232 1270 1297 1359 1416 1494 1550 1583 1664 1679 1751 1830 1856 1932 1967 2024 2102 2135 2179 2267 2300 2363 2378 2430 2509 2542 2604 2664 2737 2784 2824 2883 2968 3004
7 45 61 155 195 243 290 345 426 438 513 545 643 667 745 758 860 892 958 988 1035 1083 1153 1189 1252 1340 1380 1416 1458 1535 1583 1631 1726 1766 1809 1851 1907 1982 2023 2065 2147 2206 2245 2319 2325 2383 2466 2510 2578 2604 2690 2737 2807 2844 2882 2948 3004
4 45 62 108 208 252 274 375 420 446 487 592 643 680 718 795 816 901 932 1022 1050 1128 1174 1221 1267 1326 1368 1427 1506 1535 1568 1627 1704 1771 1826 1852 1916 1949 2019 2087 2117 2173 2267 2309 2358 2406 2457 2494 2566 2611 2668 2703 2765 2827 2870 2948 3010
7 45 62 125 209 226 293 361 397 453 510 592 625 701 708 807 824 875 966 1013 1072 1096 1164 1201 1285 1334 1358 1445 1462 1513 1606 1649 1704 1751 1785 1863 1926 1995 2008 2058 2111 2179 2229 2317 2357 2410 2430 2505 2574 2637 2680 2743 2770 2839 2889 2939 2972
7 45 63 134 204 244 273 361 425 471 488 591 635 681 733 805 821 916 931 1025 1044 1094 1169 1195 1243 1311 1370 1427 1505 1555 1592 1653 1686 1767 1782 1853 1930 1974 2007 2102 2111 2182 2250 2300 2348 2413 2474 2505 2568 2616 2660 2708 2773 2814 2866 2966 2993
7 45 63 150 189 254 274 352 378 460 487 551 635 664 735 793 860 869 944 978 1045 1109 1155 1204 1244 1302 1368 1427 1503 1551 1592 1651 1725 1771 1829 1870 1903 1982 2019 2062 2158 2196 2233 2317 2335 2424 2476 2493 2553 2616 2688 2708 2789 2861 2865 2948 2993
7 45 63 152 179 256 316 352 385 467 529 591 625 661 716 771 841 901 929 1020 1029 1092 1187 1224 1244 1331 1376 1453 1501 1551 1590 1671 1686 1729 1807 1855 1906 1949 2019 2078 2158 2167 2249 2291 2352 2382 2433 2493 2571 2639 2686 2700 2782 2830 2881 2958 2995
7 45 64 144 185 269 299 329 406 458 499 568 631 657 752 776 851 905 937 997 1069 1112 1167 1223 1269 1313 1366 1455 1475 1524 1611 1669 1723 1728 1814 1838 1928 1956 2017 2059 2138 2195 2239 2320 2332 2379 2477 2490 2539 2635 2650 2740 2761 2823 2909 2939 2991
4 45 68 111 185 266 275 329 380 478 503 568 646 672 755 764 851 915 949 982 1059 1124 1177 1230 1290 1308 1361 1445 1459 1529 1599 1648 1706 1728 1802 1865 1929 1967 2012 2072 2155 2195 2223 2306 2347 2397 2477 2515 2555 2628 2684 2739 2769 2815 2888 2928 2973
7 45 68 131 165 262 295 345 397 482 534 571 646 675 729 777 830 913 943 979 1037 1096 1168 1201 1261 1338 1383 1445 1506 1512 1599 1673 1704 1746 1784 1861 1926 1949 2029 2092 2157 2203 2229 2280 2353 2384 2431 2498 2583 2628 2687 2739 2763 2818 2868 2954 2973
7 45 70 117 176 269 290 345 393 474 516 551 631 664 752 769 857 915 943 991 1053 1118 1173 1223 1285 1306 1377 1445 1467 1532 1615 1665 1726 1735 1796 1844 1923 1974 2002 2053 2138 2195 2217 2317 2359 2400 2471 2485 2544 2618 2665 2734 2754 2832 2909 2921 3000
4 45 70 122 171 258 316 352 391 485 529 592 631 656 746 780 812 895 955 995 1054 1085 1168 1199 1273 1331 1376 1445 1499 1519 1615 1671 1686 1748 1798 1853 1908 1967 1999 2099 2157 2199 2214 2273 2347 2389 2438 2488 2577 2618 2680 2734 2757 2828 2883 2966 3000
7 45 71 144 204 225 297 355 408 457 506 581 631 682 722 807 812 892 933 998 1072 1083 1142 1189 1269 1334 1380 1456 1475 1524 1566 1645 1686 1772 1798 1876 1907 1993 2009 2086 2111 2169 2262 2319 2375 2383 2470 2490 2574 2615 2680 2748 2757 2828 2906 2939 2983
7 45 71 150 198 241 313 373 393 441 512 551 631 688 726 763 844 869 971 991 1056 1115 1143 1226 1264 1297 1396 1456 1498 1556 1566 1641 1716 1741 1813 1871 1923 1977 2004 2053 2135 2168 2217 2291 2337 2426 2446 2495 2542 2615 2664 2748 2803 2835 2890 2968 2983
4 45 72 152 197 223 299 373 418 466 500 591 635 674 727 800 838 901 929 1022 1046 1080 1160 1211 1251 1313 1364 1433 1501 1551 1603 1669 1679 1760 1789 1842 1937 1956 2001 2105 2128 2184 2250 2320 2368 2394 2469 2486 2539 2608 2650 2713 2785 2830 2872 2948 2984
7 45 73 132 204 221 288 375 395 444 488 577 635 698 720 791 831 892 957 998 1073 1095 1151 1202 1265 1310 1353 1453 1466 1537 1610 1657 1679 1767 1786 1872 1920 1996 2007 2086 2117 2171 2262 2300 2375 2409 2474 2494 2579 2619 2653 2747 2785 2837 2862 2939 2971
4 45 73 155 206 264 273 334 405 462 488 545 625 678 736 784 863 892 958 983 1050 1116 1148 1205 1267 1328 1370 1427 1458 1535 1567 1636 1712 1767 1828 1843 1902 1996 2007 2070 2157 2186 2220 2309 2343 2391 2473 2494 2577 2609 2683 2704 2804 2844 2870 2966 3014
4 45 74 115 202 218 271 355 396 440 490 592 631 701 705 807 847 869 952 1019 1061 1109 1144 1204 1280 1339 1368 1455 1484 1536 1611 1641 1697 1735 1788 1863 1903 1986 2030 2075 2117 2180 2214 2317 2357 2424 2444 2513 2584 2632 2674 2743 2767 2825 2895 2946 2980
4 45 74 140 163 242 310 334 384 485 493 592 645 657 736 766 840 905 921 1016 1051 1116 1184 1205 1266 1343 1365 1441 1494 1550 1611 1655 1697 1732 1801 1838 1902 1949 2030 2098 2138 2208 2242 2298 2342 2395 2447 2513 2561 2635 2646 2740 2768 2824 2870 2966 2980
7 45 76 123 215 259 276 361 385 433 526 571 645 687 729 801 846 892 921 998 1037 1116 1152 1201 1261 1326 1365 1416 1488 1525 1576 1624 1723 1762 1807 1838 1906 1949 2045 2100 2158 2206 2249 2309 2364 2395 2480 2484 2559 2612 2675 2709 2793 2842 2868 2939 2995
7 45 76 137 176 244 320 361 386 471 520 589 616 664 723 769 814 869 966 991 1032 1122 1166 1232 1261 1342 1403 1445 1474 1525 1592 1656 1706 1768 1803 1870 1929 1974 2045 2054 2158 2191 2216 2280 2359 2402 2436 2484 2565 2616 2691 2708 2755 2826 2873 2968 2979
7 45 79 144 175 251 271 355 422 478 502 568 643 695 740 779 813 905 933 990 1051 1110 1161 1215 1250 1316 1354 1456 1471 1528 1619 1664 1697 1758 1822 1876 1911 1982 2046 2057 2157 2193 2225 2273 2322 2383 2445 2519 2548 2642 2655 2735 2756 2828 2886 2928 3013
4 45 80 111 215 216 302 365 394 445 521 591 625 692 725 796 851 892 949 998 1035 1103 1163 1212 1263 1299 1388 1409 1476 1513 1572 1636 1726 1778 1819 1858 1897 1956 2044 2100 2155 2207 2249 2306 2364 2404 2465 2529 2540 2610 2666 2711 2769 2815 2872 2939 2982
4 45 80 125 200 235 304 365 388 446 536 592 616 656 704 781 825 875 966 1000 1036 1122 1141 1227 1263 1343 1403 1441 1462 1513 1579 1661 1725 1763 1801 1870 1934 1974 2044 2083 2155 2163 2236 2273 2346 2402 2463 2529 2561 2629 2646 2717 2768 2839 2871 2948 2975
7 45 80 146 179 230 278 352 396 451 505 591 616 681 742 782 841 913 942 1002 1079 1102 1137 1235 1292 1335 1360 1441 1491 1547 1579 1622 1726 1729 1793 1844 1890 1986 2041 2067 2117 2167 2228 2300 2370 2401 2433 2531 2581 2629 2692 2717 2775 2837 2897 2921 2975
7 45 80 161 165 229 279 334 415 432 505 592 625 669 717 784 858 913 960 979 1064 1082 1181 1191 1277 1320 1359 1409 1493 1562 1572 1644 1725 1729 1799 1880 1909 1986 2041 2092 2135 2190 2229 2291 2353 2416 2447 2531 2562 2610 2654 2711 2788 2835 2895 2954 2982
4 45 81 109 204 219 287 365 385 447 496 571 645 698 721 791 819 885 961 998 1066 1092 1163 1224 1249 1296 1356 1453 1476 1516 1605 1634 1686 1772 1808 1882 1906 1996 2020 2100 2111 2162 2249 2306 2375 2403 2470 2516 2585 2625 2670 2736 2764 2829 2876 2946 2994
7 45 81 122 180 262 312 329 403 482 530 571 643 663 745 786 823 916 937 972 1044 1088 1168 1209 1246 1321 1389 1455 1499 1519 1605 1673 1686 1739 1790 1839 1899 1967 2020 2099 2147 2187 2238 2298 2336 2378 2435 2516 2586 2628 2681 2733 2771 2846 2863 2954 2994
7 45 81 150 163 231 283 376 403 435 493 551 645 694 715 783 858 869 971 992 1032 1127 1136 1188 1253 1332 1390 1453 1498 1556 1605 1640 1706 1732 1790 1886 1913 1986 2030 2060 2128 2190 2224 2298 2365 2411 2447 2506 2551 2625 2663 2736 2788 2835 2880 2954 2994
7 45 83 113 200 269 272 345 382 474 489 545 635 656 737 781 856 895 931 1000 1049 1094 1178 1228 1242 1304 1370 1441 1469 1530 1615 1660 1723 1760 1783 1853 1896 1974 2014 2073 2157 2210 2246 2320 2346 2413 2466 2498 2548 2618 2667 2734 2798 2836 2910 2928 2987
7 45 83 131 197 247 288 375 404 439 489 589 646 691 723 783 834 895 928 1022 1032 1119 1174 1232 1261 1332 1352 1416 1506 1512 1584 1635 1679 1760 1816 1857 1932 1974 2014 2087 2128 2188 2267 2309 2368 2385 2469 2498 2551 2596 2663 2701 2762 2834 2873 2954 3019
7 45 84 140 204 236 275 355 418 475 496 581 645 696 712 790 812 916 934 1025 1034 1080 1180 1211 1266 1308 1369 1433 1494 1550 1570 1648 1679 1772 1797 1867 1937 1967 2020 2102 2117 2169 2250 2306 2348 2390 2470 2513 2555 2593 2684 2718 2774 2811 2887 2966 2976
7 45 84 143 180 252 309 355 395 451 530 545 643 695 718 779 837 885 968 986 1051 1105 1137 1221 1266 1304 1392 1441 1491 1550 1573 1622 1716 1739 1783 1871 1938 1996 2020 2067 2117 2173 2245 2298 2322 2429 2435 2513 2548 2606 2667 2741 2798 2856 2870 2968 2974
4 45 87 147 165 243 282 345 402 438 515 571 605 662 748 797 830 905 920 1003 1060 1112 1145 1223 1295 1296 1366 1453 1503 1554 1583 1639 1725 1746 1808 1856 1928 1982 2046 2073 2135 2203 2243 2320 2329 2379 2431 2511 2585 2604 2670 2737 2764 2817 2913 2921 2977
7 45 87 152 177 239 271 345 415 441 502 591 599 686 749 792 828 901 939 975 1076 1086 1143 1228 1295 1339 1354 1456 1498 1554 1574 1641 1706 1758 1795 1865 1904 1986 2046 2053 2135 2160 2234 2317 2355 2407 2443 2511 2584 2617 2674 2724 2760 2819 2897 2928 2986
7 45 88 146 201 234 318 361 392 445 511 591 599 658 708 776 831 913 942 974 1069 1096 1150 1201 1288 1313 1383 1433 1491 1547 1614 1650 1716 1770 1789 1862 1926 1996 2051 2054 2138 2171 2234 2280 2331 2384 2474 2534 2539 2592 2650 2723 2785 2837 2889 2939 3011
7 45 88 152 205 252 302 376 401 451 521 591 605 652 718 773 816 901 939 992 1074 1103 1136 1196 1268 1311 1388 1427 1498 1554 1607 1623 1716 1774 1782 1868 1915 1977 2048 2060 2155 2173 2224 2298 2323 2404 2457 2537 2568 2606 2660 2707 2773 2819 2896 2921 3018
7 45 93 141 180 259 300 329 381 433 506 571 622 671 748 804 823 915 926 986 1060 1118 1152 1223 1295 1302 1377 1456 1507 1538 1575 1624 1716 1739 1802 1862 1923 1982 2042 2082 2117 2187 2230 2317 2322 2400 2435 2528 2579 2612 2661 2710 2791 2825 2913 2939 2972
4 45 93 156 190 230 275 329 387 469 496 581 616 680 742 792 814 901 948 996 1076 1080 1151 1235 1295 1322 1369 1453 1492 1538 1568 1633 1706 1749 1803 1852 1913 1995 2042 2059 2117 2167 2240 2320 2361 2390 2461 2528 2584 2611 2691 2703 2755 2826 2897 2946 2978
7 45 93 158 193 241 287 334 397 455 496 571 646 649 710 773 849 901 964 979 1074 1092 1181 1205 1268 1309 1356 1433 1493 1565 1575 1620 1716 1749 1785 1879 1926 1995 2042 2092 2111 2184 2229 2291 2326 2403 2458 2528 2568 2601 2662 2720 2787 2845 2896 2966 2972
4 45 94 124 163 229 290 376 428 450 516 551 622 658 717 765 858 913 926 1016 1028 1118 1140 1220 1262 1340 1377 1409 1471 1548 1614 1631 1697 1732 1835 1862 1925 1982 2005 2079 2138 2190 2260 2319 2342 2400 2447 2499 2578 2592 2690 2723 2780 2843 2865 2958 3005
4 45 97 140 172 239 285 334 382 457 498 581 599 687 749 799 824 916 921 993 1079 1094 1158 1228 1292 1329 1386 1441 1497 1547 1587 1628 1723 1734 1800 1838 1896 1995 2026 2080 2135 2160 2246 2300 2366 2395 2448 2531 2564 2601 2694 2709 2784 2824 2897 2939 2971
7 45 100 125 198 240 280 373 413 460 492 551 616 651 727 758 844 916 948 987 1035 1080 1164 1211 1263 1340 1369 1409 1462 1513 1602 1642 1704 1741 1835 1852 1937 1995 2026 2058 2147 2168 2254 2306 2341 2390 2446 2529 2578 2631 2690 2733 2780 2858 2872 2948 3021
7 45 101 128 177 242 280 373 392 474 503 545 645 683 736 795 827 901 961 975 1050 1092 1173 1205 1267 1317 1356 1445 1467 1522 1601 1665 1704 1742 1789 1882 1926 1996 1998 2053 2138 2208 2234 2291 2355 2403 2460 2508 2566 2645 2678 2750 2758 2809 2870 2928 3011
7 45 101 132 192 235 275 355 431 469 503 568 616 652 704 757 843 901 946 1020 1046 1124 1151 1227 1252 1322 1361 1416 1466 1537 1607 1633 1679 1742 1832 1868 1932 1996 1998 2086 2155 2163 2241 2319 2339 2397 2445 2508 2582 2606 2693 2707 2790 2848 2871 2958 3005
4 45 102 120 201 247 304 375 393 439 539 577 605 668 730 766 821 885 945 974 1051 1115 1149 1226 1250 1343 1400 1456 1495 1528 1584 1661 1716 1770 1796 1879 1923 1974 2025 2071 2138 2182 2217 2273 2331 2422 2474 2519 2561 2596 2646 2701 2773 2814 2886 2966 3000
7 45 102 144 212 216 314 375 379 450 528 581 643 680 725 795 851 892 937 1018 1050 1088 1140 1198 1250 1317 1389 1409 1471 1528 1596 1631 1712 1781 1786 1839 1910 1967 2025 2079 2138 2207 2257 2320 2358 2378 2465 2519 2566 2605 2678 2716 2761 2823 2887 2928 2987
4 45 102 147 174 222 293 352 391 463 494 581 605 691 742 803 829 895 927 978 1076 1102 1155 1235 1295 1334 1374 1456 1503 1554 1584 1649 1712 1745 1798 1857 1890 1995 2033 2062 2128 2175 2233 2317 2349 2386 2467 2511 2574 2596 2680 2701 2757 2810 2897 2921 3000
7 45 104 108 201 244 303 375 421 456 511 577 599 651 733 775 821 916 932 981 1041 1097 1159 1192 1282 1312 1398 1427 1482 1559 1602 1628 1706 1770 1810 1852 1891 1993 2051 2061 2147 2182 2235 2280 2324 2406 2474 2520 2575 2631 2659 2733 2760 2827 2869 2946 3017
7 45 104 141 168 219 270 376 421 447 533 571 616 675 704 777 847 915 926 976 1070 1089 1163 1197 1284 1314 1373 1409 1507 1538 1602 1634 1712 1768 1810 1861 1910 1986 2034 2069 2155 2180 2215 2280 2353 2401 2444 2537 2549 2625 2652 2739 2767 2825 2902 2946 3017
7 45 104 152 176 217 292 373 411 452 533 577 605 660 719 772 841 915 929 991 1059 1093 1143 1217 1268 1320 1350 1433 1498 1554 1613 1630 1706 1768 1821 1842 1905 1986 2034 2053 2158 2164 2217 2291 2359 2394 2436 2537 2546 2636 2671 2727 2782 2830 2911 2921 3006
4 45 107 108 200 218 313 365 412 440 532 592 599 669 721 787 825 901 936 996 1033 1092 1144 1224 1282 1297 1376 1416 1482 1559 1609 1641 1723 1763 1830 1847 1906 1977 2048 2077 2157 2163 2222 2291 2350 2382 2463 2520 2542 2632 2664 2745 2784 2822 2876 2946 2996
7 45 107 122 205 226 308 375 426 453 521 592 605 657 720 766 823 895 937 973 1049 1095 1164 1202 1289 1319 1382 1409 1465 1552 1609 1649 1723 1774 1816 1838 1920 1982 2048 2055 2147 2166 2232 2298 2342 2379 2457 2520 2563 2637 2654 2740 2771 2846 2862 2939 2996
7 46 54 114 178 259 282 356 418 483 510 574 622 662 747 780 859 865 920 1003 1057 1101 1152 1238 1279 1329 1392 1425 1503 1527 1570 1629 1680 1739 1813 1858 1895 1997 2046 2071 2117 2187 2241 2281 2362 2423 2472 2513 2541 2644 2670 2710 2791 2827 2898 2955 2977
7 46 54 139 203 242 312 334 430 437 510 546 606 684 721 774 850 865 921 999 1033 1088 1184 1206 1258 1343 1364 1442 1494 1549 1574 1643 1709 1739 1792 1860 1941 1997 2046 2097 2139 2191 2257 2298 2371 2410 2446 2513 2540 2633 2668 2730 2769 2833 2907 2937 2974
7 46 55 132 166 243 294 362 422 473 528 572 606 677 745 764 846 892 921 998 1030 1088 1151 1239 1252 1344 1364 1416 1498 1526 1585 1631 1695 1750 1798 1860 1907 1997 2045 2083 2112 2205 2234 2269 2363 2410 2480 2506 2538 2641 2675 2737 2792 2841 2914 2951 2976
4 46 56 126 213 247 294 343 414 448 499 551 622 658 728 760 854 876 920 1016 1034 1101 1175 1193 1272 1344 1392 1436 1508 1548 1591 1631 1713 1737 1820 1858 1940 1997 2033 2079 2141 2180 2259 2269 2374 2423 2447 2508 2538 2632 2675 2715 2770 2815 2903 2922 3002
4 46 57 125 186 226 317 377 408 457 506 560 628 685 743 792 841 875 962 975 1071 1098 1148 1237 1285 1318 1352 1410 1467 1563 1566 1663 1704 1743 1823 1852 1926 1945 2008 2086 2139 2177 2238 2281 2354 2383 2470 2536 2588 2640 2651 2728 2780 2828 2889 2955 2977
4 46 57 132 179 241 296 325 418 442 529 568 628 663 744 763 844 896 950 991 1028 1130 1151 1210 1264 1345 1395 1410 1498 1526 1566 1662 1695 1779 1813 1874 1895 1997 2050 2083 2117 2174 2241 2307 2366 2412 2438 2494 2556 2640 2684 2728 2777 2811 2910 2929 2977
7 46 60 108 170 243 300 362 425 473 504 574 605 671 747 759 862 870 926 986 1057 1084 1145 1238 1279 1335 1375 1417 1507 1539 1585 1637 1675 1746 1804 1867 1912 1997 2042 2077 2135 2203 2256 2289 2356 2417 2481 2500 2562 2641 2661 2737 2764 2812 2898 2949 2972
7 46 60 139 213 258 295 352 427 454 504 541 614 658 727 760 844 870 942 1016 1026 1096 1184 1199 1270 1336 1380 1436 1494 1549 1568 1625 1709 1746 1819 1851 1931 1997 2042 2097 2144 2174 2242 2280 2374 2416 2438 2500 2546 2639 2677 2721 2777 2811 2911 2929 2988
4 46 61 126 212 241 300 325 430 442 511 552 600 685 715 788 857 875 925 1017 1029 1097 1175 1197 1265 1335 1370 1438 1508 1548 1566 1637 1713 1733 1792 1852 1941 1997 2039 2079 2139 2202 2257 2289 2358 2420 2452 2515 2562 2640 2661 2728 2775 2810 2896 2946 2974
7 46 61 127 211 237 273 334 426 446 508 552 622 691 749 802 817 896 935 1014 1076 1093 1173 1230 1247 1327 1383 1425 1489 1538 1570 1645 1713 1764 1811 1887 1915 1945 2029 2068 2159 2162 2225 2274 2349 2385 2448 2526 2574 2601 2685 2752 2770 2854 2884 2951 2970
7 46 62 111 193 238 276 358 381 479 530 568 626 659 752 798 851 883 918 1012 1053 1117 1155 1223 1285 1314 1366 1410 1468 1564 1580 1622 1675 1747 1806 1884 1922 1956 2016 2066 2144 2165 2239 2281 2338 2404 2456 2535 2587 2635 2684 2725 2784 2816 2908 2969 3004
7 46 62 153 168 264 300 362 401 442 504 568 600 695 702 777 848 875 968 990 1036 1120 1175 1196 1294 1335 1375 1436 1485 1555 1580 1637 1675 1772 1785 1859 1920 1965 2016 2101 2141 2188 2251 2321 2324 2381 2445 2535 2553 2617 2671 2743 2786 2845 2866 2929 3004
4 46 63 116 202 234 297 356 417 439 486 541 632 670 751 807 833 892 932 998 1071 1090 1178 1229 1285 1333 1398 1410 1476 1563 1588 1636 1686 1736 1807 1878 1906 1965 2002 2071 2159 2197 2246 2281 2327 2401 2460 2536 2574 2594 2679 2748 2757 2843 2889 2951 2984
7 46 63 125 210 248 299 356 425 435 494 551 628 664 738 798 825 883 937 997 1053 1084 1167 1238 1285 1332 1390 1417 1467 1563 1581 1644 1675 1728 1784 1868 1912 1974 2002 2065 2159 2198 2256 2274 2333 2402 2458 2536 2587 2616 2665 2740 2761 2854 2908 2955 2991
4 46 63 137 207 232 286 343 425 463 537 541 606 679 713 794 859 896 941 1022 1054 1093 1160 1212 1242 1340 1359 1438 1499 1520 1581 1640 1686 1771 1784 1839 1932 1997 2050 2056 2135 2201 2237 2274 2358 2410 2457 2488 2554 2632 2653 2724 2773 2846 2911 2955 2991
7 46 63 148 170 222 296 343 402 450 529 551 632 690 717 781 829 917 923 1006 1074 1115 1170 1225 1242 1337 1395 1410 1488 1520 1588 1670 1675 1779 1822 1859 1922 1978 2050 2075 2135 2204 2217 2303 2336 2426 2447 2488 2549 2594 2663 2748 2785 2835 2890 2929 2984
4 46 64 122 198 231 315 334 391 470 512 552 647 656 746 797 812 898 928 995 1052 1131 1165 1206 1273 1346 1393 1405 1483 1551 1615 1656 1704 1777 1825 1840 1898 1978 2040 2054 2112 2167 2249 2307 2352 2428 2448 2501 2543 2620 2669 2700 2802 2830 2881 2937 2995
4 46 64 144 176 253 288 356 420 447 516 568 647 652 738 808 813 870 948 993 1069 1084 1141 1238 1269 1313 1375 1405 1477 1561 1615 1665 1687 1767 1796 1844 1912 1956 2015 2053 2141 2192 2261 2289 2332 2417 2454 2527 2589 2620 2655 2700 2788 2832 2908 2955 2995
7 46 67 118 197 222 292 343 430 450 489 552 600 670 746 761 838 892 943 1017 1052 1088 1183 1206 1273 1325 1383 1442 1500 1528 1588 1657 1709 1759 1786 1878 1941 1978 2023 2079 2159 2176 2257 2269 2372 2390 2468 2525 2579 2594 2654 2748 2754 2858 2881 2928 2979
7 46 67 133 199 259 303 377 380 483 489 574 595 648 729 805 860 892 958 988 1037 1116 1152 1237 1259 1309 1373 1416 1478 1542 1576 1629 1687 1759 1829 1844 1908 1978 2023 2096 2126 2205 2221 2274 2350 2406 2466 2525 2563 2644 2690 2704 2776 2813 2904 2955 2991
7 46 68 144 193 266 321 358 426 477 502 568 606 672 724 770 851 870 941 989 1047 1093 1161 1230 1244 1348 1359 1425 1508 1530 1604 1664 1713 1747 1782 1839 1915 1997 2042 2093 2107 2165 2225 2301 2362 2410 2456 2491 2548 2628 2650 2732 2762 2839 2910 2928 2998
7 46 68 155 213 219 300 325 378 456 504 568 614 693 725 783 824 917 940 1024 1075 1120 1149 1217 1261 1312 1375 1417 1480 1514 1604 1660 1713 1746 1830 1886 1897 1950 2042 2061 2141 2194 2218 2280 2365 2381 2438 2491 2580 2624 2657 2736 2779 2852 2899 2949 2998
7 46 69 144 190 225 312 358 397 453 510 546 647 679 754 792 818 892 941 988 1071 1088 1136 1239 1269 1318 1364 1425 1477 1561 1606 1668 1686 1776 1809 1839 1907 1957 2009 2058 2139 2164 2258 2269 2360 2410 2430 2527 2588 2606 2651 2724 2795 2839 2906 2955 3001
4 46 69 150 205 248 306 352 397 435 535 551 614 658 739 760 860 898 965 1023 1026 1086 1167 1204 1290 1325 1369 1457 1472 1537 1606 1644 1680 1755 1809 1858 1934 1978 2040 2060 2118 2196 2232 2269 2374 2378 2475 2495 2546 2616 2688 2715 2759 2831 2890 2955 3001
7 46 70 117 185 253 294 362 404 460 499 551 647 666 738 806 834 865 939 1002 1053 1101 1134 1238 1285 1306 1392 1410 1462 1564 1611 1669 1695 1761 1814 1838 1895 1974 2007 2059 2141 2192 2254 2281 2359 2423 2432 2535 2580 2607 2663 2707 2794 2823 2908 2949 2989
7 46 71 115 178 258 315 352 422 454 512 552 626 662 715 780 858 902 922 1003 1029 1131 1139 1197 1265 1331 1393 1425 1499 1541 1568 1671 1686 1769 1798 1846 1907 1997 2047 2078 2112 2185 2234 2303 2362 2428 2440 2522 2570 2639 2685 2721 2782 2808 2896 2917 2976
7 46 72 122 212 229 299 325 393 466 526 552 614 691 727 783 857 898 928 1008 1067 1080 1137 1236 1259 1332 1358 1416 1483 1551 1584 1644 1707 1733 1789 1888 1918 1974 2025 2084 2144 2202 2252 2274 2367 2380 2452 2516 2587 2600 2665 2751 2756 2830 2873 2969 3015
7 46 72 130 203 244 293 352 429 470 525 552 600 666 702 793 835 865 965 999 1055 1089 1169 1192 1282 1299 1365 1457 1509 1517 1611 1652 1707 1745 1791 1838 1942 1983 2030 2097 2141 2208 2257 2280 2371 2397 2440 2511 2561 2607 2681 2707 2768 2852 2870 2937 2987
7 46 74 144 187 267 320 356 417 475 507 546 605 648 719 784 844 892 948 983 1042 1105 1161 1208 1249 1331 1355 1405 1508 1530 1576 1666 1713 1770 1807 1844 1921 1997 2045 2093 2126 2169 2231 2303 2370 2417 2443 2486 2576 2644 2679 2704 2757 2832 2907 2929 2984
7 46 75 127 194 264 296 343 399 442 531 552 628 681 702 779 825 896 935 996 1055 1132 1151 1192 1282 1345 1393 1416 1489 1538 1609 1662 1675 1763 1784 1845 1899 1983 2048 2091 2112 2188 2229 2321 2325 2427 2468 2489 2575 2617 2665 2714 2761 2854 2870 2946 3018
7 46 75 145 192 225 300 362 391 446 511 552 647 666 754 806 810 883 934 995 1053 1097 1158 1239 1287 1312 1370 1433 1490 1547 1614 1660 1675 1768 1808 1843 1898 1950 2003 2054 2139 2164 2249 2280 2359 2420 2437 2534 2580 2613 2657 2702 2803 2837 2906 2951 3013
7 46 76 159 201 218 307 335 418 439 517 574 622 689 749 767 820 902 961 1003 1051 1130 1178 1210 1256 1323 1385 1410 1476 1521 1603 1636 1695 1752 1790 1864 1895 1956 2001 2071 2159 2182 2241 2301 2338 2421 2444 2519 2586 2610 2646 2749 2758 2860 2905 2917 3000
4 46 77 111 203 229 288 335 414 440 516 568 605 684 744 774 858 883 926 999 1028 1084 1185 1210 1264 1340 1375 1442 1511 1522 1569 1638 1707 1745 1820 1867 1940 1997 2038 2095 2141 2185 2259 2274 2371 2417 2440 2499 2545 2626 2662 2723 2782 2808 2910 2917 3002
7 46 77 133 214 244 272 343 412 447 506 568 595 693 750 783 818 898 923 1023 1067 1122 1178 1212 1259 1314 1397 1410 1478 1542 1598 1627 1707 1738 1806 1886 1903 1957 2013 2069 2159 2160 2223 2280 2365 2398 2433 2525 2587 2630 2684 2736 2784 2850 2873 2955 2973
4 46 78 112 213 231 273 334 419 470 519 560 595 652 709 766 829 870 958 1016 1047 1116 1169 1207 1289 1319 1373 1457 1509 1534 1615 1652 1713 1737 1799 1844 1939 1978 2012 2097 2141 2204 2242 2298 2374 2406 2447 2528 2553 2620 2687 2700 2785 2835 2864 2929 2980
4 46 79 116 176 251 311 356 385 477 501 568 614 695 739 758 813 865 932 982 1033 1128 1177 1215 1286 1345 1361 1410 1510 1529 1571 1648 1709 1767 1813 1878 1890 1983 2030 2104 2118 2192 2218 2321 2343 2401 2454 2504 2556 2642 2684 2722 2777 2843 2877 2928 3011
7 46 79 122 170 261 284 362 408 468 530 574 614 690 729 781 862 876 939 1006 1037 1098 1165 1237 1259 1323 1357 1410 1483 1551 1571 1658 1704 1746 1790 1883 1926 1978 2018 2054 2107 2203 2238 2280 2336 2378 2481 2516 2586 2642 2646 2722 2758 2818 2904 2969 3011
7 46 80 112 171 264 278 352 396 457 537 560 626 687 730 780 818 870 944 993 1057 1124 1176 1204 1277 1329 1368 1438 1481 1562 1608 1634 1675 1780 1819 1868 1896 1957 2041 2099 2117 2160 2216 2321 2337 2395 2433 2530 2541 2602 2670 2717 2784 2850 2900 2955 3020
7 46 80 145 170 247 279 334 415 472 538 560 628 673 728 799 854 876 946 1006 1048 1087 1158 1228 1292 1317 1354 1436 1490 1547 1608 1635 1675 1779 1801 1884 1920 1950 2041 2054 2135 2180 2238 2307 2336 2376 2447 2530 2585 2608 2648 2711 2761 2824 2867 2969 3020
7 46 81 117 175 266 311 358 422 477 496 551 614 651 707 779 857 865 933 981 1055 1110 1177 1213 1250 1345 1367 1417 1511 1516 1604 1648 1707 1753 1789 1861 1909 1997 2046 2103 2112 2183 2232 2307 2356 2416 2473 2484 2575 2628 2665 2732 2756 2830 2903 2946 2985
4 46 83 127 171 243 318 377 381 473 486 572 622 650 747 804 861 876 962 987 1048 1117 1151 1223 1247 1320 1377 1410 1489 1538 1603 1631 1675 1732 1816 1843 1922 1983 2006 2091 2117 2203 2239 2289 2343 2392 2482 2526 2581 2641 2660 2719 2763 2826 2913 2951 2993
7 46 83 130 214 240 297 334 427 464 486 541 614 657 741 773 831 876 960 1016 1045 1090 1169 1205 1268 1311 1398 1438 1509 1517 1590 1658 1707 1732 1801 1850 1931 1983 2006 2097 2159 2175 2242 2298 2373 2401 2439 2526 2583 2595 2653 2734 2756 2857 2893 2922 3007
4 46 83 135 193 224 291 335 427 445 491 572 628 672 753 770 854 875 956 989 1036 1125 1159 1231 1246 1343 1400 1425 1507 1512 1590 1663 1675 1754 1801 1869 1917 1997 2039 2062 2144 2178 2255 2298 2362 2412 2449 2492 2559 2626 2648 2703 2761 2824 2914 2922 3007
4 46 83 158 210 222 279 334 412 434 490 572 600 689 746 772 848 902 963 997 1056 1131 1181 1206 1268 1310 1402 1433 1481 1517 1603 1642 1675 1728 1785 1864 1898 1957 2006 2094 2159 2176 2228 2303 2333 2419 2458 2526 2578 2610 2671 2749 2786 2845 2881 2937 2993
4 46 83 160 184 248 300 362 396 456 511 572 614 661 739 781 855 917 969 1019 1074 1124 1149 1204 1242 1312 1370 1438 1468 1516 1590 1660 1675 1733 1831 1845 1896 1956 2039 2073 2118 2196 2216 2274 2364 2393 2480 2492 2549 2595 2689 2734 2781 2853 2890 2946 3007
7 46 84 137 213 241 284 352 392 480 530 541 605 674 744 802 844 896 955 1024 1076 1082 1134 1235 1247 1333 1357 1410 1466 1552 1583 1649 1713 1746 1807 1885 1911 1957 2018 2055 2141 2174 2224 2289 2365 2394 2438 2511 2574 2602 2679 2742 2757 2832 2884 2969 3010
7 46 84 158 170 225 276 358 388 453 530 578 614 651 706 779 853 896 954 986 1055 1107 1181 1188 1282 1314 1366 1457 1481 1517 1606 1622 1675 1746 1824 1869 1938 1957 2018 2094 2135 2212 2240 2280 2356 2414 2481 2511 2575 2606 2695 2724 2781 2855 2870 2922 2986
7 46 84 159 192 264 291 335 402 457 491 578 605 697 730 774 814 898 961 995 1033 1115 1148 1225 1286 1343 1400 1410 1467 1529 1583 1663 1675 1768 1797 1864 1922 1974 2025 2086 2139 2160 2217 2321 2359 2421 2437 2504 2540 2602 2668 2742 2764 2860 2877 2937 3010
7 46 85 112 168 224 318 377 392 445 513 546 632 684 753 806 829 883 958 974 1053 1083 1176 1240 1287 1306 1350 1416 1481 1562 1569 1646 1675 1744 1822 1867 1899 1957 2036 2099 2141 2178 2236 2298 2340 2384 2474 2521 2580 2626 2663 2723 2785 2835 2906 2949 2994
7 46 85 130 162 232 314 377 401 463 500 541 626 658 743 808 835 876 965 980 1069 1098 1160 1237 1287 1313 1357 1433 1463 1562 1591 1640 1680 1756 1816 1858 1926 1965 2036 2092 2141 2171 2245 2280 2326 2378 2478 2521 2589 2632 2655 2715 2768 2852 2889 2955 2973
4 46 87 115 197 260 309 343 420 451 509 552 595 691 709 783 838 902 922 1022 1075 1100 1160 1190 1278 1312 1365 1433 1499 1541 1575 1651 1727 1759 1808 1888 1937 1956 2001 2056 2141 2176 2237 2274 2367 2386 2468 2508 2580 2609 2657 2751 2803 2808 2880 2949 2983
7 46 87 126 201 268 305 358 403 475 517 552 622 667 706 782 831 875 925 989 1066 1107 1161 1188 1272 1346 1387 1405 1508 1548 1575 1666 1727 1752 1825 1880 1938 1983 2001 2093 2126 2170 2225 2301 2353 2392 2444 2508 2543 2643 2669 2718 2802 2810 2870 2922 2983
7 46 89 152 176 257 292 343 400 481 489 593 622 700 713 760 841 870 935 993 1026 1093 1153 1212 1270 1325 1383 1416 1465 1527 1612 1657 1709 1752 1787 1887 1932 1945 2031 2053 2118 2177 2261 2301 2332 2385 2470 2523 2546 2619 2688 2744 2780 2828 2911 2955 3021
7 46 90 123 205 220 285 334 412 458 527 568 595 652 724 766 846 902 946 1023 1047 1104 1154 1230 1244 1335 1361 1436 1503 1519 1596 1651 1680 1755 1785 1836 1903 1997 2047 2069 2118 2210 2223 2289 2374 2424 2475 2503 2553 2633 2671 2708 2786 2847 2910 2951 2993
7 46 90 152 172 240 315 334 385 464 512 546 628 661 716 799 841 917 935 1020 1073 1132 1171 1198 1244 1346 1393 1425 1474 1519 1590 1656 1704 1769 1823 1845 1894 1983 2047 2080 2118 2199 2214 2301 2347 2427 2446 2503 2560 2595 2651 2734 2780 2828 2883 2917 3000
7 46 91 134 176 235 303 377 378 449 489 560 622 650 728 804 826 865 967 982 1048 1109 1185 1228 1292 1309 1373 1442 1502 1557 1582 1629 1687 1752 1830 1855 1897 1950 2031 2104 2141 2191 2218 2301 2343 2413 2470 2521 2581 2637 2672 2707 2765 2851 2867 2928 2998
7 46 93 111 196 265 305 358 397 459 517 560 605 673 720 799 840 892 918 981 1073 1095 1177 1195 1264 1346 1387 1410 1511 1522 1583 1666 1727 1731 1809 1884 1934 1978 2023 2103 2118 2197 2232 2307 2336 2404 2453 2499 2560 2634 2651 2711 2795 2816 2864 2917 3001
4 46 93 155 185 233 307 335 419 476 517 593 632 688 753 764 824 892 940 1009 1030 1125 1141 1231 1252 1323 1385 1405 1460 1533 1597 1636 1695 1731 1793 1841 1917 1978 2023 2070 2141 2169 2263 2280 2352 2426 2464 2499 2538 2611 2694 2726 2779 2852 2914 2922 2986
4 46 95 133 175 218 297 334 421 439 534 574 632 671 723 759 832 892 958 981 1050 1083 1178 1198 1281 1333 1350 1457 1478 1542 1616 1636 1707 1753 1827 1867 1942 1957 2009 2069 2112 2207 2265 2289 2356 2384 2473 2501 2570 2610 2683 2737 2804 2813 2876 2917 2997
7 46 95 150 186 268 288 335 415 483 516 574 614 683 706 794 831 875 940 975 1054 1120 1143 1196 1290 1340 1375 1405 1472 1537 1594 1638 1707 1767 1801 1886 1920 1950 2015 2086 2135 2170 2238 2321 2354 2381 2444 2495 2554 2636 2653 2746 2756 2857 2862 2955 3020
7 46 97 118 166 237 301 325 395 446 521 552 626 656 704 786 852 892 966 998 1062 1095 1173 1195 1291 1299 1387 1457 1475 1553 1618 1645 1680 1778 1791 1836 1934 1956 2043 2083 2126 2207 2234 2307 2363 2404 2452 2512 2561 2601 2681 2704 2768 2834 2880 2951 3022
7 46 97 130 198 260 285 334 382 451 527 552 632 681 717 759 812 865 960 1002 1057 1128 1160 1215 1277 1335 1361 1438 1463 1562 1617 1651 1680 1777 1792 1850 1890 1965 2026 2092 2135 2167 2222 2321 2345 2401 2448 2530 2562 2609 2661 2709 2775 2857 2900 2949 3023
4 46 97 144 184 235 307 343 387 476 521 546 632 661 733 781 851 892 941 1019 1037 1103 1141 1227 1283 1323 1381 1438 1477 1561 1617 1636 1687 1778 1786 1870 1904 1956 2043 2053 2107 2186 2236 2301 2364 2379 2434 2512 2586 2609 2646 2709 2762 2839 2878 2969 3023
4 46 97 145 178 229 306 352 387 466 535 552 628 667 744 782 858 883 934 1012 1031 1082 1137 1235 1292 1325 1369 1442 1490 1547 1617 1644 1680 1769 1786 1880 1911 1945 2026 2076 2117 2185 2229 2301 2353 2383 2440 2530 2579 2600 2654 2718 2754 2837 2884 2969 3023
7 46 98 144 197 255 318 325 429 448 513 546 606 653 716 778 813 892 948 1017 1073 1083 1175 1198 1244 1320 1350 1436 1508 1530 1586 1631 1727 1765 1791 1876 1942 1983 2014 2079 2141 2184 2257 2289 2372 2384 2462 2491 2581 2623 2660 2726 2788 2832 2883 2928 2987
7 46 98 157 162 229 301 325 404 466 523 593 605 700 744 766 821 902 945 980 1047 1130 1157 1210 1244 1319 1385 1425 1495 1530 1584 1623 1680 1756 1814 1879 1895 1974 2014 2082 2141 2185 2254 2301 2326 2421 2478 2491 2553 2600 2687 2751 2771 2851 2910 2929 2989
7 46 103 123 202 268 303 335 394 483 508 578 595 698 712 778 810 892 956 998 1073 1103 1152 1203 1244 1309 1353 1425 1503 1519 1594 1629 1727 1758 1793 1872 1929 1950 2035 2071 2117 2164 2246 2301 2327 2408 2437 2503 2581 2636 2672 2746 2803 2837 2883 2951 3012
4 46 103 129 196 251 310 334 388 482 515 578 614 699 739 773 834 870 928 986 1070 1080 1156 1215 1249 1321 1358 1405 1506 1514 1594 1625 1727 1751 1799 1888 1938 1974 2035 2094 2118 2192 2240 2303 2331 2380 2432 2503 2557 2638 2678 2744 2794 2823 2877 2949 3012
7 46 103 155 169 247 273 334 421 472 508 593 626 696 721 784 815 892 960 976 1042 1088 1149 1206 1249 1327 1383 1438 1480 1514 1608 1645 1713 1758 1827 1862 1941 1950 2035 2061 2118 2186 2266 2269 2322 2390 2471 2503 2576 2608 2683 2711 2804 2831 2907 2937 2997
4 46 105 110 188 257 276 325 382 481 530 578 606 698 713 778 850 875 950 1013 1068 1107 1170 1236 1256 1298 1366 1410 1482 1545 1610 1639 1709 1747 1792 1872 1890 1965 2016 2082 2135 2177 2222 2301 2327 2414 2461 2493 2585 2619 2668 2746 2769 2833 2887 2969 3023
4 46 105 114 187 266 273 334 382 468 519 574 600 689 707 772 857 865 936 1020 1056 1109 1171 1228 1262 1319 1373 1417 1474 1556 1610 1652 1713 1742 1792 1885 1897 1974 2007 2080 2126 2183 2214 2301 2333 2413 2473 2502 2578 2638 2661 2727 2775 2810 2888 2969 3023
7 46 105 123 185 230 312 334 405 453 499 578 647 656 741 797 842 892 946 1009 1052 1090 1136 1205 1262 1318 1374 1436 1465 1556 1618 1668 1709 1761 1827 1836 1931 1945 2007 2070 2126 2184 2263 2281 2352 2424 2432 2502 2543 2601 2696 2704 2790 2847 2893 2922 3014
7 46 106 132 210 260 310 334 405 451 494 572 628 661 709 799 848 892 921 983 1073 1116 1164 1207 1264 1300 1379 1442 1498 1526 1617 1647 1727 1728 1827 1870 1939 1965 2002 2068 2107 2176 2255 2274 2347 2399 2458 2494 2560 2609 2696 2709 2790 2841 2864 2929 3014
7 46 106 137 201 251 317 352 395 482 506 572 606 689 739 767 813 865 955 1003 1074 1086 1139 1204 1242 1338 1352 1410 1499 1520 1610 1643 1727 1743 1791 1885 1934 1956 2008 2078 2126 2192 2234 2303 2338 2394 2454 2488 2563 2638 2660 2727 2788 2832 2890 2955 3022
7 47 54 116 173 218 321 336 408 471 526 564 601 664 723 773 852 892 966 998 1050 1083 1178 1220 1294 1326 1391 1457 1466 1549 1616 1657 1684 1762 1793 1879 1929 1949 2043 2054 2124 2206 2243 2283 2358 2395 2452 2508 2565 2598 2681 2716 2755 2821 2882 2967 3002
4 47 55 160 173 267 271 330 393 463 528 554 619 651 743 784 855 917 956 1008 1065 1128 1161 1208 1275 1306 1363 1454 1483 1532 1605 1654 1684 1750 1831 1844 1933 1974 2044 2069 2124 2200 2231 2282 2348 2385 2465 2506 2568 2629 2679 2745 2754 2832 2866 2921 2975
7 47 56 125 194 228 274 352 416 480 525 553 599 671 744 802 844 871 942 1021 1060 1100 1177 1234 1254 1337 1382 1414 1475 1547 1574 1640 1689 1758 1819 1888 1892 1970 2027 2067 2156 2161 2220 2287 2322 2396 2440 2511 2579 2600 2697 2738 2785 2836 2884 2969 3015
7 47 56 130 165 268 301 374 415 455 515 553 604 696 726 800 831 888 960 1014 1043 1113 1179 1214 1277 1345 1361 1409 1493 1523 1574 1620 1689 1767 1821 1849 1921 1951 2027 2092 2135 2181 2265 2321 2341 2377 2463 2511 2554 2630 2652 2709 2756 2856 2879 2935 3015
7 47 59 118 197 236 288 330 422 465 529 553 608 670 754 791 837 892 919 998 1071 1088 1173 1225 1242 1337 1398 1414 1488 1543 1568 1624 1679 1745 1819 1878 1897 1963 2014 2080 2159 2184 2217 2294 2334 2389 2447 2533 2579 2613 2697 2747 2785 2843 2885 2967 3009
7 47 61 150 162 267 293 352 406 463 538 545 612 654 743 771 845 914 964 1004 1069 1112 1167 1192 1290 1313 1371 1457 1459 1524 1611 1648 1684 1751 1809 1838 1929 1951 2036 2062 2131 2200 2245 2282 2371 2397 2475 2493 2555 2629 2683 2739 2766 2831 2881 2931 2973
7 47 62 128 188 226 306 330 421 466 530 564 608 670 734 791 850 869 939 1008 1071 1085 1161 1237 1265 1347 1388 1423 1483 1564 1579 1651 1704 1731 1802 1882 1905 1954 2006 2069 2156 2190 2231 2282 2334 2378 2458 2523 2579 2593 2689 2743 2758 2842 2862 2969 3019
7 47 62 132 200 257 297 330 420 436 489 568 647 663 742 806 841 873 935 974 1026 1091 1166 1222 1265 1325 1375 1418 1479 1564 1615 1660 1700 1772 1783 1853 1912 1949 2006 2073 2156 2211 2260 2287 2328 2412 2467 2523 2570 2611 2657 2744 2788 2836 2908 2931 2982
4 47 64 131 188 252 274 337 420 483 525 553 619 665 740 772 818 881 970 984 1042 1100 1174 1190 1291 1315 1382 1457 1504 1512 1600 1662 1704 1756 1795 1861 1936 1949 2029 2087 2156 2204 2237 2275 2358 2396 2432 2517 2582 2623 2694 2727 2763 2847 2868 2926 2971
7 47 64 140 207 224 284 341 409 480 535 553 604 670 710 768 862 914 939 1013 1052 1118 1154 1232 1270 1312 1356 1411 1462 1551 1567 1664 1704 1728 1810 1882 1926 1959 2031 2093 2111 2198 2265 2294 2357 2378 2453 2515 2574 2604 2664 2743 2778 2829 2865 2969 3004
7 47 65 120 213 255 270 348 395 462 531 558 644 692 735 795 829 878 927 1003 1028 1132 1145 1209 1288 1345 1373 1433 1459 1554 1593 1652 1684 1768 1799 1844 1914 1951 2034 2086 2119 2164 2242 2321 2359 2414 2472 2507 2544 2620 2662 2703 2798 2858 2883 2921 3006
7 47 69 130 193 248 322 377 397 432 509 564 612 686 732 801 811 877 964 1023 1029 1112 1179 1227 1268 1333 1371 1433 1493 1523 1582 1644 1689 1755 1830 1838 1894 1951 2016 2092 2111 2171 2255 2318 2359 2397 2464 2521 2546 2641 2655 2706 2767 2852 2890 2926 3014
7 47 69 135 214 218 300 329 426 471 512 564 622 648 748 802 843 871 948 1010 1060 1081 1178 1230 1254 1347 1383 1423 1461 1538 1582 1657 1689 1752 1802 1869 1902 1958 2016 2059 2159 2182 2223 2278 2345 2387 2450 2521 2579 2598 2689 2749 2758 2849 2884 2967 3014
7 47 72 115 211 237 286 336 418 452 501 545 622 677 748 767 849 873 921 972 1027 1091 1186 1210 1255 1322 1385 1419 1496 1521 1570 1645 1681 1744 1833 1865 1924 1994 2041 2075 2159 2162 2259 2287 2354 2402 2435 2532 2572 2625 2678 2740 2791 2854 2905 2942 3012
4 47 73 143 162 257 278 352 380 451 523 545 607 677 753 767 845 917 944 1021 1059 1124 1177 1224 1269 1308 1358 1454 1475 1529 1599 1669 1700 1751 1828 1865 1928 1959 2050 2067 2115 2200 2220 2287 2354 2379 2475 2509 2539 2596 2690 2740 2776 2820 2893 2923 2991
4 47 73 153 196 254 285 337 417 438 502 545 612 690 746 769 861 892 953 983 1035 1105 1183 1191 1279 1339 1385 1411 1458 1535 1588 1636 1700 1755 1786 1859 1918 1954 2023 2084 2159 2197 2245 2318 2323 2388 2461 2536 2586 2594 2666 2747 2796 2850 2870 2930 3003
7 47 74 142 177 246 314 377 402 460 524 547 607 667 713 805 810 878 958 989 1039 1110 1160 1221 1284 1303 1386 1454 1470 1534 1599 1623 1693 1734 1834 1877 1917 1954 2000 2088 2135 2192 2232 2273 2365 2427 2479 2531 2547 2632 2685 2704 2777 2855 2863 2942 2990
7 47 74 144 173 239 281 337 417 470 528 547 619 665 702 772 851 892 949 998 1042 1090 1142 1219 1248 1344 1351 1409 1503 1550 1587 1629 1693 1750 1786 1864 1920 1997 2044 2054 2115 2205 2243 2282 2358 2410 2465 2486 2582 2644 2666 2724 2796 2859 2912 2967 3003
4 47 74 152 163 235 304 337 402 473 507 558 644 677 745 788 819 917 921 1006 1075 1115 1185 1205 1248 1341 1362 1418 1495 1550 1599 1661 1681 1770 1834 1865 1907 1974 2044 2083 2115 2208 2242 2273 2333 2402 2442 2486 2538 2596 2670 2740 2792 2816 2877 2942 2990
7 47 76 119 167 264 280 352 398 444 517 558 601 692 721 793 826 873 944 974 1077 1119 1176 1192 1282 1329 1379 1454 1481 1546 1604 1621 1688 1777 1807 1839 1923 1970 1998 2098 2111 2203 2236 2321 2361 2404 2445 2530 2569 2600 2674 2708 2772 2845 2904 2931 3023
7 47 76 159 177 237 299 329 386 465 517 553 647 665 748 792 849 873 949 1016 1038 1081 1138 1230 1276 1323 1361 1419 1500 1552 1618 1660 1693 1777 1790 1864 1902 1970 1998 2071 2135 2162 2262 2275 2338 2410 2435 2530 2564 2612 2649 2724 2799 2846 2884 2967 3008
4 47 79 116 194 243 302 336 413 456 525 568 599 663 733 762 811 888 966 972 1064 1121 1186 1239 1286 1317 1354 1457 1496 1520 1602 1641 1724 1758 1805 1879 1930 1951 2027 2075 2120 2194 2259 2287 2371 2395 2440 2487 2540 2609 2693 2717 2797 2821 2899 2926 2981
7 47 79 118 200 256 307 330 394 477 494 568 612 694 743 777 841 877 919 978 1058 1128 1134 1208 1281 1348 1359 1414 1490 1541 1578 1644 1724 1772 1800 1878 1933 1959 2001 2101 2131 2211 2230 2321 2324 2389 2467 2513 2558 2627 2671 2722 2781 2843 2866 2921 3006
4 47 80 120 200 242 310 377 398 443 537 558 601 663 730 806 818 878 966 974 1057 1083 1156 1227 1253 1341 1391 1418 1501 1513 1584 1655 1724 1764 1834 1879 1923 1949 2030 2098 2131 2163 2236 2298 2328 2395 2474 2519 2538 2628 2670 2717 2792 2817 2892 2926 2994
7 47 80 146 174 227 299 329 430 458 496 590 601 691 737 775 856 888 924 981 1067 1080 1137 1233 1293 1335 1381 1418 1503 1548 1584 1649 1693 1729 1803 1852 1913 1997 2033 2059 2120 2183 2252 2278 2370 2425 2473 2516 2542 2628 2680 2717 2775 2810 2903 2946 2994
4 47 80 150 203 239 314 377 394 470 522 590 604 680 702 796 845 869 964 991 1055 1085 1143 1237 1253 1299 1388 1433 1471 1513 1591 1628 1693 1779 1818 1858 1905 1959 2030 2100 2131 2205 2257 2282 2326 2378 2471 2519 2566 2644 2673 2720 2766 2831 2894 2923 2987
7 47 81 130 199 235 306 352 410 473 530 564 604 668 745 780 823 877 964 995 1044 1085 1174 1204 1277 1326 1388 1457 1493 1523 1606 1672 1681 1736 1793 1858 1939 1959 2001 2097 2156 2208 2214 2273 2374 2378 2438 2511 2565 2596 2681 2733 2755 2852 2878 2935 3000
7 47 81 144 178 236 291 336 410 453 497 547 647 667 754 805 837 892 969 988 1035 1125 1136 1211 1250 1338 1384 1414 1497 1556 1606 1667 1700 1763 1793 1877 1890 1994 2025 2057 2120 2184 2263 2273 2365 2417 2447 2487 2551 2625 2647 2704 2788 2840 2900 2935 3000
7 47 83 153 174 237 296 374 381 452 519 545 604 667 704 800 832 892 958 981 1042 1116 1186 1226 1291 1313 1380 1457 1482 1512 1606 1645 1693 1729 1809 1877 1934 1958 2009 2089 2120 2206 2222 2275 2370 2427 2473 2517 2555 2625 2683 2704 2766 2844 2868 2942 2998
7 47 84 120 197 221 289 348 418 434 509 554 601 651 751 784 853 881 927 984 1055 1102 1180 1188 1253 1328 1402 1433 1501 1513 1603 1642 1679 1746 1824 1844 1935 1994 2026 2074 2159 2176 2250 2282 2348 2414 2446 2519 2578 2631 2650 2745 2774 2858 2894 2926 3022
7 47 84 124 192 261 312 374 422 467 487 554 607 652 725 789 859 888 961 1000 1046 1088 1146 1225 1266 1342 1363 1414 1494 1529 1617 1643 1679 1739 1821 1856 1897 1997 2033 2078 2124 2160 2217 2298 2362 2424 2462 2512 2559 2633 2648 2742 2760 2824 2914 2923 3007
7 47 85 111 189 254 312 329 401 434 487 554 647 664 746 792 861 892 937 996 1052 1088 1155 1196 1270 1318 1363 1411 1491 1551 1616 1667 1724 1761 1827 1879 1927 1958 2009 2072 2124 2197 2266 2294 2339 2424 2461 2515 2550 2598 2682 2716 2795 2851 2865 2926 2970
7 47 85 134 165 218 273 336 423 471 513 590 647 691 748 805 830 881 935 1014 1039 1091 1170 1210 1243 1303 1375 1411 1489 1545 1616 1665 1689 1767 1806 1853 1924 1949 2029 2103 2135 2182 2254 2278 2341 2412 2463 2495 2547 2598 2685 2716 2806 2833 2905 2942 2970
7 47 87 149 214 262 305 329 410 454 502 564 604 657 704 764 843 881 937 995 1070 1095 1168 1194 1278 1321 1367 1411 1499 1563 1567 1632 1727 1752 1813 1884 1939 1994 2026 2097 2120 2182 2214 2298 2360 2419 2450 2516 2541 2635 2675 2713 2794 2812 2901 2930 2980
7 47 88 120 190 252 286 336 378 463 521 554 644 652 740 789 818 881 966 1002 1047 1095 1167 1194 1288 1319 1367 1457 1459 1554 1607 1648 1681 1754 1806 1856 1939 1954 2010 2062 2131 2204 2247 2298 2362 2419 2432 2507 2558 2643 2698 2742 2792 2817 2864 2921 3016
7 47 88 124 163 253 290 341 429 484 532 554 599 679 710 786 858 888 934 1006 1054 1118 1158 1232 1268 1328 1352 1433 1476 1547 1612 1641 1681 1770 1824 1885 1926 1958 2021 2079 2115 2169 2246 2318 2333 2382 2442 2496 2578 2615 2650 2700 2774 2853 2865 2969 3011
7 47 89 128 210 256 319 330 381 477 500 545 604 690 753 757 814 888 939 981 1059 1118 1157 1224 1269 1327 1356 1423 1511 1536 1578 1620 1727 1771 1811 1882 1934 1959 2015 2089 2119 2201 2222 2318 2335 2378 2449 2502 2549 2627 2677 2722 2794 2842 2893 2946 2996
7 47 89 160 167 246 288 330 400 472 529 593 622 692 713 793 810 878 956 974 1056 1092 1166 1189 1269 1337 1398 1454 1479 1536 1593 1624 1679 1744 1817 1844 1932 1970 2015 2073 2119 2192 2260 2287 2361 2385 2479 2502 2589 2620 2688 2703 2800 2832 2896 2926 2981
7 47 91 150 198 265 297 348 402 464 489 590 612 688 717 798 812 869 940 1003 1045 1115 1145 1205 1290 1335 1375 1418 1459 1524 1590 1650 1681 1772 1803 1871 1907 1954 2006 2086 2135 2166 2242 2321 2373 2388 2469 2493 2542 2592 2680 2746 2775 2856 2906 2931 3023
4 47 92 148 170 236 297 330 393 465 489 590 604 690 726 757 833 917 953 1020 1059 1115 1138 1206 1273 1325 1375 1419 1500 1563 1568 1660 1700 1736 1831 1859 1906 1963 2042 2071 2135 2212 2257 2273 2335 2388 2468 2522 2549 2613 2679 2747 2754 2855 2889 2930 2975
7 47 92 149 188 248 307 330 424 432 494 564 607 664 713 773 850 881 937 984 1053 1092 1179 1189 1273 1348 1359 1409 1499 1563 1572 1644 1724 1731 1804 1879 1932 1997 2042 2087 2135 2190 2237 2283 2358 2424 2458 2522 2562 2641 2667 2716 2787 2812 2896 2926 2972
7 47 94 146 201 268 318 336 389 470 504 590 622 679 726 767 831 888 924 1000 1059 1096 1142 1206 1273 1308 1393 1409 1503 1548 1612 1629 1727 1732 1805 1885 1925 1963 2040 2054 2115 2181 2241 2283 2352 2392 2463 2535 2539 2615 2690 2700 2801 2810 2889 2923 3005
7 47 94 152 205 258 302 336 378 478 490 593 601 683 703 773 819 881 921 988 1053 1109 1136 1199 1273 1316 1389 1419 1497 1548 1601 1642 1724 1747 1806 1863 1922 1970 2040 2057 2115 2173 2263 2273 2338 2404 2478 2535 2562 2614 2698 2712 2792 2816 2896 2946 3016
4 47 95 131 200 244 303 377 421 462 516 558 622 669 728 803 818 877 970 978 1048 1097 1165 1223 1276 1297 1376 1419 1458 1557 1570 1631 1700 1764 1830 1857 1906 1954 2049 2101 2156 2163 2230 2275 2324 2400 2474 2526 2581 2632 2659 2733 2763 2847 2874 2921 2989
7 47 96 115 189 256 301 337 399 477 496 545 619 683 743 772 847 873 921 996 1069 1119 1157 1192 1290 1345 1379 1418 1496 1521 1589 1620 1724 1761 1784 1863 1923 1951 1999 2104 2124 2211 2235 2321 2339 2404 2461 2497 2554 2627 2652 2712 2793 2854 2881 2946 3017
7 47 96 145 192 221 300 337 389 471 519 590 622 680 717 760 810 871 970 1000 1045 1097 1178 1205 1290 1347 1376 1457 1466 1521 1613 1657 1679 1739 1817 1857 1925 1954 1999 2054 2124 2209 2241 2282 2362 2400 2462 2497 2580 2594 2688 2721 2800 2832 2906 2942 2992
4 47 96 151 193 236 299 341 413 465 496 590 647 686 754 801 827 873 934 1023 1034 1080 1138 1211 1251 1323 1381 1433 1478 1560 1613 1660 1679 1761 1794 1842 1935 1951 1999 2093 2120 2184 2254 2294 2359 2425 2457 2497 2541 2613 2673 2702 2790 2825 2900 2930 2992
4 47 97 145 213 227 309 377 384 458 490 590 619 674 724 790 855 871 970 1009 1027 1100 1137 1234 1255 1325 1382 1419 1466 1521 1583 1649 1684 1769 1831 1861 1892 1949 2018 2096 2119 2195 2253 2287 2353 2396 2471 2532 2549 2628 2679 2718 2754 2832 2905 2946 2985
7 47 98 129 202 264 303 348 404 444 516 558 604 671 745 756 814 871 938 1007 1075 1097 1176 1205 1248 1306 1376 1409 1505 1514 1574 1621 1727 1779 1811 1888 1925 1974 2035 2074 2156 2180 2226 2282 2367 2400 2472 2524 2570 2600 2677 2738 2794 2842 2877 2931 2973
7 47 98 157 203 227 296 374 386 468 516 593 607 687 724 789 855 871 950 991 1047 1081 1151 1230 1244 1319 1383 1419 1474 1518 1569 1638 1693 1779 1820 1867 1902 1974 2035 2095 2131 2195 2262 2278 2326 2387 2471 2524 2558 2618 2698 2728 2777 2808 2909 2921 2977
4 47 99 116 167 251 299 341 429 458 517 568 601 694 719 777 853 888 931 1011 1046 1113 1137 1214 1294 1335 1361 1419 1466 1549 1601 1649 1679 1777 1824 1878 1921 1954 1998 2096 2119 2177 2251 2321 2324 2377 2445 2508 2571 2603 2650 2722 2774 2858 2886 2967 3011
4 47 99 137 186 262 278 348 429 474 523 545 608 683 704 772 843 881 946 999 1042 1124 1135 1226 1291 1344 1358 1411 1469 1543 1601 1633 1704 1780 1824 1863 1926 1958 2022 2086 2115 2182 2246 2321 2339 2379 2450 2484 2582 2614 2666 2712 2758 2849 2868 2967 3011
4 47 102 125 201 262 310 374 385 454 527 553 608 659 704 788 830 871 945 1000 1075 1116 1146 1226 1258 1341 1401 1423 1494 1528 1579 1655 1727 1732 1820 1870 1934 1949 2018 2078 2115 2182 2217 2298 2352 2407 2463 2529 2538 2635 2670 2701 2806 2833 2868 2942 2978
7 47 102 143 213 239 302 374 379 484 490 593 619 692 702 795 845 869 944 1003 1032 1109 1158 1219 1258 1317 1389 1433 1476 1528 1575 1641 1688 1769 1825 1839 1900 1951 2018 2079 2115 2205 2249 2287 2359 2404 2471 2529 2540 2630 2693 2708 2776 2820 2912 2931 2982
7 47 103 129 197 249 318 336 423 433 529 547 608 675 733 759 834 881 951 984 1070 1121 1176 1239 1280 1304 1370 1454 1505 1514 1598 1633 1727 1745 1806 1875 1930 1974 2014 2074 2111 2187 2250 2294 2348 2380 2447 2490 2546 2602 2685 2730 2806 2829 2899 2926 2970
7 47 105 131 201 218 313 374 412 438 504 553 622 651 748 782 830 881 956 1002 1038 1092 1183 1230 1276 1312 1398 1411 1458 1557 1603 1636 1684 1732 1810 1844 1891 1970 2040 2084 2159 2182 2225 2283 2350 2385 2463 2526 2574 2631 2664 2745 2778 2860 2884 2921 3001
7 47 106 111 197 265 303 348 385 464 512 554 607 682 708 778 853 892 959 998 1072 1116 1163 1226 1264 1297 1380 1423 1498 1544 1590 1631 1727 1746 1791 1876 1934 1954 2023 2080 2111 2176 2217 2275 2334 2427 2446 2505 2581 2592 2659 2746 2803 2828 2864 2967 3008
4 47 106 147 193 228 285 348 423 480 502 593 644 692 744 795 821 873 946 1023 1028 1091 1154 1210 1264 1311 1385 1411 1462 1544 1604 1664 1689 1755 1782 1839 1924 1974 2023 2093 2111 2161 2254 2287 2359 2402 2464 2505 2544 2600 2695 2708 2786 2839 2909 2930 2993
7 48 54 143 182 266 281 331 408 451 510 555 607 650 753 779 837 917 955 1021 1070 1113 1177 1213 1276 1304 1378 1445 1465 1518 1599 1668 1712 1739 1834 1861 1935 1945 2044 2056 2110 2199 2232 2310 2353 2398 2469 2513 2553 2601 2665 2741 2757 2830 2894 2933 2981
7 48 54 152 200 233 298 328 387 477 510 577 636 651 707 777 841 917 933 1012 1061 1127 1160 1231 1248 1318 1363 1421 1490 1546 1578 1654 1690 1739 1823 1855 1909 1945 2044 2103 2113 2209 2264 2282 2349 2385 2450 2513 2575 2622 2671 2752 2756 2832 2869 2958 3003
7 48 55 112 180 245 301 325 411 466 530 582 610 669 727 783 857 872 925 1024 1064 1107 1179 1234 1263 1347 1384 1441 1476 1561 1591 1647 1690 1743 1792 1872 1890 1958 2022 2082 2147 2173 2226 2272 2325 2382 2438 2516 2578 2614 2696 2737 2774 2853 2873 2969 3011
4 48 55 126 166 249 280 336 387 461 505 555 610 683 728 762 840 905 921 1016 1060 1119 1147 1239 1286 1342 1388 1441 1467 1526 1591 1646 1717 1777 1815 1858 1940 1945 2030 2099 2113 2205 2234 2321 2329 2403 2447 2508 2566 2614 2646 2737 2766 2860 2894 2920 3011
4 48 56 113 212 261 289 328 386 449 524 553 647 680 736 797 842 879 946 991 1050 1104 1139 1216 1278 1326 1361 1412 1465 1547 1618 1670 1712 1767 1797 1836 1902 1945 2026 2095 2148 2186 2261 2309 2332 2422 2481 2506 2540 2622 2670 2712 2799 2844 2884 2932 2988
7 48 56 132 213 263 280 366 408 444 524 577 635 692 745 791 820 879 920 998 1032 1129 1162 1193 1277 1342 1371 1420 1481 1548 1585 1646 1688 1767 1794 1860 1907 1945 2026 2086 2110 2180 2259 2321 2354 2407 2480 2506 2566 2600 2646 2715 2787 2850 2869 2924 3023
4 48 56 159 186 228 276 325 389 479 521 553 635 671 727 787 844 868 950 1013 1046 1107 1154 1234 1280 1300 1356 1420 1509 1551 1585 1664 1712 1764 1813 1880 1890 1987 2020 2061 2122 2189 2248 2276 2324 2411 2452 2512 2587 2600 2664 2715 2800 2835 2873 2969 3023
7 48 58 131 173 237 303 377 397 469 531 548 595 675 729 803 828 877 962 1005 1037 1131 1158 1227 1263 1324 1375 1441 1460 1542 1573 1643 1717 1758 1829 1871 1940 1960 2016 2092 2122 2163 2224 2272 2322 2408 2482 2533 2563 2628 2659 2706 2763 2823 2901 2958 3014
7 48 59 110 211 242 288 338 424 483 529 553 636 671 736 758 840 901 936 992 1050 1092 1173 1216 1278 1305 1397 1445 1485 1533 1601 1671 1691 1733 1782 1851 1915 1945 2005 2090 2159 2205 2225 2276 2353 2385 2447 2521 2579 2624 2680 2745 2766 2860 2884 2920 2998
7 48 59 130 181 230 319 377 378 455 491 553 635 699 720 796 823 865 952 982 1053 1109 1136 1240 1264 1316 1368 1446 1483 1548 1601 1651 1691 1771 1828 1863 1901 1982 2005 2092 2121 2169 2248 2272 2372 2421 2477 2521 2577 2637 2657 2732 2779 2838 2865 2924 2998
7 48 60 132 208 246 301 338 425 477 520 577 602 668 754 795 843 879 920 997 1053 1094 1167 1207 1264 1347 1394 1446 1481 1548 1571 1647 1675 1756 1802 1868 1898 1958 2004 2081 2159 2172 2227 2272 2333 2399 2430 2521 2578 2609 2696 2749 2764 2850 2865 2958 3014
4 48 63 137 198 228 292 336 417 440 488 541 610 655 727 762 844 868 935 993 1054 1099 1153 1199 1242 1340 1380 1420 1511 1523 1586 1635 1682 1752 1833 1841 1928 1997 2039 2054 2147 2189 2242 2306 2358 2425 2452 2518 2573 2639 2679 2744 2780 2855 2909 2959 3021
7 48 63 144 192 224 316 377 429 444 486 548 610 653 716 806 813 905 954 1017 1056 1114 1162 1232 1244 1306 1377 1420 1481 1536 1586 1646 1675 1740 1822 1843 1922 1958 2032 2086 2110 2179 2241 2310 2339 2382 2482 2526 2558 2639 2686 2744 2781 2830 2885 2954 3021
4 48 64 159 166 227 272 338 390 465 516 553 647 654 754 792 855 868 950 1016 1047 1094 1144 1207 1269 1319 1373 1405 1509 1551 1613 1661 1717 1777 1812 1871 1898 1982 2019 2071 2113 2190 2261 2285 2329 2420 2447 2524 2575 2592 2669 2728 2788 2835 2865 2958 2995
4 48 65 116 211 221 295 331 418 467 531 582 609 659 738 795 853 865 931 1003 1053 1101 1178 1224 1245 1347 1383 1441 1473 1530 1566 1652 1691 1746 1792 1862 1914 1948 2029 2075 2159 2167 2216 2282 2342 2405 2434 2536 2578 2620 2696 2747 2774 2857 2883 2958 3003
7 48 67 119 205 267 298 338 409 458 498 556 647 654 741 792 820 906 918 977 1047 1090 1179 1226 1245 1318 1374 1441 1488 1564 1611 1654 1678 1775 1784 1865 1910 1945 2007 2069 2147 2210 2263 2282 2329 2422 2449 2503 2575 2624 2671 2735 2795 2842 2889 2924 2993
4 48 70 118 181 234 305 377 404 435 493 553 598 680 716 797 823 906 964 1022 1028 1114 1161 1232 1273 1332 1356 1405 1497 1532 1596 1642 1690 1771 1816 1836 1922 1952 2003 2091 2122 2169 2265 2309 2332 2404 2477 2533 2562 2644 2669 2712 2783 2834 2885 2954 3016
7 48 70 131 197 216 288 339 412 465 529 553 595 651 748 783 845 872 933 1009 1064 1092 1174 1212 1263 1346 1397 1408 1460 1542 1596 1630 1690 1735 1809 1855 1919 1987 2003 2076 2159 2188 2237 2306 2343 2385 2435 2533 2578 2603 2697 2752 2786 2854 2873 2958 3016
4 48 71 142 191 254 288 339 408 472 533 581 631 684 722 780 856 906 924 1006 1028 1084 1185 1237 1265 1305 1393 1418 1490 1556 1569 1671 1690 1741 1794 1872 1907 1945 2007 2078 2110 2171 2259 2276 2344 2383 2455 2499 2579 2619 2680 2721 2754 2837 2893 2969 3023
4 48 73 120 183 246 321 336 380 477 525 577 610 655 714 762 828 872 965 1009 1054 1089 1167 1220 1288 1327 1400 1457 1487 1537 1616 1647 1678 1755 1806 1879 1930 1960 2037 2074 2148 2212 2239 2269 2358 2395 2432 2495 2573 2609 2692 2705 2769 2817 2862 2958 3001
7 48 73 158 191 230 297 331 395 476 532 577 635 672 720 793 857 906 928 1006 1047 1091 1165 1240 1269 1301 1350 1405 1510 1551 1597 1655 1678 1753 1787 1876 1920 1958 2009 2078 2121 2169 2259 2285 2344 2409 2442 2524 2574 2615 2653 2702 2798 2828 2865 2969 3020
7 48 73 159 162 222 281 331 380 475 510 544 647 677 738 808 845 877 944 1005 1029 1101 1154 1224 1269 1304 1378 1421 1509 1551 1616 1668 1712 1774 1806 1881 1914 1987 2009 2061 2121 2166 2254 2269 2334 2410 2458 2524 2556 2597 2661 2718 2799 2841 2883 2958 3001
7 48 75 110 171 262 300 365 404 442 488 553 598 695 730 800 822 901 936 1022 1033 1124 1172 1222 1277 1345 1373 1420 1485 1533 1595 1641 1675 1768 1827 1845 1922 1961 2023 2091 2113 2160 2265 2321 2341 2391 2463 2522 2543 2617 2664 2713 2784 2860 2868 2959 3004
7 48 75 113 193 224 279 331 423 479 526 553 609 659 720 795 854 879 946 1021 1053 1091 1177 1240 1264 1346 1382 1408 1465 1547 1595 1640 1675 1730 1809 1882 1920 1982 2023 2056 2147 2175 2232 2310 2342 2376 2453 2522 2578 2604 2697 2725 2786 2844 2865 2969 3004
7 48 75 114 195 267 292 331 403 464 488 541 647 677 741 808 829 901 923 972 1029 1099 1168 1226 1264 1310 1380 1446 1464 1547 1600 1665 1688 1768 1795 1854 1900 1961 2023 2080 2147 2210 2260 2272 2334 2425 2439 2522 2556 2618 2655 2746 2802 2853 2889 2932 2999
7 48 76 112 184 219 302 365 410 484 526 548 610 660 729 781 846 906 961 1006 1037 1130 1163 1227 1263 1296 1360 1408 1476 1561 1581 1632 1688 1752 1817 1883 1941 1960 2000 2097 2107 2182 2241 2306 2351 2395 2467 2516 2584 2610 2675 2709 2760 2815 2901 2969 3015
7 48 76 144 172 267 286 338 386 458 535 548 631 675 752 756 837 905 954 997 1058 1123 1167 1208 1282 1325 1355 1457 1481 1536 1611 1666 1688 1748 1801 1842 1937 1945 2030 2081 2148 2199 2227 2272 2368 2383 2469 2486 2550 2624 2698 2735 2757 2830 2872 2933 2984
4 48 77 110 187 235 295 331 409 482 519 577 598 648 745 784 819 877 970 983 1032 1097 1173 1193 1277 1327 1395 1457 1485 1533 1607 1672 1691 1757 1806 1848 1939 1945 2021 2090 2147 2207 2235 2284 2368 2406 2442 2522 2573 2601 2692 2733 2769 2827 2869 2959 2972
7 48 77 113 174 236 315 365 387 481 519 556 609 662 740 774 856 877 953 1019 1029 1131 1139 1227 1264 1325 1375 1446 1465 1547 1568 1638 1712 1757 1815 1880 1940 1945 2021 2095 2113 2171 2234 2272 2331 2408 2455 2522 2590 2623 2658 2723 2754 2837 2889 2969 3011
4 48 77 134 207 260 281 331 411 446 514 556 636 697 737 761 861 865 957 1002 1033 1126 1153 1215 1277 1343 1374 1420 1461 1533 1568 1629 1712 1761 1792 1857 1890 1958 2021 2104 2147 2192 2226 2321 2339 2387 2456 2522 2582 2615 2666 2731 2804 2849 2868 2920 3011
7 48 79 112 187 230 293 361 417 455 507 548 609 675 720 756 857 906 925 983 1038 1100 1164 1191 1272 1336 1386 1405 1508 1529 1598 1622 1691 1757 1832 1842 1917 1997 2033 2072 2147 2169 2253 2272 2368 2412 2442 2530 2571 2637 2656 2735 2774 2853 2914 2930 3022
7 48 80 119 184 247 276 361 429 481 521 556 602 673 725 769 851 906 918 1006 1035 1114 1152 1232 1261 1339 1356 1420 1488 1564 1605 1625 1675 1764 1832 1882 1922 1948 2020 2097 2119 2162 2241 2309 2351 2404 2454 2487 2585 2612 2666 2711 2764 2842 2876 2969 3010
7 48 80 130 173 265 283 328 428 463 503 541 602 694 707 784 855 877 947 1005 1032 1127 1136 1231 1277 1340 1359 1420 1483 1548 1605 1644 1691 1780 1833 1862 1909 1982 2001 2092 2148 2178 2224 2321 2322 2389 2460 2506 2573 2612 2679 2711 2780 2843 2869 2958 3010
7 48 81 160 191 259 289 361 410 437 496 548 610 684 721 780 819 917 921 1006 1066 1119 1152 1238 1275 1326 1388 1418 1488 1523 1572 1670 1678 1753 1826 1858 1941 1945 2044 2097 2121 2207 2241 2309 2344 2403 2442 2484 2540 2599 2670 2736 2769 2827 2872 2959 3005
7 48 83 116 190 236 310 377 404 463 518 541 609 655 740 792 835 906 965 1007 1047 1130 1157 1227 1245 1319 1360 1418 1473 1530 1584 1622 1678 1728 1816 1879 1941 1961 2010 2096 2113 2171 2247 2306 2328 2395 2476 2536 2575 2641 2669 2705 2783 2821 2889 2958 3016
4 48 83 129 208 248 279 331 427 483 518 544 631 676 746 769 816 906 955 983 1035 1082 1173 1211 1261 1315 1390 1445 1485 1515 1612 1671 1675 1728 1787 1859 1921 1961 2010 2090 2159 2195 2235 2284 2347 2400 2458 2536 2585 2618 2691 2734 2761 2845 2876 2930 2987
4 48 83 148 189 222 278 366 404 475 503 544 607 668 708 767 847 917 920 1012 1072 1124 1154 1222 1242 1308 1365 1420 1468 1544 1584 1668 1675 1731 1816 1868 1922 1952 2050 2102 2122 2196 2265 2306 2361 2399 2451 2496 2563 2597 2676 2749 2776 2833 2890 2958 3016
7 48 84 116 195 255 306 331 395 459 509 541 598 694 753 784 829 906 931 984 1060 1113 1137 1213 1286 1331 1372 1441 1477 1526 1587 1642 1716 1768 1787 1862 1935 1960 2000 2104 2119 2210 2245 2321 2322 2405 2439 2508 2544 2631 2653 2711 2798 2857 2894 2933 3020
7 48 84 130 180 259 304 366 416 439 530 541 610 677 721 768 823 877 952 975 1058 1131 1169 1238 1282 1323 1381 1457 1495 1536 1616 1626 1716 1743 1793 1881 1929 1952 2022 2073 2121 2207 2242 2272 2374 2402 2438 2486 2538 2597 2693 2718 2779 2838 2872 2954 2990
7 48 85 143 170 246 300 365 428 449 508 555 610 676 714 781 813 917 955 1019 1072 1120 1139 1220 1270 1316 1352 1412 1465 1518 1593 1670 1675 1743 1822 1859 1899 1982 2042 2095 2148 2212 2234 2272 2335 2400 2448 2520 2549 2638 2686 2734 2781 2830 2862 2930 3022
4 48 86 130 201 250 313 328 430 438 504 553 631 659 746 776 836 865 947 999 1056 1088 1169 1203 1244 1300 1397 1420 1495 1536 1566 1627 1716 1778 1813 1862 1908 1952 2008 2073 2159 2192 2217 2310 2361 2389 2481 2526 2587 2620 2664 2747 2800 2843 2885 2933 2981
4 48 86 147 184 221 292 331 408 467 488 581 631 673 709 769 831 917 957 1006 1073 1129 1165 1193 1262 1310 1380 1420 1510 1562 1566 1665 1688 1752 1834 1847 1907 1948 2039 2078 2107 2196 2259 2285 2351 2396 2467 2494 2547 2620 2665 2747 2757 2836 2906 2959 2981
7 48 86 159 193 234 306 331 424 435 509 553 636 665 711 761 854 868 944 992 1069 1108 1161 1201 1262 1331 1372 1421 1498 1562 1578 1642 1716 1730 1811 1881 1915 1997 2039 2090 2107 2175 2225 2284 2371 2410 2453 2494 2545 2644 2652 2730 2789 2841 2910 2954 2970
4 48 87 142 214 256 319 339 390 434 502 582 595 669 712 783 810 905 924 990 1065 1123 1157 1208 1293 1316 1355 1418 1503 1543 1589 1651 1727 1758 1808 1872 1937 1982 2043 2066 2113 2193 2223 2272 2325 2383 2441 2511 2577 2616 2657 2737 2801 2837 2913 2932 2999
7 48 87 158 211 251 322 331 403 453 515 582 607 650 708 779 853 901 928 992 1070 1080 1161 1215 1274 1314 1362 1405 1498 1563 1589 1623 1727 1746 1795 1876 1936 1986 2043 2090 2122 2167 2225 2284 2353 2409 2434 2511 2553 2629 2655 2724 2802 2828 2897 2920 2999
7 48 88 153 170 237 272 338 424 469 508 581 610 691 729 775 862 901 935 985 1076 1099 1156 1226 1293 1336 1380 1418 1492 1538 1572 1645 1717 1743 1782 1841 1900 1997 2042 2081 2107 2163 2240 2272 2369 2425 2448 2517 2548 2628 2680 2707 2766 2839 2902 2924 2998
4 48 89 125 208 256 314 361 405 434 520 555 602 676 712 769 822 877 963 983 1073 1131 1164 1238 1285 1310 1381 1445 1508 1517 1603 1644 1727 1756 1785 1870 1929 1961 2004 2072 2107 2193 2253 2272 2347 2402 2430 2491 2547 2616 2665 2722 2806 2839 2881 2959 2991
7 48 89 139 211 268 317 336 402 450 529 555 636 686 714 767 855 865 969 1003 1072 1089 1149 1220 1270 1308 1370 1408 1503 1546 1588 1629 1727 1733 1805 1875 1930 1982 2005 2075 2122 2190 2216 2276 2342 2426 2447 2490 2563 2595 2676 2727 2788 2835 2862 2958 3007
7 48 90 133 195 259 300 325 381 437 488 548 647 675 749 803 860 879 950 984 1051 1094 1152 1197 1271 1316 1373 1420 1504 1545 1602 1670 1716 1768 1810 1871 1908 1982 2023 2082 2119 2180 2266 2272 2322 2420 2439 2507 2549 2599 2686 2706 2794 2859 2875 2959 2991
7 48 92 120 179 251 272 366 429 469 516 548 610 700 708 768 853 901 927 1017 1026 1124 1156 1222 1288 1336 1373 1405 1487 1537 1594 1645 1690 1777 1832 1855 1922 1948 2019 2086 2119 2167 2241 2321 2352 2391 2434 2495 2571 2613 2656 2703 2774 2857 2890 2958 3010
4 48 93 141 205 234 302 336 398 484 495 593 610 683 716 762 823 906 940 977 1060 1082 1163 1211 1274 1296 1390 1405 1504 1538 1594 1632 1716 1747 1793 1873 1921 1982 2048 2069 2110 2169 2263 2284 2329 2400 2477 2535 2566 2595 2693 2721 2779 2838 2907 2924 3009
7 48 93 153 202 262 317 336 399 457 504 581 602 678 730 779 822 901 935 996 1070 1086 1162 1194 1274 1304 1393 1420 1492 1538 1605 1633 1727 1738 1785 1885 1925 1987 2048 2074 2110 2160 2251 2269 2324 2381 2463 2535 2553 2602 2665 2720 2806 2839 2897 2933 2997
7 48 94 135 201 249 317 336 409 461 504 544 631 669 747 759 842 872 924 1011 1078 1084 1159 1206 1254 1304 1393 1421 1505 1512 1591 1633 1727 1778 1806 1872 1939 1945 2008 2062 2147 2186 2235 2310 2349 2383 2481 2518 2556 2614 2661 2737 2799 2844 2892 2932 2972
7 48 94 159 214 265 316 325 415 452 486 544 636 662 707 765 855 877 950 975 1073 1085 1172 1195 1262 1320 1377 1420 1498 1562 1568 1631 1727 1740 1805 1880 1925 1986 2032 2079 2113 2178 2236 2285 2340 2411 2460 2494 2551 2623 2676 2723 2788 2835 2906 2954 2994
4 48 98 114 201 256 303 366 396 456 511 577 607 668 735 767 829 865 923 999 1072 1109 1170 1200 1270 1324 1395 1412 1494 1518 1590 1643 1727 1779 1791 1885 1942 1960 2031 2073 2147 2170 2217 2272 2361 2393 2480 2520 2563 2594 2659 2731 2802 2853 2862 2933 2984
7 48 98 158 208 268 305 338 409 435 492 577 598 660 732 785 843 906 937 983 1059 1084 1161 1206 1268 1332 1357 1421 1498 1563 1581 1642 1727 1756 1784 1883 1939 1986 2034 2090 2107 2172 2235 2276 2347 2419 2430 2517 2560 2610 2671 2709 2795 2818 2908 2930 2993
4 48 99 142 186 219 281 331 427 450 514 581 595 680 729 766 846 906 946 974 1076 1090 1149 1226 1293 1343 1374 1408 1503 1543 1596 1629 1712 1750 1787 1836 1910 1997 2033 2075 2122 2182 2246 2282 2363 2422 2467 2511 2557 2644 2691 2712 2761 2814 2902 2932 2987
7 48 99 158 198 247 294 339 430 452 514 577 607 655 725 762 851 906 937 993 1060 1088 1172 1203 1274 1342 1363 1420 1498 1563 1584 1631 1716 1750 1794 1879 1908 1997 2033 2079 2113 2162 2217 2269 2358 2423 2454 2511 2566 2641 2646 2705 2787 2818 2907 2920 3000
7 48 101 159 197 262 319 339 396 442 491 553 631 670 702 780 845 868 944 993 1066 1109 1172 1200 1252 1326 1368 1412 1498 1562 1579 1641 1727 1735 1797 1870 1942 1986 2041 2079 2121 2188 2217 2269 2359 2421 2435 2504 2540 2617 2670 2729 2799 2841 2895 2959 2978
7 48 103 119 197 260 317 336 416 446 529 556 595 672 734 778 838 906 951 993 1059 1130 1153 1239 1287 1308 1370 1445 1511 1541 1597 1629 1727 1735 1793 1876 1929 1952 2003 2054 2121 2195 2242 2306 2359 2386 2435 2502 2567 2615 2672 2702 2801 2808 2888 2920 2990
4 48 103 133 209 256 305 338 388 456 493 556 635 662 735 774 860 872 950 985 1078 1107 1156 1188 1272 1317 1356 1405 1492 1557 1597 1657 1727 1771 1821 1880 1936 1987 2003 2081 2119 2170 2240 2272 2331 2411 2449 2502 2541 2594 2674 2723 2794 2859 2874 2954 2990
4 48 105 118 202 246 313 365 422 449 504 553 602 670 754 793 810 906 943 974 1047 1088 1183 1207 1269 1302 1397 1421 1479 1550 1593 1625 1678 1738 1817 1866 1904 1982 2048 2083 2159 2172 2238 2269 2346 2389 2463 2525 2574 2638 2652 2734 2782 2856 2865 2932 3002
7 48 105 140 183 230 289 361 412 455 524 553 595 654 711 763 862 905 918 1009 1069 1104 1136 1201 1262 1345 1361 1420 1499 1522 1598 1651 1678 1755 1827 1865 1919 1997 2038 2076 2148 2179 2237 2285 2358 2422 2432 2534 2543 2637 2664 2735 2784 2820 2910 2924 2996
7 48 106 148 166 254 295 339 386 472 531 593 607 683 713 762 841 868 942 1016 1054 1108 1184 1212 1242 1327 1383 1441 1468 1544 1569 1672 1682 1746 1797 1873 1902 1945 2029 2071 2148 2181 2261 2284 2329 2398 2479 2496 2573 2619 2692 2721 2777 2810 2909 2958 2988
7 49 54 111 189 229 312 326 403 437 538 569 601 666 721 793 861 907 962 1014 1039 1088 1182 1210 1282 1303 1375 1457 1489 1549 1614 1638 1685 1762 1792 1866 1929 1983 2048 2072 2122 2196 2215 2292 2368 2397 2463 2499 2550 2607 2681 2706 2782 2833 2865 2962 3002
7 49 56 141 212 231 300 333 386 437 523 569 610 680 708 783 842 917 946 1024 1072 1124 1152 1216 1278 1316 1354 1411 1466 1523 1586 1669 1713 1743 1822 1887 1911 1968 2039 2094 2149 2207 2241 2270 2357 2400 2430 2497 2580 2605 2647 2736 2779 2818 2880 2962 2992
4 49 58 133 203 248 307 330 414 432 516 569 596 666 712 793 850 879 939 999 1038 1103 1184 1215 1250 1336 1354 1442 1511 1554 1582 1635 1720 1748 1802 1866 1941 1997 2046 2087 2149 2185 2248 2292 2368 2420 2431 2502 2551 2639 2649 2706 2776 2817 2896 2927 2983
4 49 59 125 187 240 283 326 424 436 486 583 639 657 753 778 844 871 960 973 1045 1114 1164 1220 1256 1336 1400 1415 1507 1517 1595 1658 1691 1759 1819 1863 1917 1997 2045 2072 2144 2188 2255 2292 2362 2428 2439 2500 2541 2637 2659 2721 2766 2816 2898 2947 2988
7 49 59 156 212 228 279 326 399 443 517 556 623 674 705 789 848 917 938 1024 1061 1119 1142 1210 1256 1323 1374 1428 1476 1517 1585 1654 1718 1728 1826 1877 1898 1951 2045 2094 2144 2200 2241 2279 2357 2377 2444 2500 2589 2629 2671 2747 2758 2840 2881 2962 2999
7 49 62 120 182 250 301 369 422 482 510 583 623 665 735 761 856 874 930 1003 1040 1107 1149 1239 1262 1343 1360 1421 1499 1515 1593 1620 1698 1729 1812 1844 1914 1997 2038 2089 2108 2187 2218 2275 2370 2410 2472 2507 2554 2644 2652 2743 2773 2846 2898 2955 2991
4 49 62 143 194 223 289 326 407 449 487 583 610 698 714 770 838 917 951 1019 1066 1126 1139 1224 1245 1326 1391 1434 1472 1531 1593 1669 1698 1753 1826 1871 1908 1955 2038 2067 2151 2194 2220 2307 2322 2403 2439 2507 2576 2635 2650 2752 2778 2859 2875 2923 2991
7 49 63 123 170 228 311 369 402 469 487 542 647 690 742 808 829 902 923 993 1076 1110 1153 1225 1242 1322 1371 1434 1464 1559 1600 1667 1718 1767 1833 1854 1894 1961 2024 2081 2129 2163 2258 2279 2348 2424 2452 2517 2573 2603 2680 2708 2790 2822 2876 2923 2998
4 49 66 135 170 236 310 377 384 463 489 550 639 690 743 808 835 871 952 993 1060 1116 1138 1234 1275 1310 1363 1434 1483 1563 1571 1658 1698 1750 1829 1844 1908 1961 2018 2096 2149 2161 2244 2270 2348 2388 2470 2521 2588 2640 2646 2718 2786 2818 2889 2955 2985
4 49 67 117 188 264 296 333 381 452 520 542 639 692 707 785 818 907 946 981 1032 1115 1135 1202 1289 1342 1382 1411 1484 1543 1604 1662 1691 1780 1795 1861 1909 1983 2048 2091 2136 2178 2237 2321 2343 2427 2473 2484 2556 2623 2684 2704 2766 2843 2877 2940 3011
4 49 67 134 177 260 279 367 381 456 517 556 601 696 723 773 828 874 959 986 1068 1119 1185 1197 1294 1329 1374 1449 1491 1546 1604 1649 1676 1775 1795 1857 1912 1975 1998 2088 2144 2189 2234 2321 2327 2377 2435 2534 2546 2596 2658 2731 2791 2856 2888 2940 3011
7 49 67 140 187 227 275 367 409 469 533 542 617 670 710 765 838 893 954 973 1052 1084 1180 1206 1294 1324 1366 1457 1485 1546 1607 1639 1691 1759 1786 1856 1938 1955 1998 2093 2144 2194 2235 2313 2362 2390 2439 2534 2559 2604 2692 2703 2778 2859 2905 2923 3008
7 49 70 109 197 228 275 339 430 469 500 547 617 675 742 780 832 893 943 1005 1030 1080 1180 1203 1273 1324 1397 1442 1500 1532 1574 1639 1718 1742 1809 1846 1940 1990 2003 2079 2159 2163 2250 2279 2373 2408 2449 2532 2583 2603 2668 2734 2763 2849 2900 2918 3013
7 49 70 143 163 252 307 369 404 444 516 583 617 658 720 788 837 917 969 1012 1073 1124 1137 1216 1258 1310 1354 1442 1478 1525 1574 1661 1681 1748 1834 1865 1911 1961 2046 2074 2136 2206 2223 2270 2347 2400 2472 2489 2538 2603 2696 2734 2789 2842 2868 2927 3013
4 49 70 145 167 225 305 377 404 460 499 547 632 684 727 803 810 909 958 1001 1067 1101 1158 1227 1263 1328 1370 1428 1462 1542 1574 1672 1718 1744 1834 1849 1898 1975 2003 2096 2122 2192 2236 2270 2340 2379 2477 2532 2565 2626 2682 2712 2804 2823 2863 2927 3013
7 49 70 155 203 224 274 353 389 453 516 547 596 682 724 789 835 917 918 1018 1061 1120 1162 1191 1256 1319 1387 1415 1464 1527 1609 1665 1718 1748 1816 1886 1902 1961 2046 2070 2151 2199 2251 2292 2349 2391 2431 2489 2589 2618 2675 2752 2764 2841 2881 2955 2977
4 49 71 109 202 229 277 362 422 437 497 569 637 648 738 807 832 871 943 1010 1060 1107 1182 1239 1269 1338 1383 1421 1479 1553 1572 1638 1698 1741 1804 1869 1914 1946 2035 2083 2159 2180 2218 2279 2337 2386 2432 2531 2590 2607 2673 2748 2763 2849 2895 2962 2999
4 49 72 132 209 252 286 367 417 443 491 556 632 662 748 807 839 886 922 1004 1060 1099 1167 1229 1275 1338 1398 1434 1486 1563 1569 1628 1681 1744 1791 1874 1891 1955 2012 2061 2159 2179 2240 2270 2322 2407 2435 2521 2590 2604 2673 2741 2775 2854 2889 2962 2992
4 49 74 123 190 250 307 369 417 482 490 578 610 656 729 768 846 866 923 982 1062 1099 1134 1229 1261 1336 1380 1434 1506 1518 1593 1635 1681 1752 1805 1854 1891 1997 2042 2084 2116 2193 2240 2292 2356 2424 2481 2514 2551 2644 2649 2743 2774 2822 2909 2960 2978
4 49 75 117 191 253 322 377 391 446 511 542 632 684 733 803 834 907 952 978 1067 1097 1134 1236 1243 1330 1392 1434 1490 1537 1569 1671 1720 1749 1818 1848 1895 1968 2007 2099 2116 2164 2230 2275 2340 2384 2474 2525 2565 2633 2680 2713 2805 2837 2882 2933 2989
7 49 75 128 214 227 298 333 414 469 506 542 623 662 736 756 827 886 949 1007 1057 1103 1180 1215 1267 1301 1394 1442 1500 1513 1569 1639 1720 1754 1796 1874 1941 1988 2007 2079 2159 2168 2248 2285 2372 2380 2473 2525 2585 2604 2662 2741 2759 2858 2872 2923 2989
7 49 75 160 182 252 279 367 391 443 510 585 623 685 720 760 837 917 968 1020 1070 1127 1142 1194 1264 1323 1381 1442 1501 1538 1569 1654 1676 1729 1818 1851 1905 1955 2038 2069 2129 2206 2219 2275 2353 2376 2472 2493 2562 2604 2697 2741 2787 2844 2891 2933 2989
7 49 78 113 213 247 277 346 400 480 519 556 601 674 739 791 854 907 936 1008 1076 1092 1139 1228 1242 1338 1362 1434 1474 1559 1567 1638 1713 1756 1791 1882 1893 1946 2008 2065 2151 2164 2234 2279 2355 2413 2454 2517 2590 2612 2673 2742 2775 2838 2876 2969 3010
7 49 80 127 162 247 312 326 396 480 538 556 637 673 706 766 851 871 940 1019 1054 1100 1139 1232 1293 1303 1375 1449 1472 1547 1608 1638 1685 1778 1819 1875 1919 1968 2034 2067 2136 2198 2220 2307 2354 2385 2444 2518 2572 2612 2658 2701 2767 2811 2886 2969 3017
7 49 80 132 204 255 270 353 415 457 536 556 639 696 724 761 831 886 922 980 1040 1120 1144 1191 1277 1343 1365 1447 1486 1563 1608 1652 1685 1780 1801 1868 1902 1951 2034 2086 2108 2169 2226 2321 2339 2414 2456 2518 2554 2593 2652 2720 2783 2854 2881 2955 3017
4 49 82 147 213 227 307 330 393 444 490 550 617 674 710 791 820 917 919 1008 1078 1128 1137 1206 1268 1310 1380 1434 1481 1521 1585 1661 1720 1752 1829 1877 1895 1946 2042 2071 2144 2194 2228 2285 2355 2396 2458 2506 2588 2629 2646 2747 2786 2834 2905 2960 2975
7 49 84 108 213 223 290 330 419 474 530 550 610 661 714 775 820 893 965 1005 1029 1098 1186 1224 1282 1304 1378 1457 1509 1526 1615 1647 1713 1752 1783 1852 1936 1988 2002 2087 2151 2194 2242 2292 2358 2382 2458 2523 2560 2609 2687 2705 2779 2841 2875 2918 2990
7 49 84 136 212 241 273 353 395 472 526 550 596 674 712 789 857 909 936 1024 1077 1091 1143 1221 1266 1315 1363 1428 1480 1556 1587 1643 1713 1743 1787 1882 1897 1951 2036 2078 2149 2192 2256 2285 2357 2413 2430 2488 2574 2593 2660 2742 2770 2814 2890 2969 3019
7 49 84 158 191 255 297 330 383 457 509 578 596 694 724 793 836 907 953 978 1039 1115 1165 1208 1282 1329 1401 1428 1458 1526 1587 1630 1685 1772 1800 1864 1903 1975 2002 2099 2151 2169 2230 2321 2340 2409 2451 2523 2550 2593 2654 2742 2797 2860 2865 2933 3019
7 49 86 126 176 225 312 333 397 466 538 569 632 652 727 787 857 886 947 1013 1046 1088 1146 1227 1283 1313 1375 1449 1495 1558 1617 1628 1676 1778 1796 1880 1912 1951 2034 2064 2122 2192 2217 2311 2360 2397 2430 2512 2586 2620 2651 2724 2770 2814 2863 2969 3006
4 49 87 110 210 263 322 369 402 432 528 569 637 649 708 798 824 902 940 1003 1072 1100 1149 1216 1278 1330 1375 1406 1499 1524 1576 1671 1727 1746 1833 1875 1934 1968 2006 2089 2122 2176 2218 2275 2342 2385 2434 2496 2565 2624 2680 2725 2790 2828 2880 2927 2998
4 49 87 126 214 255 318 339 429 433 502 569 596 648 724 770 831 886 924 1007 1066 1093 1175 1208 1255 1326 1355 1447 1505 1548 1576 1641 1727 1770 1807 1883 1925 1983 2006 2079 2151 2169 2248 2279 2372 2392 2456 2496 2576 2617 2650 2732 2799 2838 2865 2923 2998
4 49 88 121 198 237 271 353 392 440 527 562 647 656 746 790 816 874 923 985 1054 1110 1156 1192 1293 1320 1371 1449 1478 1547 1618 1660 1681 1774 1782 1854 1927 1961 2026 2054 2108 2189 2254 2307 2334 2424 2448 2518 2548 2618 2679 2743 2802 2824 2886 2960 3021
7 49 89 147 167 266 286 330 402 484 491 593 596 694 716 793 842 874 919 1001 1039 1110 1160 1225 1245 1303 1398 1434 1467 1534 1599 1663 1718 1744 1811 1877 1894 1968 2012 2073 2122 2160 2258 2307 2340 2396 2477 2504 2550 2627 2681 2727 2764 2834 2903 2962 3022
4 49 89 156 170 225 281 333 413 466 489 593 639 692 734 785 811 879 949 998 1032 1094 1142 1188 1258 1332 1390 1442 1476 1517 1617 1632 1718 1750 1810 1840 1940 1951 2018 2094 2129 2185 2266 2270 2343 2414 2470 2498 2556 2620 2693 2724 2796 2829 2910 2947 3003
7 49 90 128 183 244 317 377 381 441 492 542 639 690 753 808 814 886 966 981 1060 1093 1159 1223 1269 1296 1366 1421 1459 1553 1578 1652 1681 1757 1823 1854 1909 1975 2017 2091 2144 2184 2237 2279 2348 2381 2474 2531 2588 2626 2661 2708 2792 2840 2895 2960 2982
7 49 90 129 182 225 302 353 418 460 512 547 639 665 734 761 850 902 944 1003 1042 1130 1158 1188 1248 1331 1384 1421 1503 1540 1578 1672 1676 1769 1785 1878 1904 1997 2044 2055 2129 2185 2252 2311 2370 2428 2431 2503 2552 2626 2666 2708 2776 2817 2910 2927 2982
4 49 91 109 191 268 321 362 390 467 509 547 596 695 744 771 819 893 943 990 1031 1113 1161 1196 1290 1331 1377 1421 1500 1532 1581 1653 1720 1772 1785 1869 1901 1988 2002 2098 2116 2186 2251 2321 2328 2386 2451 2516 2552 2642 2666 2700 2776 2849 2879 2940 3011
4 49 91 112 183 252 297 333 428 443 509 585 647 670 748 796 816 893 932 998 1027 1112 1142 1214 1263 1305 1401 1428 1476 1560 1607 1654 1681 1772 1782 1856 1924 1988 2002 2094 2144 2179 2266 2270 2331 2412 2459 2516 2563 2604 2679 2703 2802 2824 2904 2933 2984
7 49 91 129 166 227 311 367 378 469 505 547 647 667 736 792 852 902 927 988 1077 1104 1153 1198 1266 1322 1351 1428 1487 1556 1607 1667 1720 1776 1832 1859 1922 1955 2030 2057 2136 2168 2261 2285 2336 2416 2447 2488 2571 2604 2682 2703 2806 2835 2890 2918 2984
4 49 91 159 179 263 271 353 390 464 505 585 610 700 708 782 824 902 951 980 1047 1126 1144 1207 1286 1335 1391 1406 1486 1536 1581 1646 1681 1776 1785 1871 1926 1955 2030 2086 2149 2176 2226 2321 2364 2403 2434 2488 2547 2592 2669 2750 2774 2845 2891 2940 3011
7 49 93 150 197 263 310 346 419 432 489 550 610 675 708 780 815 866 926 1005 1070 1116 1184 1207 1264 1333 1363 1442 1511 1538 1592 1635 1727 1747 1803 1870 1936 1990 2021 2087 2149 2176 2242 2275 2373 2388 2443 2493 2542 2624 2678 2710 2803 2826 2891 2947 2971
7 49 93 152 175 243 281 367 410 478 489 593 601 696 737 773 861 866 922 988 1068 1094 1153 1238 1268 1307 1390 1434 1487 1533 1567 1657 1685 1747 1792 1868 1890 1990 2021 2057 2129 2193 2261 2285 2327 2414 2466 2493 2546 2634 2681 2720 2782 2833 2914 2955 2995
4 49 94 126 197 264 309 333 428 452 507 562 601 672 719 784 825 893 947 1005 1059 1105 1175 1230 1254 1320 1359 1449 1505 1548 1604 1621 1727 1747 1782 1880 1942 1983 2001 2079 2149 2165 2250 2285 2373 2397 2443 2497 2548 2623 2679 2704 2802 2814 2870 2918 2984
4 49 95 111 194 227 291 326 413 444 525 583 632 654 710 771 838 893 962 972 1031 1105 1174 1230 1290 1315 1359 1457 1496 1542 1613 1623 1720 1753 1815 1866 1942 1951 1999 2066 2129 2194 2264 2285 2369 2397 2439 2505 2552 2629 2683 2719 2805 2833 2879 2927 2997
4 49 96 136 195 236 283 339 412 463 536 550 601 661 703 775 856 909 924 1023 1048 1111 1138 1212 1251 1336 1350 1447 1503 1533 1584 1658 1676 1762 1794 1852 1899 1997 2050 2076 2136 2201 2243 2292 2358 2423 2457 2511 2541 2640 2659 2705 2791 2827 2902 2955 2977
7 49 96 152 162 228 296 339 383 469 520 542 632 658 705 781 848 917 942 1019 1065 1115 1153 1208 1251 1337 1382 1428 1487 1533 1574 1667 1685 1778 1830 1865 1903 1990 2050 2057 2136 2200 2230 2311 2354 2427 2444 2511 2539 2603 2667 2734 2785 2812 2884 2923 2987
7 49 98 144 201 251 322 369 409 465 511 542 617 658 715 788 813 871 930 973 1073 1097 1161 1193 1248 1346 1392 1421 1505 1530 1591 1655 1727 1737 1820 1870 1938 1983 2020 2093 2116 2180 2235 2311 2347 2384 2452 2514 2538 2643 2661 2728 2795 2821 2877 2947 2974
7 49 101 144 210 268 305 367 403 467 499 547 623 685 728 760 818 866 931 992 1070 1101 1161 1197 1271 1347 1370 1415 1505 1530 1566 1653 1727 1733 1792 1876 1929 1983 2014 2093 2122 2202 2215 2313 2353 2379 2447 2490 2562 2642 2675 2715 2788 2820 2883 2940 3002
7 49 101 154 181 244 286 367 392 466 491 593 617 687 726 765 843 902 959 975 1047 1110 1146 1192 1271 1338 1398 1449 1495 1530 1598 1628 1681 1742 1832 1837 1927 1946 2014 2064 2122 2211 2254 2279 2344 2396 2466 2490 2564 2601 2698 2725 2789 2836 2907 2947 2970
7 49 104 117 193 237 273 353 405 440 526 583 639 665 731 761 834 866 952 992 1042 1116 1173 1207 1289 1315 1363 1457 1484 1543 1618 1643 1713 1765 1815 1844 1936 1961 2013 2052 2116 2204 2255 2275 2370 2388 2433 2484 2552 2618 2683 2743 2805 2837 2868 2940 3005
4 49 104 120 187 267 284 326 404 468 533 583 617 689 726 776 844 874 955 1012 1056 1108 1154 1232 1279 1300 1356 1411 1461 1552 1601 1634 1713 1759 1825 1882 1911 1975 1998 2074 2122 2188 2223 2313 2323 2394 2439 2499 2586 2625 2664 2727 2762 2820 2866 2969 3023
7 49 105 119 193 266 290 330 391 484 530 585 623 689 702 757 851 879 955 1020 1051 1085 1176 1235 1252 1304 1378 1406 1466 1545 1599 1647 1713 1732 1802 1882 1905 1968 2023 2069 2116 2175 2219 2311 2342 2394 2468 2513 2578 2627 2669 2727 2757 2821 2894 2969 3006
4 50 54 131 174 260 273 362 387 469 496 580 626 670 743 803 828 895 939 973 1071 1119 1143 1239 1276 1324 1354 1446 1465 1564 1568 1649 1712 1758 1798 1857 1938 1992 2013 2059 2149 2194 2234 2295 2327 2390 2461 2533 2574 2617 2658 2706 2778 2826 2915 2944 2986
4 50 57 108 197 233 278 366 429 455 513 580 641 670 720 761 825 901 920 1017 1039 1124 1186 1221 1272 1303 1386 1436 1508 1526 1580 1627 1718 1757 1830 1842 1931 1983 2001 2087 2133 2184 2267 2295 2368 2401 2441 2495 2539 2613 2666 2720 2764 2825 2893 2948 3010
7 50 57 138 170 221 305 350 426 454 514 580 626 671 704 808 854 902 936 980 1075 1095 1139 1205 1257 1341 1362 1451 1471 1541 1580 1667 1718 1756 1833 1854 1899 1982 2001 2052 2148 2185 2234 2300 2329 2400 2467 2495 2573 2612 2699 2721 2796 2843 2862 2943 3010
4 50 58 161 183 226 272 356 385 446 492 587 631 666 705 780 850 904 959 995 1038 1116 1183 1215 1277 1312 1374 1447 1493 1557 1579 1620 1717 1748 1802 1870 1898 1971 2021 2104 2144 2164 2221 2296 2339 2420 2443 2531 2554 2622 2656 2731 2803 2859 2891 2948 2971
4 50 59 149 177 217 283 371 399 444 486 583 620 683 710 785 858 896 971 996 1054 1132 1164 1195 1278 1306 1399 1444 1492 1556 1589 1650 1706 1745 1796 1881 1913 1987 2000 2070 2144 2180 2232 2296 2334 2411 2439 2510 2541 2597 2650 2747 2794 2859 2871 2954 2990
7 50 59 157 196 255 297 356 383 436 522 583 631 665 750 780 863 902 970 1003 1042 1087 1145 1208 1259 1324 1359 1431 1473 1512 1587 1623 1706 1772 1828 1860 1891 1992 2024 2082 2148 2211 2227 2295 2340 2383 2472 2486 2550 2605 2683 2721 2800 2844 2872 2957 2992
4 50 60 108 180 245 282 356 379 435 506 577 637 692 738 798 825 904 920 1003 1079 1101 1145 1234 1276 1335 1371 1446 1473 1561 1575 1624 1721 1746 1802 1862 1895 1977 2022 2082 2133 2172 2227 2295 2356 2382 2454 2536 2589 2620 2694 2737 2764 2825 2908 2955 2977
4 50 60 121 207 260 270 364 379 457 535 587 636 676 736 768 861 896 922 1018 1050 1109 1140 1218 1260 1312 1365 1447 1479 1533 1575 1622 1712 1762 1802 1839 1902 1972 2050 2074 2138 2201 2219 2295 2358 2387 2483 2508 2554 2629 2656 2728 2803 2849 2880 2955 2977
7 50 60 122 182 264 293 356 415 441 502 587 632 653 753 803 814 895 948 978 1071 1113 1151 1229 1276 1307 1369 1430 1458 1561 1574 1636 1712 1749 1811 1849 1934 1985 2022 2053 2133 2199 2240 2310 2344 2407 2443 2536 2574 2611 2676 2701 2757 2819 2915 2960 2978
4 50 61 124 208 237 300 364 406 449 498 565 641 682 715 809 816 890 918 1008 1077 1090 1158 1192 1290 1329 1379 1441 1474 1522 1573 1639 1713 1733 1819 1885 1893 1977 1999 2063 2139 2181 2244 2310 2367 2391 2452 2504 2580 2615 2692 2752 2779 2810 2902 2960 2978
7 50 61 147 193 265 316 356 415 467 491 565 631 665 702 780 821 895 932 1006 1042 1085 1187 1190 1252 1331 1372 1451 1510 1560 1573 1666 1713 1741 1811 1858 1915 1972 1999 2093 2146 2175 2258 2311 2340 2396 2460 2504 2550 2644 2676 2723 2757 2812 2878 2959 2978
7 50 62 113 173 250 280 350 397 481 489 583 641 665 755 774 856 895 938 988 1059 1119 1134 1239 1286 1325 1354 1441 1460 1537 1573 1635 1717 1757 1783 1858 1938 1978 2027 2068 2146 2205 2224 2295 2346 2390 2466 2522 2569 2644 2659 2723 2759 2831 2904 2955 2977
7 50 62 118 203 233 275 355 397 453 510 582 631 682 726 802 841 890 933 1023 1061 1096 1148 1204 1271 1318 1352 1451 1462 1515 1573 1641 1718 1772 1783 1885 1899 1985 2035 2091 2139 2179 2262 2295 2375 2376 2464 2513 2584 2615 2651 2752 2767 2839 2874 2955 2977
7 50 62 141 197 225 274 364 430 480 489 582 620 653 718 778 834 895 949 1017 1032 1094 1185 1188 1267 1309 1361 1442 1500 1556 1574 1660 1718 1757 1806 1849 1939 1978 2027 2105 2133 2176 2250 2315 2368 2406 2441 2522 2558 2611 2668 2701 2772 2827 2864 2954 2976
7 50 62 143 196 264 272 356 401 441 510 583 620 660 741 786 863 890 964 990 1037 1099 1150 1202 1245 1296 1356 1442 1470 1540 1574 1637 1717 1772 1834 1841 1911 1985 2035 2076 2138 2211 2232 2306 2353 2398 2472 2513 2553 2611 2695 2701 2789 2855 2866 2964 2976
7 50 63 122 179 257 305 350 385 485 497 587 631 661 746 776 841 895 929 995 1032 1107 1168 1224 1244 1342 1378 1446 1508 1512 1615 1666 1718 1752 1783 1840 1898 1983 2014 2104 2132 2194 2221 2301 2343 2379 2448 2501 2560 2643 2651 2740 2767 2839 2887 2957 2989
7 50 63 136 211 228 275 355 429 437 488 587 634 655 733 779 821 889 946 1007 1044 1124 1180 1221 1266 1316 1374 1436 1494 1523 1586 1643 1718 1728 1822 1845 1931 1972 2015 2097 2144 2190 2267 2306 2374 2413 2444 2500 2559 2593 2660 2708 2758 2811 2880 2959 3019
7 50 63 157 191 220 287 350 417 444 509 583 634 657 724 793 855 902 970 975 1051 1100 1163 1209 1244 1329 1368 1436 1473 1512 1586 1651 1721 1740 1833 1843 1903 1977 2014 2062 2132 2206 2218 2310 2350 2399 2466 2501 2583 2593 2689 2708 2807 2844 2868 2954 3019
7 50 64 159 173 220 278 367 378 433 513 566 620 666 724 773 855 902 959 988 1047 1104 1154 1194 1256 1302 1386 1436 1507 1551 1596 1628 1717 1757 1831 1870 1892 1982 2001 2061 2146 2206 2231 2315 2346 2420 2466 2488 2561 2604 2698 2731 2789 2861 2882 2948 2984
4 50 65 161 170 218 280 350 395 432 489 580 625 667 708 757 854 911 969 979 1031 1093 1183 1209 1288 1325 1354 1442 1493 1557 1582 1635 1717 1756 1801 1884 1911 1971 2028 2104 2149 2185 2238 2301 2330 2416 2467 2521 2551 2608 2678 2710 2788 2851 2884 2954 2994
4 50 67 131 187 220 279 367 381 433 501 571 626 681 748 798 830 904 935 1009 1079 1091 1142 1223 1276 1344 1366 1430 1465 1564 1596 1640 1721 1730 1786 1855 1919 1982 1998 2060 2144 2183 2243 2310 2366 2400 2435 2533 2589 2604 2687 2731 2768 2830 2908 2944 2980
7 50 68 109 211 219 294 371 395 460 488 571 634 693 706 809 840 890 923 1024 1077 1099 1143 1202 1290 1340 1356 1446 1466 1531 1578 1657 1713 1728 1801 1882 1911 1971 2015 2058 2149 2171 2238 2306 2357 2398 2444 2494 2580 2621 2681 2736 2785 2821 2902 2949 2994
4 50 70 136 203 221 281 361 430 454 516 565 636 687 704 805 847 911 921 1025 1036 1094 1180 1188 1258 1297 1379 1442 1494 1523 1588 1625 1718 1761 1789 1840 1939 1972 2017 2097 2139 2185 2250 2300 2373 2387 2474 2509 2557 2612 2654 2714 2763 2837 2878 2957 2993
7 50 71 121 178 217 305 367 422 437 497 587 632 662 710 806 858 896 922 974 1078 1107 1156 1197 1265 1341 1378 1444 1479 1533 1597 1667 1702 1744 1824 1847 1926 1982 2023 2057 2132 2180 2240 2300 2322 2379 2439 2502 2573 2604 2699 2730 2805 2849 2869 2959 3004
7 50 72 130 190 257 322 350 393 485 493 580 636 652 736 767 835 889 938 1001 1055 1097 1179 1207 1255 1345 1373 1441 1505 1517 1615 1655 1707 1737 1799 1850 1914 1983 2006 2088 2138 2204 2226 2311 2325 2397 2467 2485 2553 2643 2646 2740 2756 2814 2893 2964 2979
7 50 77 128 203 244 299 349 387 435 516 577 636 693 711 791 835 890 940 1023 1078 1081 1138 1196 1265 1310 1363 1444 1472 1533 1578 1631 1707 1761 1799 1882 1909 1992 2017 2091 2149 2197 2262 2300 2375 2381 2474 2502 2587 2621 2646 2736 2756 2814 2869 2955 2985
7 50 77 149 182 219 276 371 394 460 508 572 636 694 713 761 850 907 971 978 1039 1129 1170 1203 1273 1303 1402 1444 1503 1545 1578 1629 1712 1749 1792 1881 1890 1971 2016 2077 2133 2164 2216 2307 2344 2411 2443 2503 2539 2621 2666 2736 2803 2859 2892 2948 2985
7 50 78 122 208 223 290 366 419 439 505 587 634 676 721 768 823 895 929 1017 1042 1119 1186 1236 1259 1313 1364 1431 1508 1512 1603 1644 1713 1750 1816 1839 1941 1988 2004 2087 2139 2161 2267 2295 2358 2380 2434 2486 2562 2600 2665 2728 2785 2839 2872 2954 3015
7 50 83 152 208 229 288 364 427 472 487 565 636 676 723 768 816 901 955 1017 1050 1086 1185 1211 1261 1305 1358 1431 1500 1545 1577 1669 1707 1733 1782 1865 1942 1988 2011 2105 2144 2181 2250 2315 2358 2385 2452 2516 2554 2596 2663 2703 2756 2834 2879 2948 2984
4 50 84 108 169 267 316 356 395 485 491 580 625 684 741 784 820 901 920 979 1029 1099 1168 1202 1253 1331 1372 1446 1508 1526 1600 1666 1713 1729 1807 1862 1911 1988 2011 2104 2132 2208 2238 2296 2331 2382 2449 2515 2567 2634 2658 2745 2770 2825 2866 2964 2988
7 50 87 142 190 217 275 367 402 437 510 582 634 659 721 760 817 889 967 1001 1065 1096 1180 1198 1293 1316 1352 1442 1504 1565 1597 1643 1706 1764 1800 1851 1905 1982 2042 2088 2139 2168 2226 2296 2325 2376 2438 2527 2552 2604 2668 2730 2777 2860 2911 2964 2988
4 50 89 116 178 267 287 371 400 473 509 583 625 697 741 770 829 906 925 974 1037 1100 1178 1202 1245 1326 1368 1441 1495 1539 1612 1654 1702 1744 1787 1888 1910 1985 2010 2077 2132 2208 2220 2307 2322 2399 2439 2514 2568 2645 2659 2735 2755 2816 2866 2949 3017
4 50 89 124 170 257 274 364 383 483 489 566 625 700 736 779 835 889 918 980 1044 1109 1182 1218 1266 1309 1361 1441 1468 1527 1612 1660 1718 1756 1805 1885 1902 1992 2028 2071 2148 2204 2215 2301 2329 2391 2467 2496 2559 2645 2667 2735 2760 2810 2880 2955 3017
4 50 90 118 185 269 288 356 384 483 494 566 631 666 747 780 859 906 948 993 1038 1084 1173 1234 1271 1305 1351 1430 1462 1515 1611 1669 1715 1735 1784 1868 1912 1988 2007 2065 2138 2195 2235 2315 2339 2389 2482 2513 2554 2634 2663 2734 2754 2823 2898 2955 2995
7 50 90 119 214 236 271 355 419 454 494 580 641 648 715 770 827 906 934 1007 1037 1128 1180 1227 1245 1308 1370 1442 1494 1540 1592 1625 1702 1735 1816 1853 1941 1988 2007 2097 2139 2182 2267 2306 2371 2386 2453 2513 2568 2598 2678 2702 2773 2833 2866 2943 3015
4 50 90 143 181 247 292 355 380 450 493 566 620 699 732 796 815 907 963 982 1030 1129 1158 1203 1245 1317 1402 1441 1470 1540 1611 1638 1715 1736 1788 1889 1890 1987 2007 2067 2139 2173 2231 2307 2370 2411 2431 2513 2552 2626 2667 2742 2776 2856 2873 2964 2995
4 50 93 124 196 244 315 361 399 461 539 565 637 677 711 769 835 890 918 990 1027 1132 1146 1195 1262 1342 1384 1444 1474 1522 1570 1656 1706 1769 1803 1851 1913 1983 2049 2076 2148 2197 2232 2301 2353 2425 2474 2532 2543 2595 2669 2711 2760 2810 2870 2964 2983
7 50 93 141 178 245 277 362 398 460 504 571 637 662 738 806 834 906 949 974 1060 1084 1170 1234 1295 1302 1351 1444 1503 1553 1570 1629 1701 1738 1804 1867 1912 1982 2046 2077 2133 2172 2220 2315 2322 2389 2445 2535 2590 2595 2670 2711 2772 2827 2908 2949 2983
7 50 93 153 169 246 285 350 399 446 495 571 634 675 733 793 815 901 954 979 1070 1103 1183 1207 1283 1298 1366 1447 1493 1565 1570 1620 1701 1747 1803 1866 1907 1987 2046 2104 2144 2173 2238 2301 2331 2388 2431 2535 2563 2602 2652 2703 2776 2856 2896 2964 2983
7 50 98 137 210 236 315 355 386 454 539 565 632 664 723 771 814 896 933 991 1050 1132 1139 1211 1261 1331 1384 1451 1471 1542 1592 1667 1712 1779 1811 1836 1896 1988 2040 2052 2148 2174 2222 2296 2332 2425 2470 2519 2550 2598 2676 2702 2757 2819 2879 2957 3007
7 50 99 147 162 228 276 371 389 433 538 571 632 654 733 781 821 889 932 989 1070 1097 1154 1207 1283 1304 1373 1436 1507 1563 1613 1628 1712 1777 1812 1857 1914 1987 2034 2061 2146 2190 2230 2311 2324 2397 2444 2537 2575 2597 2675 2722 2757 2812 2896 2944 3006
7 50 99 152 176 231 292 364 383 456 538 577 637 651 712 760 812 889 955 1002 1065 1087 1153 1208 1293 1317 1357 1431 1492 1553 1602 1638 1706 1777 1805 1865 1891 1987 2034 2083 2153 2177 2227 2307 2333 2385 2430 2537 2552 2603 2667 2729 2760 2834 2911 2949 3017
7 50 102 110 196 218 304 349 379 432 539 577 637 672 708 773 847 902 947 1003 1047 1126 1149 1210 1256 1348 1395 1451 1469 1516 1576 1670 1717 1769 1790 1848 1895 1972 2049 2082 2138 2185 2227 2301 2340 2412 2474 2525 2561 2608 2653 2716 2763 2837 2882 2957 2989
7 50 102 129 206 228 315 355 394 437 539 582 626 657 732 784 828 902 941 997 1029 1129 1156 1203 1246 1331 1384 1444 1479 1525 1586 1667 1712 1769 1798 1843 1890 1972 2049 2057 2132 2191 2216 2311 2359 2428 2464 2525 2567 2593 2658 2708 2778 2826 2873 2964 2979
7 50 105 128 177 265 277 349 412 484 504 566 641 683 716 785 812 901 940 996 1029 1092 1157 1217 1246 1304 1351 1444 1480 1525 1619 1627 1713 1738 1826 1882 1921 1987 2046 2069 2138 2160 2233 2311 2334 2381 2446 2525 2566 2627 2684 2746 2779 2814 2873 2949 3012
7 50 106 135 180 232 289 361 431 434 506 572 637 677 712 769 822 895 921 1006 1027 1119 1159 1236 1250 1318 1364 1442 1495 1521 1616 1626 1702 1746 1827 1847 1941 1985 2022 2096 2153 2176 2255 2295 2353 2380 2454 2491 2543 2592 2693 2715 2790 2838 2881 2959 3005
7 50 106 144 175 262 293 361 392 468 502 566 636 699 707 805 816 904 962 976 1045 1110 1162 1201 1250 1311 1369 1430 1486 1521 1601 1632 1707 1749 1782 1877 1920 1977 2022 2054 2153 2183 2225 2307 2362 2410 2450 2491 2548 2638 2663 2753 2756 2834 2863 2960 3020
7 50 107 122 173 252 291 349 426 457 532 587 637 666 711 773 813 895 948 988 1049 1081 1136 1196 1294 1316 1355 1436 1458 1561 1608 1626 1715 1763 1822 1868 1909 1982 2043 2068 2148 2188 2224 2296 2346 2389 2459 2520 2559 2637 2660 2734 2758 2819 2869 2955 3022
7 51 54 133 173 240 317 336 430 439 526 574 632 690 751 759 826 908 966 981 1028 1133 1162 1220 1272 1332 1391 1408 1459 1527 1588 1651 1684 1753 1788 1875 1933 1972 2017 2069 2151 2188 2260 2302 2342 2426 2453 2507 2543 2602 2661 2738 2762 2841 2898 2936 2982
7 51 60 112 208 239 295 368 399 448 487 559 627 680 727 809 830 909 920 1024 1067 1101 1142 1207 1289 1344 1366 1414 1473 1548 1591 1652 1709 1746 1820 1872 1890 1948 2028 2057 2144 2172 2227 2282 2365 2406 2438 2516 2588 2620 2687 2749 2797 2811 2903 2944 2980
7 51 60 116 203 216 283 328 427 444 522 559 607 687 724 805 835 908 938 1025 1052 1082 1186 1217 1243 1303 1355 1431 1505 1529 1577 1626 1709 1775 1811 1878 1925 1983 2030 2095 2151 2179 2248 2278 2372 2379 2471 2514 2570 2613 2663 2738 2777 2820 2877 2950 2994
7 51 60 149 170 228 284 362 406 432 487 574 607 690 708 759 853 909 968 984 1031 1111 1153 1196 1278 1325 1375 1431 1499 1559 1577 1643 1694 1746 1831 1875 1906 1948 2028 2077 2150 2212 2238 2302 2342 2424 2476 2516 2540 2613 2683 2738 2787 2861 2876 2926 2994
7 51 61 158 173 216 293 357 383 453 513 578 607 694 724 773 851 890 971 992 1027 1115 1171 1217 1268 1302 1399 1448 1498 1560 1572 1631 1684 1751 1819 1879 1892 1964 2015 2094 2151 2179 2217 2303 2331 2409 2455 2517 2567 2604 2678 2752 2802 2851 2877 2920 2984
4 51 62 113 168 256 284 362 420 450 487 584 639 675 743 806 847 877 926 983 1058 1128 1134 1238 1285 1325 1375 1414 1471 1564 1578 1643 1694 1757 1785 1853 1929 1979 2016 2073 2141 2207 2252 2272 2346 2408 2461 2531 2574 2617 2648 2723 2759 2823 2915 2944 2990
4 51 64 110 180 217 322 369 406 449 498 553 628 695 728 798 840 902 923 997 1076 1087 1143 1219 1281 1339 1356 1424 1479 1554 1573 1667 1702 1728 1831 1873 1906 1948 2020 2063 2150 2176 2238 2278 2363 2391 2452 2523 2591 2621 2680 2731 2790 2810 2911 2950 2994
7 51 64 130 212 232 289 328 409 455 528 553 604 680 710 800 836 909 948 1014 1078 1084 1159 1203 1255 1304 1353 1437 1477 1512 1591 1632 1702 1767 1812 1872 1926 1989 2036 2092 2144 2192 2261 2288 2375 2378 2478 2506 2584 2620 2664 2749 2755 2824 2868 2951 2976
7 51 64 156 214 252 287 368 427 479 486 553 613 665 707 765 818 868 944 1016 1046 1109 1175 1190 1284 1320 1372 1438 1509 1551 1573 1661 1702 1741 1811 1837 1925 1983 2020 2105 2151 2175 2248 2302 2368 2392 2435 2523 2550 2623 2670 2729 2771 2841 2865 2926 2994
4 51 64 160 210 263 273 362 406 469 528 566 613 649 742 771 863 909 964 1004 1048 1091 1149 1212 1242 1298 1371 1438 1464 1524 1573 1625 1688 1767 1831 1854 1913 1989 2036 2059 2110 2201 2231 2278 2348 2385 2480 2506 2568 2623 2683 2729 2787 2853 2880 2950 2994
4 51 65 149 186 218 277 362 395 437 501 585 598 685 732 777 843 898 968 979 1026 1105 1170 1204 1261 1301 1381 1431 1506 1552 1587 1635 1684 1756 1828 1875 1891 1958 2022 2083 2140 2196 2244 2312 2333 2424 2479 2510 2551 2595 2698 2743 2798 2861 2884 2936 2978
7 51 67 114 182 264 299 357 430 458 488 574 632 671 752 781 848 882 942 981 1066 1112 1135 1241 1289 1318 1385 1414 1487 1542 1574 1636 1678 1731 1795 1865 1933 1990 2003 2069 2133 2199 2260 2282 2334 2425 2473 2522 2556 2624 2646 2717 2775 2819 2904 2961 2975
4 51 67 137 203 239 276 342 430 460 516 544 604 696 714 796 828 897 934 1025 1068 1097 1183 1197 1245 1306 1378 1442 1494 1514 1574 1645 1709 1775 1795 1863 1936 1972 2035 2085 2151 2185 2257 2282 2372 2377 2471 2489 2576 2608 2668 2732 2754 2831 2882 2961 2975
4 51 67 148 204 262 305 350 410 475 488 544 607 669 719 767 822 882 936 1012 1033 1095 1187 1189 1273 1345 1379 1448 1500 1559 1572 1653 1709 1731 1799 1836 1916 1990 2003 2102 2140 2169 2262 2307 2360 2398 2450 2522 2562 2644 2675 2713 2777 2834 2891 2926 2977
4 51 68 154 201 256 285 350 380 457 517 578 607 669 749 767 863 898 970 1015 1033 1094 1146 1224 1271 1323 1358 1449 1467 1529 1589 1644 1694 1776 1818 1849 1895 1989 2025 2072 2115 2201 2217 2272 2360 2382 2480 2485 2562 2610 2695 2700 2787 2853 2893 2950 3000
7 51 70 150 195 263 275 368 393 469 538 573 598 672 742 784 860 898 956 1008 1049 1080 1139 1207 1254 1303 1363 1449 1461 1532 1595 1635 1688 1771 1809 1847 1912 1983 2044 2053 2125 2201 2245 2278 2371 2397 2483 2493 2555 2623 2679 2707 2803 2849 2887 2944 2971
7 51 71 133 172 236 322 369 425 440 498 584 632 675 705 806 850 898 950 979 1061 1094 1152 1193 1272 1339 1356 1437 1459 1527 1592 1667 1702 1749 1824 1853 1926 1954 1998 2081 2119 2202 2246 2272 2346 2384 2468 2507 2571 2603 2699 2723 2804 2858 2864 2936 3011
7 51 71 160 164 244 295 358 425 448 500 566 627 668 726 799 843 909 964 977 1063 1108 1142 1195 1264 1344 1351 1442 1464 1524 1592 1652 1719 1758 1824 1845 1921 1958 2021 2066 2115 2209 2251 2272 2325 2393 2466 2484 2578 2615 2696 2712 2807 2853 2873 2936 3011
7 51 73 129 198 232 305 358 395 460 488 544 639 688 734 798 816 902 918 1003 1076 1095 1158 1213 1281 1328 1379 1414 1469 1549 1578 1670 1702 1733 1828 1855 1891 1958 2001 2058 2140 2168 2244 2288 2369 2398 2444 2528 2591 2615 2691 2725 2806 2821 2911 2961 2978
7 51 74 128 211 223 300 368 400 446 493 544 627 691 734 809 833 890 927 1008 1076 1081 1139 1213 1281 1343 1378 1424 1461 1554 1579 1657 1713 1752 1801 1882 1905 1958 2009 2053 2151 2177 2245 2278 2355 2393 2458 2523 2580 2598 2688 2752 2779 2820 2911 2951 2970
4 51 74 158 190 246 298 369 384 447 493 578 604 673 704 768 843 890 959 989 1046 1116 1160 1193 1284 1313 1380 1438 1507 1551 1566 1621 1678 1752 1834 1876 1904 1958 2009 2084 2150 2196 2222 2302 2345 2423 2479 2523 2547 2614 2693 2719 2798 2861 2865 2936 2982
7 51 76 154 209 264 291 369 402 458 503 574 613 662 741 761 863 902 970 1003 1029 1100 1135 1225 1263 1325 1350 1431 1476 1521 1583 1636 1688 1768 1831 1842 1900 1979 2024 2081 2115 2210 2221 2272 2359 2389 2472 2496 2540 2624 2683 2708 2787 2853 2905 2961 2998
4 51 76 155 208 242 312 357 427 480 505 553 613 654 717 769 839 873 955 1016 1026 1082 1184 1217 1261 1333 1353 1431 1500 1552 1583 1660 1709 1737 1807 1851 1925 1990 2010 2105 2144 2161 2248 2312 2374 2381 2447 2510 2559 2624 2657 2708 2761 2840 2884 2920 2998
7 51 78 139 208 247 273 336 378 469 505 573 613 701 709 789 811 909 966 1024 1075 1117 1149 1199 1270 1298 1392 1408 1466 1528 1607 1625 1713 1737 1805 1886 1911 1954 2010 2057 2141 2189 2227 2312 2365 2416 2447 2508 2574 2639 2677 2742 2770 2835 2886 2944 2988
7 51 78 157 179 228 312 358 425 453 505 578 638 663 708 782 853 909 954 1001 1057 1084 1145 1203 1259 1335 1353 1431 1483 1539 1585 1658 1708 1737 1824 1867 1926 1954 2010 2058 2119 2212 2246 2288 2323 2378 2476 2508 2586 2592 2696 2722 2807 2842 2870 2920 3011
7 51 79 108 193 244 278 342 428 455 502 574 639 662 751 761 821 873 931 1019 1028 1123 1159 1220 1272 1316 1396 1437 1477 1534 1598 1632 1719 1757 1822 1842 1943 1972 1999 2092 2144 2184 2255 2272 2359 2428 2436 2500 2541 2608 2690 2708 2792 2830 2898 2930 3019
7 51 79 126 208 258 276 342 385 470 514 584 607 701 705 789 822 890 958 1024 1061 1116 1155 1193 1272 1319 1380 1408 1458 1534 1615 1631 1709 1746 1799 1877 1904 1954 1999 2064 2144 2181 2220 2302 2365 2423 2438 2500 2587 2632 2675 2750 2777 2834 2864 2962 3002
7 51 83 132 176 256 289 350 404 457 489 573 639 660 743 808 841 873 929 980 1069 1119 1157 1238 1275 1304 1392 1418 1486 1561 1589 1632 1678 1733 1783 1858 1938 1989 2000 2068 2141 2207 2247 2288 2328 2414 2467 2521 2584 2610 2664 2700 2783 2815 2915 2955 2985
7 51 85 157 198 258 281 342 379 470 492 585 598 689 722 797 812 902 951 1003 1051 1126 1145 1197 1265 1296 1402 1418 1483 1539 1615 1642 1708 1743 1798 1889 1907 1954 2006 2058 2133 2163 2244 2303 2369 2419 2434 2501 2556 2632 2669 2750 2784 2845 2874 2961 2996
7 51 85 160 186 246 294 362 417 454 508 585 638 676 704 787 843 890 964 983 1062 1099 1134 1191 1257 1336 1362 1438 1471 1518 1593 1639 1708 1756 1832 1854 1932 1964 2015 2073 2115 2196 2252 2272 2329 2385 2479 2492 2585 2607 2689 2701 2807 2853 2867 2930 3019
4 51 86 120 209 239 318 328 380 448 536 559 639 655 714 785 828 897 939 1009 1044 1122 1142 1209 1288 1321 1389 1442 1464 1564 1616 1652 1688 1769 1813 1847 1893 1989 2051 2066 2115 2185 2219 2303 2353 2414 2471 2529 2539 2620 2662 2724 2776 2808 2871 2944 3006
7 51 86 148 179 219 275 368 402 437 538 559 628 663 744 782 822 868 936 1001 1074 1100 1170 1225 1292 1303 1363 1431 1506 1553 1602 1635 1688 1774 1811 1859 1900 1954 2041 2083 2140 2181 2221 2307 2323 2376 2438 2537 2570 2594 2663 2730 2777 2834 2902 2962 3020
7 51 86 156 170 222 281 357 380 442 538 553 632 671 733 781 811 868 950 992 1066 1094 1171 1224 1283 1296 1356 1449 1498 1562 1616 1642 1694 1774 1813 1853 1895 1954 2041 2094 2150 2189 2217 2303 2334 2384 2447 2537 2556 2616 2669 2728 2770 2835 2910 2944 3006
7 51 89 108 182 266 306 357 406 473 491 574 607 694 750 773 848 873 931 984 1027 1087 1174 1219 1258 1326 1365 1424 1477 1534 1599 1668 1702 1731 1807 1888 1906 1989 2000 2077 2110 2199 2238 2307 2331 2382 2473 2515 2567 2645 2653 2744 2765 2830 2888 2962 3020
7 51 89 126 176 222 312 357 421 442 489 566 639 664 731 788 857 908 943 978 1052 1088 1155 1206 1258 1335 1371 1442 1458 1534 1616 1658 1709 1733 1835 1860 1936 1954 2000 2064 2110 2191 2266 2288 2330 2388 2467 2515 2586 2616 2696 2728 2796 2850 2863 2930 3003
7 51 89 128 162 257 295 368 402 482 500 566 607 700 749 762 835 868 927 993 1041 1108 1173 1218 1247 1327 1351 1424 1501 1515 1599 1669 1709 1750 1811 1882 1896 1979 2029 2089 2115 2200 2225 2313 2335 2393 2448 2486 2546 2645 2663 2744 2777 2820 2899 2955 3020
7 51 90 120 197 217 289 328 419 449 489 573 638 672 728 784 832 882 939 1005 1043 1119 1180 1236 1250 1307 1392 1442 1511 1518 1597 1629 1702 1730 1823 1847 1940 1990 2003 2095 2141 2176 2267 2278 2371 2414 2460 2499 2561 2621 2672 2707 2773 2808 2894 2930 3018
7 51 90 124 192 269 312 358 407 482 489 566 604 666 745 756 859 882 941 988 1039 1088 1182 1234 1248 1333 1371 1418 1490 1520 1614 1660 1708 1730 1789 1862 1907 1990 2003 2078 2110 2193 2215 2312 2344 2388 2466 2499 2559 2634 2657 2741 2778 2837 2914 2955 3001
7 51 90 143 174 233 301 369 418 433 494 566 638 659 711 794 853 898 967 972 1068 1102 1150 1200 1245 1344 1367 1442 1488 1514 1597 1647 1708 1734 1824 1861 1915 1948 2013 2074 2125 2206 2233 2282 2343 2404 2482 2489 2578 2621 2696 2707 2807 2842 2882 2926 3018
7 51 91 126 191 220 319 362 426 434 509 584 628 657 716 803 857 890 943 973 1078 1096 1163 1196 1255 1328 1377 1437 1481 1512 1609 1656 1720 1735 1832 1848 1922 1958 2009 2067 2110 2197 2241 2288 2339 2399 2461 2506 2582 2595 2699 2720 2796 2850 2868 2926 3010
7 51 91 157 167 224 287 350 426 443 486 585 627 653 719 793 853 902 954 980 1056 1095 1157 1189 1249 1336 1372 1438 1486 1536 1609 1646 1719 1741 1832 1838 1916 1948 2020 2068 2119 2206 2247 2288 2337 2406 2482 2495 2585 2612 2689 2703 2807 2842 2891 2926 3010
7 51 93 123 209 227 313 328 388 440 539 559 628 653 725 770 828 902 948 1003 1034 1129 1152 1215 1274 1348 1382 1437 1459 1538 1609 1667 1684 1769 1804 1838 1914 1972 2048 2081 2119 2185 2221 2313 2359 2412 2471 2532 2544 2612 2659 2703 2754 2831 2878 2961 3008
7 51 93 124 205 218 317 336 399 437 527 559 627 657 732 773 859 890 941 1024 1027 1098 1149 1210 1268 1326 1390 1438 1466 1543 1609 1657 1684 1781 1793 1848 1890 1983 2048 2057 2110 2196 2227 2312 2368 2401 2463 2532 2567 2595 2653 2720 2778 2837 2877 2962 3008
7 51 94 140 176 236 298 369 378 440 516 559 627 664 744 788 812 877 967 978 1074 1090 1180 1225 1292 1297 1357 1442 1502 1565 1592 1638 1678 1764 1805 1865 1911 1954 2045 2104 2141 2163 2227 2296 2330 2400 2434 2527 2564 2603 2662 2723 2784 2845 2902 2961 2988
7 51 96 131 198 228 299 328 428 432 488 574 639 655 754 785 818 877 946 1019 1044 1112 1153 1231 1251 1311 1385 1448 1484 1523 1604 1643 1708 1733 1830 1861 1943 1983 2001 2092 2133 2166 2255 2288 2353 2425 2444 2505 2539 2613 2673 2711 2786 2825 2909 2926 3010
4 51 96 137 208 222 292 336 428 456 497 573 638 660 733 762 811 868 940 1016 1041 1120 1183 1235 1247 1312 1374 1449 1494 1514 1604 1649 1709 1737 1830 1836 1931 1972 2019 2085 2144 2189 2267 2288 2374 2394 2447 2487 2546 2602 2679 2721 2780 2824 2899 2926 3010
7 51 96 154 192 240 306 350 426 439 491 574 638 648 730 774 843 902 970 988 1051 1087 1162 1205 1254 1343 1365 1449 1476 1521 1604 1651 1708 1730 1832 1849 1922 1958 2001 2052 2110 2209 2241 2278 2344 2382 2466 2505 2579 2602 2689 2721 2807 2853 2885 2936 3010
7 51 100 131 177 266 300 368 390 473 514 574 604 683 741 758 842 877 946 994 1029 1090 1174 1225 1263 1332 1357 1408 1484 1523 1610 1668 1713 1729 1788 1885 1911 1979 2016 2070 2125 2208 2214 2296 2352 2400 2456 2493 2543 2645 2661 2733 2762 2825 2905 2962 3023
7 51 100 138 204 251 292 336 390 481 497 578 598 698 732 805 815 908 965 1010 1052 1098 1158 1210 1243 1312 1374 1414 1465 1540 1610 1649 1709 1748 1788 1877 1890 1964 2007 2062 2140 2162 2236 2296 2362 2417 2432 2502 2570 2625 2654 2753 2769 2846 2877 2962 3023
4 51 101 131 201 217 313 328 383 449 539 553 632 659 717 777 842 898 946 1015 1026 1115 1143 1217 1261 1348 1382 1448 1470 1537 1597 1667 1684 1778 1797 1861 1892 1990 2040 2072 2125 2186 2217 2296 2360 2425 2478 2526 2551 2621 2652 2707 2762 2825 2884 2950 3007
7 51 102 110 205 244 310 342 379 455 527 553 627 654 726 769 846 902 923 1018 1047 1110 1146 1195 1279 1314 1397 1449 1479 1554 1598 1646 1678 1781 1798 1851 1919 1972 2048 2060 2115 2209 2232 2312 2374 2413 2463 2525 2538 2608 2669 2708 2784 2810 2873 2951 2996
4 51 102 155 182 246 290 362 394 454 523 553 628 665 738 803 815 873 949 984 1069 1103 1153 1237 1295 1308 1361 1448 1499 1553 1593 1620 1678 1770 1790 1866 1918 1964 2038 2077 2133 2162 2238 2302 2331 2383 2432 2534 2590 2607 2652 2701 2769 2846 2895 2962 3002
4 51 103 138 173 238 301 357 421 447 501 578 628 651 702 799 851 908 955 981 1063 1085 1135 1201 1253 1344 1358 1431 1487 1519 1602 1647 1720 1751 1835 1841 1942 1948 2027 2069 2115 2179 2260 2282 2342 2391 2455 2509 2578 2622 2696 2702 2796 2857 2883 2936 3003
4 51 104 109 183 265 273 336 418 468 528 566 638 700 730 762 817 873 935 972 1034 1091 1163 1211 1274 1300 1371 1437 1474 1538 1619 1622 1713 1765 1829 1882 1915 1964 2038 2074 2110 2184 2233 2313 2335 2385 2440 2532 2553 2625 2684 2744 2785 2838 2878 2951 3012
4 51 106 118 166 257 301 357 386 482 494 566 598 683 742 786 841 877 942 975 1048 1102 1173 1212 1242 1321 1367 1414 1496 1533 1610 1669 1720 1743 1800 1885 1901 1989 2004 2094 2125 2207 2235 2303 2324 2404 2467 2497 2554 2645 2647 2733 2783 2815 2880 2955 3017
7 51 106 130 198 236 285 342 431 443 494 585 628 676 744 763 812 877 934 1019 1037 1128 1159 1227 1264 1323 1381 1442 1477 1512 1613 1644 1702 1743 1815 1837 1940 1989 2004 2092 2140 2163 2255 2272 2353 2402 2434 2497 2562 2600 2695 2718 2790 2839 2900 2926 3014
4 52 55 111 181 266 311 369 422 467 500 554 602 664 725 761 851 884 930 978 1050 1098 1177 1225 1263 1331 1353 1422 1505 1522 1593 1659 1707 1764 1805 1867 1903 1997 2038 2103 2114 2167 2227 2296 2356 2424 2462 2514 2563 2641 2678 2743 2782 2809 2910 2916 2980
4 52 55 149 209 232 274 344 422 462 495 572 611 698 736 763 835 909 957 1010 1057 1131 1182 1194 1278 1297 1396 1412 1461 1527 1593 1632 1689 1748 1805 1871 1902 1953 2028 2070 2159 2165 2228 2296 2345 2419 2454 2525 2579 2635 2675 2749 2785 2845 2881 2916 2980
7 52 55 155 203 246 288 332 400 448 522 554 611 682 714 800 828 917 941 1008 1072 1120 1139 1189 1252 1301 1381 1412 1483 1532 1593 1654 1707 1744 1826 1886 1918 1966 2038 2077 2151 2208 2246 2268 2361 2383 2432 2514 2589 2635 2659 2749 2768 2847 2866 2944 2980
4 52 58 119 198 239 281 337 414 470 492 585 626 676 752 758 851 880 922 988 1052 1123 1153 1222 1284 1340 1401 1426 1507 1541 1591 1634 1682 1747 1814 1846 1928 1997 2033 2054 2133 2167 2255 2277 2362 2422 2462 2501 2549 2639 2669 2720 2782 2809 2912 2916 2995
7 52 58 133 194 257 321 350 425 471 492 548 603 675 705 757 850 880 929 979 1038 1093 1168 1207 1272 1342 1363 1404 1508 1554 1592 1664 1720 1747 1803 1859 1927 1997 2033 2102 2120 2176 2238 2301 2363 2420 2467 2501 2542 2628 2656 2731 2783 2810 2911 2938 2994
7 52 58 156 213 238 301 337 398 460 504 548 594 686 713 791 824 917 921 1018 1075 1119 1135 1190 1284 1302 1386 1413 1470 1541 1592 1661 1720 1734 1829 1877 1919 1962 2033 2055 2133 2204 2224 2290 2365 2392 2442 2501 2588 2623 2670 2736 2792 2827 2888 2949 2994
7 52 59 126 171 256 304 337 383 439 529 561 626 687 730 758 822 890 921 992 1037 1115 1157 1218 1286 1345 1388 1413 1496 1525 1586 1671 1674 1774 1799 1852 1915 1990 2049 2099 2113 2161 2239 2321 2351 2418 2433 2497 2564 2624 2690 2737 2784 2858 2884 2934 3004
7 52 59 146 199 246 280 350 410 474 530 561 611 672 714 776 813 872 954 995 1036 1107 1183 1189 1288 1298 1372 1457 1493 1555 1600 1647 1674 1742 1819 1862 1930 1959 2011 2102 2151 2208 2221 2301 2369 2407 2448 2535 2567 2608 2687 2705 2770 2851 2866 2925 2989
4 52 60 146 182 249 282 356 379 438 523 561 608 687 718 758 835 872 959 982 1052 1128 1185 1217 1291 1340 1369 1449 1502 1546 1598 1633 1692 1775 1811 1852 1901 1953 2022 2098 2133 2165 2218 2321 2351 2379 2454 2534 2549 2611 2669 2737 2785 2845 2905 2916 3011
7 52 63 137 174 252 308 344 425 447 529 540 639 659 734 778 844 896 960 986 1054 1130 1137 1195 1243 1331 1384 1413 1507 1523 1595 1662 1682 1779 1807 1863 1913 1997 2044 2070 2120 2180 2252 2296 2366 2425 2435 2488 2569 2632 2672 2702 2759 2825 2903 2934 2990
7 52 63 146 202 226 299 356 425 458 497 548 603 684 746 775 841 884 959 979 1032 1098 1183 1202 1293 1312 1398 1449 1493 1555 1595 1663 1674 1729 1807 1852 1927 1959 2002 2102 2159 2183 2238 2296 2354 2379 2458 2531 2572 2594 2651 2740 2779 2845 2875 2934 2990
7 52 66 114 203 218 299 324 429 458 534 557 603 678 731 781 847 884 958 1011 1050 1083 1183 1198 1289 1312 1362 1457 1509 1535 1611 1663 1707 1731 1788 1865 1936 1972 2017 2087 2151 2199 2257 2283 2358 2377 2445 2523 2543 2602 2681 2722 2774 2841 2882 2924 2982
7 52 66 123 186 262 320 350 400 475 508 557 608 681 706 772 839 864 955 997 1055 1120 1172 1189 1290 1345 1357 1412 1500 1515 1579 1655 1707 1775 1793 1856 1918 1990 2036 2088 2127 2170 2246 2321 2327 2408 2450 2503 2581 2643 2673 2706 2756 2849 2874 2925 3015
7 52 66 137 182 247 276 344 429 460 508 572 647 650 738 796 815 864 960 982 1042 1114 1135 1226 1245 1327 1400 1413 1470 1560 1611 1661 1692 1775 1788 1863 1933 1990 2036 2055 2133 2185 2260 2283 2351 2425 2454 2503 2575 2614 2666 2711 2788 2825 2904 2924 2982
7 52 69 128 174 250 301 369 426 482 504 566 615 659 740 778 856 880 947 986 1056 1095 1157 1229 1267 1336 1386 1413 1506 1536 1609 1627 1689 1734 1794 1838 1893 1997 2033 2089 2113 2203 2233 2268 2366 2416 2481 2489 2566 2641 2647 2726 2758 2818 2898 2949 3000
7 52 69 138 213 234 306 331 427 435 504 554 594 652 739 766 854 880 946 1016 1046 1086 1175 1211 1266 1335 1381 1436 1494 1537 1596 1636 1702 1734 1809 1837 1940 1997 2033 2090 2151 2174 2250 2290 2368 2417 2442 2489 2567 2640 2648 2712 2765 2831 2910 2925 3013
4 52 69 143 194 218 281 331 389 442 492 566 603 698 731 779 825 917 957 1013 1073 1126 1156 1198 1266 1309 1401 1426 1489 1537 1609 1665 1689 1747 1830 1871 1894 1962 2033 2080 2151 2199 2215 2301 2329 2419 2467 2489 2576 2618 2665 2749 2757 2851 2882 2916 3000
7 52 71 114 172 251 321 369 408 471 498 561 603 687 727 785 838 880 950 998 1046 1113 1168 1193 1289 1342 1356 1419 1509 1535 1569 1664 1702 1772 1794 1873 1906 1978 2012 2101 2106 2191 2256 2321 2324 2395 2452 2523 2548 2634 2650 2716 2755 2850 2886 2924 3019
7 52 71 132 213 252 280 324 389 472 530 561 608 686 734 791 844 896 943 1018 1076 1107 1162 1228 1265 1321 1372 1413 1479 1559 1569 1622 1702 1741 1813 1872 1891 1962 2012 2061 2151 2180 2218 2276 2365 2407 2435 2523 2587 2607 2690 2742 2771 2813 2869 2969 3019
7 52 72 109 203 229 272 337 383 476 525 549 594 691 739 791 858 890 922 1008 1076 1099 1156 1235 1249 1321 1378 1426 1486 1552 1572 1631 1707 1744 1799 1882 1914 1952 2035 2083 2151 2179 2240 2286 2361 2386 2432 2517 2587 2604 2690 2751 2784 2820 2885 2969 3004
4 52 72 110 212 240 297 331 429 457 526 549 611 690 722 782 848 878 966 1007 1028 1083 1169 1198 1281 1318 1351 1457 1500 1527 1600 1651 1707 1735 1795 1867 1936 1990 2031 2090 2133 2207 2257 2290 2371 2388 2453 2522 2549 2597 2692 2717 2768 2827 2891 2916 2975
7 52 72 131 164 262 311 369 394 475 500 549 615 692 706 778 830 872 956 998 1054 1128 1168 1200 1282 1331 1353 1404 1509 1519 1572 1659 1707 1767 1787 1850 1920 1972 2035 2101 2120 2170 2256 2321 2333 2394 2459 2517 2569 2643 2672 2713 2778 2857 2863 2934 3004
7 52 72 136 190 246 320 350 390 474 493 549 647 673 750 792 814 909 938 994 1067 1117 1160 1207 1258 1330 1373 1422 1460 1551 1600 1670 1707 1768 1833 1861 1903 1959 2031 2062 2113 2172 2258 2268 2353 2423 2431 2522 2577 2608 2691 2705 2801 2818 2865 2938 2975
7 52 73 141 180 226 320 356 382 458 508 557 639 663 724 798 823 917 937 1020 1061 1120 1176 1215 1267 1330 1357 1413 1475 1517 1595 1670 1702 1765 1828 1873 1891 1959 2045 2082 2127 2204 2226 2268 2325 2408 2443 2509 2577 2594 2691 2740 2805 2814 2893 2924 2979
4 52 76 109 188 220 308 344 391 457 520 549 647 676 736 796 840 890 922 983 1062 1131 1164 1194 1274 1337 1393 1419 1486 1552 1614 1656 1682 1777 1801 1846 1902 1978 2048 2074 2123 2177 2258 2313 2324 2422 2473 2491 2554 2616 2649 2720 2803 2820 2881 2916 3008
7 52 76 133 163 241 288 356 396 437 517 548 647 658 738 803 832 880 920 984 1069 1095 1151 1229 1276 1301 1386 1419 1501 1561 1614 1654 1683 1768 1796 1866 1893 1966 2005 2082 2133 2191 2262 2268 2326 2416 2458 2534 2589 2616 2659 2720 2799 2819 2901 2962 3008
7 52 76 135 205 219 312 344 398 480 535 548 594 660 717 762 846 896 940 1018 1045 1082 1146 1227 1274 1312 1375 1449 1459 1552 1604 1650 1683 1762 1807 1880 1919 1972 2048 2055 2123 2201 2224 2283 2373 2387 2469 2491 2572 2610 2651 2714 2779 2840 2899 2969 3018
7 52 76 144 204 260 313 340 402 444 520 548 639 696 724 768 812 890 934 989 1027 1115 1140 1218 1282 1342 1388 1404 1478 1543 1604 1672 1683 1777 1803 1839 1915 1978 2048 2086 2127 2171 2219 2321 2352 2418 2456 2491 2542 2605 2656 2719 2783 2849 2890 2931 3018
4 52 76 146 181 245 271 350 391 441 526 548 608 653 704 772 825 884 954 978 1068 1101 1180 1199 1291 1307 1377 1457 1502 1546 1614 1624 1683 1759 1801 1862 1934 1962 2005 2103 2139 2199 2227 2313 2356 2407 2467 2534 2568 2612 2694 2724 2757 2851 2888 2916 3008
7 52 76 151 190 264 306 350 402 435 517 549 594 692 732 767 814 880 969 1003 1052 1113 1175 1205 1291 1335 1370 1449 1497 1546 1604 1636 1682 1768 1803 1849 1895 1966 2005 2088 2139 2172 2240 2321 2344 2382 2431 2534 2540 2610 2676 2714 2764 2856 2905 2931 3018
4 52 77 154 168 258 287 350 409 462 523 572 602 667 728 793 845 917 969 1013 1065 1124 1146 1199 1271 1299 1364 1449 1462 1522 1571 1669 1696 1751 1818 1842 1912 1959 2045 2052 2123 2209 2243 2277 2354 2389 2480 2505 2554 2608 2689 2734 2793 2853 2864 2916 2995
7 52 79 112 205 231 276 344 422 469 536 548 608 658 705 760 846 909 942 1023 1038 1117 1154 1207 1272 1336 1373 1436 1492 1528 1568 1652 1692 1762 1805 1857 1903 1997 2047 2057 2114 2201 2227 2268 2368 2423 2469 2528 2539 2632 2675 2729 2785 2834 2911 2944 2980
4 52 79 156 168 236 313 332 400 441 520 548 626 684 726 775 848 917 921 1013 1059 1115 1138 1212 1259 1347 1388 1419 1470 1541 1568 1667 1692 1778 1826 1852 1921 1990 2047 2052 2127 2207 2243 2296 2354 2418 2453 2528 2544 2621 2659 2740 2768 2827 2867 2916 2980
7 52 81 144 208 240 299 324 422 437 497 548 608 686 749 791 839 890 934 1023 1076 1098 1167 1225 1249 1338 1398 1422 1478 1543 1597 1637 1707 1732 1793 1877 1903 1953 1999 2057 2159 2181 2227 2290 2365 2379 2439 2526 2587 2617 2673 2736 2756 2849 2885 2962 2992
7 52 82 127 211 227 291 344 425 433 496 549 602 691 750 795 826 896 924 1022 1067 1093 1174 1207 1258 1326 1394 1404 1490 1548 1576 1649 1720 1754 1807 1887 1927 1959 2000 2058 2159 2190 2238 2286 2357 2389 2473 2525 2574 2596 2672 2747 2759 2843 2865 2944 2990
4 52 82 149 204 239 314 377 382 470 496 585 611 653 709 790 845 896 954 1002 1045 1107 1153 1228 1278 1308 1372 1431 1461 1527 1587 1634 1683 1754 1828 1862 1891 1959 2000 2100 2127 2210 2226 2276 2338 2407 2479 2525 2544 2639 2697 2724 2798 2848 2894 2916 2979
7 52 83 117 203 235 282 340 427 438 503 540 608 673 734 787 850 872 938 1011 1054 1102 1185 1195 1243 1340 1387 1431 1505 1516 1583 1633 1707 1731 1809 1861 1940 1997 2046 2095 2151 2197 2250 2277 2358 2423 2445 2496 2560 2626 2657 2705 2756 2838 2903 2938 3013
7 52 83 145 208 218 297 331 412 442 487 540 615 682 741 795 830 909 941 1023 1067 1111 1178 1224 1245 1326 1390 1413 1472 1530 1609 1643 1707 1732 1787 1886 1909 1962 2010 2064 2159 2189 2220 2283 2365 2383 2439 2532 2574 2618 2672 2749 2778 2857 2877 2944 2986
4 52 87 119 209 255 305 350 390 447 510 557 626 655 704 807 820 909 919 1010 1075 1101 1137 1199 1284 1334 1380 1413 1507 1541 1586 1662 1727 1752 1833 1876 1934 1952 2003 2070 2120 2189 2228 2290 2345 2404 2450 2501 2573 2629 2691 2732 2801 2812 2888 2916 2975
7 52 87 128 211 260 318 331 410 445 515 557 615 691 724 795 812 890 928 1022 1061 1081 1171 1215 1267 1299 1362 1404 1506 1536 1572 1639 1727 1770 1819 1882 1930 1959 2015 2075 2151 2171 2221 2277 2357 2380 2456 2489 2580 2604 2662 2751 2794 2838 2893 2949 2989
7 52 87 155 173 231 295 331 429 472 528 593 626 688 743 784 828 878 941 976 1056 1114 1162 1226 1267 1306 1399 1413 1479 1536 1586 1622 1692 1758 1795 1843 1933 1972 2015 2061 2151 2163 2260 2268 2323 2426 2478 2489 2560 2629 2692 2732 2768 2847 2898 2938 2975
7 52 88 138 171 246 275 344 401 448 537 554 647 650 750 796 811 880 940 992 1042 1093 1139 1207 1283 1315 1363 1449 1484 1547 1616 1654 1674 1774 1789 1847 1927 1953 2041 2076 2113 2172 2261 2301 2351 2420 2433 2524 2575 2635 2679 2726 2795 2837 2865 2944 3021
7 52 89 141 163 266 280 324 381 481 507 593 602 694 725 766 842 880 924 984 1046 1093 1176 1225 1266 1298 1394 1426 1475 1517 1605 1647 1702 1756 1798 1887 1908 1959 2030 2082 2114 2167 2262 2301 2326 2389 2471 2510 2567 2627 2687 2744 2791 2828 2910 2962 3012
7 52 91 113 173 265 311 356 398 467 489 540 602 688 728 784 826 884 937 976 1048 1119 1177 1190 1286 1331 1366 1413 1510 1524 1590 1659 1720 1776 1807 1869 1919 1972 2017 2098 2123 2202 2224 2321 2323 2413 2460 2498 2569 2642 2672 2707 2759 2843 2873 2931 3018
7 52 91 119 167 250 280 350 402 481 530 585 602 679 740 793 856 880 919 1006 1042 1110 1176 1223 1245 1298 1372 1413 1488 1560 1590 1647 1674 1741 1803 1876 1915 1978 2012 2068 2127 2203 2219 2283 2341 2404 2481 2503 2578 2642 2676 2707 2764 2812 2904 2969 3018
7 52 91 149 172 256 275 344 398 464 498 585 603 697 703 799 841 896 957 974 1055 1126 1170 1192 1290 1329 1401 1412 1474 1515 1590 1640 1674 1772 1807 1871 1899 1962 2012 2091 2133 2188 2244 2321 2348 2419 2452 2503 2555 2599 2651 2750 2779 2845 2874 2931 3018
7 52 92 113 188 264 292 332 409 450 536 561 639 687 714 785 826 864 937 983 1036 1120 1148 1189 1288 1343 1357 1436 1471 1563 1608 1658 1682 1777 1808 1873 1918 1959 2034 2096 2123 2190 2237 2321 2324 2408 2473 2529 2558 2595 2671 2716 2759 2843 2866 2944 3006
7 52 92 117 204 238 276 340 381 460 536 548 647 653 746 790 812 864 938 1002 1032 1117 1135 1202 1293 1327 1373 1431 1462 1558 1602 1661 1696 1777 1798 1861 1908 1959 2034 2063 2114 2171 2262 2313 2338 2423 2456 2529 2557 2623 2684 2725 2794 2838 2875 2949 3012
7 52 92 133 167 234 274 337 403 480 532 548 639 684 739 788 854 880 920 1006 1033 1099 1163 1235 1292 1297 1360 1436 1501 1561 1608 1632 1696 1779 1814 1875 1914 1953 2041 2068 2106 2174 2219 2296 2341 2405 2442 2520 2579 2595 2675 2716 2776 2819 2885 2969 3006
4 52 93 111 211 249 314 332 419 438 496 561 602 655 707 779 840 878 919 1007 1073 1110 1185 1212 1263 1309 1372 1431 1505 1522 1603 1633 1727 1754 1785 1876 1925 1978 2000 2095 2151 2177 2253 2286 2372 2404 2473 2514 2576 2611 2665 2732 2803 2820 2886 2916 2985
7 52 95 139 192 262 282 340 403 483 503 585 602 697 712 782 811 878 925 989 1028 1127 1140 1209 1281 1340 1387 1426 1478 1548 1605 1633 1707 1776 1814 1886 1914 1953 2001 2086 2106 2164 2219 2321 2364 2399 2441 2500 2549 2636 2669 2735 2782 2850 2891 2944 3006
7 52 96 114 191 219 314 377 383 450 496 561 626 652 743 803 847 880 958 992 1069 1110 1171 1223 1276 1308 1372 1404 1482 1562 1596 1634 1683 1730 1816 1837 1915 1952 2025 2099 2151 2176 2239 2283 2332 2404 2470 2533 2589 2640 2652 2712 2774 2841 2901 2944 2986
4 52 96 151 201 240 291 369 426 457 496 549 608 667 749 788 820 880 969 988 1033 1093 1169 1225 1292 1323 1394 1431 1497 1546 1583 1651 1696 1730 1794 1842 1908 1952 2025 2093 2159 2181 2217 2301 2359 2389 2459 2533 2579 2597 2647 2734 2758 2856 2885 2916 3000
7 52 100 132 210 265 310 324 390 482 487 572 611 689 728 771 826 884 943 990 1065 1101 1157 1199 1271 1327 1377 1413 1506 1532 1610 1627 1727 1740 1788 1872 1934 1959 2002 2089 2113 2202 2228 2313 2325 2407 2460 2494 2575 2627 2666 2739 2788 2813 2864 2944 3022
7 52 100 147 192 229 297 331 413 476 487 593 639 681 739 761 813 884 955 1015 1050 1086 1145 1211 1263 1326 1390 1431 1460 1540 1617 1643 1707 1740 1821 1856 1940 1959 2002 2078 2106 2179 2263 2286 2338 2408 2478 2494 2563 2604 2683 2706 2796 2824 2910 2925 3014
7 52 100 148 164 257 293 344 390 468 505 593 603 697 705 799 847 864 925 983 1055 1117 1164 1207 1254 1300 1397 1422 1486 1513 1610 1646 1707 1757 1788 1886 1903 1952 2008 2074 2120 2176 2258 2313 2348 2399 2470 2488 2555 2631 2681 2735 2774 2841 2911 2944 3022
7 52 101 124 208 256 309 344 391 464 514 554 602 682 730 795 822 890 960 1023 1061 1090 1154 1210 1267 1311 1352 1413 1492 1517 1590 1657 1727 1738 1801 1885 1934 1962 2019 2057 2139 2161 2227 2268 2365 2402 2433 2509 2580 2599 2649 2750 2803 2839 2893 2962 3008
7 52 101 141 164 219 274 344 428 480 495 593 639 692 743 778 847 880 924 998 1056 1123 1163 1226 1267 1297 1396 1404 1475 1517 1604 1632 1689 1757 1789 1849 1924 1972 2019 2094 2139 2176 2263 2277 2333 2427 2470 2509 2566 2610 2688 2714 2786 2828 2898 2924 2993
7 52 102 117 196 251 319 369 391 471 528 548 608 684 733 788 834 864 947 978 1066 1090 1177 1210 1243 1346 1375 1413 1505 1516 1569 1655 1727 1745 1820 1875 1934 1978 2029 2103 2123 2185 2227 2296 2341 2378 2434 2496 2545 2634 2670 2716 2802 2829 2890 2938 2988
7 52 102 133 208 263 310 324 419 455 487 548 615 660 726 762 839 880 929 1016 1059 1110 1184 1212 1259 1327 1377 1431 1508 1554 1585 1627 1727 1732 1798 1880 1925 1990 2010 2087 2139 2181 2253 2283 2373 2398 2439 2515 2557 2630 2684 2714 2794 2810 2867 2925 2973
7 52 104 126 190 262 288 332 404 483 517 566 594 683 712 781 822 884 921 994 1050 1119 1147 1216 1289 1329 1386 1419 1472 1549 1601 1626 1707 1768 1825 1877 1892 1962 2005 2096 2113 2164 2225 2321 2353 2392 2431 2508 2543 2636 2663 2739 2784 2858 2882 2962 3020
7 52 104 128 181 257 297 331 420 468 526 566 608 699 705 769 850 880 928 1006 1040 1091 1159 1236 1279 1318 1351 1404 1483 1559 1601 1651 1707 1759 1809 1882 1920 1966 2005 2056 2114 2176 2231 2313 2328 2380 2467 2508 2583 2631 2657 2744 2756 2838 2880 2969 3020
7 52 105 112 172 217 287 344 413 443 499 585 647 676 742 796 841 872 942 998 1062 1102 1163 1195 1262 1299 1387 1436 1475 1545 1613 1669 1702 1772 1821 1857 1940 1959 2011 2094 2106 2188 2263 2277 2324 2423 2452 2490 2554 2596 2689 2710 2790 2834 2894 2934 3014
7 52 105 124 199 257 291 344 387 468 530 566 611 698 717 763 858 878 960 1019 1057 1082 1159 1227 1262 1323 1361 1413 1463 1545 1610 1651 1720 1742 1786 1885 1919 1952 2011 2076 2106 2163 2235 2301 2345 2402 2448 2490 2579 2631 2647 2735 2766 2839 2899 2969 3017
4 53 54 144 176 224 315 373 387 454 520 580 642 678 715 772 813 897 957 996 1044 1131 1162 1231 1248 1321 1400 1450 1480 1527 1567 1663 1726 1765 1813 1864 1923 1984 2031 2053 2153 2173 2218 2312 2342 2418 2453 2491 2543 2602 2658 2725 2762 2827 2881 2952 2998
4 53 56 135 203 236 290 376 391 456 522 575 643 682 718 802 835 908 918 1023 1052 1085 1138 1206 1254 1324 1366 1444 1468 1541 1590 1622 1714 1766 1791 1869 1909 1992 2017 2085 2154 2191 2257 2314 2372 2383 2457 2492 2581 2606 2669 2738 2765 2809 2867 2950 2982
7 53 57 123 185 266 300 368 408 473 505 588 646 661 747 765 842 899 924 975 1048 1084 1172 1213 1271 1320 1367 1450 1495 1533 1599 1648 1715 1743 1811 1856 1901 1979 2023 2070 2155 2195 2222 2315 2335 2393 2468 2486 2549 2643 2647 2744 2754 2815 2905 2956 2979
4 53 59 140 188 234 300 364 410 471 501 586 629 676 705 778 840 916 922 1017 1035 1094 1175 1211 1256 1320 1371 1452 1510 1555 1582 1648 1719 1733 1782 1838 1927 1979 2016 2102 2145 2168 2250 2315 2364 2400 2441 2504 2549 2629 2647 2721 2782 2818 2875 2966 2976
7 53 60 122 172 254 299 357 397 450 513 587 642 676 743 799 841 916 942 981 1071 1112 1137 1239 1276 1307 1360 1439 1482 1549 1582 1628 1723 1729 1800 1838 1933 1985 1998 2064 2145 2187 2228 2314 2344 2380 2455 2517 2564 2629 2651 2721 2771 2829 2913 2961 2975
7 53 61 129 199 232 282 371 406 449 498 592 634 693 733 807 834 903 947 1004 1067 1090 1140 1212 1280 1339 1359 1450 1474 1548 1578 1640 1722 1751 1792 1878 1891 1980 2001 2058 2150 2181 2214 2317 2357 2398 2444 2503 2589 2597 2680 2726 2758 2810 2889 2950 3000
7 53 61 134 175 258 307 368 387 477 508 592 640 665 731 762 821 899 949 1016 1042 1103 1184 1190 1278 1327 1365 1444 1500 1550 1578 1655 1722 1741 1811 1853 1894 1984 2001 2103 2153 2183 2248 2302 2341 2396 2438 2503 2545 2618 2646 2705 2755 2834 2883 2966 3000
7 53 62 115 213 218 275 370 403 453 504 592 629 693 726 791 820 912 930 1014 1063 1096 1170 1209 1265 1302 1368 1444 1477 1515 1589 1636 1719 1771 1783 1863 1921 1992 2012 2090 2140 2164 2242 2317 2372 2381 2463 2497 2570 2621 2646 2743 2782 2839 2876 2956 2980
7 53 64 114 203 219 289 370 420 455 516 589 646 691 710 789 847 911 924 1022 1036 1084 1171 1200 1270 1319 1367 1448 1490 1512 1575 1635 1714 1755 1812 1856 1916 1979 2024 2087 2154 2179 2259 2304 2373 2393 2469 2485 2542 2604 2648 2714 2775 2824 2892 2957 2992
7 53 64 117 200 261 285 372 390 458 516 579 629 669 737 771 861 911 922 990 1033 1094 1146 1225 1242 1313 1371 1444 1488 1539 1589 1625 1723 1755 1796 1838 1913 1979 2024 2059 2152 2210 2217 2320 2359 2400 2472 2485 2544 2635 2666 2729 2798 2842 2894 2961 2978
7 53 66 150 176 222 287 368 411 447 489 588 634 664 702 787 845 897 944 996 1051 1109 1155 1215 1253 1334 1358 1443 1487 1534 1586 1657 1721 1751 1833 1841 1899 1991 2011 2053 2158 2192 2218 2317 2342 2388 2468 2493 2565 2598 2689 2718 2804 2855 2863 2952 3014
4 53 67 153 180 225 282 372 409 465 498 592 629 669 730 771 822 913 960 1011 1033 1090 1185 1189 1274 1315 1359 1437 1509 1546 1591 1664 1721 1731 1799 1866 1915 1985 2022 2093 2150 2190 2242 2308 2359 2398 2437 2523 2544 2596 2664 2702 2759 2835 2862 2963 2990
4 53 67 158 170 233 277 372 380 437 489 587 640 673 708 757 853 904 959 994 1026 1116 1160 1204 1274 1325 1369 1443 1504 1546 1587 1632 1726 1741 1786 1864 1911 1993 2022 2094 2150 2180 2244 2302 2333 2415 2443 2523 2566 2608 2656 2731 2787 2859 2869 2952 2994
7 53 68 111 189 250 273 363 395 470 503 588 643 649 747 767 861 904 928 1003 1048 1091 1149 1213 1271 1308 1358 1451 1483 1514 1573 1644 1710 1766 1802 1865 1895 1979 2035 2072 2158 2210 2231 2314 2347 2406 2472 2506 2547 2624 2660 2700 2798 2842 2905 2961 2975
4 53 68 115 186 259 291 364 410 445 514 588 638 664 753 787 820 916 930 987 1053 1125 1147 1238 1280 1306 1392 1450 1461 1530 1572 1629 1710 1730 1782 1841 1924 1984 2020 2075 2140 2193 2252 2317 2342 2402 2433 2522 2563 2611 2647 2718 2782 2839 2904 2964 2976
7 53 68 134 165 253 312 357 397 467 514 575 643 675 725 786 830 916 943 1005 1034 1088 1184 1201 1261 1321 1372 1451 1500 1550 1573 1666 1722 1730 1800 1837 1903 1984 2020 2103 2146 2175 2257 2312 2332 2387 2454 2522 2550 2624 2651 2700 2771 2840 2865 2963 2975
7 53 70 140 198 258 301 363 409 477 493 592 629 656 724 759 812 910 928 1011 1039 1081 1184 1199 1256 1333 1350 1451 1510 1555 1571 1655 1708 1744 1803 1867 1915 1989 2004 2093 2146 2189 2242 2316 2340 2404 2451 2504 2561 2618 2661 2712 2778 2812 2871 2966 2986
7 53 71 133 175 241 283 376 393 463 508 584 640 699 703 789 832 903 963 991 1036 1111 1151 1188 1272 1319 1387 1453 1463 1523 1605 1641 1721 1741 1804 1886 1896 1980 2001 2069 2154 2171 2220 2302 2365 2411 2438 2492 2542 2619 2648 2742 2783 2852 2890 2957 3007
4 53 71 145 166 245 279 363 405 434 515 584 634 654 724 775 855 912 950 989 1040 1081 1158 1199 1255 1328 1377 1437 1473 1535 1603 1624 1721 1740 1824 1843 1915 1996 2006 2072 2142 2202 2246 2314 2339 2376 2456 2487 2582 2613 2697 2716 2804 2844 2871 2966 3009
4 53 72 108 182 257 295 368 390 482 491 580 643 652 740 758 835 916 946 987 1047 1087 1168 1207 1258 1338 1362 1439 1490 1519 1610 1666 1714 1745 1791 1846 1893 1979 2016 2089 2152 2187 2238 2316 2346 2406 2461 2490 2567 2643 2669 2733 2765 2809 2899 2964 2983
4 53 72 139 173 238 300 368 411 442 501 579 641 651 731 774 855 897 956 1002 1062 1103 1135 1190 1258 1322 1371 1452 1458 1519 1580 1646 1715 1733 1833 1860 1894 1996 2016 2080 2152 2202 2224 2304 2330 2391 2456 2490 2577 2600 2689 2713 2804 2844 2883 2966 3014
7 53 72 144 188 225 289 370 386 436 501 580 629 698 730 791 818 897 957 1015 1057 1104 1136 1189 1249 1310 1380 1453 1480 1527 1610 1645 1714 1733 1795 1877 1900 1996 2016 2081 2150 2190 2237 2315 2367 2403 2441 2490 2576 2625 2670 2751 2757 2827 2862 2965 2983
7 53 73 109 188 219 288 364 380 444 502 586 641 682 720 807 840 912 918 1015 1067 1095 1143 1224 1269 1339 1356 1456 1469 1537 1581 1634 1714 1733 1786 1869 1911 1993 2015 2074 2150 2168 2244 2304 2367 2383 2441 2516 2589 2615 2680 2738 2764 2837 2901 2950 2994
4 53 76 108 164 259 285 372 396 451 505 580 627 670 753 799 820 916 919 993 1071 1106 1140 1229 1276 1300 1380 1450 1465 1543 1579 1638 1723 1752 1790 1847 1928 1992 2013 2067 2150 2193 2251 2304 2351 2401 2433 2523 2564 2605 2658 2709 2784 2837 2913 2956 2973
7 53 77 135 198 233 312 372 401 437 514 575 633 674 721 798 817 908 919 990 1077 1088 1146 1202 1275 1341 1372 1450 1488 1522 1587 1647 1708 1749 1820 1862 1902 1993 2000 2059 2146 2166 2217 2320 2361 2387 2445 2488 2588 2608 2682 2731 2786 2808 2906 2964 2984
7 53 77 150 205 243 297 368 401 457 495 573 640 665 740 762 860 912 944 986 1042 1087 1145 1207 1264 1296 1379 1443 1481 1540 1587 1621 1710 1760 1820 1841 1893 1985 2002 2060 2155 2201 2227 2320 2341 2388 2481 2486 2545 2623 2679 2717 2789 2855 2899 2964 2984
4 53 77 159 177 219 291 364 394 444 514 573 646 679 710 756 849 908 968 978 1054 1105 1148 1200 1252 1306 1392 1451 1502 1544 1581 1629 1710 1749 1814 1871 1895 1993 2000 2071 2154 2179 2232 2308 2329 2421 2467 2488 2539 2615 2672 2738 2781 2851 2892 2963 2990
7 53 78 114 174 267 312 372 398 482 507 587 646 666 735 764 829 913 934 995 1055 1082 1168 1192 1270 1321 1378 1439 1490 1512 1594 1666 1708 1737 1799 1873 1914 1984 2009 2089 2152 2203 2229 2312 2325 2397 2443 2485 2550 2634 2651 2739 2772 2814 2872 2957 3001
7 53 78 150 171 234 276 373 398 469 486 573 629 699 705 800 822 912 963 976 1040 1117 1155 1211 1251 1301 1381 1456 1487 1534 1594 1636 1721 1756 1799 1886 1904 1991 1999 2053 2145 2168 2239 2312 2355 2411 2460 2495 2557 2631 2664 2742 2759 2835 2875 2957 3001
7 53 79 128 180 224 297 359 428 442 515 579 642 669 715 771 833 910 942 1011 1032 1112 1159 1231 1260 1296 1360 1437 1489 1528 1609 1621 1719 1736 1817 1838 1941 1985 2010 2079 2153 2173 2255 2320 2359 2380 2432 2489 2545 2614 2679 2729 2792 2823 2881 2966 3016
4 53 79 138 171 248 273 359 407 470 494 584 643 699 709 800 811 904 945 976 1045 1116 1149 1204 1260 1308 1369 1456 1479 1528 1612 1644 1714 1758 1805 1877 1911 1991 2010 2076 2153 2160 2216 2302 2355 2415 2458 2489 2552 2627 2655 2750 2765 2834 2868 2965 3013
7 53 80 123 207 230 302 370 388 456 537 575 634 653 725 768 842 912 924 1015 1034 1093 1136 1201 1261 1305 1393 1448 1480 1548 1597 1624 1726 1778 1783 1854 1898 1984 2040 2081 2155 2198 2237 2315 2348 2395 2465 2524 2568 2612 2675 2717 2754 2815 2865 2950 2995
7 53 80 153 177 240 273 363 379 446 503 592 634 665 706 775 839 913 944 979 1069 1109 1171 1198 1293 1308 1358 1448 1493 1562 1597 1644 1710 1764 1793 1841 1918 1991 2037 2084 2154 2162 2214 2302 2328 2388 2451 2527 2552 2612 2655 2717 2776 2852 2895 2964 2995
4 53 81 132 188 221 287 371 388 447 494 575 634 682 721 807 826 897 933 1015 1077 1092 1155 1202 1275 1334 1353 1456 1460 1516 1566 1657 1719 1740 1808 1874 1898 1993 2029 2081 2145 2178 2237 2314 2367 2399 2434 2494 2580 2599 2674 2732 2785 2829 2906 2965 2971
7 53 82 142 175 234 294 357 382 471 496 586 646 654 710 773 833 899 950 1016 1031 1107 1175 1217 1268 1326 1351 1443 1509 1557 1588 1648 1721 1737 1807 1843 1899 1985 2021 2103 2154 2163 2248 2312 2341 2376 2442 2528 2555 2629 2667 2716 2769 2847 2874 2966 2972
7 53 84 127 199 234 272 373 379 469 509 580 646 698 710 802 823 903 961 1004 1052 1089 1150 1217 1247 1324 1354 1439 1464 1529 1594 1642 1719 1743 1793 1887 1918 1991 2019 2058 2154 2163 2214 2315 2357 2409 2453 2501 2581 2631 2669 2742 2763 2822 2874 2950 2995
7 53 85 118 198 240 286 376 428 452 492 579 642 651 706 764 839 913 927 1011 1055 1123 1164 1220 1270 1300 1370 1448 1484 1513 1604 1637 1708 1744 1827 1849 1941 1992 2005 2079 2146 2162 2255 2304 2340 2390 2451 2484 2550 2606 2673 2723 2797 2831 2872 2963 3005
7 53 85 127 187 258 299 373 392 458 513 579 640 689 731 795 819 904 961 1003 1062 1083 1139 1190 1258 1303 1360 1439 1476 1518 1601 1632 1708 1729 1806 1887 1914 1996 1998 2068 2153 2183 2235 2316 2349 2409 2440 2491 2556 2638 2649 2750 2767 2822 2883 2961 3008
7 53 86 113 189 223 315 373 402 443 536 586 633 649 705 767 847 908 925 1003 1035 1117 1139 1211 1256 1338 1384 1451 1476 1531 1576 1647 1726 1769 1784 1836 1904 1979 2049 2068 2142 2179 2235 2316 2347 2408 2469 2529 2560 2622 2676 2728 2775 2824 2875 2957 2974
7 53 88 146 166 244 291 364 392 433 528 586 633 654 712 775 818 913 955 989 1069 1082 1159 1192 1293 1304 1378 1437 1485 1553 1598 1631 1710 1754 1806 1852 1914 1996 2043 2083 2153 2190 2235 2312 2339 2397 2441 2534 2552 2592 2659 2707 2757 2827 2895 2965 3008
7 53 90 150 162 239 288 363 405 444 492 573 641 677 716 766 845 912 944 973 1030 1096 1143 1209 1244 1339 1368 1448 1481 1540 1585 1634 1715 1735 1824 1848 1921 1980 2014 2062 2158 2198 2240 2317 2350 2381 2462 2506 2571 2595 2697 2708 2804 2855 2886 2963 3009
4 53 91 124 170 267 287 371 378 473 489 588 640 690 735 785 829 913 923 983 1028 1109 1161 1198 1266 1332 1358 1439 1489 1532 1601 1659 1719 1741 1789 1863 1918 1985 2022 2077 2158 2203 2215 2302 2344 2388 2443 2499 2559 2642 2662 2746 2760 2826 2866 2956 3002
7 53 91 138 169 231 282 371 423 438 498 584 633 675 723 766 849 904 943 984 1030 1101 1152 1216 1266 1339 1359 1437 1475 1532 1598 1640 1722 1731 1832 1837 1932 1993 2022 2056 2158 2197 2241 2304 2352 2387 2448 2499 2571 2599 2697 2700 2796 2836 2864 2963 3005
4 53 92 109 205 218 315 376 381 461 536 586 627 654 726 773 820 912 918 986 1043 1117 1156 1203 1273 1321 1384 1444 1469 1537 1603 1663 1723 1779 1790 1843 1913 1984 2040 2060 2142 2164 2227 2312 2341 2408 2463 2512 2543 2613 2658 2716 2784 2837 2882 2964 2988
4 53 96 121 198 248 293 359 389 470 488 588 646 689 702 783 816 911 961 990 1051 1089 1157 1215 1253 1316 1354 1453 1471 1521 1612 1635 1708 1749 1787 1887 1920 1991 2028 2054 2146 2167 2222 2308 2361 2409 2445 2507 2569 2627 2663 2750 2772 2828 2863 2961 2996
7 53 97 132 200 226 315 376 384 454 536 575 642 651 703 764 841 897 933 1009 1055 1111 1162 1188 1252 1321 1384 1451 1460 1516 1580 1663 1723 1769 1800 1860 1896 1989 2049 2073 2152 2185 2230 2308 2340 2414 2457 2518 2550 2600 2651 2713 2771 2829 2890 2957 2989
4 53 97 137 189 231 304 370 386 439 536 589 633 664 723 776 828 897 930 997 1050 1122 1134 1216 1246 1333 1395 1444 1486 1522 1586 1652 1710 1769 1795 1841 1912 1989 2049 2052 2158 2197 2225 2316 2353 2402 2469 2518 2553 2598 2670 2718 2757 2816 2864 2964 2983
7 53 97 153 190 219 293 357 384 455 490 589 641 659 720 781 822 916 960 972 1053 1100 1171 1224 1283 1316 1352 1452 1493 1562 1580 1635 1710 1738 1800 1859 1905 1991 2032 2084 2150 2168 2221 2308 2323 2405 2460 2535 2569 2604 2663 2709 2759 2835 2901 2957 2989
4 53 99 146 162 233 283 371 400 448 523 589 633 677 721 766 825 910 936 973 1058 1092 1164 1202 1293 1319 1373 1448 1485 1553 1593 1641 1726 1759 1812 1844 1898 1980 2034 2077 2146 2166 2225 2302 2350 2379 2436 2534 2542 2597 2648 2712 2775 2846 2906 2965 3013
7 53 99 151 176 223 270 364 407 462 517 589 638 664 720 787 823 899 937 996 1053 1095 1144 1224 1283 1297 1357 1443 1491 1563 1593 1649 1726 1765 1805 1854 1911 1991 2034 2055 2153 2163 2216 2316 2342 2382 2453 2534 2563 2603 2657 2705 2763 2822 2901 2950 3013
7 53 104 122 173 235 291 359 416 445 528 587 638 658 708 784 826 916 942 980 1026 1100 1147 1204 1274 1306 1378 1437 1482 1549 1617 1629 1715 1754 1810 1840 1926 1993 2043 2054 2152 2178 2233 2308 2352 2378 2434 2520 2539 2636 2672 2733 2785 2829 2869 2965 3012
4 53 104 136 185 247 270 376 421 457 517 587 642 666 718 764 834 910 939 985 1038 1085 1145 1206 1268 1323 1357 1443 1481 1554 1608 1621 1715 1765 1815 1873 1909 1980 2034 2060 2155 2181 2228 2312 2325 2392 2444 2530 2568 2619 2656 2739 2758 2810 2867 2950 3022
7 53 105 113 192 241 293 359 423 463 490 584 633 666 713 759 810 910 934 984 1039 1108 1151 1210 1256 1310 1352 1452 1476 1531 1608 1641 1708 1738 1817 1873 1932 1996 2032 2056 2155 2161 2241 2315 2330 2397 2458 2529 2561 2619 2685 2739 2786 2815 2871 2957 3021
