3024 3400
2 14 23 56 22 31 10 9 48 36 24 33 38 44 47 42 8 4 30 37 39 5 25 20 54 15 32 13 16 6 19 49 12 21 7 35 11 50 55 51 52 43 29 1 26 27 45 17 46 28 40 41 18 3 34 53
7 0 54 143 202 263 277 360 415 471 496 555 626 680 748 798 863 885 951 1017 1027 1093 1138 1195 1276 1327 1367 1446 1509 1541 1616 1634 1684 1780 1822 1879 1902 1988 2025 2055 2127 2182 2234 2283 2330 2404 2459 2512 2561 2598 2694 2726 2779 2812 2880 2966 2987
4 0 57 124 202 233 316 356 429 444 507 554 630 680 710 798 836 913 968 1017 1049 1118 1145 1202 1290 1315 1397 1446 1495 1552 1599 1627 1695 1757 1812 1861 1895 1988 2051 2072 2116 2171 2217 2284 2330 2382 2482 2509 2539 2621 2681 2744 2782 2808 2893 2939 3007
7 0 57 130 215 219 317 332 405 437 507 560 609 675 721 756 819 913 919 983 1043 1087 1147 1200 1282 1302 1396 1427 1488 1560 1601 1658 1689 1757 1825 1870 1903 1988 2051 2060 2140 2206 2232 2305 2348 2395 2470 2509 2588 2643 2672 2731 2787 2850 2900 2959 3005
7 0 57 147 178 228 300 368 407 449 534 560 630 673 709 762 829 873 926 972 1073 1081 1144 1207 1263 1310 1373 1446 1510 1540 1599 1628 1689 1768 1833 1868 1924 1977 2023 2079 2155 2172 2242 2291 2372 2418 2468 2537 2577 2621 2651 2744 2757 2854 2909 2932 3007
7 0 57 155 200 242 293 373 405 467 534 554 616 651 728 801 860 873 956 984 1065 1088 1152 1199 1270 1338 1380 1420 1504 1533 1601 1621 1695 1768 1825 1841 1908 1977 2023 2059 2151 2160 2227 2305 2341 2390 2447 2537 2547 2623 2678 2751 2780 2814 2914 2959 3005
7 0 59 145 196 223 311 356 398 463 518 584 643 699 713 786 823 883 936 976 1053 1119 1182 1240 1242 1297 1359 1420 1498 1528 1604 1643 1711 1771 1828 1839 1920 1966 2024 2077 2149 2178 2267 2278 2358 2421 2458 2534 2573 2606 2665 2705 2761 2820 2888 2931 3019
7 0 59 149 188 267 307 343 398 435 502 576 609 656 738 773 845 896 940 1024 1054 1104 1179 1192 1285 1308 1390 1453 1467 1543 1604 1639 1719 1728 1828 1867 1943 1986 2048 2092 2129 2191 2244 2278 2332 2424 2457 2510 2551 2597 2653 2714 2773 2809 2896 2931 3019
7 0 60 115 178 269 315 345 412 461 505 576 614 654 706 781 858 873 931 972 1069 1131 1186 1223 1269 1305 1353 1436 1469 1529 1612 1659 1723 1765 1783 1874 1921 1986 2010 2079 2121 2185 2242 2312 2372 2381 2471 2497 2570 2614 2688 2748 2778 2839 2896 2932 2989
7 0 60 148 206 245 280 366 425 459 503 576 638 689 753 765 814 885 966 997 1071 1094 1134 1193 1261 1348 1358 1420 1474 1549 1584 1646 1723 1756 1803 1859 1928 1958 2011 2103 2116 2197 2220 2301 2354 2407 2464 2496 2578 2628 2675 2701 2807 2832 2864 2937 3018
7 0 60 151 203 242 273 337 398 462 505 589 638 671 728 787 860 873 949 996 1034 1119 1169 1240 1260 1301 1395 1420 1491 1539 1584 1671 1711 1765 1829 1877 1920 1986 2010 2056 2129 2160 2267 2289 2370 2385 2447 2497 2552 2628 2685 2701 2760 2833 2872 2949 3018
7 0 64 119 201 245 293 343 406 467 517 582 616 698 738 781 813 873 955 1019 1069 1104 1152 1192 1269 1338 1398 1448 1465 1525 1592 1621 1723 1741 1821 1852 1943 1980 2006 2099 2122 2211 2236 2301 2327 2417 2435 2502 2570 2620 2655 2700 2800 2827 2896 2931 3023
7 0 65 142 206 239 277 360 423 480 503 582 638 698 755 762 846 878 944 1003 1073 1132 1156 1216 1288 1310 1361 1425 1459 1530 1603 1650 1684 1756 1785 1836 1929 1966 2011 2094 2155 2164 2223 2301 2347 2402 2464 2491 2577 2634 2651 2717 2805 2838 2883 2932 2990
7 0 66 154 198 241 315 373 426 484 489 572 604 676 702 800 845 883 924 976 1051 1117 1162 1205 1248 1305 1369 1440 1479 1559 1573 1659 1697 1779 1805 1848 1930 1986 2003 2105 2122 2188 2239 2312 2356 2388 2460 2524 2570 2603 2688 2718 2755 2826 2913 2931 3002
7 0 70 146 189 253 309 332 411 451 538 555 616 666 743 757 860 913 965 1001 1049 1133 1137 1211 1272 1305 1378 1419 1463 1526 1578 1665 1695 1754 1825 1882 1894 1986 2009 2104 2144 2177 2251 2312 2357 2398 2430 2492 2580 2604 2678 2707 2780 2814 2911 2949 2999
7 0 70 156 202 262 297 360 421 450 512 555 608 667 749 759 863 906 958 981 1031 1130 1135 1194 1256 1326 1350 1427 1481 1542 1578 1654 1695 1780 1815 1873 1916 1993 2009 2094 2116 2182 2247 2301 2367 2393 2459 2492 2589 2599 2682 2712 2758 2832 2901 2961 2999
7 0 71 116 162 233 305 345 425 460 516 584 630 685 710 797 862 906 963 1022 1074 1085 1177 1202 1264 1300 1401 1453 1489 1553 1572 1653 1690 1755 1803 1855 1928 1958 2034 2078 2116 2171 2220 2289 2338 2379 2456 2485 2562 2605 2699 2712 2784 2848 2893 2949 3018
7 0 72 136 192 243 283 345 393 449 491 555 604 666 745 757 814 900 938 999 1067 1086 1144 1212 1251 1327 1388 1446 1510 1551 1577 1628 1707 1779 1822 1882 1940 1958 2001 2079 2155 2195 2214 2312 2357 2423 2466 2529 2561 2605 2694 2707 2779 2861 2894 2937 3009
7 0 72 139 175 262 299 373 418 450 537 555 636 665 723 767 816 878 961 1002 1078 1084 1135 1241 1281 1323 1385 1414 1499 1521 1577 1654 1707 1733 1799 1864 1915 1980 2001 2076 2129 2208 2262 2289 2329 2410 2469 2529 2564 2599 2646 2713 2804 2833 2891 2961 3009
4 0 76 111 201 261 280 366 395 472 494 560 626 673 721 806 861 878 951 1019 1043 1093 1162 1200 1282 1322 1367 1440 1511 1536 1607 1672 1723 1741 1816 1879 1897 1988 2030 2074 2122 2163 2260 2291 2327 2404 2435 2532 2538 2601 2673 2733 2785 2844 2900 2926 2971
7 0 76 118 200 240 274 337 395 476 510 589 630 693 708 759 810 906 970 984 1031 1101 1161 1235 1256 1332 1403 1436 1475 1520 1607 1653 1695 1768 1816 1875 1936 1959 2046 2065 2151 2210 2221 2291 2341 2405 2447 2516 2589 2625 2676 2709 2782 2834 2901 2926 2971
7 0 76 145 172 259 308 338 412 457 499 560 630 687 736 785 823 908 936 998 1079 1131 1184 1223 1265 1344 1355 1436 1474 1552 1607 1626 1723 1736 1801 1881 1921 1958 2030 2052 2149 2189 2242 2278 2374 2379 2448 2532 2559 2625 2693 2709 2761 2820 2865 2939 2971
7 0 78 145 175 251 291 366 419 436 533 560 643 665 732 767 813 908 929 1002 1052 1099 1157 1222 1242 1325 1396 1414 1498 1528 1609 1673 1697 1766 1791 1848 1891 1980 2004 2101 2140 2211 2238 2284 2329 2383 2435 2534 2590 2627 2686 2729 2800 2827 2889 2931 3003
4 0 78 154 203 261 296 368 411 472 486 560 608 671 705 787 822 896 935 996 1040 1110 1162 1239 1280 1307 1376 1420 1479 1559 1597 1672 1697 1744 1810 1837 1925 1986 2048 2105 2144 2180 2218 2317 2370 2411 2468 2490 2546 2601 2664 2742 2767 2815 2866 2926 3015
7 0 79 159 203 228 295 343 406 460 536 584 643 679 709 779 829 873 922 996 1027 1127 1167 1234 1276 1328 1356 1446 1493 1541 1576 1663 1697 1744 1821 1849 1912 1959 1998 2056 2144 2172 2267 2283 2370 2415 2468 2512 2580 2610 2655 2708 2800 2811 2880 2949 3023
7 0 81 113 186 268 299 373 388 458 521 584 614 679 742 779 831 900 956 1012 1067 1083 1134 1233 1273 1331 1401 1420 1508 1537 1583 1647 1707 1732 1789 1849 1910 1986 2033 2069 2116 2190 2253 2283 2370 2381 2483 2528 2539 2603 2665 2708 2801 2856 2870 2939 2983
7 0 84 111 170 221 288 338 387 479 487 554 626 651 752 775 853 883 953 1011 1063 1107 1154 1188 1282 1303 1384 1427 1511 1536 1579 1666 1719 1769 1800 1887 1917 1993 2022 2082 2149 2186 2266 2305 2367 2406 2462 2532 2550 2632 2659 2705 2783 2842 2878 2926 2978
4 0 84 161 197 228 301 338 383 460 527 584 604 674 714 756 856 913 946 1001 1043 1125 1167 1208 1282 1321 1359 1440 1462 1536 1573 1663 1689 1729 1820 1888 1893 1964 2022 2089 2149 2167 2265 2291 2349 2416 2449 2532 2588 2610 2652 2711 2802 2829 2900 2949 2984
7 0 85 127 197 263 300 368 411 471 509 555 616 648 723 782 817 896 955 1001 1078 1104 1138 1241 1281 1304 1398 1425 1461 1557 1591 1634 1689 1729 1810 1852 1894 1980 2040 2104 2149 2207 2251 2278 2349 2417 2449 2493 2549 2598 2664 2750 2767 2820 2891 2966 3015
7 0 85 136 193 232 304 366 405 432 487 555 614 686 740 761 834 900 938 980 1029 1087 1159 1200 1287 1326 1368 1427 1510 1551 1591 1647 1689 1751 1815 1883 1903 1977 2040 2063 2151 2201 2232 2317 2335 2422 2478 2493 2589 2642 2682 2706 2758 2861 2881 2926 3015
7 0 85 160 180 251 318 366 384 436 509 554 604 660 753 768 837 896 928 1018 1045 1094 1187 1193 1287 1337 1380 1453 1486 1551 1609 1644 1690 1729 1832 1853 1928 1980 2040 2074 2151 2191 2261 2291 2328 2384 2465 2493 2576 2627 2663 2729 2754 2834 2864 2937 2996
4 0 87 116 169 242 276 373 401 467 498 582 609 653 702 795 862 908 963 1002 1032 1117 1135 1205 1266 1343 1362 1427 1499 1543 1601 1638 1711 1745 1835 1839 1930 1977 2027 2076 2116 2187 2262 2289 2335 2396 2441 2528 2585 2623 2668 2751 2784 2848 2913 2931 2974
7 0 87 119 204 244 275 368 407 453 511 582 608 696 754 787 855 873 955 973 1034 1080 1180 1213 1260 1335 1400 1425 1465 1525 1570 1667 1711 1759 1833 1876 1918 1993 2042 2071 2140 2200 2250 2284 2345 2393 2439 2513 2552 2645 2651 2725 2757 2827 2872 2939 3007
7 0 87 149 173 236 280 373 429 461 503 576 608 688 749 772 828 896 940 991 1076 1094 1173 1226 1266 1322 1358 1425 1467 1543 1570 1672 1717 1740 1812 1884 1895 1988 2027 2098 2116 2207 2217 2291 2360 2407 2437 2528 2538 2645 2673 2725 2790 2809 2867 2932 3007
4 0 88 138 173 249 291 345 378 436 532 554 643 651 745 801 827 908 931 1009 1035 1086 1157 1212 1283 1325 1397 1436 1506 1535 1595 1673 1717 1735 1808 1841 1940 1959 2017 2093 2116 2189 2231 2305 2341 2415 2443 2485 2578 2629 2698 2751 2765 2816 2894 2937 2998
7 0 91 113 185 233 274 337 423 460 510 584 636 666 713 791 824 900 965 1013 1053 1109 1177 1240 1242 1332 1403 1414 1483 1562 1577 1653 1695 1776 1785 1882 1929 1966 2039 2085 2155 2168 2223 2284 2322 2398 2461 2501 2568 2605 2697 2707 2759 2847 2888 2949 2990
4 0 91 133 165 262 293 373 381 450 534 584 604 676 749 800 839 885 928 1007 1051 1094 1168 1226 1292 1338 1380 1446 1484 1512 1577 1621 1695 1752 1827 1853 1895 1980 2039 2083 2121 2182 2265 2301 2356 2384 2483 2501 2570 2599 2655 2713 2794 2860 2867 2932 2990
4 0 92 130 181 244 305 345 428 485 537 589 608 655 754 769 819 883 919 1009 1044 1107 1157 1213 1250 1330 1379 1414 1506 1542 1613 1624 1690 1731 1807 1854 1890 1986 2003 2093 2140 2200 2231 2305 2333 2411 2475 2498 2566 2614 2690 2747 2787 2850 2872 2961 2976
4 0 92 153 179 216 318 366 424 448 517 589 630 691 729 790 862 885 926 985 1061 1081 1171 1222 1293 1320 1373 1448 1477 1515 1571 1660 1690 1736 1803 1868 1909 1977 2012 2064 2127 2187 2221 2278 2350 2418 2441 2489 2542 2642 2699 2726 2784 2848 2892 2931 3019
7 0 92 156 192 259 315 345 424 464 489 555 638 648 730 782 814 906 958 1006 1037 1092 1175 1201 1250 1336 1369 1440 1481 1542 1571 1629 1723 1779 1803 1852 1897 1964 2003 2053 2140 2195 2233 2278 2349 2414 2466 2498 2590 2618 2675 2750 2807 2832 2879 2931 3019
4 0 93 134 186 259 317 337 396 457 507 560 638 671 730 787 846 900 952 1012 1034 1087 1184 1201 1253 1335 1396 1446 1458 1538 1574 1626 1684 1781 1785 1837 1902 1959 2028 2069 2140 2195 2253 2317 2370 2395 2434 2536 2552 2625 2651 2742 2805 2838 2879 2939 3017
4 0 93 154 162 267 277 360 409 437 496 560 616 685 738 797 845 896 924 1022 1050 1108 1172 1221 1295 1327 1367 1453 1505 1533 1611 1634 1684 1754 1823 1847 1933 1958 2050 2058 2122 2191 2240 2312 2338 2389 2457 2514 2586 2595 2670 2720 2755 2826 2865 2959 2979
7 0 94 110 187 236 296 368 400 461 486 576 626 682 748 784 849 878 969 1003 1039 1115 1173 1207 1254 1307 1376 1414 1503 1531 1590 1672 1697 1778 1813 1871 1891 1993 2015 2061 2127 2208 2255 2310 2365 2406 2436 2523 2555 2645 2654 2704 2768 2813 2868 2932 3020
4 0 94 114 188 251 295 343 408 466 536 576 604 677 753 796 845 913 964 983 1071 1118 1161 1193 1261 1328 1356 1436 1470 1524 1590 1663 1697 1728 1805 1857 1904 1958 2015 2070 2151 2191 2222 2284 2374 2423 2457 2523 2547 2596 2688 2753 2755 2826 2864 2959 3020
4 0 95 141 215 262 289 338 408 439 531 576 604 675 749 756 863 906 953 983 1076 1085 1146 1226 1266 1334 1353 1427 1485 1555 1567 1632 1707 1767 1830 1866 1904 1988 2007 2070 2121 2182 2222 2289 2348 2427 2459 2517 2554 2611 2687 2736 2779 2812 2867 2966 2994
7 0 95 160 196 222 275 368 426 478 511 572 604 678 714 807 827 878 943 976 1029 1097 1154 1225 1287 1335 1400 1427 1486 1551 1567 1667 1711 1771 1813 1863 1930 1959 2031 2105 2149 2173 2239 2317 2358 2376 2458 2493 2543 2611 2660 2736 2762 2819 2881 2937 2994
7 0 97 118 186 263 321 368 419 471 521 589 614 664 748 794 839 906 943 1020 1038 1115 1147 1207 1255 1299 1379 1427 1466 1529 1591 1625 1684 1732 1791 1836 1891 1980 2033 2084 2140 2182 2238 2283 2363 2403 2483 2513 2557 2598 2692 2750 2794 2860 2868 2932 3003
7 0 97 161 173 217 277 360 428 455 503 589 608 693 737 759 856 908 946 1009 1077 1106 1182 1214 1277 1310 1361 1420 1482 1516 1597 1650 1684 1740 1788 1875 1890 1977 2027 2093 2149 2179 2231 2291 2341 2428 2437 2519 2543 2635 2685 2709 2802 2829 2892 2937 2996
7 0 99 114 175 240 305 338 430 476 537 589 636 671 752 804 857 900 935 980 1066 1107 1161 1188 1279 1300 1379 1448 1470 1524 1574 1653 1697 1733 1811 1837 1917 1958 2001 2070 2140 2166 2225 2289 2353 2411 2469 2504 2562 2625 2699 2742 2776 2855 2878 2926 3011
4 0 99 124 198 217 283 356 406 455 491 589 638 691 720 784 837 878 968 976 1039 1127 1182 1234 1254 1304 1388 1446 1498 1549 1574 1650 1697 1779 1834 1861 1912 1980 2001 2077 2122 2196 2267 2278 2356 2382 2460 2504 2555 2635 2657 2733 2781 2808 2868 2937 3011
7 0 100 132 215 235 294 332 412 470 539 560 630 665 705 764 819 885 961 998 1040 1116 1150 1239 1280 1345 1354 1453 1508 1518 1572 1660 1707 1757 1783 1864 1921 1986 2020 2052 2121 2206 2242 2284 2332 2410 2470 2531 2569 2604 2670 2713 2796 2840 2866 2961 2989
7 0 101 142 202 223 294 356 402 463 539 554 609 651 719 775 836 906 947 981 1038 1114 1156 1215 1249 1337 1354 1453 1459 1530 1604 1668 1684 1757 1832 1887 1933 1966 2020 2094 2127 2171 2247 2305 2367 2412 2482 2530 2576 2606 2663 2705 2754 2835 2874 2961 2976
7 0 102 142 179 244 308 373 415 453 499 582 604 682 742 800 836 878 947 985 1058 1083 1180 1233 1283 1302 1355 1436 1476 1513 1590 1667 1690 1736 1799 1871 1910 1988 2030 2059 2127 2212 2226 2305 2350 2427 2441 2508 2563 2645 2696 2704 2754 2835 2870 2939 3012
7 0 102 146 170 249 304 337 415 468 487 555 626 677 730 808 835 913 965 1017 1037 1087 1185 1201 1250 1323 1368 1414 1463 1526 1590 1649 1717 1769 1799 1857 1902 1964 2022 2055 2151 2204 2234 2305 2362 2422 2462 2516 2564 2596 2646 2753 2804 2814 2879 2939 3012
4 0 104 121 196 227 278 368 404 451 518 572 643 672 709 809 827 885 948 1007 1047 1081 1137 1207 1289 1336 1391 1419 1463 1550 1582 1665 1717 1771 1808 1884 1924 1964 2024 2104 2144 2173 2245 2278 2325 2400 2458 2490 2567 2631 2698 2741 2765 2816 2909 2932 2970
7 0 104 141 175 235 316 343 403 443 533 582 643 696 747 779 861 900 921 980 1067 1109 1146 1227 1273 1315 1371 1419 1485 1555 1582 1627 1707 1766 1809 1860 1942 1988 2004 2070 2129 2163 2225 2284 2353 2429 2435 2510 2539 2631 2681 2741 2785 2844 2870 2926 2970
4 0 106 110 209 266 294 332 394 448 539 554 616 683 727 757 849 900 969 979 1067 1114 1171 1231 1251 1345 1354 1448 1477 1557 1592 1660 1707 1749 1790 1866 1919 1959 2028 2064 2127 2166 2227 2310 2340 2412 2477 2525 2561 2592 2677 2728 2768 2813 2894 2966 2981
7 0 106 131 194 250 273 360 394 462 531 572 638 698 720 762 833 873 958 1015 1073 1092 1169 1195 1263 1301 1369 1427 1462 1565 1592 1671 1689 1737 1790 1852 1903 1964 2038 2087 2122 2161 2243 2310 2347 2414 2472 2514 2577 2620 2660 2700 2786 2857 2909 2966 2981
7 0 106 155 204 243 289 338 404 444 531 554 636 679 736 804 835 873 956 973 1050 1131 1140 1223 1295 1334 1353 1453 1504 1533 1576 1632 1707 1737 1782 1849 1921 1964 2038 2071 2144 2204 2250 2312 2345 2381 2462 2514 2579 2610 2663 2708 2804 2814 2865 2939 2997
4 1 59 136 184 233 318 361 383 474 507 576 608 688 737 769 836 872 968 991 1049 1122 1149 1209 1288 1315 1376 1442 1490 1543 1596 1672 1688 1744 1826 1846 1941 1974 1999 2098 2143 2186 2216 2280 2371 2380 2437 2509 2591 2592 2654 2744 2802 2836 2896 2956 2980
4 1 59 140 189 223 276 361 421 479 502 553 633 699 755 776 862 893 963 976 1060 1129 1161 1201 1288 1321 1372 1416 1486 1543 1575 1646 1711 1749 1782 1838 1930 1953 1999 2103 2143 2179 2225 2307 2364 2396 2478 2509 2573 2637 2664 2705 2796 2824 2885 2931 3002
7 1 60 134 174 216 315 334 425 474 505 576 632 682 733 802 821 899 960 1025 1050 1085 1186 1198 1243 1329 1352 1413 1506 1533 1591 1636 1712 1777 1810 1856 1934 1957 2021 2071 2121 2204 2222 2298 2345 2427 2471 2501 2570 2610 2675 2736 2804 2812 2867 2956 2997
7 1 60 153 167 249 297 359 425 452 507 577 603 648 725 800 842 875 933 982 1066 1099 1185 1241 1291 1300 1398 1442 1460 1531 1591 1662 1711 1729 1810 1877 1898 1958 2015 2057 2120 2207 2258 2298 2353 2428 2455 2507 2549 2628 2696 2718 2784 2841 2874 2956 2997
7 1 61 123 196 221 310 334 403 463 498 578 603 699 703 799 842 899 963 1006 1053 1102 1134 1205 1290 1307 1399 1441 1499 1564 1610 1663 1711 1751 1810 1838 1897 1983 2051 2070 2137 2185 2240 2282 2342 2396 2476 2503 2542 2602 2696 2705 2784 2841 2883 2931 3019
7 1 61 148 183 267 285 359 403 434 538 576 631 654 722 780 814 875 961 989 1072 1098 1153 1222 1264 1329 1391 1413 1507 1525 1610 1665 1713 1776 1810 1867 1916 1974 2017 2075 2146 2203 2221 2282 2322 2376 2457 2537 2570 2597 2675 2710 2804 2819 2896 2931 3019
7 1 61 149 212 266 316 334 383 461 509 576 608 655 706 772 853 903 934 991 1047 1100 1166 1230 1290 1320 1383 1418 1473 1564 1613 1651 1713 1740 1792 1861 1941 1979 2051 2098 2137 2171 2216 2306 2344 2411 2471 2503 2539 2621 2652 2727 2786 2808 2889 2925 3016
4 1 61 157 204 244 297 359 386 482 534 578 608 673 734 791 855 893 939 972 1060 1081 1144 1211 1264 1339 1371 1418 1498 1525 1613 1624 1711 1780 1787 1842 1896 1955 2017 2096 2146 2194 2246 2277 2339 2393 2446 2537 2558 2621 2697 2727 2756 2827 2909 2954 3016
7 1 64 128 195 221 317 337 427 441 514 579 603 689 703 808 856 901 952 1017 1074 1087 1138 1205 1268 1304 1375 1439 1509 1554 1609 1664 1688 1757 1795 1853 1913 1982 2048 2054 2137 2185 2234 2305 2337 2401 2462 2488 2556 2624 2699 2700 2778 2842 2883 2928 3012
7 1 64 159 188 269 301 337 378 455 515 553 605 670 720 772 854 902 920 997 1047 1096 1167 1240 1268 1320 1382 1440 1478 1554 1606 1666 1714 1756 1813 1855 1931 1981 2048 2088 2137 2168 2232 2304 2328 2421 2477 2488 2539 2605 2652 2749 2764 2813 2911 2925 3015
4 1 68 115 206 239 304 337 396 478 503 578 624 698 703 760 820 900 965 1012 1053 1087 1156 1205 1290 1317 1374 1418 1511 1530 1598 1653 1710 1728 1784 1864 1913 1983 2040 2065 2115 2166 2263 2306 2332 2402 2461 2536 2581 2625 2697 2730 2759 2853 2883 2928 3017
4 1 69 148 210 247 304 359 426 478 511 551 624 658 735 761 860 900 961 980 1028 1121 1156 1204 1261 1317 1367 1413 1470 1561 1567 1653 1689 1754 1809 1867 1942 1981 2005 2105 2120 2190 2233 2308 2366 2376 2458 2507 2589 2617 2689 2706 2758 2819 2908 2955 2992
7 1 69 155 203 262 315 361 404 464 505 554 624 679 736 756 863 877 962 983 1044 1131 1162 1209 1266 1312 1352 1413 1485 1538 1567 1652 1686 1777 1830 1845 1932 1979 2021 2103 2144 2184 2218 2307 2365 2381 2443 2491 2580 2617 2698 2706 2773 2816 2897 2956 2992
7 1 71 112 203 232 316 362 419 433 509 569 631 652 709 806 829 899 969 1015 1054 1115 1139 1212 1289 1328 1383 1418 1468 1556 1614 1644 1686 1740 1798 1878 1908 1983 2051 2084 2144 2183 2214 2283 2332 2397 2479 2492 2567 2614 2679 2728 2800 2810 2888 2925 3023
7 1 71 157 190 233 279 363 404 432 530 569 608 681 737 788 817 902 936 1022 1072 1131 1177 1209 1264 1302 1355 1413 1498 1525 1618 1650 1686 1775 1803 1881 1932 1980 2006 2063 2143 2186 2218 2282 2351 2378 2456 2537 2562 2635 2647 2716 2771 2830 2896 2954 3020
7 1 72 136 171 269 290 361 393 455 537 549 624 691 720 756 857 900 968 978 1067 1107 1180 1236 1258 1331 1392 1442 1489 1544 1615 1653 1714 1733 1789 1846 1912 1958 2000 2077 2118 2168 2215 2304 2353 2380 2474 2529 2555 2605 2672 2741 2781 2836 2914 2930 2993
7 1 72 139 205 240 314 361 418 458 491 579 607 669 719 804 844 878 941 976 1078 1111 1161 1188 1258 1304 1360 1439 1486 1544 1588 1667 1683 1779 1795 1837 1933 1980 2000 2103 2118 2196 2225 2307 2349 2382 2451 2529 2556 2599 2699 2717 2778 2855 2904 2947 3021
4 1 72 152 204 236 301 337 418 433 519 549 629 673 729 791 828 901 965 972 1046 1130 1139 1192 1293 1343 1378 1418 1468 1517 1588 1644 1714 1743 1795 1862 1901 1955 2044 2084 2144 2209 2257 2307 2339 2404 2482 2486 2572 2609 2670 2707 2807 2816 2905 2947 3021
7 1 73 117 211 222 320 362 400 458 490 579 629 689 724 771 811 875 948 990 1071 1120 1181 1237 1244 1325 1361 1419 1502 1517 1600 1648 1712 1755 1828 1836 1903 1953 2041 2060 2120 2177 2267 2305 2374 2419 2452 2535 2571 2618 2678 2718 2779 2814 2881 2947 3005
7 1 73 127 213 216 318 336 424 474 513 579 608 674 733 803 850 872 939 1000 1070 1081 1149 1194 1247 1315 1371 1439 1503 1514 1600 1672 1712 1732 1805 1842 1915 1955 2041 2086 2145 2204 2247 2298 2350 2393 2441 2535 2546 2610 2699 2726 2767 2858 2871 2953 3005
7 1 74 118 177 240 277 360 401 458 504 579 608 667 737 758 810 877 958 1004 1077 1103 1161 1221 1284 1341 1403 1416 1508 1516 1582 1667 1713 1780 1788 1885 1936 1981 2046 2082 2143 2178 2247 2277 2367 2389 2472 2512 2543 2599 2656 2723 2786 2852 2882 2947 2971
4 1 74 128 169 265 285 359 384 451 538 579 605 674 743 784 833 901 952 1016 1076 1080 1136 1231 1246 1329 1391 1419 1509 1554 1582 1665 1713 1746 1806 1861 1922 1957 2046 2057 2144 2173 2224 2298 2369 2394 2483 2512 2567 2615 2678 2707 2801 2842 2872 2925 2971
7 1 75 131 210 226 287 334 380 476 511 575 624 701 706 774 839 901 964 1016 1074 1100 1164 1230 1263 1338 1384 1442 1464 1513 1615 1620 1688 1754 1827 1859 1941 1980 2005 2062 2121 2210 2219 2308 2329 2410 2458 2501 2590 2634 2662 2713 2788 2840 2889 2925 2990
4 1 75 156 190 220 304 337 418 483 511 553 633 681 712 788 818 901 970 1022 1050 1080 1176 1218 1243 1330 1367 1413 1484 1533 1585 1640 1710 1754 1795 1851 1933 1980 2005 2056 2118 2205 2225 2298 2351 2418 2477 2501 2584 2594 2670 2746 2807 2826 2867 2955 3021
7 1 77 108 184 243 297 360 400 482 507 577 608 693 749 758 835 893 959 1021 1031 1099 1144 1196 1252 1339 1398 1443 1501 1542 1597 1624 1710 1744 1815 1851 1943 1953 1999 2093 2120 2187 2227 2280 2341 2428 2437 2490 2589 2622 2667 2734 2790 2825 2907 2955 3018
7 1 77 134 207 261 270 353 400 447 517 575 633 676 721 782 861 900 921 980 1033 1120 1186 1237 1259 1314 1393 1419 1506 1533 1597 1661 1712 1738 1815 1886 1903 1957 2004 2071 2115 2162 2267 2280 2369 2387 2435 2485 2563 2626 2681 2730 2775 2851 2884 2955 3018
4 1 78 138 185 244 312 334 399 482 506 578 624 656 735 774 834 878 927 985 1078 1082 1144 1233 1283 1323 1401 1443 1501 1512 1592 1624 1683 1761 1799 1880 1910 1979 2034 2093 2120 2193 2263 2305 2375 2381 2476 2502 2586 2621 2668 2748 2755 2814 2877 2954 2977
4 1 78 159 206 217 322 337 405 453 527 578 631 697 726 769 820 877 920 983 1049 1113 1160 1219 1275 1315 1365 1440 1500 1532 1572 1668 1683 1728 1829 1855 1920 1955 2016 2056 2143 2166 2264 2298 2363 2421 2461 2520 2591 2609 2654 2723 2799 2813 2909 2956 2997
4 1 78 160 209 265 321 336 405 451 506 549 630 649 743 762 863 878 966 1003 1057 1084 1179 1199 1242 1301 1392 1441 1473 1553 1572 1622 1713 1761 1829 1857 1940 1979 2034 2086 2118 2173 2244 2298 2346 2403 2454 2502 2548 2615 2691 2717 2762 2826 2906 2956 2997
4 1 80 131 204 218 277 362 387 437 504 575 603 683 721 781 843 901 964 972 1033 1093 1143 1237 1259 1344 1403 1416 1464 1513 1608 1664 1711 1780 1832 1869 1930 1957 2046 2084 2146 2206 2257 2283 2339 2400 2446 2506 2564 2643 2674 2721 2784 2840 2884 2947 2974
7 1 81 126 197 259 292 336 409 473 493 551 632 690 733 807 851 893 966 1005 1031 1081 1146 1194 1286 1316 1366 1441 1511 1520 1616 1669 1710 1753 1814 1863 1915 1983 2025 2076 2121 2160 2260 2277 2342 2398 2448 2531 2540 2603 2692 2704 2770 2860 2871 2953 3000
7 1 84 111 187 262 285 359 422 464 527 554 607 664 725 778 830 893 944 998 1075 1099 1162 1241 1282 1342 1402 1440 1508 1523 1571 1652 1713 1745 1787 1857 1898 1981 1998 2081 2115 2195 2261 2280 2328 2424 2465 2528 2557 2617 2648 2701 2805 2851 2874 2956 2980
7 1 84 158 215 218 304 359 379 483 503 578 633 656 721 809 843 901 945 1020 1039 1087 1176 1210 1282 1330 1374 1416 1462 1523 1575 1640 1689 1769 1806 1883 1907 1974 1998 2080 2115 2206 2236 2305 2340 2402 2446 2528 2561 2597 2693 2745 2787 2837 2912 2930 2976
4 1 85 127 210 250 274 353 384 452 536 579 605 701 719 774 817 872 967 1016 1078 1123 1185 1188 1258 1323 1361 1442 1460 1557 1612 1662 1689 1756 1783 1848 1922 1980 2028 2057 2120 2186 2224 2304 2329 2417 2456 2518 2586 2627 2668 2724 2771 2830 2904 2954 2995
7 1 85 149 165 228 317 336 379 485 514 579 632 668 751 807 853 900 934 999 1028 1087 1152 1210 1287 1341 1375 1416 1510 1527 1612 1628 1689 1778 1788 1870 1907 1953 2028 2101 2137 2201 2236 2306 2364 2401 2441 2518 2543 2616 2656 2735 2786 2808 2881 2952 2995
7 1 86 111 185 233 275 360 396 432 510 569 632 666 727 764 830 878 944 985 1073 1097 1177 1195 1269 1306 1351 1439 1469 1562 1581 1650 1688 1774 1784 1884 1913 1983 2031 2093 2115 2196 2263 2280 2375 2398 2464 2514 2583 2635 2651 2752 2805 2851 2888 2954 3017
4 1 88 124 206 220 285 362 400 434 527 554 631 652 746 806 816 875 938 1012 1054 1099 1153 1196 1267 1329 1402 1443 1480 1519 1586 1665 1710 1728 1828 1863 1943 1957 2016 2102 2115 2170 2227 2298 2332 2424 2461 2510 2567 2643 2678 2743 2779 2809 2910 2953 3005
7 1 88 151 178 218 317 336 424 437 512 575 631 675 747 804 859 872 928 973 1078 1109 1143 1220 1283 1304 1377 1443 1488 1512 1586 1664 1689 1735 1805 1840 1923 1982 2024 2058 2118 2180 2239 2305 2343 2426 2453 2502 2556 2643 2699 2743 2767 2849 2877 2947 3005
7 1 94 124 196 244 277 362 378 460 539 551 607 690 735 807 834 878 938 1006 1028 1132 1159 1204 1261 1341 1368 1443 1465 1534 1576 1667 1711 1751 1813 1863 1931 1981 2011 2078 2137 2193 2232 2277 2342 2424 2476 2533 2543 2642 2656 2704 2760 2809 2908 2952 3015
7 1 96 132 171 234 315 361 387 484 488 549 629 649 755 780 857 902 924 1002 1072 1129 1175 1201 1275 1329 1369 1440 1475 1546 1593 1636 1686 1733 1832 1852 1930 1957 2049 2052 2146 2168 2257 2298 2327 2399 2474 2505 2570 2640 2675 2722 2783 2834 2885 2931 2974
7 1 97 112 215 244 295 362 389 460 503 575 633 675 734 777 855 893 969 990 1027 1114 1181 1234 1248 1303 1384 1418 1502 1522 1576 1646 1683 1769 1831 1878 1914 1981 1998 2060 2121 2194 2267 2305 2370 2397 2446 2516 2554 2642 2669 2704 2774 2810 2886 2928 3012
7 1 97 123 163 238 314 361 382 485 495 575 630 670 736 763 842 902 963 993 1051 1131 1152 1209 1260 1344 1355 1416 1510 1553 1606 1628 1683 1734 1832 1855 1932 1958 2030 2101 2137 2207 2242 2282 2338 2378 2455 2484 2564 2605 2674 2749 2784 2841 2897 2956 2981
7 1 97 131 187 258 322 337 427 459 527 575 607 676 753 803 844 901 949 979 1070 1125 1154 1190 1252 1315 1365 1443 1459 1518 1576 1668 1683 1745 1795 1865 1910 1974 1998 2069 2145 2181 2237 2280 2348 2409 2465 2516 2546 2596 2699 2750 2778 2855 2866 2953 3012
7 1 98 108 205 238 289 363 405 444 488 577 632 696 748 777 845 893 959 976 1027 1113 1174 1219 1248 1319 1395 1440 1501 1542 1573 1669 1683 1779 1808 1888 1920 1979 2003 2063 2118 2195 2264 2282 2349 2392 2451 2494 2554 2645 2653 2719 2780 2825 2886 2931 3019
7 1 98 127 186 264 270 353 405 484 517 549 630 671 729 790 826 903 967 1003 1046 1091 1149 1192 1293 1314 1393 1442 1503 1514 1573 1661 1712 1734 1808 1848 1940 1955 2008 2086 2143 2182 2244 2282 2368 2417 2431 2489 2573 2611 2672 2753 2761 2830 2905 2931 3019
7 1 99 117 174 266 276 360 430 460 508 551 624 694 706 790 853 903 923 1025 1046 1101 1181 1214 1293 1321 1366 1418 1502 1517 1598 1646 1712 1777 1823 1860 1938 1953 2018 2060 2121 2171 2233 2307 2345 2377 2471 2486 2573 2622 2664 2733 2754 2839 2905 2952 2986
4 1 99 152 178 233 310 360 409 432 535 577 629 696 737 783 836 872 925 973 1068 1103 1164 1221 1293 1307 1363 1442 1468 1517 1581 1663 1686 1750 1811 1854 1936 1983 2018 2058 2121 2186 2239 2282 2343 2429 2437 2486 2542 2635 2696 2752 2783 2856 2882 2947 3004
4 1 100 125 169 236 319 353 406 448 498 551 629 658 729 761 862 877 918 1019 1077 1091 1140 1192 1262 1316 1390 1441 1483 1546 1590 1642 1713 1781 1814 1867 1940 1953 2022 2079 2144 2209 2243 2308 2366 2419 2449 2519 2540 2593 2692 2706 2770 2850 2905 2931 3003
7 1 100 150 212 246 277 360 410 441 539 551 631 664 702 763 821 872 944 991 1051 1132 1138 1229 1276 1344 1368 1439 1509 1532 1590 1664 1713 1740 1811 1857 1906 1957 2022 2054 2137 2204 2259 2283 2344 2424 2471 2519 2564 2598 2674 2701 2804 2812 2879 2956 3003
7 1 101 124 195 238 280 363 383 444 536 554 630 700 736 798 834 875 938 1017 1044 1122 1183 1209 1266 1340 1354 1442 1480 1519 1573 1660 1688 1757 1792 1884 1941 1979 2027 2072 2137 2207 2216 2277 2337 2403 2462 2511 2538 2645 2677 2719 2760 2809 2897 2954 3016
7 1 101 142 172 264 302 353 386 484 515 554 632 660 723 805 852 899 951 1015 1048 1104 1175 1189 1249 1342 1381 1440 1475 1537 1573 1636 1688 1778 1787 1859 1896 1955 2027 2052 2146 2188 2246 2306 2363 2422 2434 2511 2557 2611 2648 2753 2805 2828 2878 2925 3016
7 1 102 113 213 228 290 363 392 455 528 553 624 695 751 782 853 900 927 1000 1033 1082 1180 1208 1259 1331 1401 1416 1482 1513 1584 1653 1712 1732 1823 1880 1935 1979 2026 2085 2145 2201 2248 2283 2350 2381 2441 2506 2563 2645 2664 2708 2754 2839 2884 2925 3023
7 1 102 158 167 238 292 359 419 444 502 577 624 692 736 761 842 902 945 1002 1077 1105 1174 1222 1284 1316 1357 1416 1469 1516 1584 1669 1688 1729 1798 1883 1908 1983 2020 2096 2144 2207 2214 2277 2331 2402 2455 2512 2540 2645 2692 2708 2788 2837 2882 2931 3023
4 1 103 126 193 240 320 361 380 458 496 569 629 649 737 780 851 875 966 982 1072 1122 1181 1209 1264 1325 1354 1418 1466 1565 1588 1648 1713 1771 1827 1857 1941 1980 2039 2097 2121 2178 2219 2277 2327 2403 2430 2497 2570 2599 2679 2717 2770 2860 2896 2956 2990
7 1 104 138 182 261 318 336 403 447 513 578 603 694 721 779 815 878 923 1006 1039 1097 1175 1210 1282 1315 1371 1440 1458 1555 1594 1672 1712 1770 1829 1860 1897 1974 2002 2070 2146 2162 2240 2280 2356 2377 2481 2495 2591 2626 2654 2733 2799 2818 2912 2952 2999
7 1 104 157 211 239 290 363 425 478 528 578 630 663 708 798 826 893 936 990 1026 1085 1156 1198 1285 1331 1401 1413 1470 1552 1594 1653 1712 1755 1808 1881 1934 1958 2002 2105 2120 2161 2222 2304 2374 2378 2452 2495 2555 2625 2672 2734 2761 2830 2893 2928 2999
4 1 107 112 183 226 311 360 424 476 538 575 631 670 752 763 852 893 920 973 1052 1113 1164 1216 1289 1314 1365 1419 1468 1556 1578 1620 1714 1776 1815 1855 1923 1955 2017 2058 2145 2164 2239 2282 2338 2421 2457 2492 2563 2634 2681 2749 2775 2859 2890 2925 2994
7 1 107 117 177 250 297 360 427 452 534 579 603 680 727 785 810 875 923 1017 1054 1097 1185 1195 1289 1300 1371 1418 1463 1556 1589 1662 1710 1780 1822 1860 1913 1974 2017 2054 2145 2178 2234 2283 2355 2377 2472 2492 2588 2627 2657 2747 2798 2839 2888 2954 2983
7 2 54 110 184 269 289 375 384 465 511 569 623 649 726 801 846 878 944 1003 1057 1097 1173 1232 1279 1338 1368 1425 1508 1523 1612 1667 1715 1743 1816 1847 1914 1987 2011 2066 2128 2162 2241 2316 2339 2385 2464 2524 2545 2602 2651 2752 2792 2851 2912 2945 2978
7 2 55 124 202 220 316 352 399 467 495 554 622 651 709 767 829 912 926 986 1063 1081 1139 1233 1291 1296 1402 1447 1481 1556 1601 1628 1695 1760 1798 1863 1908 1984 2051 2079 2128 2202 2247 2298 2372 2388 2477 2509 2577 2630 2659 2743 2780 2826 2893 2968 3005
4 2 55 145 210 247 322 344 414 449 495 560 624 673 728 774 860 912 956 1013 1043 1088 1179 1194 1286 1308 1396 1455 1488 1561 1599 1621 1689 1760 1824 1848 1924 1984 2051 2059 2136 2174 2219 2296 2341 2376 2470 2509 2547 2615 2673 2716 2757 2819 2885 2960 3007
7 2 55 154 193 219 286 372 399 459 530 560 637 653 752 798 849 892 925 1017 1073 1106 1145 1202 1274 1315 1373 1432 1510 1522 1601 1629 1689 1777 1798 1870 1923 1965 2023 2053 2147 2171 2232 2298 2328 2382 2468 2537 2557 2636 2672 2738 2767 2808 2902 2968 3005
7 2 56 133 174 268 300 364 413 433 523 569 645 666 712 775 818 892 940 988 1073 1104 1151 1241 1281 1303 1399 1425 1489 1526 1593 1665 1689 1766 1818 1852 1892 1972 2009 2075 2150 2207 2249 2290 2347 2420 2430 2534 2580 2604 2651 2709 2790 2814 2895 2965 3014
7 2 56 140 193 232 282 367 414 450 524 569 614 649 725 773 834 891 927 979 1058 1088 1153 1194 1256 1312 1350 1455 1505 1551 1593 1645 1689 1765 1817 1888 1924 1973 2009 2094 2147 2205 2219 2316 2367 2422 2479 2534 2560 2601 2680 2712 2756 2861 2888 2938 3014
4 2 58 157 202 262 295 351 420 432 505 569 608 674 754 788 863 907 962 1022 1044 1089 1172 1200 1287 1312 1368 1455 1495 1542 1600 1633 1695 1775 1817 1859 1918 1992 2040 2063 2128 2170 2217 2297 2335 2393 2463 2491 2560 2600 2680 2706 2756 2832 2863 2957 3008
7 2 59 117 168 234 312 372 409 440 522 583 614 697 727 794 857 915 971 1017 1064 1114 1145 1204 1242 1299 1385 1444 1510 1558 1589 1647 1696 1733 1796 1860 1913 1958 2034 2053 2135 2180 2232 2298 2353 2378 2472 2492 2549 2609 2696 2745 2794 2841 2874 2946 2997
7 2 59 150 174 265 279 375 409 456 532 561 634 666 733 775 821 912 944 988 1067 1081 1136 1233 1247 1329 1402 1425 1493 1548 1589 1673 1718 1728 1796 1844 1908 1972 2006 2087 2121 2199 2237 2298 2347 2388 2469 2520 2585 2637 2686 2717 2804 2811 2868 2946 2997
7 2 61 124 168 248 305 367 416 485 522 588 614 649 742 773 829 878 926 1002 1058 1083 1157 1238 1267 1330 1392 1433 1502 1535 1612 1622 1703 1733 1795 1847 1901 1995 2034 2102 2128 2208 2253 2298 2367 2403 2472 2490 2560 2602 2662 2752 2780 2826 2875 2957 2970
7 2 61 139 204 253 312 344 386 442 522 567 624 673 751 774 855 878 939 1019 1043 1082 1184 1211 1264 1323 1385 1444 1471 1538 1566 1623 1722 1733 1834 1851 1943 1995 2034 2092 2150 2192 2248 2289 2341 2410 2437 2490 2547 2632 2658 2713 2755 2825 2907 2946 3018
7 2 62 125 172 263 306 364 422 474 528 583 624 660 735 756 824 883 939 1009 1072 1082 1140 1241 1294 1331 1385 1426 1503 1513 1584 1625 1704 1731 1805 1851 1915 1995 2026 2084 2135 2200 2263 2283 2361 2410 2480 2496 2546 2612 2652 2726 2781 2840 2871 2965 2987
7 2 62 143 208 241 316 343 396 438 538 583 642 697 715 794 832 891 920 979 1037 1113 1168 1227 1245 1296 1360 1419 1494 1554 1582 1628 1704 1729 1807 1860 1937 1984 2010 2057 2157 2193 2255 2298 2353 2429 2448 2512 2577 2616 2659 2745 2770 2842 2913 2938 2989
7 2 63 146 170 251 287 343 425 466 487 591 634 692 739 779 813 884 955 990 1032 1087 1149 1193 1250 1328 1395 1452 1470 1512 1619 1642 1718 1739 1821 1885 1931 1958 2050 2078 2136 2203 2234 2296 2338 2407 2457 2530 2564 2594 2660 2725 2804 2819 2897 2947 3004
7 2 64 133 173 240 305 367 408 447 528 568 645 694 721 766 826 893 923 973 1059 1085 1155 1229 1281 1298 1386 1426 1489 1526 1604 1653 1703 1755 1831 1843 1897 1958 2001 2070 2147 2179 2259 2289 2374 2411 2439 2534 2591 2605 2671 2700 2799 2831 2910 2965 3009
7 2 64 140 170 261 306 364 389 439 528 567 614 692 719 779 862 893 971 990 1052 1114 1175 1210 1256 1331 1385 1452 1505 1551 1603 1625 1704 1755 1782 1860 1906 1958 2001 2072 2150 2161 2240 2319 2338 2378 2442 2534 2544 2624 2654 2749 2801 2818 2894 2938 3010
7 2 65 132 199 269 320 367 423 465 489 567 615 656 726 762 844 883 930 977 1049 1117 1181 1237 1259 1310 1361 1419 1477 1530 1618 1659 1715 1770 1800 1836 1922 1995 2026 2094 2136 2162 2221 2316 2357 2415 2466 2493 2564 2602 2678 2747 2777 2824 2907 2947 2971
7 2 65 144 187 248 314 375 394 485 502 580 615 648 742 795 851 892 952 988 1037 1106 1136 1202 1245 1346 1373 1419 1493 1554 1618 1644 1703 1746 1827 1843 1923 1987 2007 2087 2127 2208 2237 2298 2334 2382 2450 2512 2576 2602 2677 2747 2761 2813 2913 2965 2971
7 2 66 115 208 242 303 353 425 475 508 588 637 685 711 805 862 891 918 979 1070 1105 1170 1207 1264 1298 1365 1444 1492 1518 1616 1655 1725 1745 1814 1874 1910 1958 2031 2057 2136 2172 2255 2289 2353 2389 2431 2511 2562 2595 2699 2711 2764 2855 2878 2938 3011
7 2 68 109 199 226 294 344 396 470 488 588 637 656 752 762 837 893 970 977 1052 1113 1164 1227 1273 1341 1403 1419 1503 1529 1578 1669 1704 1763 1801 1882 1937 1995 2033 2059 2147 2163 2255 2296 2357 2386 2473 2507 2561 2632 2663 2700 2763 2820 2875 2937 2996
4 2 68 131 175 223 271 353 396 478 503 568 608 659 737 759 833 884 967 1011 1068 1087 1143 1193 1277 1308 1395 1447 1511 1514 1578 1672 1722 1759 1801 1873 1931 1984 2021 2086 2157 2166 2261 2296 2372 2407 2456 2519 2565 2592 2655 2739 2771 2853 2899 2937 2996
7 2 70 145 171 221 278 352 411 455 497 560 608 687 737 803 810 912 928 1025 1067 1122 1178 1224 1249 1315 1376 1432 1507 1542 1597 1637 1718 1780 1798 1886 1925 1974 1999 2077 2157 2168 2216 2290 2355 2379 2476 2529 2557 2619 2672 2714 2767 2847 2866 2957 2993
7 2 71 141 202 268 276 351 400 433 527 569 623 651 748 767 863 915 953 986 1064 1115 1151 1196 1255 1327 1355 1447 1480 1527 1574 1665 1696 1775 1826 1878 1896 1984 2018 2085 2127 2170 2241 2283 2372 2413 2463 2510 2576 2604 2695 2728 2779 2810 2862 2965 2987
4 2 72 108 189 261 314 351 417 463 502 580 637 684 719 792 862 893 925 975 1060 1106 1171 1219 1258 1320 1373 1452 1496 1525 1607 1669 1725 1737 1814 1870 1904 1965 2017 2063 2127 2161 2264 2297 2364 2382 2442 2510 2540 2599 2699 2705 2764 2855 2884 2931 3019
4 2 72 119 196 229 308 344 383 482 498 580 623 701 728 780 827 891 970 1007 1070 1088 1137 1194 1259 1334 1350 1419 1484 1521 1613 1631 1725 1743 1789 1845 1924 1964 2024 2095 2137 2193 2252 2316 2323 2422 2453 2503 2587 2633 2677 2734 2800 2809 2885 2960 3013
7 2 72 152 184 252 270 353 417 467 498 591 642 693 744 757 812 891 967 1003 1038 1091 1139 1191 1251 1343 1388 1447 1481 1528 1607 1628 1715 1743 1814 1867 1940 1964 2024 2079 2128 2197 2228 2297 2339 2414 2464 2503 2590 2597 2656 2707 2807 2832 2889 2931 3019
7 2 75 131 162 266 289 375 379 472 511 561 608 654 705 791 848 892 962 1018 1062 1089 1166 1214 1277 1338 1368 1432 1511 1514 1597 1667 1715 1740 1827 1859 1902 1992 2014 2062 2137 2171 2266 2311 2329 2393 2469 2519 2543 2606 2653 2727 2786 2858 2905 2937 2988
7 2 75 144 201 268 288 353 390 443 511 580 637 679 712 805 818 892 922 983 1050 1127 1160 1220 1244 1313 1369 1425 1500 1547 1583 1629 1696 1740 1808 1842 1929 1992 2014 2055 2157 2207 2264 2283 2360 2418 2430 2519 2583 2593 2670 2746 2760 2843 2915 2945 3003
4 2 76 127 164 262 307 372 409 432 535 580 615 684 754 799 843 915 959 1005 1053 1125 1146 1189 1251 1307 1380 1447 1483 1530 1571 1658 1695 1752 1796 1841 1908 1972 2043 2068 2121 2170 2237 2297 2358 2383 2483 2501 2541 2600 2696 2736 2794 2856 2873 2947 2997
7 2 76 132 193 266 323 372 412 472 510 560 624 665 705 757 849 891 933 979 1038 1116 1181 1230 1251 1306 1352 1433 1477 1530 1592 1652 1715 1777 1790 1858 1926 1995 2043 2094 2121 2171 2219 2311 2367 2410 2468 2501 2590 2606 2693 2733 2754 2821 2889 2938 2976
4 2 77 155 184 254 312 372 400 442 521 568 624 693 702 757 835 878 959 1003 1078 1115 1184 1196 1252 1323 1386 1447 1497 1544 1615 1623 1696 1761 1799 1842 1896 1964 2000 2066 2147 2173 2241 2319 2339 2381 2446 2537 2550 2631 2655 2732 2773 2827 2909 2945 3016
4 2 79 110 208 262 285 372 422 432 508 569 637 653 712 798 822 878 960 1002 1073 1082 1172 1241 1281 1321 1383 1426 1469 1562 1571 1633 1704 1745 1799 1872 1915 1972 2031 2090 2157 2212 2263 2289 2328 2412 2431 2498 2557 2600 2665 2736 2763 2835 2895 2957 2994
7 2 80 127 179 253 316 352 413 471 538 591 624 661 751 782 817 904 965 994 1049 1133 1146 1211 1259 1304 1360 1419 1483 1530 1569 1620 1695 1729 1818 1875 1892 1972 2010 2068 2150 2192 2249 2316 2354 2409 2475 2493 2544 2603 2681 2750 2759 2850 2907 2938 3014
4 2 80 153 185 218 295 351 428 466 504 591 642 683 755 764 859 892 924 998 1072 1127 1155 1220 1294 1309 1369 1426 1475 1513 1608 1636 1695 1744 1793 1841 1929 1987 2007 2085 2147 2185 2228 2283 2327 2418 2474 2496 2538 2629 2685 2738 2793 2839 2871 2947 2973
7 2 84 110 185 235 323 372 394 479 510 554 622 683 727 764 819 893 960 998 1026 1114 1173 1204 1280 1306 1352 1426 1508 1523 1572 1652 1715 1772 1783 1872 1913 1987 2047 2066 2127 2179 2247 2319 2327 2412 2447 2523 2584 2635 2698 2705 2766 2835 2874 2946 3017
7 2 84 158 164 268 286 372 383 443 530 580 623 670 748 771 843 907 931 1007 1039 1086 1160 1196 1280 1315 1373 1455 1461 1523 1611 1629 1689 1752 1823 1868 1924 1974 2047 2095 2127 2170 2252 2290 2356 2402 2483 2523 2563 2593 2666 2718 2802 2848 2862 2945 2977
7 2 84 161 174 250 273 353 394 469 496 580 615 667 708 774 856 912 950 988 1043 1094 1169 1213 1286 1323 1400 1432 1460 1536 1572 1662 1689 1766 1783 1883 1923 1964 2036 2087 2150 2168 2237 2319 2347 2416 2430 2533 2547 2597 2658 2742 2806 2818 2885 2946 3017
4 2 85 124 172 251 302 353 423 434 525 554 634 660 739 756 837 912 935 1009 1034 1121 1157 1193 1248 1306 1397 1426 1502 1535 1588 1673 1703 1778 1783 1861 1897 1995 2012 2102 2136 2203 2246 2311 2361 2396 2433 2511 2584 2627 2698 2716 2766 2817 2897 2937 2988
7 2 88 152 174 219 322 344 419 459 532 591 634 682 752 778 848 891 941 997 1058 1113 1142 1227 1267 1297 1360 1433 1474 1535 1602 1632 1689 1728 1789 1838 1937 1992 2006 2071 2150 2171 2234 2298 2337 2429 2469 2490 2555 2636 2692 2737 2786 2858 2875 2937 2975
7 2 91 109 164 255 293 364 389 445 530 588 623 690 749 793 820 893 929 1005 1031 1099 1165 1208 1249 1302 1366 1432 1475 1557 1576 1646 1695 1752 1782 1863 1916 1987 2047 2075 2121 2194 2230 2290 2358 2385 2483 2516 2573 2642 2654 2703 2801 2860 2904 2968 3010
4 2 91 125 178 223 323 364 381 478 510 560 645 673 737 775 836 907 939 981 1067 1116 1186 1224 1249 1329 1352 1426 1459 1557 1604 1630 1722 1772 1832 1851 1932 1974 2047 2064 2121 2166 2242 2296 2340 2410 2454 2516 2585 2592 2686 2713 2768 2840 2866 2946 2981
4 2 91 149 185 242 272 337 378 475 510 588 622 661 714 788 828 907 965 978 1044 1090 1170 1240 1287 1330 1403 1433 1463 1519 1576 1655 1695 1772 1795 1875 1936 1974 2047 2088 2147 2169 2222 2319 2348 2409 2447 2516 2560 2595 2662 2750 2780 2827 2863 2938 3010
7 2 91 161 166 240 287 367 381 447 531 588 615 656 720 762 857 904 927 1008 1049 1092 1167 1197 1286 1328 1351 1455 1460 1536 1604 1642 1695 1735 1832 1882 1918 1958 2030 2089 2137 2180 2256 2296 2357 2428 2472 2533 2564 2605 2660 2700 2794 2841 2878 2946 2981
7 2 92 129 171 242 304 337 427 475 494 561 623 687 711 803 811 904 949 1025 1045 1103 1169 1205 1266 1301 1356 1432 1491 1527 1576 1656 1725 1774 1813 1849 1934 1974 1998 2054 2150 2172 2239 2289 2355 2402 2482 2497 2580 2595 2653 2750 2800 2825 2880 2965 3009
4 2 92 142 180 255 292 364 427 445 501 591 622 675 735 768 851 878 954 989 1078 1082 1159 1241 1288 1314 1383 1433 1464 1520 1576 1651 1696 1753 1813 1878 1915 1987 2011 2076 2137 2208 2258 2289 2330 2412 2450 2484 2539 2642 2692 2703 2761 2813 2871 2965 3009
7 2 95 113 163 231 307 343 410 444 517 583 645 657 736 783 842 884 940 1024 1068 1104 1134 1190 1278 1307 1399 1444 1466 1546 1585 1658 1722 1773 1821 1852 1943 1972 2005 2099 2137 2183 2224 2297 2333 2420 2448 2489 2541 2618 2696 2719 2768 2834 2898 2931 3019
7 2 95 145 198 224 275 344 410 448 520 588 634 663 714 778 813 883 956 974 1044 1126 1178 1240 1287 1322 1358 1455 1507 1542 1585 1643 1718 1764 1821 1848 1900 1974 2003 2077 2135 2188 2267 2297 2356 2376 2473 2491 2570 2611 2660 2726 2804 2819 2863 2931 3019
7 2 95 157 169 229 312 344 402 482 522 583 608 658 734 808 833 893 941 972 1027 1114 1144 1210 1287 1323 1385 1433 1495 1542 1613 1623 1722 1762 1801 1889 1906 1964 2003 2091 2135 2187 2227 2319 2368 2378 2436 2491 2550 2633 2655 2734 2771 2853 2879 2957 2990
4 2 96 129 169 232 311 367 387 450 491 561 645 700 746 766 836 904 934 972 1079 1111 1158 1237 1244 1344 1357 1425 1473 1545 1593 1639 1722 1762 1832 1837 1927 1973 2035 2065 2135 2184 2254 2283 2368 2421 2436 2521 2571 2601 2686 2712 2768 2840 2886 2947 2973
4 2 104 108 198 257 278 352 409 451 513 580 615 701 709 780 845 893 964 1005 1075 1081 1158 1233 1279 1313 1362 1425 1470 1550 1605 1638 1718 1770 1808 1845 1908 1958 2001 2068 2135 2165 2237 2316 2323 2428 2467 2495 2583 2639 2670 2734 2760 2816 2893 2968 2984
7 2 104 120 173 238 306 352 410 438 528 583 645 665 746 801 828 878 933 1024 1057 1082 1141 1211 1279 1301 1385 1452 1458 1550 1579 1654 1715 1755 1829 1858 1943 1974 2001 2099 2135 2177 2224 2289 2322 2410 2439 2495 2545 2619 2688 2733 2774 2833 2912 2938 3011
7 2 104 157 199 237 281 351 425 449 513 583 642 654 717 764 812 893 962 977 1026 1099 1179 1212 1280 1348 1359 1455 1488 1549 1579 1621 1715 1770 1814 1859 1910 1958 2001 2059 2136 2195 2255 2290 2357 2393 2466 2495 2584 2625 2656 2727 2807 2832 2874 2937 3011
4 2 106 120 202 222 294 352 404 463 539 554 624 680 707 782 829 907 933 1022 1032 1116 1171 1224 1250 1341 1352 1452 1496 1512 1567 1669 1696 1760 1791 1858 1932 1995 2008 2063 2127 2202 2217 2296 2335 2410 2477 2530 2561 2638 2663 2718 2773 2833 2897 2957 2982
7 2 107 123 185 227 300 337 417 433 535 588 645 656 729 791 828 892 930 998 1062 1091 1151 1191 1277 1303 1387 1447 1480 1545 1575 1665 1715 1772 1829 1836 1940 1965 2023 2085 2127 2169 2228 2296 2327 2415 2447 2486 2543 2644 2688 2747 2774 2833 2905 2947 3004
7 2 107 129 200 257 286 337 424 451 530 580 624 698 707 759 855 884 949 1010 1068 1086 1158 1222 1277 1305 1373 1432 1473 1545 1598 1638 1722 1777 1834 1849 1898 1973 2023 2065 2127 2167 2214 2311 2332 2402 2461 2486 2565 2639 2658 2740 2755 2825 2899 2968 2980
7 2 107 130 177 217 312 344 425 443 521 580 645 648 747 795 842 883 923 997 1063 1085 1142 1195 1291 1299 1386 1447 1474 1556 1575 1647 1722 1761 1821 1843 1931 1958 2000 2071 2136 2178 2234 2298 2334 2411 2453 2509 2549 2644 2696 2747 2768 2834 2893 2945 3004
7 3 54 141 207 229 313 359 418 481 523 569 602 666 741 784 861 906 944 984 1047 1130 1151 1210 1266 1303 1351 1425 1474 1564 1589 1668 1680 1738 1816 1868 1936 1963 2007 2105 2138 2162 2241 2315 2362 2389 2433 2509 2580 2608 2650 2711 2792 2823 2895 2962 3000
7 3 57 126 200 262 287 354 429 458 534 569 629 648 724 780 823 911 928 982 1051 1094 1145 1226 1263 1313 1399 1446 1497 1539 1600 1673 1695 1771 1797 1859 1892 1963 2005 2097 2152 2210 2217 2274 2330 2392 2431 2527 2590 2634 2680 2730 2782 2840 2895 2924 3008
7 3 60 122 202 231 302 353 415 445 507 587 602 701 725 782 842 894 951 1016 1066 1104 1136 1188 1276 1319 1374 1446 1509 1548 1614 1658 1694 1756 1783 1852 1899 1989 2040 2055 2127 2171 2224 2304 2333 2428 2449 2488 2584 2641 2696 2718 2767 2835 2891 2922 3015
7 3 60 126 203 224 321 369 394 441 522 587 629 698 726 778 833 893 949 998 1059 1114 1178 1240 1263 1298 1364 1410 1497 1539 1609 1623 1694 1762 1831 1848 1907 1964 2002 2064 2138 2160 2267 2310 2368 2403 2459 2527 2577 2631 2660 2701 2770 2819 2887 2924 3020
7 3 62 124 197 266 280 354 381 444 509 559 639 655 724 798 836 870 934 1008 1047 1094 1160 1226 1266 1315 1365 1425 1491 1564 1603 1651 1717 1757 1826 1884 1892 1974 1998 2067 2143 2207 2265 2315 2325 2425 2471 2509 2566 2593 2686 2744 2766 2861 2895 2924 2980
7 3 62 141 177 255 310 354 421 443 515 582 602 650 730 795 842 893 932 1021 1059 1084 1187 1229 1266 1343 1384 1451 1474 1564 1575 1646 1694 1751 1783 1887 1897 1950 1998 2070 2143 2179 2262 2289 2335 2413 2441 2509 2560 2637 2696 2703 2767 2835 2883 2962 3009
7 3 63 144 180 240 323 359 379 484 497 548 613 671 735 771 851 870 952 1003 1040 1126 1167 1210 1244 1314 1375 1446 1472 1563 1574 1637 1721 1767 1825 1865 1940 1975 2043 2080 2137 2182 2227 2289 2332 2417 2458 2487 2587 2617 2694 2700 2761 2812 2901 2962 3009
7 3 64 148 211 249 272 343 405 446 499 570 639 649 754 794 863 882 964 979 1035 1113 1170 1212 1242 1299 1388 1410 1492 1540 1597 1671 1717 1777 1821 1886 1912 1979 2014 2056 2114 2177 2255 2298 2365 2399 2448 2508 2548 2620 2691 2713 2766 2834 2886 2964 2989
4 3 65 141 191 257 292 359 386 453 532 582 613 659 709 771 847 893 944 972 1075 1081 1158 1231 1260 1335 1400 1425 1510 1528 1605 1652 1720 1768 1785 1868 1927 1952 2025 2077 2154 2164 2223 2299 2345 2389 2465 2537 2552 2621 2648 2719 2805 2823 2911 2922 3016
7 3 65 158 215 267 319 353 405 434 503 582 600 657 739 756 837 911 919 997 1055 1087 1172 1192 1282 1312 1398 1434 1480 1558 1610 1634 1720 1744 1801 1873 1931 1979 2051 2086 2114 2175 2236 2288 2346 2419 2464 2511 2561 2595 2657 2710 2787 2821 2897 2937 3011
4 3 66 152 187 222 320 366 400 476 508 546 624 664 706 790 838 894 929 996 1041 1120 1171 1222 1293 1309 1396 1449 1468 1515 1615 1621 1721 1760 1793 1889 1920 1952 2037 2061 2127 2202 2214 2288 2374 2402 2452 2486 2565 2640 2678 2718 2773 2848 2899 2952 2986
4 3 66 154 171 234 284 354 426 464 537 546 629 648 730 780 822 883 958 1009 1051 1084 1146 1229 1274 1330 1386 1424 1508 1534 1581 1647 1721 1731 1800 1865 1897 1986 2000 2053 2114 2200 2257 2298 2330 2411 2474 2524 2590 2603 2663 2724 2807 2834 2883 2962 3021
7 3 67 152 191 266 276 342 430 433 490 570 629 659 724 771 836 870 957 972 1040 1101 1171 1220 1244 1345 1391 1425 1468 1515 1593 1663 1721 1762 1799 1854 1916 1952 2035 2061 2152 2207 2239 2310 2345 2404 2471 2535 2587 2605 2664 2733 2807 2820 2901 2947 3005
7 3 68 142 202 248 282 331 394 454 518 575 641 651 727 766 851 906 954 984 1035 1114 1180 1240 1242 1297 1376 1410 1498 1540 1579 1670 1694 1746 1830 1887 1907 1975 2009 2079 2127 2182 2267 2298 2366 2391 2458 2508 2576 2632 2690 2702 2761 2812 2886 2962 3021
4 3 68 147 197 237 294 354 426 465 486 559 641 699 752 770 836 883 962 976 1053 1117 1154 1189 1273 1348 1359 1410 1485 1530 1579 1645 1710 1757 1800 1839 1933 1952 2022 2094 2149 2207 2221 2313 2359 2386 2471 2495 2572 2632 2663 2702 2807 2820 2874 2947 3021
7 3 69 116 194 262 306 331 427 473 500 559 629 687 724 784 811 906 927 983 1047 1082 1162 1226 1266 1300 1401 1451 1458 1536 1619 1654 1680 1755 1830 1880 1904 1974 2033 2076 2152 2210 2230 2289 2340 2379 2443 2536 2580 2619 2653 2712 2798 2846 2895 2948 2988
7 3 69 140 199 260 301 369 426 472 513 559 641 688 712 785 812 893 939 976 1026 1081 1161 1225 1265 1307 1363 1439 1479 1537 1619 1638 1680 1742 1831 1882 1933 1986 2033 2094 2114 2163 2221 2299 2357 2426 2481 2536 2561 2604 2662 2727 2768 2847 2870 2937 2988
7 3 71 140 171 230 323 359 400 466 497 569 600 649 739 800 812 882 939 981 1033 1120 1186 1222 1283 1314 1375 1449 1483 1533 1597 1637 1721 1772 1798 1886 1920 1964 2038 2077 2114 2211 2214 2299 2360 2422 2433 2513 2586 2620 2695 2713 2768 2847 2865 2959 2981
7 3 74 141 209 259 283 371 417 480 524 582 639 683 740 785 823 893 932 998 1026 1083 1151 1198 1265 1312 1352 1434 1474 1564 1607 1669 1680 1750 1801 1872 1934 1963 2032 2105 2127 2161 2226 2304 2363 2427 2480 2510 2561 2599 2657 2704 2787 2835 2870 2924 2999
4 3 74 154 196 264 278 342 395 476 510 546 639 684 751 807 863 883 958 999 1028 1103 1135 1204 1280 1306 1350 1434 1508 1534 1607 1657 1717 1780 1821 1870 1901 1991 2024 2065 2137 2178 2247 2276 2336 2405 2447 2518 2541 2599 2691 2704 2766 2834 2875 2952 2999
7 3 76 147 201 252 318 366 401 436 535 560 641 694 716 806 813 882 929 1004 1039 1097 1175 1221 1273 1340 1367 1449 1485 1530 1594 1627 1682 1741 1791 1862 1942 1979 2014 2074 2138 2211 2240 2274 2344 2429 2432 2495 2539 2628 2684 2741 2764 2853 2889 2947 2970
7 3 76 156 189 262 309 342 401 458 504 548 639 684 724 807 811 906 924 1005 1028 1101 1187 1220 1256 1341 1377 1451 1475 1561 1594 1632 1695 1759 1791 1840 1916 1975 2009 2069 2143 2210 2266 2274 2336 2418 2443 2500 2541 2634 2656 2736 2793 2852 2901 2947 2970
7 3 77 110 203 257 280 366 393 460 509 575 641 670 709 806 847 893 920 998 1027 1129 1173 1236 1279 1328 1365 1425 1502 1522 1591 1638 1705 1757 1815 1874 1908 1950 1998 2064 2126 2164 2267 2313 2368 2390 2465 2493 2551 2614 2673 2734 2769 2859 2906 2924 3023
7 3 78 158 202 238 274 353 393 461 527 587 629 658 717 759 842 906 919 984 1028 1128 1174 1237 1280 1333 1357 1434 1504 1534 1590 1654 1695 1756 1815 1873 1908 1950 2020 2079 2126 2171 2267 2276 2366 2419 2449 2518 2589 2592 2661 2709 2782 2821 2875 2962 3023
7 3 79 126 211 254 322 369 412 465 502 569 614 649 704 794 825 911 949 979 1036 1095 1154 1239 1286 1320 1383 1410 1485 1551 1612 1645 1682 1745 1811 1848 1926 1979 2051 2094 2149 2174 2218 2299 2365 2403 2479 2496 2547 2615 2646 2750 2778 2819 2864 2936 3012
7 3 80 147 206 239 292 369 414 457 536 560 624 665 702 805 820 882 929 979 1042 1120 1154 1216 1253 1335 1396 1446 1485 1530 1599 1652 1710 1729 1833 1889 1924 1952 2011 2094 2112 2169 2218 2299 2370 2402 2468 2517 2552 2644 2648 2717 2757 2853 2885 2964 2985
4 3 80 151 202 240 293 331 429 456 496 575 624 701 735 782 851 870 966 1016 1072 1094 1142 1226 1292 1325 1365 1446 1495 1513 1599 1620 1695 1746 1818 1853 1892 1989 2031 2062 2126 2182 2217 2315 2333 2425 2458 2497 2579 2644 2681 2717 2758 2815 2884 2948 2985
7 3 81 117 189 237 285 342 382 471 496 548 600 700 748 772 811 911 926 987 1079 1109 1136 1228 1254 1346 1373 1446 1461 1556 1587 1634 1710 1759 1789 1860 1924 1974 2017 2104 2127 2210 2252 2313 2356 2376 2443 2525 2555 2626 2694 2726 2798 2846 2888 2948 3013
7 3 81 123 188 268 279 371 382 456 530 575 636 670 736 806 827 882 931 1012 1039 1131 1134 1203 1273 1334 1353 1410 1481 1523 1587 1629 1682 1739 1789 1874 1926 1964 2038 2082 2137 2177 2250 2313 2368 2378 2483 2503 2539 2618 2690 2734 2803 2858 2889 2948 3013
4 3 82 119 168 240 284 354 392 484 522 585 624 685 735 757 838 906 962 1020 1076 1082 1150 1226 1288 1323 1401 1410 1511 1538 1566 1653 1721 1732 1793 1845 1904 1979 2034 2070 2126 2182 2263 2289 2365 2379 2472 2526 2551 2617 2678 2709 2773 2848 2884 2924 2994
4 3 82 158 204 265 321 342 401 445 522 587 614 666 719 796 853 906 930 993 1038 1114 1172 1205 1267 1299 1364 1412 1480 1558 1589 1622 1720 1732 1791 1868 1942 1979 2034 2086 2138 2209 2240 2298 2350 2403 2437 2526 2583 2608 2656 2711 2793 2809 2915 2922 2970
7 3 85 124 184 244 307 343 405 432 487 546 636 661 737 758 836 882 934 1004 1077 1087 1157 1192 1257 1306 1393 1434 1510 1545 1576 1629 1720 1778 1821 1885 1931 1952 2011 2078 2143 2201 2236 2315 2361 2424 2476 2512 2541 2616 2691 2716 2766 2861 2899 2947 2989
7 3 85 129 178 216 306 331 417 461 500 585 636 697 711 804 835 899 956 1025 1069 1083 1174 1198 1243 1300 1401 1434 1504 1562 1576 1654 1680 1761 1810 1849 1934 1964 2026 2079 2126 2185 2226 2298 2339 2378 2482 2497 2545 2616 2688 2716 2776 2841 2900 2964 2989
4 3 86 126 178 267 278 366 424 435 510 569 602 697 739 804 837 911 928 1025 1033 1109 1178 1222 1283 1334 1350 1434 1497 1539 1604 1630 1694 1780 1832 1851 1930 1964 2024 2064 2112 2175 2241 2313 2339 2400 2464 2506 2582 2594 2647 2714 2767 2840 2865 2952 2993
4 3 87 157 183 266 278 342 414 433 510 569 614 666 748 796 849 909 933 1013 1038 1109 1177 1228 1295 1306 1350 1439 1506 1529 1593 1657 1717 1753 1833 1846 1924 1952 2050 2059 2112 2183 2218 2315 2350 2400 2463 2501 2583 2605 2649 2733 2756 2822 2888 2948 2985
7 3 88 119 186 259 285 342 391 480 509 582 624 669 703 789 820 909 957 1024 1048 1112 1151 1201 1288 1310 1361 1425 1511 1538 1570 1669 1710 1728 1833 1864 1918 1991 2028 2069 2138 2199 2249 2274 2347 2395 2439 2526 2577 2599 2648 2742 2757 2853 2913 2924 3008
7 3 88 131 173 264 320 371 429 476 532 575 624 676 751 774 826 894 942 1016 1037 1118 1171 1202 1264 1309 1372 1425 1467 1512 1570 1621 1717 1754 1797 1857 1892 1963 2039 2062 2152 2178 2217 2276 2362 2409 2483 2514 2570 2599 2673 2742 2789 2860 2877 2922 3008
4 3 90 121 215 241 282 342 419 478 513 546 636 648 714 765 827 911 933 997 1036 1099 1155 1227 1245 1297 1381 1439 1496 1514 1600 1670 1682 1761 1789 1859 1919 1975 2013 2086 2152 2213 2236 2298 2346 2387 2447 2535 2576 2634 2690 2730 2803 2858 2907 2937 2974
7 3 91 129 165 255 287 354 378 443 534 585 641 699 720 770 831 899 956 1006 1053 1096 1159 1199 1255 1313 1399 1412 1504 1562 1575 1673 1695 1735 1806 1838 1914 1950 2042 2093 2137 2189 2244 2288 2359 2390 2472 2485 2572 2637 2698 2703 2780 2841 2894 2959 2979
4 3 91 157 209 240 297 359 422 484 498 585 636 677 723 791 849 893 933 998 1030 1099 1150 1215 1249 1311 1381 1424 1475 1560 1574 1653 1695 1778 1785 1859 1929 1975 1999 2105 2112 2194 2226 2315 2363 2387 2453 2528 2575 2617 2697 2700 2756 2822 2904 2924 2980
7 3 92 144 179 217 280 366 402 444 501 548 639 674 740 768 817 870 952 989 1070 1080 1160 1197 1245 1315 1373 1439 1472 1563 1588 1651 1705 1777 1803 1876 1915 1991 2012 2087 2127 2204 2266 2298 2375 2405 2478 2486 2578 2642 2674 2747 2796 2812 2871 2936 3004
4 3 92 152 211 268 293 343 428 456 501 570 624 689 736 760 863 870 957 1015 1062 1112 1142 1214 1293 1325 1361 1424 1468 1515 1598 1620 1682 1777 1828 1864 1903 1991 2012 2090 2149 2177 2215 2313 2328 2395 2448 2486 2573 2618 2687 2722 2781 2820 2876 2952 2993
7 3 92 156 207 239 284 371 424 484 537 548 624 676 702 774 848 906 924 984 1037 1115 1150 1216 1258 1323 1386 1424 1475 1561 1598 1653 1705 1731 1832 1877 1930 1964 2000 2105 2112 2169 2241 2304 2362 2380 2440 2498 2570 2618 2659 2722 2755 2852 2885 2962 2993
7 3 93 120 165 233 295 371 381 448 507 559 639 688 751 785 853 871 968 1008 1049 1118 1167 1202 1253 1320 1382 1446 1484 1543 1577 1672 1695 1769 1792 1882 1892 1979 2027 2067 2137 2209 2265 2299 2357 2399 2437 2503 2538 2645 2655 2727 2793 2809 2877 2922 3016
7 3 93 123 187 262 274 353 386 473 527 559 636 664 752 790 849 899 967 996 1053 1123 1162 1189 1273 1333 1357 1449 1481 1523 1577 1654 1695 1749 1785 1853 1927 1952 2027 2052 2154 2183 2223 2274 2374 2424 2463 2503 2553 2619 2697 2753 2756 2822 2874 2948 3016
7 3 94 122 170 248 285 359 388 471 509 570 600 649 723 800 862 911 944 982 1033 1099 1136 1215 1246 1346 1361 1425 1509 1548 1612 1634 1694 1728 1835 1848 1929 1989 2028 2055 2149 2186 2258 2298 2360 2408 2455 2520 2586 2615 2664 2750 2771 2842 2904 2924 2997
7 3 94 131 168 255 321 369 428 477 522 570 624 665 720 805 831 899 970 1015 1042 1107 1143 1219 1264 1298 1364 1412 1467 1512 1592 1623 1694 1732 1804 1852 1903 1986 2034 2090 2154 2189 2215 2289 2370 2410 2472 2514 2552 2604 2685 2753 2788 2833 2872 2922 3018
7 3 97 134 162 236 314 354 427 460 495 575 613 683 735 797 862 883 932 995 1072 1082 1152 1226 1292 1308 1353 1451 1489 1525 1572 1659 1680 1737 1800 1872 1904 1989 2036 2063 2137 2186 2230 2310 2351 2427 2455 2485 2564 2635 2699 2704 2771 2842 2884 2924 3020
7 3 98 144 186 226 271 353 431 464 523 546 613 669 717 789 839 871 921 1024 1064 1128 1160 1237 1244 1347 1393 1425 1472 1563 1605 1633 1705 1737 1808 1877 1908 1991 2008 2087 2143 2184 2231 2310 2347 2383 2430 2487 2560 2611 2693 2729 2795 2843 2875 2962 2982
7 3 98 146 162 232 313 359 395 449 523 570 636 688 736 791 835 871 939 995 1062 1093 1183 1214 1293 1303 1351 1449 1471 1514 1577 1668 1680 1737 1810 1882 1923 1991 2008 2068 2137 2212 2225 2288 2351 2426 2455 2487 2542 2645 2688 2727 2776 2841 2876 2937 3011
4 3 102 141 201 225 293 343 419 440 501 582 600 698 746 802 861 893 944 1004 1052 1099 1157 1227 1295 1325 1361 1439 1510 1528 1609 1620 1682 1741 1786 1848 1919 1989 2047 2078 2138 2163 2236 2315 2344 2408 2432 2502 2579 2631 2681 2701 2792 2823 2873 2936 2977
4 3 102 146 196 224 281 369 382 441 539 548 600 660 702 788 835 894 939 987 1037 1120 1137 1216 1258 1336 1375 1439 1460 1526 1609 1664 1717 1744 1823 1886 1924 1964 2016 2104 2137 2185 2252 2288 2349 2422 2482 2533 2556 2631 2674 2701 2776 2841 2885 2964 2977
7 3 102 160 172 250 272 343 379 469 499 548 613 676 743 796 810 909 942 1003 1038 1102 1148 1234 1295 1299 1388 1451 1491 1528 1572 1671 1717 1743 1819 1857 1940 1974 2047 2080 2138 2190 2227 2304 2340 2409 2454 2502 2583 2596 2656 2742 2763 2832 2888 2922 3015
7 3 104 119 175 230 295 343 421 466 519 582 602 659 739 779 813 909 957 1021 1055 1121 1150 1192 1282 1320 1371 1424 1511 1538 1578 1672 1721 1766 1819 1854 1897 1979 2021 2070 2112 2211 2262 2299 2337 2404 2432 2530 2538 2620 2655 2733 2764 2853 2897 2947 2971
7 3 104 121 173 249 304 359 415 446 526 587 602 666 754 784 827 870 933 1016 1047 1080 1185 1211 1274 1300 1378 1424 1460 1550 1578 1656 1717 1754 1825 1846 1899 1964 2045 2055 2152 2177 2224 2298 2362 2400 2483 2507 2580 2620 2653 2733 2803 2858 2887 2948 2971
4 3 104 132 197 226 281 369 421 450 512 587 613 662 717 807 810 883 970 976 1028 1098 1161 1237 1280 1341 1403 1412 1479 1544 1578 1659 1717 1768 1819 1869 1938 1950 2045 2094 2143 2184 2221 2299 2359 2393 2459 2507 2541 2625 2656 2728 2763 2832 2875 2947 2971
7 3 107 126 184 259 304 366 430 439 526 587 614 661 740 758 823 893 928 1004 1029 1080 1175 1197 1286 1333 1378 1434 1485 1551 1583 1624 1710 1774 1815 1851 1915 1952 2025 2074 2152 2161 2240 2274 2361 2400 2480 2496 2589 2640 2661 2749 2782 2840 2871 2936 2987
7 3 107 129 180 222 279 331 411 476 530 575 614 663 706 779 831 909 956 1003 1055 1131 1135 1224 1282 1305 1353 1434 1508 1558 1583 1657 1721 1767 1834 1849 1905 1986 2010 2065 2137 2202 2242 2288 2332 2378 2458 2511 2538 2640 2671 2749 2780 2841 2897 2922 2987
4 4 55 135 189 219 310 324 427 463 506 584 615 699 726 808 846 895 952 1017 1060 1103 1145 1217 1274 1314 1375 1450 1499 1554 1604 1659 1711 1750 1798 1843 1920 1987 2048 2063 2123 2161 2233 2282 2334 2380 2468 2510 2557 2602 2699 2715 2761 2857 2870 2921 3019
7 4 55 141 200 234 296 339 386 461 506 576 607 655 713 804 823 895 936 973 1054 1119 1163 1200 1284 1300 1390 1409 1467 1544 1613 1643 1719 1750 1797 1889 1922 1987 2048 2077 2106 2206 2217 2290 2358 2394 2457 2510 2573 2641 2654 2716 2805 2860 2904 2963 3010
7 4 55 145 196 244 311 367 391 450 528 584 607 701 725 773 834 864 953 1024 1066 1115 1179 1192 1262 1308 1377 1409 1484 1534 1613 1631 1711 1760 1792 1842 1898 1960 2024 2065 2139 2191 2265 2314 2341 2424 2439 2534 2578 2641 2677 2716 2757 2809 2888 2938 3010
7 4 56 130 168 257 297 339 416 442 523 553 599 665 744 775 845 895 943 988 1060 1130 1152 1212 1251 1309 1372 1448 1486 1541 1596 1665 1711 1763 1797 1876 1892 1990 1999 2102 2128 2189 2261 2311 2375 2397 2478 2509 2590 2604 2697 2740 2762 2812 2895 2916 2980
7 4 57 120 205 255 276 360 407 449 534 583 638 698 733 758 821 910 944 1004 1064 1081 1153 1191 1257 1312 1385 1421 1510 1563 1592 1673 1696 1756 1811 1858 1915 1944 2034 2087 2111 2172 2223 2300 2347 2414 2472 2492 2585 2634 2695 2721 2773 2854 2871 2930 2994
7 4 57 143 215 234 308 370 418 481 500 583 607 657 713 789 837 869 919 991 1068 1111 1149 1200 1269 1298 1360 1435 1465 1560 1589 1667 1696 1779 1802 1860 1929 1980 2006 2105 2106 2206 2232 2312 2356 2379 2443 2520 2563 2622 2696 2731 2777 2846 2904 2933 2997
4 4 57 149 201 239 322 324 397 440 537 583 625 697 703 771 841 900 928 974 1033 1107 1166 1225 1290 1316 1363 1418 1500 1539 1589 1653 1696 1742 1822 1854 1913 1949 2006 2078 2153 2163 2264 2285 2369 2421 2440 2520 2591 2623 2664 2730 2794 2820 2898 2961 2997
7 4 57 160 198 265 311 360 397 450 514 561 607 672 749 759 863 864 951 1009 1036 1105 1179 1190 1257 1308 1392 1435 1470 1563 1589 1631 1718 1776 1822 1844 1940 1990 2034 2080 2111 2176 2237 2285 2322 2409 2437 2492 2569 2622 2686 2731 2772 2827 2901 2961 2997
4 4 61 114 182 246 299 324 389 435 509 576 610 650 714 781 827 884 933 994 1068 1099 1135 1199 1269 1305 1378 1435 1493 1560 1580 1644 1679 1754 1834 1883 1935 1987 2002 2090 2153 2200 2242 2312 2372 2425 2471 2520 2571 2602 2680 2739 2774 2861 2904 2930 3022
7 4 61 137 204 218 276 344 389 479 534 545 625 679 752 796 843 864 941 983 1066 1117 1183 1210 1267 1349 1385 1421 1486 1535 1580 1636 1711 1756 1834 1839 1918 1990 2034 2071 2150 2186 2259 2312 2333 2377 2473 2488 2555 2632 2666 2710 2789 2817 2882 2930 3022
7 4 61 148 205 261 305 367 416 459 534 576 638 682 720 765 822 864 934 997 1056 1096 1155 1237 1264 1297 1357 1418 1478 1538 1617 1657 1679 1756 1792 1855 1937 1990 2034 2103 2128 2171 2216 2300 2355 2429 2472 2488 2562 2605 2649 2752 2786 2848 2891 2933 2985
7 4 62 120 164 241 298 355 381 436 528 583 594 697 743 771 832 910 963 1010 1079 1092 1141 1227 1261 1345 1391 1409 1509 1564 1595 1654 1719 1753 1783 1854 1922 1957 2032 2067 2144 2181 2224 2285 2369 2387 2480 2519 2545 2616 2682 2730 2793 2835 2879 2938 2995
7 4 62 125 190 234 272 360 379 481 511 583 599 652 747 764 822 877 958 1020 1077 1102 1149 1214 1294 1335 1400 1404 1511 1531 1595 1667 1719 1770 1785 1862 1927 1990 2032 2059 2139 2171 2251 2290 2357 2397 2472 2519 2553 2622 2656 2724 2786 2848 2874 2933 2995
7 4 62 149 214 253 323 370 400 468 505 583 615 658 724 795 855 900 929 980 1028 1120 1182 1209 1266 1312 1367 1421 1485 1554 1590 1627 1719 1780 1811 1867 1917 1976 2033 2088 2120 2188 2218 2268 2336 2416 2443 2518 2585 2593 2695 2703 2773 2819 2913 2921 3001
7 4 63 111 187 253 285 355 388 468 533 583 630 657 729 790 830 884 940 1014 1078 1099 1182 1233 1293 1349 1399 1418 1492 1520 1569 1627 1674 1730 1821 1866 1901 1990 2037 2081 2123 2183 2255 2312 2355 2405 2480 2499 2557 2593 2664 2725 2795 2834 2874 2921 3002
7 4 63 123 174 224 274 344 388 462 494 540 607 685 735 778 829 895 924 1017 1076 1108 1162 1230 1244 1322 1384 1440 1507 1559 1569 1643 1718 1779 1821 1871 1931 1960 2013 2071 2153 2195 2225 2312 2349 2424 2482 2524 2558 2617 2687 2701 2772 2861 2887 2921 3002
7 4 63 157 197 256 322 344 379 449 537 583 599 689 722 799 833 879 935 1020 1051 1107 1187 1210 1244 1330 1363 1448 1473 1559 1596 1639 1674 1736 1806 1846 1927 1976 2013 2059 2153 2187 2251 2305 2350 2421 2434 2524 2571 2633 2655 2712 2785 2837 2913 2930 2973
7 4 63 158 215 226 304 370 401 474 494 583 638 665 720 809 837 895 937 1005 1042 1103 1176 1216 1289 1345 1354 1409 1483 1514 1596 1648 1674 1779 1783 1876 1921 1960 2013 2086 2128 2206 2223 2282 2341 2402 2443 2524 2545 2604 2682 2740 2793 2830 2912 2953 2973
7 4 64 130 200 240 322 344 408 465 498 553 630 696 704 763 830 895 921 973 1042 1095 1142 1226 1291 1316 1401 1447 1487 1540 1607 1653 1674 1755 1821 1870 1900 1949 2044 2077 2151 2210 2217 2285 2358 2384 2453 2503 2591 2636 2664 2729 2795 2834 2910 2963 2982
7 4 64 137 214 233 292 344 405 473 513 540 640 658 755 795 844 869 941 980 1073 1116 1159 1195 1291 1347 1387 1421 1481 1540 1577 1640 1688 1740 1824 1839 1938 1976 2044 2056 2151 2180 2250 2311 2336 2377 2482 2503 2540 2633 2672 2732 2788 2817 2877 2953 3013
7 4 64 159 192 256 285 355 420 449 535 553 640 651 722 757 814 908 932 981 1063 1082 1153 1238 1268 1303 1397 1421 1510 1525 1577 1673 1674 1757 1810 1845 1916 1965 2017 2087 2111 2187 2248 2305 2346 2415 2454 2529 2574 2633 2694 2732 2790 2816 2884 2960 3013
7 4 65 109 181 265 296 368 420 461 526 586 607 660 749 807 817 895 955 1005 1041 1130 1163 1190 1252 1300 1370 1404 1482 1515 1576 1643 1691 1745 1810 1863 1916 1965 2038 2061 2111 2176 2248 2311 2374 2399 2483 2516 2546 2611 2681 2746 2803 2844 2901 2953 3013
7 4 65 146 188 242 289 329 405 444 503 586 594 677 740 786 860 884 965 976 1050 1087 1185 1223 1245 1330 1403 1418 1472 1522 1576 1672 1691 1768 1824 1885 1938 1976 2038 2060 2151 2183 2250 2305 2345 2392 2451 2516 2547 2638 2679 2719 2780 2810 2863 2960 3013
7 4 68 117 185 249 315 329 426 484 504 540 640 688 735 776 834 907 948 976 1076 1121 1185 1230 1244 1323 1361 1448 1472 1550 1619 1633 1706 1757 1817 1875 1919 1960 2047 2060 2120 2169 2250 2305 2348 2388 2460 2531 2560 2612 2684 2718 2755 2811 2887 2938 2977
7 4 70 116 210 226 318 339 397 474 493 583 625 658 747 770 839 908 941 974 1077 1117 1176 1214 1294 1331 1385 1426 1490 1545 1605 1648 1688 1743 1808 1839 1913 1990 2051 2078 2111 2179 2264 2268 2361 2377 2479 2504 2546 2604 2650 2732 2778 2838 2874 2953 3012
7 4 70 120 211 219 317 329 403 441 501 583 615 689 726 799 848 910 963 1006 1059 1109 1148 1217 1275 1298 1399 1435 1509 1564 1605 1658 1688 1735 1802 1846 1914 1988 2051 2060 2123 2161 2218 2305 2350 2395 2466 2504 2563 2624 2696 2712 2777 2835 2870 2916 3012
7 4 70 143 195 238 321 368 388 436 538 583 630 698 731 758 834 869 955 1014 1073 1125 1168 1207 1258 1311 1363 1404 1506 1519 1606 1628 1688 1761 1813 1858 1901 1960 2018 2081 2153 2191 2255 2300 2347 2403 2439 2537 2577 2619 2656 2721 2757 2809 2912 2938 3011
7 4 70 155 170 257 282 370 403 442 538 553 625 651 730 757 835 869 956 1001 1061 1088 1152 1222 1249 1323 1401 1426 1507 1527 1605 1665 1718 1761 1802 1845 1894 1960 2018 2082 2151 2203 2238 2305 2346 2391 2463 2537 2576 2604 2669 2732 2804 2810 2911 2916 3012
7 4 70 159 212 266 305 329 388 454 493 553 594 671 727 786 849 908 925 990 1035 1108 1160 1230 1275 1297 1398 1440 1470 1564 1606 1657 1718 1743 1813 1840 1931 1990 2051 2098 2123 2162 2225 2300 2351 2411 2477 2504 2562 2613 2649 2727 2764 2823 2895 2938 3011
4 4 71 138 184 222 322 324 400 485 498 584 610 650 750 781 811 869 927 992 1068 1088 1151 1222 1283 1330 1401 1447 1497 1524 1615 1639 1696 1755 1812 1874 1894 1976 2044 2093 2120 2197 2241 2305 2372 2391 2468 2495 2571 2608 2655 2748 2779 2811 2890 2963 3000
4 4 71 147 214 224 307 324 425 456 513 561 640 652 735 791 829 895 958 987 1054 1130 1137 1212 1283 1332 1372 1440 1488 1524 1594 1621 1719 1740 1798 1862 1892 1949 2044 2062 2120 2195 2254 2311 2329 2397 2482 2495 2586 2623 2653 2724 2807 2825 2905 2933 3021
7 4 71 160 190 218 300 329 400 471 497 561 637 655 752 792 843 864 936 1006 1063 1120 1148 1209 1268 1299 1389 1421 1509 1525 1615 1630 1719 1769 1812 1889 1917 1957 2009 2060 2139 2186 2218 2305 2370 2394 2473 2529 2539 2639 2671 2716 2763 2842 2884 2963 3000
7 4 72 119 210 245 305 367 429 456 493 556 625 673 725 806 828 910 959 1010 1046 1115 1137 1192 1282 1334 1398 1440 1488 1551 1599 1621 1679 1743 1795 1878 1898 1988 2051 2062 2120 2190 2229 2268 2323 2404 2479 2502 2560 2601 2673 2734 2800 2819 2888 2938 3023
7 4 72 143 188 240 281 370 429 475 525 545 630 678 704 785 832 907 919 976 1075 1090 1161 1226 1258 1307 1380 1435 1506 1519 1599 1661 1691 1768 1795 1860 1905 1957 2016 2088 2151 2210 2222 2268 2345 2379 2451 2537 2556 2626 2692 2709 2782 2846 2910 2938 3023
7 4 72 156 193 261 290 370 385 459 526 556 615 662 720 795 851 877 952 975 1073 1103 1171 1216 1258 1347 1375 1404 1493 1519 1618 1642 1679 1767 1814 1843 1921 1987 2016 2053 2151 2171 2239 2300 2331 2380 2442 2537 2540 2605 2672 2751 2797 2836 2912 2953 3005
7 4 73 136 193 258 289 339 415 465 503 586 625 686 730 770 821 900 967 975 1034 1087 1142 1236 1246 1348 1403 1447 1487 1535 1616 1653 1679 1767 1809 1883 1925 1944 2039 2077 2151 2202 2215 2290 2331 2392 2442 2511 2589 2618 2659 2702 2800 2826 2897 2930 2993
7 4 73 142 181 263 300 368 404 471 525 586 637 681 751 765 817 864 945 1024 1056 1091 1148 1207 1264 1299 1362 1435 1466 1516 1616 1630 1679 1745 1819 1878 1935 1980 2039 2104 2123 2176 2227 2282 2356 2418 2483 2511 2562 2594 2647 2726 2791 2857 2891 2938 2993
4 4 75 114 214 248 280 324 403 475 531 561 637 686 711 766 829 900 933 980 1029 1109 1161 1217 1243 1308 1368 1435 1506 1547 1616 1661 1688 1740 1822 1883 1914 1960 2026 2088 2151 2195 2218 2314 2336 2425 2482 2523 2569 2618 2686 2702 2772 2861 2886 2921 2991
4 4 76 110 208 243 285 324 397 480 535 553 615 699 744 808 822 900 927 999 1060 1082 1169 1212 1251 1349 1397 1447 1459 1536 1570 1627 1706 1746 1822 1850 1940 1990 2028 2090 2111 2202 2237 2312 2334 2415 2441 2515 2557 2628 2664 2708 2794 2839 2895 2933 2997
7 4 76 141 172 237 317 329 412 482 535 571 638 687 740 787 823 900 936 1013 1029 1087 1158 1223 1265 1335 1365 1421 1490 1521 1592 1622 1688 1746 1790 1853 1938 1990 2028 2095 2106 2188 2243 2290 2333 2429 2475 2515 2548 2613 2661 2741 2805 2860 2863 2960 2974
7 4 77 122 184 234 276 360 410 481 521 556 594 674 713 797 823 895 925 1022 1065 1108 1181 1229 1272 1349 1398 1409 1496 1522 1595 1636 1696 1765 1815 1840 1932 1990 1999 2054 2120 2206 2240 2312 2342 2411 2457 2487 2555 2622 2666 2724 2806 2859 2873 2960 2979
7 4 78 122 203 245 307 368 419 456 508 556 640 667 731 809 814 895 969 1011 1042 1125 1137 1207 1289 1332 1376 1418 1468 1550 1598 1621 1674 1748 1810 1888 1901 1987 2048 2084 2144 2184 2226 2273 2339 2389 2456 2486 2545 2601 2694 2735 2790 2816 2912 2938 3014
7 4 78 123 188 227 297 360 385 442 508 540 599 683 733 764 827 895 924 995 1041 1081 1152 1191 1280 1309 1387 1426 1507 1559 1608 1665 1691 1748 1815 1884 1915 1987 2048 2082 2151 2200 2245 2314 2325 2412 2471 2486 2589 2635 2698 2729 2774 2861 2871 2930 3004
7 4 78 145 212 235 284 355 419 484 524 540 607 678 719 779 817 908 919 990 1052 1111 1146 1227 1262 1304 1360 1450 1484 1534 1598 1671 1691 1775 1810 1860 1902 1980 2000 2098 2150 2213 2225 2273 2351 2379 2446 2534 2542 2627 2681 2709 2803 2844 2903 2938 3014
7 4 81 153 170 269 272 360 382 447 511 571 607 649 719 759 862 869 944 1001 1057 1100 1183 1228 1254 1335 1400 1421 1476 1523 1614 1667 1719 1760 1790 1873 1917 1965 2041 2082 2150 2180 2238 2314 2346 2399 2464 2527 2548 2599 2661 2737 2805 2821 2902 2916 3006
7 4 83 115 177 240 280 336 379 475 504 545 637 667 752 773 849 900 969 979 1066 1107 1161 1210 1267 1308 1395 1448 1492 1516 1574 1661 1674 1777 1785 1888 1927 1990 2028 2101 2139 2162 2251 2285 2375 2389 2477 2508 2578 2626 2677 2735 2764 2823 2882 2938 2995
7 4 83 142 208 246 317 336 411 441 535 540 615 685 742 778 851 910 966 985 1046 1133 1148 1206 1267 1298 1365 1421 1466 1516 1590 1658 1679 1746 1814 1871 1910 1980 2028 2104 2139 2172 2266 2312 2349 2383 2441 2508 2588 2595 2672 2701 2797 2836 2903 2960 2979
7 4 83 148 210 251 315 355 410 470 504 540 610 658 750 770 863 900 957 974 1034 1121 1155 1215 1246 1309 1361 1426 1478 1538 1590 1647 1679 1777 1815 1867 1932 1990 2028 2103 2120 2167 2240 2311 2361 2388 2446 2508 2589 2593 2698 2703 2774 2825 2897 2961 2979
7 4 84 126 181 251 290 370 391 470 526 584 607 657 750 789 825 884 946 1024 1068 1084 1160 1222 1283 1347 1375 1440 1503 1523 1569 1642 1679 1745 1820 1866 1898 1976 2038 2065 2123 2167 2265 2311 2356 2400 2483 2496 2563 2593 2648 2725 2802 2858 2890 2916 2980
7 4 84 135 182 245 289 339 416 440 503 584 630 685 731 783 814 895 966 1022 1071 1096 1166 1237 1253 1348 1403 1418 1500 1553 1569 1653 1679 1768 1797 1871 1937 1965 2038 2078 2153 2184 2216 2268 2344 2383 2456 2496 2551 2617 2697 2701 2762 2843 2880 2960 2980
7 4 84 153 188 218 323 370 401 479 503 545 594 656 727 791 832 895 930 995 1054 1114 1183 1220 1283 1303 1369 1447 1476 1523 1575 1636 1719 1768 1783 1887 1899 1965 2038 2082 2123 2210 2245 2305 2325 2428 2451 2496 2586 2632 2682 2715 2793 2835 2905 2930 2973
7 4 86 109 214 226 287 367 380 443 505 586 615 683 720 760 837 895 953 987 1049 1096 1164 1237 1271 1337 1403 1409 1461 1536 1608 1659 1688 1780 1832 1884 1937 1980 2033 2062 2151 2206 2254 2268 2329 2383 2443 2493 2564 2635 2667 2729 2777 2846 2891 2933 2996
7 4 87 110 213 231 298 368 389 439 528 576 610 688 751 782 849 877 948 994 1049 1091 1169 1207 1271 1331 1391 1409 1459 1536 1585 1668 1706 1753 1833 1875 1935 1990 2032 2090 2150 2208 2242 2268 2342 2388 2432 2493 2542 2645 2654 2718 2769 2818 2891 2938 3023
7 4 87 135 191 256 273 336 389 472 510 571 599 663 722 803 814 908 966 990 1028 1117 1145 1210 1266 1306 1351 1421 1499 1554 1585 1650 1711 1758 1833 1842 1918 1987 2007 2063 2153 2187 2259 2268 2371 2412 2454 2518 2577 2610 2661 2753 2762 2843 2913 2938 3023
7 4 87 136 190 255 320 367 429 473 511 576 599 655 733 792 821 910 967 1006 1027 1118 1159 1198 1265 1319 1352 1421 1481 1541 1585 1640 1706 1770 1795 1851 1905 1957 2032 2056 2151 2172 2222 2290 2370 2423 2472 2493 2576 2610 2673 2753 2800 2826 2864 2916 3023
7 4 89 111 210 261 289 339 381 444 539 583 594 698 713 781 839 884 943 1010 1068 1119 1185 1200 1269 1330 1367 1448 1466 1546 1603 1672 1679 1743 1806 1856 1922 1980 2005 2067 2120 2179 2224 2300 2323 2417 2479 2532 2571 2620 2655 2723 2785 2831 2904 2963 2971
7 4 93 122 205 222 288 368 397 447 496 571 637 682 738 765 845 879 969 997 1050 1107 1181 1225 1245 1325 1395 1418 1496 1522 1583 1669 1696 1769 1808 1888 1913 1990 2010 2054 2111 2209 2264 2305 2355 2389 2458 2516 2568 2645 2670 2720 2758 2816 2863 2916 3012
7 4 93 126 163 249 284 339 397 484 495 561 607 655 735 804 840 908 967 1009 1054 1082 1146 1212 1283 1304 1388 1447 1503 1523 1583 1671 1706 1731 1808 1851 1940 1949 2030 2080 2153 2169 2237 2305 2358 2423 2455 2496 2573 2612 2650 2753 2778 2837 2905 2916 3012
7 4 95 114 170 228 320 355 408 459 511 576 607 677 753 779 829 884 933 996 1030 1118 1171 1203 1276 1317 1352 1404 1493 1560 1576 1642 1718 1760 1821 1885 1900 1949 2041 2053 2151 2212 2217 2314 2352 2423 2464 2513 2564 2638 2687 2719 2772 2861 2869 2933 2982
7 4 96 111 193 235 315 355 380 484 496 561 640 672 755 757 850 907 940 982 1061 1129 1185 1204 1290 1323 1368 1418 1466 1546 1598 1633 1679 1739 1832 1866 1937 1980 2040 2067 2151 2178 2254 2285 2324 2405 2470 2513 2576 2627 2669 2709 2775 2834 2868 2916 2996
7 4 96 153 168 239 274 367 380 462 520 545 607 667 705 773 848 895 930 988 1065 1095 1162 1198 1254 1322 1358 1450 1476 1523 1598 1643 1696 1776 1832 1888 1928 1988 2027 2102 2144 2161 2261 2285 2375 2427 2466 2527 2579 2601 2667 2735 2777 2835 2893 2916 2996
7 4 99 130 205 251 300 368 430 433 497 571 630 698 709 758 845 877 943 1004 1073 1098 1157 1241 1291 1306 1389 1421 1487 1540 1593 1623 1679 1769 1833 1856 1910 1944 2009 2061 2128 2209 2249 2311 2347 2417 2458 2503 2577 2631 2661 2723 2762 2812 2877 2963 2983
4 4 99 135 210 235 299 324 399 466 515 571 637 662 719 766 817 908 952 974 1057 1106 1166 1228 1254 1320 1373 1450 1500 1553 1578 1629 1679 1777 1819 1843 1911 1965 2017 2078 2120 2213 2264 2285 2361 2380 2446 2495 2541 2644 2647 2751 2791 2857 2902 2953 2998
7 4 99 147 192 223 317 336 415 446 535 571 640 682 737 789 836 884 934 996 1068 1087 1143 1236 1283 1298 1365 1447 1488 1524 1578 1658 1679 1757 1804 1855 1925 1988 2017 2055 2106 2164 2215 2305 2330 2429 2454 2495 2563 2643 2696 2752 2775 2849 2890 2933 2998
4 4 99 150 185 217 285 324 429 468 535 545 630 668 705 797 819 884 942 976 1065 1118 1182 1198 1254 1349 1397 1421 1485 1553 1593 1627 1706 1757 1834 1886 1905 1988 2017 2088 2120 2185 2222 2314 2348 2378 2460 2495 2555 2631 2666 2723 2789 2841 2893 2960 2983
7 4 101 118 198 223 289 339 428 483 539 553 615 651 706 780 838 864 929 1009 1056 1120 1146 1213 1270 1330 1367 1450 1503 1530 1604 1672 1679 1735 1807 1867 1911 1976 2014 2080 2150 2196 2237 2305 2322 2416 2478 2533 2547 2607 2679 2710 2797 2850 2885 2961 2972
4 4 101 127 185 219 280 324 428 463 504 545 640 656 703 791 819 879 970 998 1074 1107 1173 1225 1249 1338 1395 1426 1475 1565 1604 1632 1688 1757 1807 1887 1913 1987 2047 2093 2139 2185 2235 2305 2325 2389 2460 2500 2566 2602 2689 2715 2788 2842 2898 2961 2972
7 4 101 153 179 248 318 339 386 475 493 545 638 668 711 782 862 895 944 1011 1049 1081 1175 1211 1270 1331 1385 1440 1469 1530 1568 1648 1688 1781 1797 1858 1893 1944 2014 2064 2150 2195 2246 2314 2363 2414 2450 2533 2542 2618 2654 2750 2805 2821 2892 2938 3010
7 4 104 122 170 233 311 360 415 472 528 571 640 671 755 785 862 879 925 996 1075 1128 1164 1195 1289 1307 1377 1409 1468 1550 1586 1632 1718 1760 1809 1840 1925 1944 2024 2055 2151 2180 2215 2282 2352 2411 2464 2486 2556 2634 2692 2727 2767 2859 2877 2938 2993
4 4 104 141 212 251 279 324 403 433 524 571 607 693 750 767 863 900 970 1000 1067 1088 1157 1222 1284 1327 1364 1426 1467 1544 1588 1623 1718 1775 1822 1848 1894 1988 2000 2083 2123 2167 2238 2273 2340 2427 2446 2510 2550 2631 2686 2728 2772 2827 2890 2963 2991
7 4 104 157 196 217 298 368 418 468 528 583 607 660 705 807 840 879 935 991 1041 1092 1140 1218 1280 1331 1391 1426 1473 1559 1588 1668 1706 1760 1808 1881 1929 1944 2024 2105 2144 2185 2232 2314 2374 2387 2439 2486 2546 2631 2650 2728 2778 2837 2871 2921 2991
7 4 105 125 200 218 288 344 412 479 531 553 610 651 727 780 830 907 957 1007 1035 1121 1149 1230 1275 1325 1361 1435 1511 1531 1580 1669 1719 1755 1786 1867 1919 1990 2011 2059 2106 2210 2262 2305 2322 2388 2453 2536 2568 2632 2670 2710 2781 2849 2895 2921 2978
4 4 105 140 180 246 307 324 382 435 513 553 625 695 742 771 851 910 942 1000 1079 1100 1157 1228 1261 1332 1372 1421 1467 1545 1580 1621 1719 1773 1816 1838 1917 1987 2011 2083 2128 2172 2238 2273 2371 2426 2441 2536 2545 2602 2694 2739 2783 2851 2879 2953 2978
7 4 107 119 170 218 321 336 413 471 538 586 625 677 752 779 852 879 928 996 1052 1107 1143 1210 1282 1304 1363 1404 1488 1551 1581 1635 1719 1761 1830 1854 1927 1949 2018 2055 2150 2186 2215 2305 2352 2421 2463 2502 2542 2639 2681 2749 2783 2850 2882 2938 2977
7 5 54 130 207 228 318 325 402 475 492 574 611 699 714 787 828 913 944 1010 1071 1097 1141 1210 1282 1301 1385 1440 1508 1564 1599 1663 1712 1743 1812 1860 1893 1991 2051 2061 2135 2162 2241 2288 2351 2390 2476 2517 2542 2602 2688 2711 2775 2841 2876 2938 3011
7 5 54 154 208 219 320 371 387 458 538 574 613 689 718 761 822 865 935 1002 1074 1107 1172 1202 1248 1304 1373 1426 1502 1527 1605 1629 1712 1768 1792 1856 1915 1972 2031 2082 2155 2183 2265 2305 2325 2409 2445 2537 2582 2618 2689 2731 2767 2810 2898 2934 3005
7 5 54 156 176 267 293 373 402 456 538 577 630 660 731 758 814 865 961 994 1072 1089 1147 1226 1258 1329 1400 1422 1493 1518 1599 1647 1709 1768 1812 1878 1917 1972 2031 2069 2154 2192 2217 2288 2333 2384 2475 2537 2556 2603 2667 2710 2796 2813 2907 2938 3011
7 5 54 158 198 257 316 325 387 452 501 577 615 651 706 778 853 911 926 986 1041 1109 1166 1218 1282 1298 1394 1424 1481 1564 1605 1638 1709 1734 1792 1862 1941 1993 2051 2080 2135 2165 2239 2305 2338 2415 2478 2517 2550 2623 2659 2726 2797 2816 2908 2934 3005
7 5 56 120 189 244 275 344 407 477 521 577 611 698 733 808 821 882 960 1004 1066 1085 1180 1192 1257 1349 1398 1438 1460 1524 1592 1636 1711 1741 1821 1843 1931 1993 2015 2071 2107 2211 2235 2315 2345 2419 2455 2507 2570 2632 2646 2709 2789 2818 2908 2945 2996
4 5 56 134 174 260 315 373 417 461 500 576 611 656 717 800 828 865 940 982 1074 1112 1185 1241 1277 1300 1390 1438 1482 1526 1592 1650 1712 1739 1812 1886 1890 1965 2021 2063 2126 2207 2249 2296 2364 2428 2432 2501 2543 2632 2688 2709 2775 2841 2867 2964 2996
7 5 56 156 164 249 310 342 416 432 500 577 622 668 713 789 852 865 922 1018 1053 1111 1187 1239 1256 1348 1395 1451 1464 1547 1591 1651 1711 1739 1791 1877 1920 1965 2021 2068 2155 2170 2258 2286 2340 2380 2443 2501 2561 2633 2696 2731 2762 2852 2886 2951 2997
7 5 57 126 198 247 277 360 429 484 529 561 631 670 702 759 825 911 920 986 1051 1090 1156 1221 1271 1305 1392 1453 1490 1532 1611 1670 1703 1776 1811 1847 1901 1963 2003 2080 2142 2213 2239 2269 2338 2389 2436 2527 2564 2634 2685 2715 2799 2855 2902 2934 3002
7 5 57 140 205 254 275 360 391 477 534 567 611 659 728 790 860 882 944 985 1065 1097 1180 1191 1271 1349 1385 1405 1476 1532 1596 1636 1696 1771 1822 1860 1913 1991 2003 2054 2142 2169 2226 2317 2331 2390 2438 2527 2538 2622 2678 2751 2806 2831 2887 2954 3017
4 5 57 147 169 227 305 358 406 454 534 561 643 700 704 779 820 882 918 981 1059 1096 1137 1234 1262 1310 1356 1441 1483 1541 1611 1637 1703 1771 1833 1868 1934 1991 2003 2079 2144 2173 2254 2286 2372 2429 2473 2527 2565 2607 2671 2741 2765 2842 2880 2917 3002
7 5 59 134 165 255 312 358 422 466 529 576 641 688 727 770 830 865 940 1002 1048 1089 1144 1213 1259 1309 1358 1453 1482 1526 1619 1630 1696 1733 1828 1888 1928 1981 2046 2104 2135 2191 2244 2288 2367 2426 2472 2521 2550 2592 2648 2733 2773 2841 2864 2934 2986
7 5 64 137 173 260 277 360 390 471 528 589 613 693 717 797 828 865 959 994 1058 1128 1159 1194 1242 1347 1393 1438 1483 1551 1617 1629 1703 1740 1809 1840 1925 1991 2008 2055 2124 2207 2231 2306 2336 2381 2432 2519 2590 2622 2670 2732 2788 2828 2915 2938 2995
4 5 67 112 185 241 270 361 380 457 518 587 615 661 741 780 818 882 966 1004 1077 1096 1163 1232 1272 1330 1403 1405 1499 1516 1588 1659 1709 1780 1795 1871 1936 1980 2039 2073 2155 2169 2233 2286 2349 2382 2480 2529 2549 2595 2656 2717 2797 2852 2891 2945 2982
7 5 67 161 204 258 321 342 381 441 517 587 622 666 710 789 858 913 933 1001 1049 1118 1167 1197 1294 1320 1378 1422 1458 1543 1577 1631 1709 1732 1799 1882 1917 1981 2044 2092 2144 2204 2240 2290 2342 2420 2435 2526 2565 2605 2660 2702 2791 2814 2913 2917 2993
7 5 68 128 214 256 278 325 413 484 524 557 641 682 716 766 814 901 947 996 1039 1083 1156 1210 1244 1304 1375 1453 1490 1530 1619 1670 1694 1757 1830 1875 1907 1972 2043 2080 2142 2206 2228 2305 2332 2401 2461 2530 2581 2625 2690 2700 2759 2850 2873 2938 2976
7 5 69 120 201 238 299 325 384 465 511 559 611 699 754 787 818 901 927 1016 1071 1080 1152 1219 1257 1338 1389 1451 1460 1524 1579 1640 1723 1754 1830 1846 1943 1980 2001 2099 2128 2210 2230 2303 2351 2410 2439 2507 2542 2620 2651 2725 2798 2851 2903 2945 3007
7 5 71 147 175 244 320 361 388 471 509 561 595 654 733 804 821 882 918 989 1031 1120 1159 1233 1283 1304 1402 1438 1483 1541 1612 1629 1721 1755 1795 1889 1905 1972 2032 2055 2124 2211 2237 2305 2358 2408 2455 2505 2582 2637 2689 2716 2764 2842 2865 2966 2972
4 5 71 158 165 221 309 342 388 485 516 587 628 677 738 807 853 901 926 1017 1050 1083 1165 1205 1268 1330 1374 1405 1510 1535 1612 1620 1696 1769 1795 1874 1913 1961 2019 2093 2135 2209 2229 2305 2353 2402 2435 2518 2549 2608 2656 2745 2797 2816 2875 2966 2972
7 5 73 152 175 249 322 344 383 432 509 577 595 651 712 778 861 891 956 1007 1038 1088 1187 1230 1244 1337 1400 1453 1473 1558 1595 1651 1692 1755 1786 1862 1933 1963 2032 2058 2154 2171 2262 2305 2338 2385 2455 2503 2553 2633 2692 2726 2786 2837 2874 2951 3013
7 5 75 113 170 246 299 373 389 436 511 561 628 700 753 779 854 900 971 980 1053 1114 1138 1199 1256 1317 1389 1451 1506 1547 1580 1661 1675 1754 1784 1868 1900 1981 2001 2096 2126 2190 2256 2286 2372 2376 2469 2501 2571 2638 2665 2741 2801 2824 2886 2945 2982
7 5 75 134 201 258 309 342 423 441 511 541 611 694 745 771 860 900 950 1000 1032 1121 1144 1193 1277 1296 1379 1432 1482 1526 1577 1653 1696 1754 1822 1854 1894 1981 2001 2104 2155 2168 2246 2303 2366 2397 2439 2501 2591 2605 2678 2702 2806 2831 2911 2964 2985
7 5 75 146 189 225 318 361 418 475 521 561 611 666 736 776 861 913 962 995 1056 1133 1141 1188 1266 1301 1356 1432 1467 1538 1577 1663 1675 1741 1827 1882 1923 1963 2015 2103 2144 2171 2266 2315 2355 2392 2455 2487 2580 2605 2650 2702 2786 2837 2902 2951 2985
7 5 76 161 188 267 312 344 397 442 494 589 595 664 733 778 854 911 923 997 1041 1085 1167 1192 1282 1309 1393 1440 1458 1543 1593 1630 1709 1737 1801 1871 1931 1981 2048 2092 2124 2190 2245 2288 2324 2424 2469 2536 2550 2617 2648 2714 2801 2824 2908 2945 3004
4 5 77 113 182 228 320 371 408 475 509 561 622 687 714 781 856 900 971 1013 1029 1120 1177 1203 1259 1305 1402 1453 1506 1547 1576 1628 1712 1760 1811 1836 1935 1945 2026 2057 2124 2162 2218 2288 2352 2408 2449 2498 2564 2602 2685 2735 2799 2824 2884 2951 3022
4 5 77 128 167 258 292 325 406 444 502 577 622 648 710 788 815 880 947 988 1078 1106 1136 1197 1264 1311 1353 1453 1476 1544 1576 1632 1696 1763 1813 1875 1928 1991 2012 2099 2144 2204 2258 2303 2375 2401 2478 2512 2579 2602 2692 2735 2758 2850 2913 2936 3022
7 5 77 129 213 216 290 340 406 472 519 561 643 690 755 800 850 865 929 981 1074 1126 1158 1204 1277 1338 1368 1432 1461 1528 1576 1649 1712 1751 1813 1848 1934 1980 2026 2079 2154 2193 2254 2303 2329 2378 2482 2498 2543 2627 2650 2710 2800 2823 2867 2936 3022
4 5 77 156 215 254 288 371 411 477 519 577 628 693 728 770 818 865 922 1003 1048 1110 1149 1212 1259 1298 1370 1424 1464 1547 1617 1666 1696 1751 1792 1840 1929 1980 2026 2105 2124 2169 2214 2317 2363 2418 2480 2498 2550 2622 2659 2732 2797 2852 2864 2945 2981
7 5 77 160 211 260 273 360 386 471 502 561 628 652 748 798 863 880 958 1015 1046 1092 1142 1190 1274 1321 1372 1424 1508 1535 1617 1646 1712 1763 1815 1881 1903 1991 2012 2060 2107 2176 2256 2296 2326 2391 2436 2512 2568 2622 2686 2732 2754 2840 2880 2966 2981
7 5 78 139 166 244 288 344 393 477 506 567 628 656 753 799 855 865 970 1020 1036 1107 1149 1211 1275 1298 1382 1422 1511 1512 1592 1666 1721 1769 1804 1886 1904 1993 2029 2058 2126 2192 2251 2305 2365 2400 2434 2525 2551 2632 2658 2709 2769 2849 2872 2954 2973
4 5 79 130 193 249 285 342 399 432 530 574 641 689 712 761 834 913 950 1017 1069 1082 1165 1201 1250 1302 1396 1432 1510 1562 1591 1673 1692 1757 1799 1856 1902 1965 2037 2093 2107 2171 2229 2305 2325 2395 2481 2493 2586 2633 2682 2731 2768 2835 2905 2954 2973
4 5 79 138 185 216 312 344 393 466 494 557 641 668 755 774 850 865 921 999 1072 1128 1144 1194 1286 1309 1393 1432 1509 1540 1591 1630 1709 1778 1804 1877 1925 1963 2007 2077 2155 2193 2228 2306 2355 2381 2482 2524 2540 2633 2658 2731 2769 2854 2877 2953 2973
4 5 79 151 214 230 316 325 417 443 530 557 630 661 743 783 814 913 966 983 1049 1133 1146 1219 1292 1315 1365 1441 1500 1520 1569 1622 1709 1757 1812 1871 1890 1965 2037 2062 2126 2206 2249 2315 2346 2382 2461 2493 2571 2615 2667 2717 2796 2813 2914 2945 2996
7 5 82 117 203 219 311 358 392 457 490 587 643 698 718 779 822 865 960 1003 1053 1128 1173 1223 1265 1317 1355 1426 1491 1523 1604 1649 1711 1773 1828 1843 1896 1961 2030 2052 2126 2183 2267 2306 2374 2419 2445 2535 2571 2619 2665 2709 2756 2821 2875 2945 3016
4 5 83 118 170 262 292 344 383 434 489 589 611 671 717 808 839 891 941 980 1058 1116 1146 1194 1242 1311 1366 1441 1468 1545 1586 1632 1675 1754 1786 1863 1938 1991 2024 2095 2126 2205 2257 2303 2372 2390 2469 2525 2579 2611 2692 2734 2786 2859 2915 2953 3013
7 5 83 139 201 259 286 342 395 480 489 541 628 679 744 807 860 891 958 1016 1037 1092 1139 1201 1275 1310 1372 1440 1511 1512 1607 1655 1723 1754 1814 1881 1892 1991 2024 2068 2128 2168 2260 2286 2351 2391 2439 2525 2562 2597 2673 2704 2778 2860 2871 2954 2991
4 5 83 161 184 242 278 342 382 455 512 589 631 650 726 769 846 911 933 987 1036 1109 1186 1239 1275 1304 1388 1422 1489 1512 1586 1670 1675 1731 1787 1882 1922 1972 2024 2093 2128 2174 2259 2305 2333 2420 2447 2525 2581 2626 2690 2719 2803 2814 2872 2951 3013
7 5 84 117 188 268 285 342 419 464 530 541 643 670 725 772 818 911 930 997 1040 1099 1134 1220 1265 1302 1396 1441 1491 1523 1611 1673 1692 1766 1787 1847 1911 1980 2028 2092 2142 2210 2245 2290 2324 2378 2439 2535 2574 2634 2694 2715 2798 2851 2889 2945 2974
7 5 84 141 209 264 278 342 391 476 524 557 622 668 738 789 863 900 957 974 1053 1083 1176 1205 1265 1347 1375 1426 1468 1523 1570 1628 1675 1772 1822 1866 1913 1991 2028 2065 2142 2166 2226 2306 2340 2401 2446 2535 2561 2597 2698 2742 2787 2808 2875 2966 3017
7 5 86 123 165 223 295 371 401 440 516 559 628 688 744 770 858 880 971 1002 1038 1114 1172 1198 1244 1299 1389 1453 1502 1558 1589 1646 1703 1769 1796 1868 1901 1981 2019 2082 2128 2204 2265 2305 2367 2376 2435 2503 2560 2642 2663 2752 2791 2814 2874 2917 2998
4 5 89 115 209 267 270 361 399 442 539 567 611 681 733 776 849 900 968 974 1067 1120 1143 1233 1247 1336 1381 1451 1500 1555 1579 1653 1709 1743 1785 1859 1905 1965 2004 2065 2107 2190 2226 2288 2340 2428 2474 2532 2568 2617 2672 2728 2781 2817 2865 2966 2987
7 5 89 152 204 230 312 344 404 443 529 567 613 673 743 796 841 901 956 992 1026 1130 1136 1240 1295 1306 1358 1453 1504 1527 1582 1633 1709 1733 1806 1862 1914 1945 2046 2071 2144 2206 2248 2315 2352 2385 2434 2490 2572 2615 2657 2703 2805 2837 2894 2934 2984
7 5 92 129 206 226 293 358 392 456 536 561 630 652 736 798 823 865 932 1020 1056 1112 1147 1188 1266 1329 1402 1451 1474 1515 1594 1647 1723 1736 1828 1881 1943 1963 2007 2089 2124 2170 2220 2296 2326 2417 2473 2511 2558 2643 2665 2732 2756 2820 2902 2954 3016
7 5 92 150 192 269 286 342 408 438 489 561 622 666 734 789 844 898 930 1013 1049 1095 1182 1228 1292 1310 1372 1441 1501 1520 1610 1655 1723 1753 1833 1838 1935 1961 2025 2057 2107 2160 2218 2315 2342 2388 2470 2493 2565 2608 2671 2747 2765 2818 2914 2953 3000
4 5 93 126 170 267 286 373 409 456 489 561 611 690 733 800 854 911 920 1022 1031 1095 1160 1233 1283 1332 1372 1440 1490 1532 1599 1634 1694 1754 1835 1848 1930 1972 2024 2076 2107 2190 2266 2303 2329 2388 2469 2515 2586 2603 2652 2710 2770 2855 2865 2954 2970
7 5 93 140 184 221 308 373 386 447 512 559 631 688 750 801 824 891 940 984 1030 1088 1180 1231 1283 1325 1359 1438 1476 1532 1566 1664 1696 1731 1793 1888 1932 1991 2024 2054 2107 2197 2227 2305 2336 2426 2447 2515 2569 2645 2697 2733 2779 2835 2866 2934 3005
7 5 93 146 166 256 302 351 386 484 506 561 628 654 716 792 841 913 962 1015 1043 1082 1184 1200 1245 1323 1368 1441 1467 1538 1566 1643 1694 1769 1793 1851 1903 1945 2029 2060 2154 2206 2256 2305 2370 2422 2434 2510 2552 2625 2671 2753 2805 2837 2884 2934 3005
4 5 94 159 164 223 273 361 431 440 508 559 611 681 745 776 820 898 941 1018 1067 1116 1172 1236 1246 1321 1366 1426 1486 1542 1618 1646 1711 1739 1782 1863 1896 1991 2013 2097 2155 2203 2230 2296 2340 2390 2443 2529 2568 2642 2686 2724 2789 2819 2866 2917 3003
4 5 95 136 205 238 305 351 417 459 534 576 611 650 754 768 819 911 962 982 1041 1133 1157 1219 1287 1313 1356 1441 1509 1542 1586 1634 1709 1771 1807 1882 1890 1963 2003 2063 2128 2210 2249 2317 2334 2392 2438 2488 2560 2626 2649 2719 2781 2847 2903 2917 3001
7 5 95 148 198 262 312 344 402 434 529 576 631 675 746 780 863 882 970 989 1077 1089 1145 1226 1272 1306 1358 1422 1472 1557 1586 1633 1709 1776 1821 1859 1917 1991 2003 2075 2135 2176 2217 2269 2335 2426 2436 2488 2549 2611 2680 2734 2754 2840 2891 2966 3001
7 5 95 159 167 219 277 351 395 458 529 574 595 648 724 788 824 882 928 988 1066 1093 1172 1200 1287 1347 1392 1453 1486 1542 1595 1629 1711 1776 1814 1869 1892 1991 2003 2097 2128 2177 2260 2306 2375 2386 2466 2488 2590 2618 2670 2740 2782 2832 2876 2934 2991
7 5 96 160 204 267 305 351 380 456 534 561 641 687 731 781 855 880 949 992 1052 1096 1160 1232 1251 1313 1356 1405 1481 1562 1575 1634 1709 1733 1794 1836 1936 1993 2042 2086 2144 2192 2233 2288 2352 2429 2434 2492 2541 2603 2669 2735 2769 2849 2901 2954 2983
4 5 98 108 173 223 302 342 408 482 504 577 643 651 745 772 820 898 957 987 1061 1121 1186 1193 1248 1323 1370 1426 1489 1565 1604 1643 1703 1730 1833 1861 1894 1945 2045 2093 2124 2203 2259 2305 2344 2406 2443 2500 2552 2601 2671 2727 2765 2842 2911 2964 3000
7 5 98 140 211 219 270 358 408 457 539 567 615 656 724 799 824 882 940 977 1039 1120 1163 1203 1244 1330 1381 1453 1478 1530 1604 1659 1712 1734 1833 1886 1935 1961 2014 2094 2107 2177 2218 2305 2365 2428 2466 2530 2548 2619 2657 2709 2779 2835 2873 2964 3000
4 5 99 108 178 254 272 360 383 477 497 577 595 672 711 783 835 898 951 1007 1049 1122 1149 1196 1294 1315 1363 1422 1511 1543 1596 1666 1723 1750 1823 1846 1933 1991 2013 2058 2126 2187 2262 2290 2335 2386 2433 2526 2571 2622 2667 2751 2785 2848 2913 2945 2974
7 5 100 156 188 238 321 342 388 459 515 541 615 678 754 796 818 901 922 975 1026 1125 1147 1228 1295 1307 1380 1451 1493 1518 1584 1644 1709 1766 1795 1877 1905 1972 2043 2069 2124 2210 2237 2317 2347 2380 2439 2500 2572 2626 2656 2721 2797 2852 2894 2953 2972
7 5 104 128 176 244 323 373 420 477 518 577 613 651 753 772 814 880 947 984 1040 1114 1180 1199 1268 1302 1350 1405 1476 1544 1574 1636 1721 1768 1825 1861 1900 1965 2050 2054 2142 2192 2227 2305 2344 2416 2475 2508 2574 2632 2694 2727 2759 2850 2886 2945 2978
4 5 105 112 209 216 296 340 404 472 524 559 622 660 734 768 816 911 961 990 1041 1130 1163 1240 1287 1299 1359 1453 1499 1516 1576 1645 1709 1772 1796 1878 1914 1980 2028 2073 2107 2213 2248 2306 2323 2384 2446 2516 2560 2627 2663 2710 2791 2857 2903 2938 2995
7 5 105 123 176 238 311 360 386 465 490 559 631 664 752 759 842 880 923 984 1052 1123 1152 1196 1280 1326 1355 1426 1504 1556 1590 1640 1709 1773 1815 1871 1932 1945 2030 2054 2154 2212 2227 2317 2344 2424 2471 2514 2563 2620 2686 2714 2754 2861 2870 2945 2981
7 5 105 148 188 258 316 325 390 444 530 559 643 687 745 786 860 900 949 975 1067 1086 1145 1236 1246 1315 1365 1432 1472 1557 1576 1622 1709 1766 1809 1836 1925 1991 2028 2075 2124 2168 2231 2290 2347 2429 2439 2516 2558 2602 2679 2735 2778 2860 2866 2954 2995
4 5 105 154 166 255 310 360 390 432 531 574 622 690 727 764 830 865 920 1020 1035 1102 1187 1191 1280 1348 1364 1453 1473 1556 1576 1651 1694 1732 1809 1848 1907 1961 2030 2058 2154 2191 2251 2290 2365 2388 2472 2514 2588 2627 2670 2710 2788 2826 2888 2954 2995
4 5 106 128 201 237 312 358 431 443 494 557 613 679 718 807 835 901 959 1016 1050 1128 1136 1223 1268 1306 1393 1440 1476 1544 1606 1633 1696 1737 1782 1840 1896 1991 2048 2099 2155 2163 2230 2269 2351 2381 2456 2508 2549 2607 2680 2746 2794 2838 2875 2945 3003
4 5 106 150 175 246 290 361 431 436 519 561 630 670 731 759 821 898 930 1007 1052 1126 1138 1232 1251 1326 1368 1424 1501 1520 1606 1661 1692 1755 1782 1847 1906 1993 2022 2101 2154 2211 2220 2269 2338 2378 2455 2534 2563 2638 2686 2715 2789 2818 2901 2945 3003
7 5 107 117 185 254 315 361 413 461 526 587 611 666 728 776 818 865 930 999 1056 1102 1185 1191 1281 1300 1364 1424 1469 1545 1581 1650 1723 1780 1830 1838 1907 1972 2031 2077 2142 2169 2228 2290 2355 2388 2480 2484 2580 2637 2651 2747 2798 2851 2887 2953 2976
7 5 107 130 171 244 295 351 426 471 525 589 611 650 733 768 834 898 950 1014 1041 1121 1142 1192 1282 1299 1379 1424 1508 1564 1581 1646 1721 1761 1817 1854 1895 1981 1998 2060 2107 2211 2257 2305 2334 2397 2441 2517 2560 2637 2663 2747 2768 2835 2908 2938 2976
7 6 55 134 173 239 313 335 422 474 528 576 632 688 727 802 826 916 936 1025 1026 1089 1169 1225 1262 1331 1357 1409 1497 1527 1596 1641 1684 1777 1797 1837 1937 1970 2016 2071 2135 2206 2217 2292 2352 2426 2464 2495 2542 2615 2652 2734 2805 2840 2891 2965 2984
7 6 55 136 206 217 281 351 391 473 535 576 599 689 721 792 819 889 942 1006 1065 1097 1180 1219 1258 1349 1383 1442 1458 1532 1596 1649 1684 1770 1826 1860 1941 1996 2016 2056 2119 2210 2220 2316 2343 2421 2437 2495 2556 2626 2649 2723 2802 2846 2889 2940 2984
4 6 56 148 183 240 285 372 391 461 525 576 599 655 747 799 832 886 919 1006 1075 1112 1134 1205 1254 1307 1376 1414 1504 1541 1613 1640 1713 1763 1796 1886 1941 1956 2017 2056 2158 2185 2220 2296 2365 2396 2472 2537 2555 2631 2648 2709 2786 2841 2896 2943 3016
7 6 56 149 212 267 316 335 385 438 516 576 622 650 734 767 855 912 939 1014 1042 1081 1168 1208 1281 1296 1390 1430 1479 1547 1610 1624 1713 1739 1819 1867 1940 1996 2051 2096 2130 2177 2221 2278 2339 2409 2464 2503 2558 2607 2675 2714 2780 2832 2889 2921 3019
7 6 57 150 207 248 301 346 406 433 537 588 606 701 724 774 812 869 967 1019 1061 1125 1184 1211 1263 1323 1366 1442 1465 1555 1612 1639 1703 1742 1802 1847 1916 1980 2004 2061 2133 2192 2253 2320 2324 2410 2444 2520 2578 2634 2662 2731 2765 2825 2904 2926 2970
4 6 59 114 182 261 299 349 390 466 532 576 604 675 726 796 848 891 968 983 1061 1113 1183 1210 1263 1349 1390 1442 1500 1555 1617 1632 1679 1728 1826 1855 1922 1992 2002 2070 2130 2186 2216 2320 2337 2377 2459 2520 2556 2609 2649 2733 2802 2817 2904 2929 2985
7 6 60 111 164 242 303 335 425 464 535 567 620 681 742 778 830 912 964 986 1067 1133 1185 1207 1263 1342 1362 1442 1464 1546 1616 1637 1711 1745 1819 1876 1893 1949 2041 2067 2116 2176 2258 2320 2353 2406 2441 2528 2562 2612 2672 2701 2784 2808 2898 2940 2979
7 6 64 129 173 247 276 360 378 451 528 552 632 666 753 759 855 889 959 1001 1070 1115 1135 1194 1256 1305 1393 1452 1490 1542 1581 1670 1703 1777 1811 1871 1894 1996 2016 2093 2116 2177 2260 2292 2375 2398 2464 2486 2585 2620 2684 2740 2780 2832 2876 2921 2991
7 6 64 140 206 253 303 360 417 457 535 567 599 652 749 762 860 916 958 993 1041 1133 1157 1191 1256 1313 1362 1428 1480 1542 1586 1665 1687 1770 1809 1882 1909 1970 2016 2094 2116 2169 2251 2316 2357 2406 2437 2486 2589 2622 2678 2700 2774 2809 2907 2955 2986
4 6 64 152 196 262 313 332 404 436 528 567 617 673 743 780 863 889 965 989 1048 1130 1139 1189 1272 1318 1357 1409 1472 1526 1586 1654 1687 1777 1821 1873 1910 1996 2016 2104 2144 2191 2247 2307 2367 2385 2442 2486 2580 2592 2682 2730 2773 2811 2895 2965 2986
4 6 65 132 164 255 313 335 418 468 528 567 646 692 729 770 830 902 955 1002 1077 1130 1175 1208 1259 1331 1357 1452 1482 1557 1619 1641 1684 1745 1828 1883 1891 1967 2047 2075 2144 2176 2248 2295 2335 2385 2441 2519 2544 2611 2650 2703 2754 2837 2894 2921 3001
4 6 66 111 170 239 288 335 394 474 489 588 599 649 747 775 839 891 964 979 1058 1092 1154 1221 1293 1336 1403 1442 1492 1518 1596 1655 1698 1775 1793 1876 1939 1970 2043 2096 2158 2186 2256 2278 2372 2406 2468 2499 2565 2615 2662 2734 2775 2808 2878 2953 2972
4 6 67 129 170 216 323 372 409 478 489 552 599 691 722 799 835 889 959 1022 1044 1119 1174 1204 1244 1308 1368 1440 1490 1542 1571 1649 1726 1775 1799 1857 1918 1972 2043 2053 2130 2190 2234 2278 2328 2412 2468 2498 2587 2596 2680 2736 2800 2832 2872 2955 3022
7 6 68 110 163 258 286 349 378 481 518 578 606 679 745 778 819 900 962 1012 1067 1086 1145 1222 1277 1342 1401 1432 1511 1530 1576 1653 1722 1747 1811 1849 1894 1996 2026 2083 2116 2167 2260 2273 2355 2391 2480 2525 2562 2610 2672 2702 2793 2856 2883 2940 2991
7 6 69 111 202 233 320 362 401 475 505 588 630 701 704 759 830 891 964 1007 1070 1113 1177 1218 1257 1305 1351 1417 1492 1518 1599 1627 1701 1755 1807 1866 1913 1967 2031 2074 2116 2171 2255 2320 2340 2417 2446 2535 2585 2641 2684 2712 2784 2808 2875 2921 3017
4 6 69 142 163 253 285 362 388 461 513 565 599 670 749 787 817 886 938 1012 1040 1099 1134 1191 1257 1307 1389 1456 1462 1518 1611 1640 1722 1747 1831 1877 1943 1972 2031 2099 2116 2169 2245 2281 2355 2412 2480 2535 2540 2618 2664 2725 2797 2852 2907 2953 3005
4 6 70 147 176 224 302 351 411 482 517 565 642 683 740 760 813 873 953 1023 1026 1104 1153 1212 1262 1337 1372 1409 1484 1527 1608 1621 1726 1741 1794 1857 1935 1980 2000 2085 2119 2208 2231 2292 2327 2418 2474 2495 2584 2599 2676 2744 2807 2826 2891 2955 3021
4 6 71 116 196 226 316 362 419 452 516 562 604 680 704 807 852 916 968 1017 1041 1113 1162 1218 1286 1300 1390 1430 1495 1559 1605 1620 1687 1739 1803 1855 1913 1992 2051 2078 2144 2178 2239 2296 2338 2377 2479 2487 2544 2608 2681 2728 2798 2815 2875 2921 3007
7 6 71 145 203 250 319 362 404 476 497 552 599 670 708 787 810 912 942 973 1040 1097 1140 1239 1286 1314 1383 1432 1467 1559 1601 1662 1698 1758 1798 1860 1923 1996 2051 2103 2144 2164 2234 2295 2355 2421 2476 2487 2540 2614 2657 2742 2775 2837 2876 2926 3011
7 6 71 157 176 237 307 372 404 456 533 562 622 683 735 760 812 902 960 1023 1072 1130 1179 1189 1271 1325 1359 1409 1491 1524 1601 1645 1687 1772 1798 1879 1910 1980 2001 2069 2158 2192 2247 2295 2327 2383 2444 2537 2538 2635 2667 2722 2765 2825 2903 2926 3011
4 6 73 113 186 265 278 376 417 475 523 545 622 679 714 789 826 900 932 1013 1066 1083 1177 1241 1288 1347 1397 1417 1492 1516 1576 1627 1698 1753 1809 1849 1909 1970 2028 2074 2116 2195 2251 2307 2344 2420 2475 2484 2539 2610 2666 2702 2787 2859 2892 2965 2986
7 6 73 148 208 251 317 332 394 450 523 562 632 680 723 807 832 900 919 1005 1032 1087 1187 1231 1246 1341 1359 1452 1487 1558 1581 1623 1679 1753 1784 1855 1932 1970 2028 2064 2158 2202 2263 2296 2338 2426 2455 2484 2553 2633 2660 2728 2786 2841 2897 2929 2981
7 6 74 161 193 266 295 351 384 440 510 592 606 665 721 767 850 912 929 986 1042 1097 1181 1219 1281 1325 1395 1414 1461 1530 1609 1657 1713 1750 1786 1885 1941 1980 2040 2097 2111 2161 2229 2295 2323 2410 2463 2521 2558 2599 2646 2743 2801 2838 2889 2940 3006
7 6 75 118 213 232 299 329 398 466 526 552 604 685 753 803 837 891 937 979 1070 1084 1183 1194 1256 1349 1396 1428 1475 1514 1590 1632 1701 1729 1817 1865 1924 1996 2032 2095 2145 2193 2257 2316 2330 2376 2450 2516 2541 2638 2665 2726 2794 2824 2876 2953 3013
7 6 75 122 192 244 320 362 413 470 487 552 617 682 722 805 814 916 969 1025 1044 1107 1181 1204 1244 1303 1369 1414 1502 1526 1590 1629 1701 1768 1803 1852 1929 1972 2032 2055 2111 2160 2233 2305 2333 2408 2476 2516 2581 2618 2690 2746 2790 2814 2872 2965 3013
7 6 75 125 209 234 289 329 402 472 487 565 630 683 705 762 822 916 960 972 1041 1089 1149 1235 1256 1328 1400 1452 1469 1514 1607 1647 1687 1768 1827 1879 1927 1972 2032 2073 2145 2213 2244 2292 2325 2383 2460 2516 2589 2629 2663 2722 2789 2858 2907 2926 2995
7 6 75 127 207 250 287 376 402 476 488 552 642 666 706 809 861 869 944 1019 1056 1100 1140 1188 1282 1346 1361 1440 1508 1513 1607 1662 1701 1741 1827 1875 1920 1982 2030 2061 2135 2166 2253 2292 2324 2392 2445 2518 2550 2614 2680 2737 2771 2840 2909 2926 2995
4 6 75 137 176 253 280 351 398 461 488 565 617 664 711 788 813 869 929 978 1045 1122 1134 1195 1243 1312 1367 1414 1504 1552 1590 1640 1687 1741 1817 1869 1933 1982 2030 2056 2158 2208 2250 2316 2373 2425 2474 2518 2565 2618 2686 2746 2773 2861 2913 2953 3013
4 6 75 154 179 255 314 351 423 450 499 552 630 691 729 763 830 902 921 1021 1076 1131 1187 1219 1243 1344 1364 1452 1487 1552 1607 1623 1701 1730 1807 1870 1907 1949 2030 2064 2158 2176 2249 2278 2364 2382 2441 2518 2547 2629 2684 2722 2784 2808 2881 2940 2995
7 6 77 139 162 218 317 329 398 445 523 562 620 688 719 786 825 891 936 976 1038 1087 1148 1230 1275 1299 1359 1417 1509 1528 1588 1664 1684 1757 1817 1837 1933 1982 2024 2058 2158 2171 2250 2305 2368 2426 2451 2529 2591 2624 2665 2734 2794 2835 2912 2965 3013
7 6 78 119 183 231 300 329 385 442 508 567 630 652 729 762 828 873 947 1015 1077 1081 1151 1208 1259 1310 1382 1430 1507 1545 1594 1622 1713 1769 1829 1882 1940 1967 2023 2095 2158 2200 2221 2316 2357 2417 2466 2529 2553 2613 2691 2700 2757 2861 2894 2929 3009
7 6 78 159 198 222 302 376 397 482 508 578 642 651 744 809 845 873 932 1011 1038 1082 1153 1206 1275 1337 1380 1417 1489 1528 1603 1621 1703 1769 1782 1880 1901 1967 2023 2080 2111 2204 2230 2305 2340 2390 2452 2529 2568 2601 2693 2748 2758 2814 2912 2943 3000
7 6 80 161 191 221 272 332 428 446 496 592 617 693 737 780 856 912 929 1009 1067 1122 1178 1231 1277 1327 1367 1432 1461 1530 1597 1634 1711 1748 1783 1869 1897 1982 2014 2100 2133 2164 2223 2273 2347 2425 2430 2525 2560 2643 2679 2717 2795 2838 2883 2929 2990
4 6 82 147 203 249 275 329 385 448 490 565 632 670 751 787 863 873 953 973 1028 1123 1165 1230 1253 1311 1384 1432 1484 1527 1591 1671 1711 1774 1829 1877 1897 1996 1998 2072 2130 2172 2264 2281 2355 2398 2460 2505 2552 2638 2691 2725 2757 2826 2879 2965 3009
7 6 83 113 213 255 292 335 427 468 519 545 642 695 717 794 842 900 932 979 1055 1082 1154 1199 1242 1320 1380 1456 1492 1516 1619 1661 1701 1729 1815 1880 1908 1967 2039 2096 2145 2188 2256 2278 2330 2390 2450 2530 2563 2611 2692 2703 2771 2859 2882 2945 2982
7 6 84 132 192 221 289 335 394 483 487 578 617 651 737 774 810 891 955 984 1061 1087 1150 1231 1283 1323 1400 1452 1503 1536 1579 1651 1679 1768 1793 1883 1932 1996 2032 2087 2133 2164 2263 2305 2375 2385 2476 2507 2578 2607 2662 2745 2775 2837 2883 2926 2972
7 6 84 154 198 258 315 376 422 481 510 578 630 663 709 783 845 876 918 990 1045 1117 1145 1197 1243 1313 1374 1414 1487 1552 1568 1653 1679 1769 1797 1856 1937 1970 2021 2105 2135 2204 2217 2316 2362 2405 2452 2518 2570 2610 2697 2711 2760 2812 2913 2940 2984
4 6 85 111 212 234 294 332 428 468 531 567 630 659 705 758 840 912 918 1014 1040 1117 1154 1235 1257 1319 1374 1456 1492 1518 1593 1661 1698 1761 1783 1856 1899 1970 2015 2096 2145 2213 2221 2281 2339 2405 2442 2535 2569 2633 2679 2716 2795 2855 2907 2921 2990
4 6 85 131 207 226 274 372 428 452 492 562 646 666 719 809 841 873 959 1019 1038 1123 1162 1230 1275 1343 1384 1440 1483 1557 1593 1620 1703 1742 1783 1871 1897 1982 2049 2090 2133 2162 2223 2281 2324 2398 2444 2501 2568 2608 2687 2740 2788 2830 2912 2921 2990
7 6 86 132 176 269 287 349 396 443 488 567 617 652 720 791 857 902 946 1023 1047 1096 1167 1227 1283 1339 1361 1440 1503 1536 1606 1669 1726 1741 1832 1836 1918 1949 2030 2069 2119 2163 2247 2316 2327 2397 2474 2507 2582 2623 2653 2747 2763 2846 2898 2926 2971
7 6 86 152 183 242 315 329 424 464 510 567 642 655 717 799 828 889 965 1006 1044 1109 1185 1209 1244 1330 1374 1414 1472 1526 1567 1637 1726 1769 1812 1844 1890 1956 2021 2058 2145 2200 2218 2305 2365 2414 2466 2516 2587 2612 2658 2750 2807 2811 2872 2940 3012
4 6 88 148 207 233 286 372 413 481 537 562 606 657 713 794 841 900 919 975 1055 1107 1145 1204 1242 1342 1381 1414 1487 1558 1609 1653 1701 1742 1823 1886 1929 1949 2004 2105 2135 2162 2233 2320 2369 2396 2444 2488 2563 2636 2671 2707 2777 2841 2882 2955 2992
4 6 89 150 187 247 302 376 381 451 508 545 604 668 753 756 844 912 934 1009 1030 1094 1184 1203 1276 1337 1380 1430 1465 1555 1605 1621 1703 1752 1835 1846 1934 1980 2040 2061 2145 2177 2261 2292 2351 2378 2475 2506 2584 2620 2676 2716 2766 2858 2867 2929 2989
4 6 91 161 181 237 313 332 397 474 493 588 632 664 733 807 850 916 929 999 1041 1098 1169 1190 1286 1331 1392 1432 1476 1515 1591 1641 1687 1778 1782 1869 1901 1967 2007 2092 2111 2194 2230 2295 2354 2425 2431 2531 2544 2617 2650 2746 2801 2838 2875 2953 3000
7 6 94 110 182 239 304 349 396 474 490 576 646 650 747 773 848 902 962 988 1075 1131 1169 1205 1254 1340 1356 1432 1476 1565 1598 1641 1698 1728 1832 1849 1923 1956 2045 2092 2111 2186 2242 2278 2332 2391 2459 2515 2581 2615 2653 2732 2763 2856 2896 2965 2971
4 6 94 113 180 224 319 362 399 439 497 576 642 675 740 771 854 869 969 1007 1046 1125 1177 1212 1242 1314 1383 1414 1492 1516 1567 1662 1698 1781 1813 1868 1915 1970 2029 2074 2119 2208 2255 2320 2362 2393 2433 2530 2549 2642 2648 2720 2768 2823 2891 2945 3004
7 6 94 142 196 218 273 362 396 445 539 562 622 672 713 781 852 889 938 989 1055 1119 1148 1204 1242 1344 1368 1456 1464 1516 1598 1664 1711 1739 1832 1877 1918 1949 2029 2104 2119 2178 2247 2278 2367 2412 2479 2530 2576 2624 2655 2723 2761 2852 2882 2965 2971
4 6 94 157 191 242 275 329 399 464 490 562 604 657 742 803 821 902 960 997 1029 1101 1150 1223 1295 1311 1384 1452 1491 1524 1567 1671 1711 1728 1813 1842 1931 1956 2045 2098 2133 2176 2239 2320 2360 2419 2451 2515 2583 2612 2660 2750 2756 2825 2880 2945 3004
7 6 96 109 198 261 275 360 387 448 520 588 632 701 727 759 832 873 958 1011 1073 1080 1165 1216 1251 1311 1354 1428 1477 1562 1615 1671 1679 1749 1784 1866 1911 1956 2042 2080 2135 2185 2230 2320 2340 2422 2472 2491 2583 2627 2660 2712 2786 2841 2900 2943 2988
7 6 96 113 200 269 271 332 387 462 536 545 617 693 720 780 854 900 969 1000 1067 1107 1180 1227 1263 1329 1369 1442 1462 1546 1615 1660 1722 1737 1784 1852 1906 1972 2005 2052 2119 2163 2235 2320 2347 2408 2477 2528 2560 2604 2677 2735 2768 2823 2898 2943 2988
4 6 96 155 204 231 274 351 411 452 520 545 646 679 729 789 828 873 962 996 1027 1131 1162 1219 1292 1343 1356 1430 1495 1521 1583 1620 1722 1749 1794 1849 1907 1956 2042 2078 2144 2200 2259 2307 2344 2391 2466 2491 2579 2603 2676 2702 2807 2811 2881 2940 3021
4 6 99 138 162 242 278 346 388 451 523 545 620 654 742 791 821 902 931 1018 1047 1083 1135 1207 1283 1303 1397 1452 1490 1534 1582 1670 1726 1757 1831 1850 1943 1972 2024 2093 2116 2176 2245 2305 2325 2420 2451 2509 2582 2625 2689 2751 2772 2810 2898 2929 3005
7 6 100 110 184 226 289 329 412 447 487 578 646 673 719 801 824 900 965 1013 1060 1087 1173 1230 1254 1328 1400 1414 1476 1565 1566 1647 1687 1760 1788 1873 1933 1967 2039 2089 2133 2162 2236 2296 2346 2385 2461 2515 2554 2613 2697 2730 2769 2853 2912 2965 2974
7 6 100 127 212 240 273 360 412 470 539 552 604 659 726 758 826 869 944 1014 1057 1116 1142 1229 1274 1341 1368 1456 1508 1513 1566 1667 1713 1739 1788 1851 1912 1970 2029 2059 2130 2206 2257 2296 2339 2416 2464 2526 2552 2622 2661 2721 2805 2840 2884 2965 2974
7 6 101 150 162 255 294 346 391 468 511 545 630 678 729 797 821 912 967 976 1027 1097 1154 1219 1292 1319 1395 1442 1501 1519 1569 1661 1684 1757 1796 1847 1941 1956 2036 2088 2158 2176 2220 2295 2368 2410 2451 2493 2571 2611 2677 2753 2756 2825 2881 2945 3016
7 6 104 138 202 244 286 372 421 457 518 578 646 651 702 809 821 869 931 1007 1056 1086 1157 1192 1282 1330 1401 1428 1480 1544 1574 1665 1701 1755 1824 1880 1924 1956 2018 2094 2116 2181 2236 2305 2340 2391 2446 2485 2550 2631 2695 2748 2772 2810 2909 2945 2977
4 6 105 158 173 218 294 346 382 463 531 578 606 651 713 774 852 889 926 1001 1065 1109 1166 1209 1268 1338 1374 1456 1459 1531 1580 1642 1684 1761 1816 1883 1890 1992 2015 2093 2135 2178 2260 2305 2375 2414 2479 2517 2574 2606 2668 2745 2798 2815 2877 2921 2976
7 6 107 145 183 248 297 360 427 433 525 588 599 652 733 762 834 876 946 1015 1041 1091 1184 1190 1286 1328 1365 1430 1467 1559 1595 1639 1726 1763 1815 1836 1908 1967 2017 2059 2145 2183 2256 2296 2357 2397 2472 2487 2589 2634 2663 2747 2800 2833 2875 2926 2982
7 6 107 149 176 233 278 346 424 475 533 588 622 664 713 788 841 900 941 978 1053 1109 1177 1209 1281 1347 1387 1414 1479 1547 1577 1627 1726 1772 1822 1881 1890 1982 2001 2088 2119 2162 2218 2295 2373 2401 2444 2503 2557 2641 2647 2735 2788 2830 2877 2921 3001
7 7 54 124 208 233 277 346 387 471 523 564 595 689 748 788 822 882 935 1011 1059 1093 1159 1202 1248 1347 1397 1448 1479 1541 1596 1627 1726 1738 1822 1850 1943 1986 2003 2102 2136 2211 2237 2311 2323 2424 2451 2509 2575 2628 2674 2716 2782 2812 2896 2919 3007
7 7 54 140 182 237 317 352 412 485 523 592 637 675 751 760 812 882 954 1023 1043 1087 1147 1213 1271 1345 1358 1407 1491 1518 1601 1633 1700 1738 1798 1864 1928 1986 2003 2099 2130 2200 2232 2269 2333 2426 2475 2509 2556 2603 2661 2741 2796 2840 2883 2961 3002
7 7 54 155 183 242 302 342 412 460 492 564 597 670 714 796 828 892 930 998 1071 1126 1184 1239 1252 1328 1383 1447 1466 1549 1601 1656 1726 1758 1798 1889 1908 1967 2023 2059 2149 2164 2254 2269 2371 2390 2447 2489 2540 2634 2688 2711 2769 2857 2882 2961 3002
7 7 57 117 199 241 280 366 391 481 526 583 619 654 741 790 818 865 922 1003 1072 1111 1173 1222 1293 1349 1385 1424 1503 1532 1582 1642 1704 1756 1830 1860 1906 1996 2026 2054 2109 2167 2255 2312 2355 2376 2480 2496 2552 2614 2659 2731 2802 2846 2879 2940 2989
4 7 57 143 208 263 316 325 398 444 537 583 617 689 710 788 815 867 948 1011 1062 1118 1187 1195 1269 1330 1367 1448 1469 1552 1584 1634 1704 1748 1812 1851 1917 1986 2010 2075 2158 2199 2263 2294 2323 2411 2440 2512 2571 2640 2652 2715 2779 2808 2913 2936 2987
7 7 58 123 196 266 291 376 397 439 516 559 638 660 730 809 842 892 932 1018 1037 1084 1172 1214 1277 1346 1366 1407 1492 1542 1603 1646 1717 1734 1827 1884 1902 1967 2023 2070 2132 2198 2265 2311 2335 2395 2463 2484 2560 2600 2686 2748 2756 2850 2903 2917 2980
7 7 59 159 204 265 320 366 378 458 522 584 595 666 724 804 855 882 929 988 1039 1120 1172 1199 1256 1304 1377 1407 1475 1558 1595 1627 1718 1759 1787 1840 1925 1996 2032 2088 2132 2200 2246 2292 2336 2403 2432 2519 2585 2614 2684 2717 2764 2828 2915 2946 2995
7 7 60 129 214 248 285 352 415 464 520 541 637 675 708 760 824 888 928 992 1043 1080 1136 1211 1263 1311 1380 1446 1497 1561 1616 1661 1694 1745 1829 1876 1895 1947 2037 2098 2151 2195 2224 2320 2333 2412 2476 2511 2556 2630 2694 2729 2767 2861 2892 2940 2978
7 7 63 125 194 264 292 348 401 444 525 583 638 698 720 784 825 916 956 1004 1053 1101 1147 1205 1254 1307 1399 1407 1504 1563 1603 1673 1675 1730 1782 1842 1921 1973 2044 2087 2130 2175 2220 2310 2359 2402 2472 2505 2579 2639 2682 2708 2786 2843 2865 2936 2975
4 7 63 139 179 228 274 352 378 480 497 541 638 655 755 782 844 886 954 1006 1075 1120 1148 1199 1281 1313 1376 1407 1499 1514 1603 1638 1718 1779 1806 1886 1925 1969 2019 2068 2158 2174 2246 2288 2361 2404 2476 2529 2559 2639 2676 2708 2760 2841 2884 2959 2975
7 7 64 112 165 262 306 327 427 466 514 582 646 696 719 770 830 882 955 989 1042 1087 1139 1226 1272 1328 1400 1448 1482 1512 1619 1652 1704 1755 1821 1883 1917 1967 2039 2083 2150 2211 2236 2269 2340 2384 2442 2521 2580 2606 2648 2713 2800 2818 2897 2942 2993
7 7 64 142 199 263 274 367 417 480 513 582 638 682 740 762 817 886 934 1003 1050 1100 1148 1198 1242 1313 1362 1456 1473 1542 1619 1638 1704 1756 1831 1882 1935 1963 2039 2094 2109 2168 2216 2294 2355 2427 2480 2521 2568 2605 2668 2714 2781 2847 2866 2917 2993
4 7 65 118 192 254 284 376 386 467 504 582 613 682 709 789 859 892 971 996 1062 1127 1164 1196 1269 1338 1398 1448 1493 1552 1617 1636 1677 1744 1827 1849 1927 1987 2002 2052 2107 2187 2219 2294 2327 2389 2452 2512 2570 2610 2648 2747 2794 2830 2913 2940 2991
7 7 65 144 183 220 318 325 394 470 504 543 619 687 702 778 816 892 949 998 1037 1096 1141 1218 1282 1309 1364 1428 1508 1539 1586 1667 1717 1744 1828 1838 1924 1987 2002 2059 2158 2185 2254 2288 2371 2418 2460 2512 2591 2602 2660 2746 2789 2841 2898 2961 3022
4 7 68 133 166 248 310 346 426 469 521 568 619 693 736 776 840 908 967 1009 1077 1133 1184 1202 1260 1323 1361 1447 1465 1550 1607 1648 1694 1728 1801 1875 1903 1945 2030 2060 2149 2166 2261 2320 2331 2399 2455 2520 2550 2625 2650 2702 2771 2829 2909 2919 2985
4 7 68 159 186 263 280 366 409 444 521 559 646 664 710 777 820 908 929 978 1052 1108 1147 1238 1280 1319 1390 1407 1504 1529 1580 1673 1704 1728 1784 1840 1926 1945 2030 2087 2130 2199 2248 2294 2352 2403 2435 2520 2587 2640 2686 2719 2800 2828 2868 2960 3013
7 7 69 108 168 267 309 327 426 452 535 564 623 676 748 793 845 916 953 980 1059 1133 1143 1202 1248 1298 1372 1447 1463 1536 1570 1665 1694 1754 1797 1876 1903 1986 2020 2090 2107 2178 2261 2312 2372 2387 2469 2515 2570 2604 2688 2728 2770 2839 2896 2940 2989
4 7 69 147 196 243 270 376 426 473 510 559 637 699 752 773 842 867 963 986 1064 1117 1144 1196 1267 1327 1355 1433 1480 1561 1570 1655 1700 1734 1797 1856 1937 1945 2029 2105 2149 2198 2227 2312 2368 2386 2463 2506 2573 2620 2662 2712 2796 2810 2868 2940 2989
4 7 70 113 208 223 297 325 392 482 497 583 619 697 749 778 815 908 947 974 1079 1099 1170 1236 1256 1337 1354 1407 1490 1545 1604 1648 1726 1748 1813 1857 1905 1963 2049 2085 2136 2199 2255 2292 2362 2393 2440 2530 2549 2599 2682 2727 2754 2832 2874 2959 3006
7 7 70 140 165 251 279 325 403 432 506 592 636 662 713 804 838 882 949 989 1039 1119 1157 1210 1256 1334 1395 1428 1464 1545 1600 1625 1718 1739 1789 1877 1939 1988 2049 2083 2136 2201 2236 2271 2340 2378 2457 2530 2585 2624 2654 2716 2804 2845 2915 2942 3010
7 7 71 145 197 256 301 325 398 460 527 584 623 699 713 802 810 867 927 1010 1040 1119 1184 1210 1255 1329 1352 1447 1466 1559 1570 1656 1698 1743 1812 1856 1939 1996 2013 2059 2149 2197 2241 2288 2339 2421 2461 2532 2572 2620 2652 2712 2779 2813 2915 2942 2987
4 7 73 129 169 234 294 352 394 448 491 564 597 676 716 793 823 865 928 979 1058 1111 1154 1204 1244 1302 1350 1446 1507 1551 1577 1649 1698 1765 1828 1876 1924 1987 2008 2079 2158 2209 2254 2312 2372 2412 2477 2529 2571 2596 2680 2728 2768 2861 2904 2936 3022
7 7 73 131 204 243 292 325 394 473 525 562 636 666 752 804 843 892 947 988 1073 1106 1169 1195 1279 1349 1399 1407 1458 1517 1577 1631 1700 1730 1828 1852 1928 1996 2044 2084 2150 2198 2250 2312 2336 2398 2462 2494 2551 2620 2660 2704 2789 2814 2869 2936 3022
7 7 73 149 186 256 277 376 424 460 523 564 636 664 713 777 841 907 932 978 1075 1093 1170 1241 1281 1303 1397 1407 1489 1514 1577 1670 1698 1733 1800 1854 1904 1945 2008 2086 2136 2197 2249 2288 2352 2424 2430 2529 2564 2620 2685 2704 2790 2824 2884 2961 3022
7 7 74 140 211 250 281 327 399 449 490 592 638 656 733 794 851 882 954 985 1031 1120 1180 1223 1265 1317 1376 1433 1491 1518 1592 1671 1717 1746 1821 1886 1901 1969 2015 2066 2107 2176 2267 2292 2369 2404 2445 2515 2548 2632 2692 2707 2756 2840 2862 2960 3021
4 7 74 156 195 233 270 348 417 467 510 582 638 698 753 784 824 865 965 1003 1053 1090 1149 1209 1246 1332 1355 1433 1472 1530 1592 1650 1726 1734 1804 1843 1935 1947 2029 2094 2126 2207 2216 2311 2359 2414 2464 2501 2579 2632 2657 2707 2807 2821 2873 2940 3021
7 7 75 128 192 264 276 342 413 479 512 564 646 682 716 789 814 886 969 996 1058 1115 1171 1204 1244 1347 1388 1448 1468 1557 1619 1628 1675 1749 1822 1882 1922 1987 2047 2057 2109 2179 2214 2310 2327 2394 2447 2525 2575 2605 2674 2714 2782 2820 2904 2946 2981
7 7 77 123 169 229 290 348 398 478 495 568 638 684 755 784 858 882 959 979 1066 1119 1151 1210 1277 1308 1395 1447 1492 1542 1571 1671 1698 1765 1799 1868 1939 1986 2003 2091 2158 2173 2241 2271 2372 2378 2477 2484 2565 2627 2650 2734 2773 2823 2872 2917 3001
4 7 77 128 172 252 285 342 398 464 517 562 637 661 752 769 837 888 969 994 1073 1118 1136 1195 1279 1311 1384 1448 1503 1522 1571 1661 1704 1763 1799 1882 1917 1996 1998 2092 2149 2189 2263 2271 2375 2394 2471 2489 2586 2626 2665 2735 2758 2820 2869 2917 3001
7 7 77 148 210 241 315 376 411 481 495 562 597 666 741 770 860 882 944 985 1042 1131 1155 1206 1272 1298 1370 1405 1469 1547 1595 1659 1704 1765 1814 1840 1936 1986 2003 2105 2132 2167 2228 2312 2370 2388 2438 2484 2580 2614 2678 2717 2792 2836 2897 2960 2976
7 7 79 123 190 221 307 327 399 456 494 568 636 652 736 768 842 882 932 1012 1077 1093 1134 1202 1260 1306 1397 1456 1488 1546 1587 1625 1719 1778 1821 1854 1943 1945 2005 2089 2132 2194 2225 2311 2349 2424 2467 2524 2558 2623 2692 2717 2756 2850 2909 2940 3021
7 7 79 135 177 239 316 325 417 438 503 584 636 666 707 804 846 888 944 1013 1073 1100 1166 1198 1250 1310 1401 1456 1494 1562 1587 1653 1704 1762 1804 1840 1935 1947 2037 2085 2126 2160 2216 2292 2336 2388 2461 2491 2551 2623 2699 2717 2765 2849 2900 2960 3021
4 7 81 133 196 216 311 367 388 463 518 584 613 701 707 769 840 892 967 1018 1073 1125 1168 1198 1250 1311 1352 1428 1496 1519 1606 1636 1700 1760 1786 1858 1911 1947 2035 2070 2149 2185 2265 2320 2335 2416 2436 2534 2586 2629 2665 2711 2771 2829 2900 2917 2998
4 7 81 149 200 269 296 352 388 454 493 564 617 648 715 780 858 907 933 982 1032 1098 1173 1234 1274 1318 1388 1424 1460 1543 1606 1669 1719 1736 1786 1867 1941 1986 2048 2098 2109 2173 2235 2320 2326 2411 2477 2522 2568 2603 2663 2737 2773 2823 2896 2917 2998
7 7 81 155 167 267 272 366 413 452 518 564 646 664 719 777 824 892 966 996 1052 1096 1143 1222 1249 1336 1391 1405 1495 1520 1593 1665 1719 1760 1793 1854 1922 1947 2035 2057 2150 2207 2214 2288 2352 2391 2464 2534 2587 2604 2669 2704 2807 2821 2901 2940 3012
4 7 83 146 211 247 297 376 383 469 490 543 638 661 704 809 825 888 934 1019 1048 1100 1184 1233 1291 1337 1362 1447 1465 1538 1571 1648 1675 1746 1782 1882 1900 1963 2015 2060 2149 2202 2253 2292 2334 2427 2445 2506 2549 2626 2682 2735 2786 2843 2902 2946 2995
4 7 83 147 189 262 318 366 378 445 504 543 637 684 719 806 830 882 920 1012 1033 1096 1187 1222 1267 1344 1364 1448 1480 1561 1571 1633 1675 1732 1787 1868 1922 1969 2015 2063 2158 2211 2251 2297 2350 2418 2442 2506 2546 2627 2684 2734 2764 2854 2901 2940 2995
7 7 83 156 201 252 309 342 378 464 535 541 638 694 730 807 818 906 930 1006 1038 1091 1175 1228 1246 1342 1372 1447 1472 1530 1571 1622 1677 1754 1787 1849 1925 1996 2020 2068 2132 2210 2246 2297 2339 2429 2437 2501 2558 2626 2656 2735 2793 2856 2889 2940 2995
7 7 85 129 197 239 288 368 428 462 500 541 613 694 707 807 846 888 971 1010 1046 1127 1154 1225 1287 1300 1398 1456 1507 1551 1598 1637 1698 1743 1810 1849 1898 1987 2040 2079 2149 2160 2221 2297 2339 2389 2461 2486 2550 2598 2673 2735 2795 2819 2871 2919 3008
7 7 85 157 211 242 300 368 411 473 501 562 597 656 714 794 826 907 943 985 1036 1098 1144 1239 1287 1296 1384 1433 1480 1551 1602 1655 1675 1742 1788 1842 1936 1969 2040 2105 2149 2164 2228 2320 2369 2415 2449 2486 2543 2621 2671 2750 2785 2829 2882 2936 3004
4 7 86 112 179 242 323 368 419 473 499 559 623 655 706 782 830 906 955 1006 1047 1128 1169 1207 1271 1319 1363 1407 1458 1536 1602 1631 1726 1774 1784 1843 1905 1969 2033 2084 2150 2172 2230 2269 2361 2423 2481 2490 2587 2621 2686 2750 2800 2818 2878 2940 3003
7 7 86 125 166 256 286 348 380 459 516 592 623 656 713 803 841 907 956 982 1039 1129 1145 1210 1256 1315 1371 1407 1509 1558 1602 1624 1694 1752 1823 1842 1929 1988 2004 2073 2149 2197 2259 2292 2360 2402 2430 2519 2586 2621 2661 2750 2770 2843 2915 2917 3003
4 7 86 159 183 230 270 348 428 447 510 559 595 687 750 778 814 908 937 998 1079 1117 1168 1235 1256 1332 1355 1428 1475 1558 1597 1650 1726 1758 1810 1881 1898 1987 2004 2091 2149 2179 2221 2271 2371 2386 2447 2519 2549 2635 2687 2702 2782 2820 2874 2946 3008
7 7 87 108 164 264 320 367 429 479 522 564 617 670 720 805 825 916 953 1017 1047 1107 1171 1192 1271 1303 1377 1407 1463 1536 1579 1628 1717 1759 1800 1846 1902 1963 2032 2062 2151 2175 2235 2269 2362 2417 2472 2490 2564 2605 2685 2753 2790 2839 2878 2946 3018
4 7 87 124 213 226 272 368 394 454 518 564 597 695 738 794 837 882 935 979 1031 1096 1183 1218 1265 1342 1391 1428 1479 1541 1579 1659 1717 1764 1833 1884 1924 1996 2032 2079 2150 2201 2254 2297 2329 2391 2458 2490 2548 2645 2667 2713 2766 2812 2862 2917 3018
7 7 87 135 166 250 291 376 389 471 516 564 623 668 717 801 846 908 944 1009 1028 1099 1140 1203 1273 1346 1366 1405 1508 1548 1612 1646 1717 1752 1835 1847 1938 1987 2004 2060 2126 2192 2261 2292 2331 2380 2430 2518 2578 2610 2669 2751 2765 2849 2904 2919 2984
4 7 88 139 166 236 280 352 429 481 521 562 619 656 718 803 816 865 954 982 1074 1107 1173 1192 1257 1349 1390 1407 1460 1553 1604 1642 1717 1728 1828 1886 1902 1988 2030 2098 2126 2191 2235 2320 2360 2404 2455 2500 2551 2619 2660 2707 2789 2841 2880 2960 2988
7 7 89 144 174 233 319 346 383 471 508 543 638 662 753 774 844 892 949 1019 1030 1125 1140 1209 1268 1318 1389 1405 1508 1539 1596 1646 1718 1781 1806 1877 1900 1986 2009 2060 2126 2207 2253 2320 2370 2378 2444 2526 2554 2628 2676 2716 2760 2841 2873 2942 2970
7 7 89 147 213 221 274 352 412 462 513 543 619 685 736 803 842 882 963 979 1039 1131 1154 1234 1295 1315 1362 1456 1507 1534 1566 1637 1718 1756 1798 1845 1908 1967 2039 2079 2149 2194 2254 2312 2329 2397 2467 2495 2586 2617 2661 2705 2796 2810 2875 2917 3002
7 7 89 157 173 230 306 352 383 474 514 583 595 665 750 802 826 886 943 992 1040 1088 1136 1235 1295 1329 1400 1448 1497 1534 1596 1651 1677 1755 1806 1874 1927 1963 2039 2098 2149 2179 2224 2320 2373 2383 2434 2495 2572 2608 2652 2736 2785 2829 2874 2942 2970
7 7 90 118 200 230 308 348 384 447 493 568 617 693 720 776 823 906 939 977 1038 1101 1164 1205 1268 1314 1375 1405 1493 1552 1597 1654 1677 1736 1815 1875 1921 1987 2048 2052 2151 2209 2239 2320 2331 2425 2477 2513 2589 2635 2693 2702 2768 2861 2865 2936 3004
7 7 90 155 173 245 305 367 380 456 526 568 646 694 723 773 828 888 930 992 1064 1102 1138 1237 1249 1327 1361 1424 1495 1520 1598 1620 1677 1755 1823 1849 1929 1988 2027 2062 2149 2177 2259 2269 2373 2429 2434 2534 2573 2598 2662 2735 2769 2857 2888 2940 3003
7 7 92 129 199 227 307 368 392 452 494 564 637 682 706 762 850 865 971 1003 1056 1128 1179 1207 1263 1301 1397 1456 1497 1561 1583 1630 1677 1778 1813 1849 1905 1963 2005 2054 2136 2188 2255 2310 2355 2389 2458 2511 2562 2643 2646 2747 2791 2819 2878 2940 3006
4 7 92 135 192 230 309 342 424 474 535 564 636 648 750 761 814 908 958 978 1063 1133 1165 1201 1250 1342 1372 1428 1494 1562 1600 1622 1677 1749 1833 1871 1904 1973 2025 2086 2107 2179 2249 2320 2346 2387 2447 2491 2548 2608 2667 2732 2766 2835 2910 2960 2988
7 7 93 114 175 230 305 367 397 447 496 559 638 681 720 762 857 865 968 1018 1056 1107 1168 1192 1263 1296 1390 1446 1496 1538 1568 1650 1677 1781 1792 1872 1902 1969 2021 2070 2130 2209 2265 2320 2356 2404 2443 2533 2562 2635 2651 2733 2793 2816 2878 2946 3017
7 7 93 143 178 248 276 325 397 469 512 543 636 662 736 804 834 907 948 976 1039 1098 1161 1234 1295 1304 1388 1448 1498 1523 1568 1670 1694 1749 1792 1851 1941 1967 2047 2080 2132 2166 2226 2320 2340 2411 2460 2507 2585 2625 2684 2742 2759 2808 2875 2946 3017
7 7 95 135 212 228 279 325 412 479 531 564 597 664 715 786 821 908 944 998 1032 1131 1141 1234 1274 1301 1370 1456 1508 1548 1580 1657 1718 1767 1813 1840 1908 1986 2000 2059 2130 2213 2254 2288 2343 2388 2453 2517 2562 2640 2646 2719 2791 2849 2896 2946 2986
4 7 95 158 182 216 292 325 395 468 525 583 623 665 726 802 848 906 924 984 1060 1101 1174 1217 1274 1349 1399 1424 1485 1548 1581 1631 1700 1773 1830 1874 1907 1988 2000 2080 2130 2165 2218 2320 2373 2402 2440 2517 2552 2624 2659 2736 2802 2816 2867 2919 2985
4 7 99 125 210 252 294 346 399 465 491 592 638 662 730 774 817 907 952 985 1030 1116 1167 1228 1254 1326 1350 1446 1504 1563 1568 1626 1704 1765 1831 1851 1901 1945 2008 2066 2132 2210 2267 2271 2370 2407 2438 2505 2554 2625 2668 2742 2781 2847 2889 2936 3011
7 7 99 134 186 231 317 348 427 446 523 592 636 681 737 790 846 865 945 1001 1072 1087 1152 1226 1293 1309 1358 1448 1462 1524 1568 1668 1704 1733 1804 1872 1917 1987 2008 2069 2130 2192 2236 2288 2327 2426 2430 2505 2552 2635 2699 2733 2765 2849 2879 2919 3011
7 7 99 155 179 248 297 325 427 469 497 568 638 663 708 787 824 888 966 1010 1026 1097 1184 1217 1247 1337 1354 1446 1466 1549 1568 1648 1726 1779 1804 1850 1912 1967 2019 2059 2150 2195 2241 2288 2357 2395 2476 2494 2574 2625 2657 2742 2807 2821 2886 2919 3011
7 7 100 117 177 226 296 368 410 454 524 541 617 696 743 774 810 907 955 1013 1030 1130 1173 1215 1254 1318 1357 1407 1503 1532 1579 1669 1704 1762 1788 1883 1926 1996 2016 2054 2126 2197 2247 2310 2336 2384 2461 2535 2554 2645 2676 2713 2779 2813 2889 2942 3005
7 7 100 134 188 263 285 342 384 480 520 541 597 670 740 796 860 916 958 993 1071 1080 1152 1193 1262 1338 1380 1428 1462 1524 1579 1635 1704 1766 1814 1846 1915 1987 2016 2069 2151 2168 2245 2294 2371 2412 2437 2535 2540 2605 2678 2753 2792 2836 2871 2959 3005
7 7 100 153 168 245 300 368 389 456 520 568 619 684 718 784 859 916 920 980 1053 1095 1138 1207 1254 1332 1365 1446 1468 1532 1599 1620 1675 1766 1835 1868 1938 1987 2016 2090 2126 2182 2261 2271 2372 2418 2456 2535 2579 2598 2657 2734 2777 2848 2865 2940 2984
4 7 101 128 188 231 306 327 431 474 536 564 595 664 733 786 827 886 929 1021 1050 1120 1136 1223 1247 1329 1377 1446 1503 1522 1614 1651 1704 1735 1796 1840 1901 1996 2006 2092 2151 2196 2237 2288 2343 2403 2469 2523 2544 2607 2680 2719 2801 2859 2862 2960 2983
4 7 101 135 208 262 294 346 391 466 491 564 637 670 719 805 822 908 958 974 1052 1111 1166 1222 1249 1326 1350 1424 1494 1562 1578 1626 1704 1738 1801 1846 1906 1947 2036 2085 2158 2211 2255 2269 2362 2412 2451 2492 2559 2606 2663 2753 2758 2835 2901 2959 3020
4 7 103 120 182 239 301 325 416 438 488 583 646 652 702 783 848 882 966 1023 1066 1096 1167 1218 1253 1333 1391 1446 1471 1565 1587 1652 1698 1773 1789 1854 1924 1947 2038 2099 2132 2165 2232 2297 2333 2391 2440 2507 2566 2623 2696 2717 2762 2856 2898 2961 2997
7 7 103 148 171 233 311 348 407 467 488 562 623 656 748 803 822 882 945 977 1039 1113 1164 1221 1295 1311 1381 1448 1493 1523 1592 1636 1718 1773 1799 1886 1896 1947 2038 2052 2107 2211 2239 2320 2360 2413 2451 2507 2586 2632 2665 2707 2758 2835 2875 2959 2992
7 7 103 149 175 223 310 342 407 482 496 583 638 665 740 807 858 888 933 1005 1046 1080 1170 1193 1287 1323 1385 1433 1489 1514 1592 1648 1698 1781 1799 1870 1915 1945 2021 2086 2109 2208 2220 2320 2368 2407 2443 2525 2550 2599 2650 2739 2773 2823 2871 2959 2992
7 7 104 143 196 236 272 368 425 481 518 583 613 665 718 807 834 867 948 986 1038 1095 1155 1207 1268 1342 1391 1405 1469 1552 1572 1659 1717 1760 1819 1870 1938 1973 2035 2105 2132 2191 2227 2320 2368 2392 2436 2513 2558 2619 2656 2739 2759 2808 2865 2940 2978
4 7 105 138 195 232 282 367 423 450 499 584 636 676 723 806 834 865 953 1003 1033 1102 1148 1237 1280 1344 1403 1407 1473 1546 1577 1668 1694 1761 1792 1876 1929 1973 2045 2094 2158 2191 2216 2294 2359 2387 2436 2502 2546 2596 2684 2728 2759 2808 2888 2940 2991
7 7 105 140 193 234 296 352 386 448 524 559 636 688 750 767 851 916 954 972 1079 1088 1163 1235 1256 1346 1357 1407 1464 1545 1577 1641 1719 1762 1827 1864 1927 1987 2016 2077 2107 2175 2219 2292 2358 2426 2446 2530 2560 2596 2686 2728 2756 2840 2874 2942 2991
4 7 107 140 200 241 288 346 413 453 534 592 619 693 741 776 860 882 949 977 1077 1096 1163 1222 1288 1300 1364 1405 1464 1545 1588 1637 1719 1775 1822 1838 1922 1987 2011 2077 2109 2167 2214 2297 2331 2418 2438 2498 2550 2641 2673 2740 2783 2845 2879 2959 2981
7 7 107 159 169 216 284 327 427 463 534 584 623 676 726 793 820 882 929 979 1059 1097 1168 1217 1275 1338 1368 1446 1475 1558 1576 1636 1726 1775 1821 1863 1912 1987 2011 2091 2130 2165 2241 2294 2372 2380 2468 2498 2570 2629 2648 2741 2800 2828 2867 2917 2993
7 8 56 128 190 256 288 371 416 474 521 579 595 659 750 763 814 866 946 1021 1068 1096 1156 1238 1279 1331 1375 1429 1503 1521 1596 1642 1686 1758 1797 1853 1907 1995 2043 2078 2114 2194 2247 2268 2356 2403 2483 2489 2551 2606 2668 2738 2801 2860 2881 2960 2976
7 8 57 153 174 251 275 324 426 477 500 591 633 682 728 767 832 875 942 1014 1044 1097 1138 1204 1270 1327 1388 1451 1467 1532 1619 1623 1718 1749 1822 1885 1940 1945 2045 2090 2114 2179 2234 2293 2328 2408 2465 2536 2575 2623 2660 2729 2796 2831 2889 2918 3004
7 8 58 144 180 266 323 363 423 480 516 548 618 660 718 777 837 866 928 994 1041 1129 1174 1219 1248 1300 1377 1404 1471 1542 1603 1652 1721 1763 1802 1842 1916 1995 2043 2094 2118 2176 2238 2311 2357 2410 2456 2487 2584 2612 2698 2743 2784 2825 2901 2917 2979
7 8 59 120 177 256 295 371 422 474 518 583 618 665 735 785 829 871 924 998 1078 1108 1155 1241 1288 1342 1399 1405 1492 1533 1596 1643 1674 1744 1787 1846 1921 1995 2037 2071 2108 2209 2251 2280 2349 2410 2480 2499 2558 2606 2655 2738 2793 2851 2865 2956 2973
4 8 59 123 174 257 274 375 383 473 532 540 618 659 725 790 828 866 944 1014 1075 1100 1182 1233 1273 1349 1402 1405 1508 1528 1596 1652 1718 1749 1826 1853 1899 1991 2013 2072 2114 2183 2253 2308 2328 2405 2465 2524 2566 2606 2676 2738 2791 2834 2887 2928 2973
4 8 59 132 165 233 282 331 422 442 507 540 595 688 729 804 830 911 940 1025 1076 1099 1167 1213 1259 1339 1384 1429 1507 1543 1596 1627 1718 1774 1787 1877 1925 1946 2013 2081 2157 2190 2245 2280 2355 2399 2482 2524 2557 2630 2684 2714 2763 2854 2877 2956 2973
7 8 62 149 189 222 316 334 422 444 538 583 618 698 736 772 847 903 958 998 1058 1133 1168 1215 1266 1311 1354 1404 1480 1535 1603 1641 1675 1757 1785 1884 1921 1946 2019 2071 2157 2171 2251 2315 2337 2409 2448 2529 2577 2636 2652 2720 2786 2822 2912 2924 2975
4 8 64 132 183 241 289 375 408 447 528 540 637 700 738 760 832 911 963 987 1079 1085 1150 1232 1269 1345 1387 1416 1489 1561 1583 1670 1714 1740 1796 1856 1893 1945 2005 2091 2131 2179 2220 2276 2368 2385 2465 2519 2571 2620 2687 2730 2796 2831 2892 2918 3008
7 8 67 121 177 258 319 367 430 439 518 587 618 666 740 792 858 915 959 999 1070 1125 1144 1197 1245 1324 1374 1443 1494 1542 1587 1653 1676 1744 1786 1858 1911 1952 2037 2070 2106 2180 2244 2280 2348 2400 2480 2490 2568 2605 2699 2736 2788 2849 2866 2917 3018
7 8 67 144 187 269 320 367 412 465 502 542 595 668 732 765 844 871 934 995 1031 1106 1174 1223 1245 1316 1365 1416 1471 1542 1612 1668 1721 1759 1795 1865 1909 1995 2037 2094 2106 2189 2237 2308 2367 2403 2479 2490 2576 2596 2689 2752 2761 2819 2907 2941 2992
7 8 67 157 166 234 283 375 430 454 517 542 633 690 728 775 840 907 951 981 1076 1098 1156 1214 1259 1337 1386 1429 1483 1543 1587 1661 1721 1731 1786 1842 1920 1944 2004 2098 2114 2197 2235 2280 2360 2387 2474 2524 2586 2628 2679 2713 2807 2836 2877 2917 3018
7 8 68 122 200 226 310 334 413 469 534 542 645 668 736 801 823 911 964 977 1051 1133 1164 1215 1273 1338 1382 1405 1464 1550 1593 1634 1674 1747 1801 1888 1921 1987 2048 2055 2131 2167 2258 2308 2330 2380 2473 2501 2561 2610 2669 2730 2790 2829 2912 2924 2997
4 8 68 132 205 260 302 347 394 462 534 540 633 683 705 777 819 911 940 979 1041 1094 1161 1218 1280 1300 1390 1412 1507 1543 1592 1673 1676 1747 1811 1858 1926 1987 2048 2087 2118 2165 2225 2319 2334 2418 2468 2501 2584 2629 2698 2719 2775 2854 2867 2917 2998
4 8 68 145 176 252 319 367 395 442 518 540 645 700 715 760 813 887 926 993 1059 1103 1140 1229 1290 1324 1374 1405 1500 1531 1593 1653 1676 1766 1817 1856 1913 1955 2015 2065 2154 2192 2250 2276 2368 2421 2436 2534 2591 2610 2676 2730 2799 2813 2903 2956 2997
7 8 68 150 187 245 275 367 406 477 524 542 633 670 755 798 844 875 930 1017 1066 1126 1138 1192 1290 1327 1364 1412 1495 1531 1592 1623 1674 1759 1800 1870 1942 1968 2015 2061 2154 2189 2235 2269 2345 2398 2479 2534 2552 2629 2683 2719 2765 2815 2895 2968 2998
7 8 69 140 180 219 287 367 402 463 513 563 602 669 707 769 840 866 921 994 1068 1100 1147 1197 1261 1307 1378 1455 1498 1560 1604 1656 1686 1754 1831 1882 1935 1944 2014 2094 2154 2205 2238 2308 2357 2428 2466 2534 2545 2598 2680 2715 2783 2861 2900 2917 3003
7 8 69 143 205 261 310 324 391 455 534 563 633 682 722 767 815 907 947 985 1044 1084 1155 1240 1268 1310 1382 1405 1476 1538 1597 1661 1686 1747 1788 1864 1936 1991 2048 2088 2108 2169 2236 2319 2328 2429 2468 2500 2575 2618 2677 2749 2757 2853 2891 2924 3010
7 8 69 148 191 249 305 367 391 460 512 551 595 693 709 765 847 864 959 1024 1063 1115 1187 1201 1261 1341 1368 1443 1490 1560 1597 1649 1699 1755 1788 1859 1912 1946 2014 2056 2154 2171 2260 2319 2342 2399 2448 2534 2543 2641 2649 2726 2786 2822 2905 2924 3010
7 8 70 111 178 258 288 371 408 444 512 583 594 697 740 781 858 915 971 1010 1071 1124 1154 1193 1262 1319 1385 1443 1504 1564 1576 1654 1686 1743 1796 1864 1893 1945 2026 2067 2131 2180 2220 2270 2354 2406 2480 2514 2561 2599 2688 2735 2795 2841 2870 2924 3008
7 8 70 116 180 243 286 347 390 481 501 583 633 660 755 777 854 865 955 994 1072 1128 1158 1220 1294 1335 1400 1404 1503 1532 1576 1651 1686 1754 1813 1878 1930 1995 2026 2076 2154 2191 2255 2276 2357 2396 2466 2514 2553 2627 2652 2707 2757 2813 2865 2918 3008
7 8 70 126 170 265 274 375 408 460 538 551 633 690 734 775 833 911 952 977 1076 1095 1163 1226 1258 1329 1396 1404 1493 1538 1576 1673 1718 1748 1796 1848 1896 1968 2028 2097 2107 2186 2217 2270 2360 2398 2475 2512 2586 2627 2687 2707 2796 2830 2878 2924 3008
7 8 71 110 191 222 320 367 400 475 501 551 645 694 736 760 847 903 923 992 1079 1112 1171 1237 1271 1345 1366 1404 1463 1556 1600 1639 1721 1755 1823 1850 1916 1952 2025 2061 2131 2171 2259 2269 2374 2415 2448 2521 2571 2605 2687 2722 2768 2839 2890 2918 2993
7 8 71 112 178 256 287 367 398 445 513 587 596 673 735 805 829 871 926 1010 1054 1132 1164 1192 1271 1307 1378 1405 1461 1556 1588 1656 1686 1743 1795 1881 1936 1983 2025 2058 2131 2209 2229 2268 2354 2397 2480 2521 2572 2635 2653 2724 2797 2846 2915 2968 3006
7 8 73 110 184 248 319 367 404 485 511 579 602 669 750 769 824 875 923 990 1068 1097 1163 1238 1279 1330 1381 1404 1502 1517 1618 1648 1676 1751 1800 1850 1906 1995 2044 2089 2107 2201 2241 2293 2357 2415 2472 2493 2545 2596 2657 2747 2792 2839 2881 2964 3000
7 8 73 149 205 231 314 375 424 458 491 579 618 659 718 790 858 907 931 985 1075 1086 1152 1226 1266 1326 1353 1451 1480 1535 1594 1655 1676 1765 1786 1872 1905 1945 2007 2088 2118 2210 2236 2268 2328 2407 2450 2529 2566 2620 2699 2718 2788 2849 2894 2924 3023
7 8 73 150 204 241 301 325 382 447 511 542 618 684 738 787 845 875 924 1012 1029 1108 1184 1217 1247 1335 1399 1451 1477 1549 1594 1637 1714 1751 1828 1846 1943 1995 2044 2101 2150 2179 2248 2276 2335 2410 2453 2493 2544 2620 2661 2718 2776 2821 2907 2916 3023
7 8 73 152 194 226 311 367 424 469 509 542 641 663 709 806 838 915 953 1010 1045 1115 1164 1201 1279 1337 1372 1429 1461 1517 1594 1634 1714 1753 1786 1862 1912 1955 2044 2058 2107 2195 2229 2268 2338 2395 2479 2493 2586 2610 2679 2728 2807 2838 2905 2924 3023
7 8 74 127 185 246 305 367 430 435 504 579 596 680 739 805 850 915 968 1017 1060 1107 1138 1206 1249 1326 1375 1451 1495 1554 1580 1664 1699 1750 1786 1852 1920 1944 2034 2061 2114 2174 2235 2269 2347 2392 2472 2497 2566 2598 2699 2739 2788 2857 2872 2928 3018
7 8 74 145 188 269 311 367 416 465 508 563 605 677 730 773 854 864 926 988 1037 1105 1182 1237 1249 1310 1373 1405 1477 1554 1612 1660 1714 1746 1788 1856 1923 1995 2034 2103 2114 2191 2231 2315 2349 2421 2466 2497 2575 2596 2677 2752 2757 2813 2896 2918 2985
7 8 75 128 211 245 300 347 389 477 499 542 605 663 730 772 814 903 946 991 1058 1091 1138 1221 1266 1302 1386 1451 1467 1557 1584 1623 1675 1768 1803 1863 1897 1987 2040 2090 2114 2213 2256 2268 2372 2394 2463 2508 2577 2629 2661 2727 2801 2860 2912 2968 3006
7 8 75 140 194 222 278 367 403 475 531 542 594 662 713 762 838 887 921 989 1057 1109 1153 1206 1256 1301 1370 1455 1506 1552 1600 1657 1675 1753 1817 1882 1918 1952 2022 2103 2146 2195 2230 2315 2361 2428 2479 2527 2541 2605 2691 2722 2785 2861 2899 2928 2989
7 8 75 144 170 262 301 363 413 446 511 542 645 690 706 775 839 871 928 977 1074 1108 1139 1241 1282 1313 1399 1404 1488 1526 1600 1658 1675 1773 1808 1842 1921 1968 2022 2055 2150 2212 2258 2280 2360 2410 2451 2527 2588 2614 2662 2713 2782 2825 2895 2964 2989
7 8 75 156 182 260 319 367 398 462 511 541 605 675 705 773 848 871 968 1024 1062 1118 1187 1194 1256 1330 1381 1451 1490 1552 1584 1648 1676 1773 1795 1851 1905 1968 2022 2056 2146 2165 2260 2319 2351 2393 2439 2527 2549 2629 2653 2727 2797 2827 2893 2916 3006
7 8 75 157 193 242 318 331 398 447 526 542 641 692 731 761 821 907 945 978 1035 1084 1150 1240 1287 1316 1382 1416 1489 1537 1584 1670 1675 1741 1795 1866 1936 1983 2040 2091 2131 2178 2229 2319 2324 2429 2467 2508 2576 2619 2689 2737 2761 2842 2882 2916 3006
7 8 76 138 188 243 282 367 397 466 520 563 641 664 755 806 854 865 923 999 1074 1126 1144 1192 1282 1339 1371 1404 1494 1526 1591 1627 1682 1746 1791 1874 1942 1946 2021 2070 2146 2191 2244 2280 2337 2391 2466 2527 2557 2641 2684 2733 2759 2811 2895 2968 3017
7 8 76 140 174 254 296 363 385 448 504 563 594 682 708 767 856 866 971 1014 1062 1124 1184 1191 1256 1323 1385 1451 1506 1552 1591 1636 1682 1762 1802 1864 1895 1945 2021 2072 2150 2175 2253 2319 2328 2406 2452 2527 2555 2625 2675 2749 2806 2812 2893 2928 3017
7 8 76 144 183 253 305 367 409 437 504 548 645 700 721 760 817 866 934 987 1059 1096 1137 1238 1282 1326 1375 1416 1488 1526 1611 1664 1699 1762 1831 1865 1907 1945 2021 2058 2146 2203 2254 2268 2368 2403 2443 2527 2591 2601 2674 2721 2789 2819 2911 2964 2996
4 8 78 118 213 234 284 326 385 467 524 540 618 688 738 789 837 903 954 991 1079 1083 1146 1232 1269 1343 1356 1412 1465 1545 1589 1641 1721 1744 1802 1849 1895 1945 2031 2095 2150 2187 2253 2280 2370 2407 2446 2533 2542 2615 2698 2742 2784 2825 2892 2968 3017
4 8 78 137 176 229 320 367 397 473 502 540 602 683 739 769 813 865 953 1018 1033 1107 1166 1206 1275 1316 1365 1429 1511 1539 1589 1668 1721 1766 1791 1854 1920 1983 2031 2056 2108 2192 2266 2319 2343 2402 2436 2533 2581 2635 2684 2723 2759 2853 2872 2928 3017
7 8 78 161 177 253 275 367 399 437 524 587 605 677 744 773 858 903 921 998 1037 1101 1178 1201 1275 1327 1364 1455 1487 1539 1611 1623 1674 1744 1823 1888 1924 1945 2031 2089 2108 2180 2233 2293 2349 2422 2480 2533 2575 2601 2660 2721 2795 2841 2868 2924 2994
7 8 79 135 183 235 311 367 406 480 508 548 594 686 740 762 817 875 967 1018 1029 1125 1166 1197 1286 1310 1373 1406 1511 1541 1581 1660 1714 1762 1800 1868 1911 1991 2017 2056 2131 2203 2266 2319 2336 2401 2443 2521 2569 2642 2683 2717 2765 2842 2866 2917 2998
7 8 79 161 185 252 282 367 393 442 520 579 595 668 733 765 850 911 921 997 1031 1095 1167 1194 1286 1339 1371 1455 1485 1541 1593 1627 1682 1750 1832 1888 1928 1955 2017 2102 2131 2174 2247 2270 2367 2422 2472 2521 2576 2610 2666 2730 2803 2841 2864 2916 2986
7 8 80 121 209 245 278 367 393 477 506 591 602 683 730 769 843 911 959 987 1033 1105 1137 1237 1253 1334 1395 1443 1488 1548 1592 1625 1675 1780 1832 1858 1923 1968 2028 2058 2118 2213 2254 2268 2343 2400 2434 2502 2581 2629 2666 2719 2803 2849 2896 2918 2986
7 8 80 138 208 235 274 367 395 480 538 541 596 680 744 805 815 887 923 995 1060 1101 1174 1201 1253 1349 1396 1404 1471 1548 1581 1652 1725 1748 1817 1874 1924 1991 2028 2094 2118 2199 2237 2308 2347 2391 2439 2502 2566 2642 2676 2717 2799 2811 2868 2924 2997
7 8 80 153 193 264 276 371 413 451 496 591 596 686 735 770 851 875 942 975 1072 1108 1171 1241 1294 1309 1383 1404 1467 1532 1581 1662 1675 1764 1801 1868 1921 1987 2016 2057 2131 2201 2258 2276 2327 2425 2444 2514 2559 2642 2681 2717 2777 2831 2865 2956 2997
7 8 82 114 178 248 305 367 423 485 512 587 594 662 743 762 829 865 930 1003 1057 1102 1161 1229 1278 1341 1368 1412 1491 1523 1618 1649 1699 1743 1791 1857 1914 1995 2026 2102 2118 2209 2240 2270 2361 2411 2480 2502 2541 2596 2651 2747 2793 2851 2875 2956 2991
7 8 82 141 180 220 320 367 424 470 501 563 633 671 705 798 840 915 967 1006 1040 1118 1176 1194 1278 1345 1366 1406 1465 1523 1586 1639 1721 1754 1786 1861 1905 1945 2026 2065 2118 2205 2236 2276 2344 2408 2466 2502 2579 2601 2679 2746 2807 2836 2893 2916 3023
4 8 83 132 211 246 316 334 403 438 490 540 596 685 739 799 851 911 963 1022 1033 1109 1172 1206 1275 1318 1402 1455 1489 1561 1610 1635 1675 1760 1801 1844 1918 1983 2051 2069 2114 2174 2230 2293 2341 2397 2471 2513 2551 2595 2681 2705 2777 2831 2872 2960 3007
4 8 83 148 168 242 301 363 383 447 535 540 618 683 731 777 847 875 959 1014 1072 1125 1184 1209 1246 1335 1374 1447 1506 1544 1601 1637 1675 1761 1785 1858 1899 1952 2027 2072 2154 2178 2253 2319 2334 2400 2441 2537 2553 2619 2652 2719 2786 2822 2914 2918 3016
7 8 84 114 185 251 302 326 416 462 526 541 633 657 728 776 845 911 960 997 1055 1130 1161 1204 1260 1300 1398 1416 1491 1523 1569 1673 1699 1769 1797 1873 1907 1995 2012 2102 2114 2179 2247 2311 2367 2396 2453 2522 2590 2637 2693 2705 2776 2821 2889 2916 2976
7 8 84 129 191 232 303 375 383 464 496 541 637 694 752 760 836 866 952 992 1059 1122 1158 1208 1282 1324 1357 1404 1481 1553 1571 1669 1699 1745 1826 1857 1927 1952 2035 2098 2154 2176 2223 2280 2374 2389 2457 2498 2591 2632 2676 2715 2791 2826 2911 2956 2973
7 8 84 136 184 247 318 331 422 448 526 563 637 669 751 769 855 911 970 990 1033 1133 1149 1215 1253 1316 1382 1404 1484 1529 1571 1670 1675 1769 1787 1882 1921 1995 2012 2079 2108 2186 2251 2308 2357 2380 2454 2522 2581 2632 2684 2715 2763 2828 2896 2928 2973
7 8 84 141 211 262 292 326 383 453 527 563 594 664 754 771 863 915 967 991 1053 1125 1146 1209 1260 1315 1373 1447 1465 1523 1571 1654 1675 1768 1826 1868 1899 1991 2012 2095 2114 2164 2253 2280 2372 2401 2463 2522 2564 2607 2682 2739 2785 2836 2891 2956 2973
7 8 85 114 182 219 311 367 392 463 509 541 645 694 746 760 848 911 930 1000 1079 1099 1170 1223 1269 1337 1372 1412 1469 1545 1604 1634 1714 1773 1832 1857 1917 1944 2024 2070 2108 2165 2242 2280 2374 2411 2439 2533 2571 2598 2694 2715 2774 2851 2892 2941 2987
7 8 85 118 184 264 278 367 391 451 531 579 618 674 735 792 824 864 934 1006 1056 1132 1176 1192 1269 1301 1370 1416 1465 1545 1582 1657 1675 1751 1788 1863 1936 1991 2024 2065 2108 2201 2236 2276 2340 2405 2472 2533 2583 2642 2649 2716 2786 2845 2915 2968 3010
7 8 85 129 172 235 323 371 384 480 514 541 618 675 740 785 823 866 935 1008 1046 1124 1174 1193 1287 1300 1379 1416 1499 1535 1582 1652 1714 1761 1797 1862 1893 1987 2047 2066 2106 2203 2246 2319 2339 2412 2437 2510 2590 2642 2693 2716 2776 2843 2870 2924 3010
7 8 85 161 170 242 292 326 384 458 509 579 605 667 719 799 862 911 950 977 1033 1094 1169 1224 1275 1331 1391 1429 1487 1539 1582 1638 1675 1773 1797 1884 1922 1944 2024 2097 2150 2190 2217 2319 2360 2417 2451 2533 2551 2608 2668 2750 2801 2812 2872 2924 3010
7 8 86 129 200 249 286 334 430 481 536 542 633 692 713 759 823 865 935 981 1057 1107 1158 1206 1256 1335 1365 1451 1481 1553 1619 1651 1699 1747 1828 1871 1920 1952 2046 2098 2106 2167 2235 2319 2326 2402 2473 2526 2544 2621 2661 2731 2776 2843 2899 2960 2974
7 8 87 121 200 232 291 363 407 471 498 591 596 693 717 776 858 911 959 977 1055 1099 1139 1213 1260 1343 1384 1447 1488 1548 1615 1635 1699 1770 1835 1859 1925 1945 2005 2055 2106 2210 2258 2280 2330 2399 2450 2495 2590 2625 2650 2726 2788 2849 2889 2924 2999
4 8 88 118 201 260 274 367 400 462 532 540 641 663 707 806 841 903 934 1003 1045 1100 1161 1197 1284 1329 1402 1416 1491 1519 1584 1673 1725 1742 1823 1863 1935 1968 2020 2102 2114 2163 2240 2270 2338 2405 2436 2497 2586 2629 2687 2727 2768 2845 2900 2917 2993
7 8 88 141 215 256 275 367 403 445 500 591 595 693 750 765 863 887 967 1000 1063 1097 1170 1238 1284 1299 1388 1406 1469 1519 1588 1650 1674 1774 1817 1861 1906 1983 2020 2070 2114 2194 2242 2280 2342 2408 2434 2497 2543 2635 2691 2724 2785 2836 2881 2964 2989
7 8 90 112 195 231 292 325 411 458 527 548 605 700 718 802 829 911 926 1025 1041 1105 1169 1219 1248 1331 1373 1447 1502 1515 1583 1638 1676 1768 1789 1856 1939 1995 2012 2083 2131 2210 2243 2268 2325 2421 2478 2516 2559 2620 2659 2730 2797 2846 2901 2956 2981
7 8 90 122 211 243 293 347 404 481 527 542 594 690 732 794 814 911 938 1022 1031 1099 1165 1223 1245 1342 1372 1443 1496 1518 1576 1645 1682 1768 1811 1848 1917 1995 2012 2069 2107 2213 2230 2280 2341 2411 2463 2516 2547 2627 2667 2707 2806 2855 2907 2960 2988
7 8 90 130 207 258 284 371 404 444 492 548 633 676 721 809 819 887 942 1007 1059 1097 1168 1238 1282 1343 1388 1404 1480 1553 1576 1641 1676 1731 1811 1885 1906 1945 2030 2071 2157 2199 2241 2280 2352 2408 2435 2498 2542 2599 2698 2735 2775 2854 2911 2960 2988
7 8 90 152 185 228 318 325 406 475 526 542 633 697 723 788 828 915 947 1017 1064 1084 1171 1234 1248 1347 1382 1404 1463 1515 1576 1639 1682 1769 1809 1864 1942 1991 2012 2061 2131 2196 2235 2311 2347 2429 2453 2516 2554 2599 2662 2735 2781 2844 2876 2928 2988
7 8 92 112 197 249 274 367 392 460 532 548 633 671 713 798 852 911 926 990 1040 1109 1163 1206 1272 1329 1402 1405 1502 1515 1597 1673 1725 1749 1832 1881 1918 1946 2013 2089 2106 2167 2241 2293 2344 2397 2443 2490 2579 2641 2694 2726 2774 2846 2899 2928 2987
7 8 92 152 215 264 282 367 402 451 507 591 605 675 743 773 863 866 953 992 1062 1102 1171 1229 1272 1303 1384 1429 1463 1515 1582 1662 1682 1774 1831 1862 1914 1991 2013 2061 2106 2194 2259 2269 2351 2395 2434 2490 2549 2642 2680 2716 2783 2838 2875 2956 3003
4 8 94 123 209 261 298 331 408 457 539 540 637 683 711 769 839 866 943 987 1068 1124 1165 1193 1261 1330 1379 1443 1474 1562 1607 1669 1686 1732 1818 1854 1893 1968 2032 2091 2107 2181 2220 2319 2343 2412 2482 2532 2545 2616 2657 2723 2772 2835 2900 2964 2984
7 8 94 135 200 250 285 326 408 450 536 551 633 693 723 776 817 871 967 977 1078 1118 1169 1203 1246 1323 1366 1447 1487 1565 1607 1646 1674 1747 1818 1861 1896 1945 2046 2097 2131 2173 2217 2319 2330 2408 2473 2518 2567 2615 2664 2724 2765 2842 2909 2964 2984
4 8 94 137 178 233 312 326 400 442 505 540 641 654 731 770 836 865 962 1003 1072 1089 1167 1209 1246 1309 1387 1455 1485 1565 1579 1627 1686 1778 1804 1839 1935 1952 2046 2102 2131 2188 2240 2311 2361 2381 2446 2518 2559 2630 2681 2732 2773 2844 2914 2956 3013
4 8 94 145 190 234 316 325 414 467 490 540 633 673 728 788 854 887 926 1005 1043 1109 1146 1214 1292 1311 1402 1447 1500 1531 1607 1641 1686 1781 1813 1881 1908 1946 2032 2059 2114 2197 2225 2315 2371 2397 2460 2532 2577 2615 2652 2724 2757 2813 2877 2968 2984
7 8 94 150 215 221 299 325 400 435 539 551 645 665 741 783 831 866 924 992 1042 1129 1138 1219 1292 1332 1377 1451 1495 1531 1579 1664 1674 1732 1804 1846 1916 1968 2032 2061 2114 2175 2259 2311 2351 2410 2476 2532 2564 2624 2665 2738 2790 2821 2878 2956 3013
4 8 94 160 205 219 286 347 399 438 536 540 645 659 746 790 819 871 946 985 1054 1106 1148 1223 1295 1328 1365 1451 1504 1516 1579 1658 1686 1747 1805 1853 1909 1945 2046 2074 2108 2165 2250 2308 2328 2403 2468 2518 2587 2624 2672 2738 2800 2828 2892 2960 3013
7 8 95 128 198 266 282 331 408 451 520 579 605 701 718 784 837 866 970 1016 1075 1095 1171 1226 1266 1303 1371 1404 1467 1557 1606 1662 1718 1746 1818 1840 1896 1945 2021 2057 2131 2176 2217 2315 2352 2422 2456 2508 2572 2640 2657 2734 2772 2837 2894 2968 2984
7 8 95 157 188 219 291 347 426 438 520 583 641 665 707 785 840 866 951 988 1046 1122 1172 1225 1287 1343 1363 1455 1489 1537 1579 1635 1714 1746 1814 1846 1910 1945 2021 2069 2114 2205 2264 2280 2349 2383 2466 2508 2590 2624 2650 2738 2807 2836 2870 2916 3012
7 8 96 128 178 234 310 324 411 454 534 542 637 662 738 762 837 903 970 1003 1029 1133 1156 1217 1247 1310 1382 1412 1503 1521 1578 1661 1686 1778 1793 1882 1919 1995 2018 2078 2131 2187 2263 2315 2361 2380 2446 2523 2569 2628 2683 2722 2772 2837 2907 2917 2977
7 8 96 140 208 233 273 363 412 469 491 542 595 697 729 788 862 887 971 995 1043 1116 1147 1213 1292 1302 1394 1451 1498 1560 1572 1650 1686 1737 1803 1864 1909 1944 2036 2094 2157 2190 2237 2311 2347 2406 2451 2504 2577 2603 2661 2735 2801 2812 2877 2924 2983
7 8 99 127 209 243 287 367 399 466 515 591 594 686 732 762 843 903 968 993 1029 1106 1140 1223 1247 1333 1376 1451 1500 1549 1591 1631 1686 1780 1823 1852 1909 1946 2019 2065 2107 2213 2250 2276 2336 2392 2434 2493 2569 2641 2660 2733 2795 2857 2907 2941 2994
7 8 99 150 189 229 274 367 409 473 538 551 618 666 733 792 821 866 930 988 1070 1095 1182 1194 1247 1349 1396 1412 1477 1549 1589 1652 1725 1757 1831 1870 1928 1983 2019 2103 2107 2198 2231 2315 2348 2398 2448 2493 2568 2635 2674 2723 2789 2815 2864 2916 2996
7 8 99 152 179 232 316 325 419 471 538 591 641 682 752 763 836 866 947 1008 1068 1113 1139 1236 1279 1318 1354 1404 1461 1517 1591 1635 1686 1757 1804 1864 1930 1983 2019 2084 2150 2176 2228 2293 2332 2429 2457 2493 2551 2625 2681 2749 2773 2844 2881 2924 2994
7 8 100 116 203 232 298 331 412 464 539 541 596 679 717 793 829 907 922 1013 1044 1116 1158 1213 1270 1330 1379 1451 1503 1532 1580 1669 1686 1760 1795 1839 1909 1995 2002 2076 2106 2210 2237 2293 2335 2420 2478 2536 2549 2632 2653 2706 2797 2846 2889 2956 2992
7 8 100 125 211 237 299 324 416 450 539 551 618 690 725 794 824 907 928 1022 1035 1129 1159 1212 1262 1341 1377 1443 1484 1540 1587 1655 1675 1760 1788 1842 1923 1995 2002 2068 2114 2202 2231 2270 2341 2410 2471 2536 2543 2628 2649 2713 2786 2845 2908 2964 2985
7 8 100 135 189 246 278 367 412 435 506 551 641 664 715 806 821 871 967 998 1074 1103 1178 1229 1274 1334 1395 1406 1487 1565 1580 1625 1675 1757 1795 1868 1913 1944 2050 2089 2157 2198 2233 2293 2337 2401 2448 2488 2557 2598 2689 2739 2761 2842 2903 2956 2992
7 8 100 137 208 258 287 367 416 439 515 541 633 670 721 798 815 864 953 997 1066 1096 1167 1238 1274 1333 1376 1429 1485 1565 1587 1631 1686 1748 1788 1854 1907 1952 2050 2102 2157 2199 2247 2270 2345 2402 2439 2488 2552 2605 2677 2736 2757 2853 2911 2964 2985
7 8 102 130 209 242 299 324 420 458 539 548 637 686 719 762 830 887 942 993 1057 1114 1152 1199 1256 1341 1377 1451 1480 1553 1616 1655 1675 1732 1819 1868 1897 1946 2032 2088 2118 2190 2227 2319 2336 2425 2482 2526 2541 2608 2651 2717 2763 2854 2899 2956 2990
7 8 103 129 213 233 275 324 431 469 524 542 618 690 731 794 836 865 952 1020 1035 1126 1147 1240 1287 1299 1364 1455 1499 1535 1599 1650 1718 1744 1812 1848 1894 1983 2031 2093 2154 2188 2248 2280 2341 2398 2446 2510 2543 2603 2691 2707 2791 2826 2882 2924 2999
7 8 104 157 191 229 288 334 415 474 512 583 595 652 733 802 821 866 945 992 1041 1124 1156 1191 1280 1331 1385 1412 1483 1543 1614 1642 1721 1755 1824 1889 1895 1944 2014 2098 2131 2198 2223 2319 2374 2406 2448 2501 2559 2634 2659 2734 2761 2842 2867 2956 2990
4 8 106 142 211 252 298 334 385 442 539 540 618 663 733 772 851 915 935 991 1064 1124 1140 1191 1257 1346 1379 1451 1470 1533 1594 1653 1682 1760 1827 1862 1895 1987 2002 2095 2107 2174 2253 2270 2372 2412 2471 2530 2570 2610 2672 2728 2778 2830 2867 2956 2991
4 8 106 148 201 220 282 367 404 470 507 540 596 673 746 805 841 875 959 989 1054 1099 1153 1223 1295 1303 1384 1443 1506 1544 1586 1662 1682 1742 1800 1859 1917 1945 2045 2103 2157 2163 2230 2315 2354 2399 2436 2488 2572 2601 2657 2746 2792 2822 2892 2941 3000
7 8 106 156 197 226 275 367 423 469 500 548 618 674 736 792 852 865 968 994 1056 1112 1147 1237 1295 1299 1388 1451 1498 1544 1594 1650 1674 1749 1791 1851 1916 1955 2045 2094 2157 2167 2238 2308 2340 2393 2443 2488 2583 2610 2651 2728 2793 2827 2890 2918 2991
7 9 55 119 201 269 293 336 391 440 501 582 621 669 703 807 856 891 923 976 1033 1112 1174 1235 1252 1316 1355 1404 1501 1548 1618 1655 1723 1748 1814 1881 1921 1956 2006 2055 2138 2186 2264 2308 2360 2395 2478 2502 2562 2615 2681 2745 2771 2850 2896 2946 2997
4 9 55 141 185 261 308 354 410 453 506 582 594 657 708 797 842 876 919 991 1069 1126 1185 1229 1278 1300 1398 1431 1465 1522 1618 1657 1723 1743 1797 1889 1907 1972 2006 2077 2120 2179 2250 2297 2358 2401 2435 2502 2541 2637 2696 2723 2785 2856 2873 2956 2997
4 9 56 155 183 235 290 350 388 455 524 553 594 670 737 808 817 892 919 1017 1052 1126 1138 1205 1257 1304 1398 1434 1489 1541 1606 1636 1714 1765 1818 1889 1931 1972 2002 2071 2149 2185 2220 2281 2366 2401 2481 2534 2540 2629 2664 2709 2764 2842 2895 2966 3015
4 9 57 143 210 261 296 363 426 477 500 567 594 655 708 766 815 890 936 973 1062 1097 1155 1229 1285 1298 1382 1417 1467 1552 1603 1672 1704 1758 1802 1860 1936 1986 2048 2105 2120 2179 2240 2317 2356 2411 2462 2487 2555 2614 2654 2751 2770 2831 2873 2948 3010
7 9 58 116 179 230 308 373 384 482 506 582 622 682 735 763 862 892 971 1008 1050 1126 1137 1205 1261 1334 1398 1443 1498 1547 1597 1624 1705 1736 1827 1837 1931 1944 2014 2096 2120 2187 2226 2281 2331 2401 2432 2508 2589 2623 2668 2748 2799 2830 2897 2944 2989
7 9 58 131 164 227 318 336 407 474 506 570 606 692 745 778 820 892 969 998 1035 1084 1150 1191 1277 1321 1388 1431 1492 1531 1584 1666 1717 1736 1829 1857 1940 1944 2014 2086 2155 2198 2229 2296 2374 2414 2448 2508 2591 2598 2647 2746 2789 2815 2903 2956 3003
7 9 58 146 197 249 278 352 384 433 521 570 633 662 712 782 861 913 921 989 1028 1123 1158 1224 1250 1319 1390 1432 1506 1532 1597 1673 1717 1747 1827 1886 1902 1957 2022 2099 2106 2167 2255 2281 2355 2379 2455 2500 2590 2639 2691 2731 2776 2846 2879 2944 2989
7 9 59 130 200 225 322 350 424 449 530 553 636 651 736 806 834 913 953 1010 1056 1133 1141 1189 1273 1322 1372 1432 1473 1517 1577 1622 1674 1749 1799 1876 1916 1973 2044 2073 2119 2167 2262 2308 2325 2385 2481 2503 2553 2630 2679 2744 2790 2827 2910 2948 3013
7 9 60 119 192 238 323 363 415 468 487 567 623 681 717 782 828 906 959 1022 1028 1128 1174 1209 1260 1319 1374 1434 1501 1548 1590 1629 1723 1775 1803 1852 1928 1956 2033 2055 2106 2165 2218 2282 2336 2422 2462 2494 2590 2612 2691 2736 2800 2814 2869 2944 3022
4 9 61 152 196 235 313 373 426 468 522 567 594 680 737 786 861 894 963 973 1041 1121 1142 1205 1267 1299 1362 1433 1480 1564 1581 1660 1687 1738 1820 1854 1936 1957 2016 2105 2149 2185 2240 2308 2369 2382 2437 2486 2588 2616 2650 2705 2793 2829 2895 2944 2991
7 9 63 127 192 221 295 351 380 474 487 579 623 651 747 760 815 876 953 987 1063 1102 1150 1232 1293 1345 1403 1431 1492 1536 1602 1666 1674 1775 1790 1876 1942 1986 2033 2086 2155 2179 2241 2282 2372 2385 2462 2491 2577 2604 2667 2744 2770 2831 2883 2948 2988
7 9 63 145 194 241 323 373 388 484 487 540 607 663 735 779 860 876 956 990 1045 1126 1178 1205 1265 1305 1374 1434 1479 1563 1583 1642 1714 1775 1825 1856 1931 1986 2033 2098 2135 2175 2220 2297 2326 2424 2460 2491 2574 2594 2687 2708 2757 2812 2897 2944 3008
4 9 65 114 170 220 320 350 424 464 489 567 594 692 717 808 829 913 969 1025 1028 1118 1181 1209 1260 1311 1354 1418 1491 1522 1571 1649 1717 1768 1799 1857 1938 1956 2042 2053 2136 2184 2240 2299 2344 2414 2466 2522 2564 2611 2679 2746 2790 2832 2869 2956 3013
7 9 65 158 169 260 276 373 424 453 495 582 607 653 724 779 836 890 947 992 1061 1081 1171 1241 1282 1320 1383 1404 1462 1515 1571 1671 1703 1745 1799 1868 1916 1973 2035 2091 2119 2212 2262 2299 2337 2423 2432 2528 2557 2638 2681 2719 2788 2823 2870 2956 3013
7 9 68 113 186 241 278 366 416 484 521 540 606 658 716 790 826 877 929 1023 1073 1083 1178 1238 1273 1349 1390 1432 1503 1530 1573 1642 1704 1747 1830 1872 1894 1993 2022 2074 2138 2194 2253 2308 2328 2419 2465 2489 2539 2594 2672 2718 2801 2850 2892 2944 2991
4 9 69 109 208 238 313 335 403 468 497 566 594 699 717 794 842 894 951 1016 1064 1098 1142 1196 1290 1299 1386 1446 1511 1537 1600 1660 1723 1734 1797 1842 1892 1983 2040 2075 2136 2165 2266 2282 2343 2386 2449 2530 2542 2612 2696 2725 2785 2856 2882 2945 3004
4 9 69 153 163 251 290 363 391 455 534 589 594 655 743 766 832 892 938 1019 1062 1084 1138 1191 1254 1304 1388 1446 1476 1518 1600 1636 1702 1753 1808 1887 1940 1956 2045 2085 2138 2169 2245 2296 2356 2414 2483 2527 2555 2612 2648 2725 2806 2853 2906 2930 3004
7 9 70 146 184 221 302 351 411 474 512 570 621 688 720 792 831 913 921 1025 1049 1110 1180 1219 1258 1331 1364 1433 1506 1532 1602 1637 1688 1780 1789 1839 1937 1986 2000 2078 2119 2206 2215 2268 2330 2426 2474 2492 2557 2604 2671 2744 2805 2846 2866 2956 2980
7 9 70 156 176 239 314 351 421 483 538 553 633 695 721 788 826 906 942 1022 1031 1089 1171 1223 1258 1342 1372 1404 1496 1532 1575 1641 1705 1754 1794 1837 1930 1993 2000 2056 2119 2196 2217 2297 2352 2429 2463 2492 2556 2599 2652 2735 2796 2855 2885 2944 3008
7 9 71 154 214 266 322 324 400 446 530 552 633 682 705 766 849 892 942 996 1062 1089 1166 1228 1254 1298 1372 1432 1474 1553 1597 1646 1702 1749 1798 1837 1925 1993 2044 2088 2120 2164 2234 2310 2328 2429 2468 2490 2555 2623 2654 2748 2775 2857 2906 2948 2975
7 9 72 133 196 259 307 324 383 435 537 579 622 701 714 781 827 892 970 1019 1072 1125 1184 1194 1259 1335 1371 1431 1472 1544 1601 1624 1687 1735 1798 1858 1909 1975 2023 2083 2149 2198 2247 2317 2322 2420 2440 2520 2586 2634 2667 2709 2762 2810 2904 2930 2994
7 9 72 145 204 269 296 352 383 454 519 552 621 691 703 793 858 864 921 978 1036 1110 1178 1235 1249 1298 1364 1432 1479 1563 1601 1672 1714 1744 1798 1839 1923 1986 2034 2098 2138 2186 2233 2317 2333 2426 2476 2509 2555 2601 2654 2741 2775 2847 2896 2930 2994
7 9 72 149 200 237 303 366 392 485 493 579 621 651 754 806 855 894 929 1010 1041 1098 1158 1190 1274 1344 1360 1432 1504 1528 1601 1621 1687 1779 1787 1879 1898 1973 2023 2101 2106 2205 2235 2282 2325 2413 2452 2520 2568 2601 2678 2741 2773 2814 2888 2966 2994
7 9 72 154 171 247 291 366 418 450 537 552 643 656 732 758 811 892 966 1008 1052 1084 1139 1238 1274 1341 1387 1418 1499 1528 1589 1665 1714 1735 1791 1856 1893 1975 2023 2064 2106 2208 2257 2296 2339 2415 2464 2520 2590 2597 2669 2716 2807 2833 2876 2944 3007
7 9 73 110 163 268 286 373 383 458 532 579 622 658 746 763 819 877 961 1019 1077 1086 1148 1233 1279 1331 1391 1417 1508 1516 1573 1652 1702 1753 1805 1872 1909 1986 2046 2083 2138 2183 2247 2268 2356 2388 2483 2524 2562 2594 2666 2718 2791 2849 2883 2946 2986
7 9 73 124 183 225 273 336 383 469 490 566 606 700 736 778 834 913 950 1017 1079 1110 1145 1235 1266 1337 1400 1432 1499 1558 1573 1663 1714 1765 1805 1862 1923 1975 2037 2058 2149 2167 2233 2268 2366 2391 2481 2532 2547 2610 2682 2702 2774 2843 2863 2946 2986
7 9 73 149 213 251 321 336 380 451 523 579 623 680 711 803 853 894 923 987 1027 1124 1168 1210 1266 1303 1371 1404 1474 1558 1581 1644 1702 1732 1800 1854 1942 1993 2037 2086 2149 2201 2241 2296 2352 2421 2433 2532 2572 2616 2656 2705 2792 2820 2915 2929 2978
7 9 74 110 197 220 303 335 430 464 493 579 623 689 717 802 846 877 961 1004 1074 1098 1163 1196 1280 1297 1360 1453 1508 1516 1611 1667 1717 1752 1804 1847 1892 1971 2049 2067 2106 2184 2241 2299 2338 2413 2450 2523 2563 2611 2699 2706 2763 2849 2882 2945 3016
7 9 74 141 182 257 273 336 430 443 490 582 643 653 718 779 835 876 965 980 1045 1095 1170 1220 1265 1337 1400 1433 1468 1519 1611 1663 1714 1766 1804 1868 1917 1944 2036 2070 2134 2207 2216 2299 2337 2406 2478 2535 2574 2598 2655 2719 2807 2809 2897 2945 3016
7 9 76 113 164 222 308 354 385 483 506 553 606 681 736 770 847 864 959 1024 1056 1105 1154 1189 1273 1300 1398 1443 1503 1530 1585 1657 1723 1736 1822 1852 1943 1973 2014 2097 2149 2170 2237 2296 2348 2422 2448 2489 2588 2617 2649 2736 2798 2820 2910 2944 3007
7 9 76 125 192 269 315 352 412 454 504 553 622 651 727 760 844 894 954 987 1064 1121 1186 1234 1262 1318 1356 1431 1460 1520 1601 1664 1723 1759 1806 1879 1907 1986 2003 2079 2106 2161 2248 2308 2372 2388 2477 2500 2576 2601 2697 2741 2761 2818 2911 2929 2990
7 9 77 148 188 263 316 335 398 433 502 570 622 665 734 764 860 864 961 1024 1042 1086 1187 1207 1264 1345 1391 1453 1467 1547 1572 1645 1704 1760 1819 1872 1935 1986 2034 2075 2146 2191 2258 2282 2323 2388 2445 2504 2558 2627 2685 2710 2758 2811 2866 2944 3022
7 9 79 111 181 225 311 354 399 469 502 568 636 663 736 761 861 891 956 1007 1058 1105 1177 1189 1271 1302 1396 1453 1461 1562 1568 1632 1714 1762 1826 1856 1943 1957 2032 2093 2119 2167 2223 2268 2345 2424 2455 2499 2556 2610 2692 2708 2776 2846 2910 2944 3023
4 9 79 139 186 224 316 335 394 485 502 579 594 669 743 794 833 891 935 979 1030 1092 1135 1231 1292 1345 1391 1431 1505 1541 1618 1645 1704 1762 1790 1881 1926 1957 2032 2087 2138 2197 2224 2310 2373 2382 2450 2499 2577 2615 2667 2745 2770 2813 2864 2966 2972
7 9 79 149 210 231 274 351 399 452 536 579 643 658 725 763 828 894 929 973 1050 1120 1182 1223 1276 1334 1353 1446 1504 1528 1568 1658 1704 1758 1826 1872 1899 1956 2013 2078 2120 2165 2267 2268 2356 2419 2462 2518 2589 2600 2668 2718 2800 2814 2881 2944 3023
7 9 83 114 177 256 275 336 403 476 504 589 636 686 711 804 829 891 969 980 1051 1124 1170 1210 1243 1338 1395 1431 1468 1545 1616 1632 1674 1733 1814 1873 1942 1983 2031 2070 2136 2197 2216 2299 2342 2398 2454 2531 2584 2595 2663 2704 2790 2832 2915 2929 2985
7 9 85 117 195 260 274 352 400 453 536 579 606 689 724 802 812 864 954 1006 1051 1120 1185 1197 1243 1335 1353 1431 1465 1545 1584 1657 1703 1742 1798 1847 1925 1993 2029 2077 2120 2212 2234 2299 2338 2419 2456 2531 2586 2638 2667 2706 2762 2825 2915 2959 2975
7 9 85 161 165 227 302 336 392 474 500 579 621 669 739 807 850 913 939 1010 1033 1082 1180 1206 1275 1331 1375 1417 1483 1513 1584 1637 1703 1778 1805 1880 1898 1944 2029 2101 2136 2204 2235 2310 2360 2428 2433 2531 2562 2598 2666 2746 2791 2817 2871 2948 2975
7 9 86 111 179 238 292 335 419 468 538 567 636 655 707 790 830 892 955 1008 1073 1125 1174 1207 1271 1349 1394 1404 1461 1562 1600 1629 1688 1730 1828 1887 1896 1983 2025 2096 2138 2176 2226 2317 2331 2398 2438 2499 2539 2612 2672 2725 2803 2847 2894 2944 2987
4 9 86 129 194 222 274 352 419 483 536 553 594 671 712 771 811 876 926 990 1034 1123 1154 1224 1244 1335 1353 1446 1502 1564 1600 1657 1703 1758 1828 1871 1902 1975 2013 2098 2146 2195 2220 2317 2326 2417 2477 2511 2558 2617 2694 2720 2780 2861 2879 2944 2987
7 9 86 155 169 227 314 354 396 438 538 553 643 696 745 795 820 892 919 988 1030 1089 1152 1228 1292 1318 1372 1431 1489 1541 1582 1665 1703 1730 1806 1861 1925 1983 2025 2057 2119 2198 2238 2310 2342 2429 2448 2499 2576 2635 2697 2747 2761 2842 2864 2916 3006
7 9 88 116 200 221 279 363 391 443 493 582 621 696 720 776 854 892 971 976 1042 1127 1177 1219 1264 1314 1383 1453 1498 1547 1582 1656 1674 1779 1808 1861 1921 1975 2023 2055 2119 2206 2264 2282 2361 2377 2452 2504 2546 2635 2648 2747 2806 2830 2866 2945 3004
7 9 89 111 215 234 271 354 412 464 539 567 607 656 708 773 831 892 956 998 1062 1126 1163 1229 1285 1330 1374 1453 1508 1515 1589 1667 1702 1750 1806 1856 1907 1986 2007 2067 2106 2206 2248 2281 2323 2424 2474 2526 2548 2597 2653 2716 2805 2846 2873 2956 2990
7 9 90 111 178 217 288 335 380 479 492 568 633 672 755 775 858 891 955 1004 1061 1124 1163 1210 1282 1301 1395 1404 1508 1515 1575 1651 1702 1769 1790 1887 1942 1986 2010 2067 2155 2186 2241 2299 2357 2398 2476 2528 2561 2627 2662 2707 2775 2847 2870 2930 2988
4 9 90 126 170 239 274 351 380 483 489 566 594 649 737 781 833 876 949 994 1072 1095 1154 1220 1283 1335 1400 1443 1503 1518 1575 1657 1704 1768 1790 1883 1917 1993 2042 2097 2149 2180 2266 2299 2375 2406 2466 2496 2586 2599 2667 2735 2770 2813 2878 2930 2988
7 9 91 117 184 230 288 350 426 462 531 540 622 688 735 792 812 903 954 1025 1045 1121 1181 1205 1265 1301 1356 1433 1491 1519 1570 1651 1687 1772 1802 1879 1936 1986 2020 2053 2120 2187 2240 2299 2330 2388 2482 2535 2561 2642 2662 2703 2762 2825 2897 2966 3010
7 9 91 126 197 256 279 363 426 476 493 552 623 662 711 782 833 890 949 989 1078 1081 1145 1241 1286 1314 1383 1432 1464 1557 1570 1656 1674 1752 1802 1866 1916 1957 2049 2094 2149 2197 2260 2299 2355 2423 2450 2506 2540 2595 2654 2750 2770 2813 2884 2966 3010
7 9 92 109 164 259 293 336 398 473 501 570 622 662 714 789 820 890 965 1024 1043 1099 1142 1194 1288 1316 1355 1433 1511 1537 1570 1655 1723 1736 1833 1866 1935 1983 2019 2075 2149 2198 2258 2281 2348 2408 2448 2532 2573 2595 2671 2750 2761 2842 2904 2916 3009
7 9 92 125 178 261 323 363 428 477 511 570 606 672 720 775 822 877 927 1004 1049 1127 1186 1219 1258 1305 1351 1404 1460 1520 1603 1642 1723 1774 1785 1842 1921 1986 2046 2079 2134 2166 2229 2297 2357 2410 2472 2505 2574 2614 2687 2751 2798 2845 2866 2945 2974
7 9 92 149 185 245 272 366 429 446 494 570 623 688 749 765 828 903 929 991 1079 1090 1166 1221 1266 1348 1367 1432 1474 1558 1570 1646 1723 1743 1803 1879 1897 1971 2019 2088 2120 2193 2239 2268 2358 2413 2435 2532 2560 2642 2691 2703 2800 2814 2863 2929 3009
4 9 92 161 166 239 287 336 428 439 494 589 594 693 737 762 846 903 939 1003 1067 1106 1167 1220 1288 1333 1352 1417 1459 1537 1603 1630 1705 1743 1785 1880 1905 1971 2019 2100 2149 2180 2245 2297 2340 2428 2454 2532 2550 2643 2690 2722 2795 2817 2878 2945 2974
7 9 94 131 187 245 322 350 388 446 508 570 633 686 734 776 844 892 969 1018 1042 1125 1166 1207 1264 1298 1394 1418 1492 1531 1569 1646 1674 1781 1818 1873 1896 1986 2007 2069 2135 2208 2255 2317 2370 2398 2431 2521 2546 2642 2664 2704 2764 2815 2866 2929 3015
4 9 95 127 163 260 308 373 414 453 534 579 594 680 754 786 819 876 940 1005 1041 1088 1185 1190 1274 1300 1370 1418 1482 1546 1571 1657 1705 1753 1825 1841 1908 1973 2045 2059 2134 2183 2224 2296 2369 2392 2483 2501 2588 2638 2649 2719 2795 2844 2888 2959 2982
7 9 95 133 201 220 271 350 421 464 511 579 607 669 725 807 818 892 970 976 1050 1089 1163 1223 1276 1330 1403 1404 1472 1544 1571 1667 1705 1776 1818 1880 1930 1956 2045 2103 2155 2176 2217 2310 2360 2399 2451 2501 2545 2611 2656 2746 2772 2810 2881 2945 2982
4 9 97 126 168 269 272 366 382 454 503 552 594 667 727 791 857 890 922 1023 1043 1100 1178 1236 1283 1322 1358 1434 1503 1518 1606 1672 1723 1738 1832 1859 1928 1973 2035 2074 2135 2161 2253 2308 2346 2392 2464 2496 2571 2601 2661 2737 2785 2840 2909 2930 2973
7 9 97 141 178 254 315 352 413 470 492 552 633 662 722 782 835 906 965 1006 1028 1085 1185 1204 1260 1341 1368 1418 1465 1522 1569 1641 1723 1769 1791 1866 1914 1972 2010 2077 2134 2209 2234 2299 2355 2408 2476 2522 2590 2596 2669 2750 2807 2809 2869 2916 3012
7 9 97 153 169 230 303 366 413 462 495 589 607 686 735 804 862 892 938 988 1072 1104 1165 1222 1283 1297 1357 1443 1476 1518 1569 1667 1687 1745 1791 1873 1910 1971 2035 2057 2135 2187 2238 2299 2342 2427 2432 2496 2563 2642 2699 2704 2777 2853 2878 2916 3012
7 9 98 143 176 257 287 336 415 443 488 567 623 680 748 803 845 890 940 1022 1027 1100 1177 1236 1295 1306 1358 1453 1498 1521 1611 1656 1705 1754 1833 1841 1928 1944 2050 2055 2119 2177 2218 2308 2352 2392 2463 2507 2572 2598 2653 2719 2779 2827 2887 2959 2992
7 9 99 155 206 218 286 350 415 458 527 568 622 657 710 792 820 877 919 975 1049 1128 1148 1209 1247 1331 1396 1434 1487 1543 1610 1652 1723 1739 1833 1889 1928 1944 2004 2103 2119 2178 2218 2310 2363 2401 2467 2503 2557 2644 2671 2723 2761 2842 2877 2956 2992
4 9 100 127 208 263 306 350 416 466 497 552 594 670 732 808 815 903 953 993 1052 1083 1140 1238 1274 1314 1393 1432 1482 1546 1591 1630 1704 1734 1802 1844 1894 1975 2040 2104 2155 2193 2253 2282 2366 2417 2449 2501 2540 2593 2654 2753 2770 2831 2876 2959 3020
4 9 100 153 181 249 284 354 397 479 519 568 594 657 712 797 861 913 962 995 1069 1082 1165 1206 1254 1347 1375 1432 1476 1518 1591 1649 1687 1762 1820 1858 1898 1971 2015 2057 2146 2167 2230 2310 2358 2428 2455 2527 2541 2593 2650 2753 2793 2829 2899 2930 3020
7 9 101 110 177 239 315 373 402 483 504 553 636 665 737 758 846 903 961 992 1052 1121 1171 1205 1257 1341 1356 1417 1462 1562 1599 1641 1704 1733 1835 1872 1936 1972 2031 2091 2106 2180 2262 2299 2329 2388 2454 2515 2590 2599 2669 2710 2763 2849 2895 2944 2971
7 9 101 153 195 233 273 363 402 469 536 568 606 672 710 775 862 913 938 989 1049 1118 1145 1209 1247 1337 1354 1446 1464 1530 1599 1663 1688 1742 1835 1887 1938 1944 2029 2094 2135 2162 2260 2299 2357 2414 2456 2517 2574 2602 2655 2707 2777 2853 2877 2944 2971
4 9 104 143 183 249 318 336 403 433 524 566 594 666 712 762 834 891 940 1016 1038 1088 1187 1206 1285 1343 1370 1453 1467 1552 1595 1645 1717 1765 1814 1841 1892 1973 2002 2075 2146 2167 2266 2281 2367 2392 2481 2487 2580 2639 2663 2733 2790 2827 2899 2948 2985
7 9 105 110 180 232 322 324 411 465 530 553 623 671 748 771 822 903 958 1003 1046 1133 1148 1212 1280 1298 1372 1434 1508 1516 1590 1646 1702 1773 1792 1871 1891 1986 2020 2083 2119 2202 2261 2317 2326 2385 2436 2523 2546 2628 2664 2720 2792 2852 2911 2945 2977
7 9 105 113 182 217 320 366 396 479 490 553 643 665 755 758 856 864 929 988 1078 1120 1165 1197 1286 1311 1353 1432 1476 1557 1572 1649 1702 1766 1816 1872 1925 1956 2036 2057 2146 2186 2238 2299 2329 2419 2478 2506 2564 2627 2679 2710 2771 2850 2884 2946 2995
7 9 105 158 184 233 275 324 396 469 531 566 622 649 710 781 836 906 947 981 1074 1085 1177 1204 1280 1338 1368 1453 1461 1516 1572 1632 1688 1772 1816 1883 1914 1983 2020 2093 2119 2162 2251 2299 2375 2408 2482 2523 2584 2602 2663 2735 2788 2823 2882 2946 2995
7 9 106 132 180 252 321 336 391 441 507 540 643 663 745 779 851 891 966 1003 1061 1084 1167 1191 1251 1320 1387 1446 1459 1565 1568 1627 1702 1773 1814 1856 1940 1975 2043 2100 2119 2172 2245 2297 2326 2415 2436 2507 2557 2610 2681 2708 2771 2855 2903 2956 2997
7 9 107 139 178 259 308 354 430 435 534 579 623 667 739 780 816 891 922 1004 1033 1088 1184 1206 1275 1334 1370 1446 1487 1559 1574 1624 1723 1774 1826 1859 1892 1944 2024 2067 2134 2172 2241 2281 2357 2392 2472 2485 2589 2634 2668 2737 2800 2826 2871 2930 2993
7 9 107 149 168 218 299 324 413 458 533 579 606 669 710 794 847 894 923 996 1064 1085 1166 1204 1290 1347 1381 1418 1474 1558 1588 1635 1723 1761 1822 1881 1914 1971 1999 2088 2135 2178 2234 2310 2373 2395 2440 2510 2542 2644 2649 2745 2798 2820 2882 2946 2979
7 10 54 138 214 223 317 341 415 485 520 580 610 652 751 783 849 880 938 992 1069 1087 1138 1201 1253 1332 1372 1446 1497 1518 1614 1646 1684 1753 1798 1837 1892 1947 2012 2097 2152 2195 2234 2296 2330 2391 2454 2527 2567 2623 2696 2752 2779 2840 2899 2963 3004
7 10 54 144 210 217 321 369 392 436 511 580 636 701 723 761 817 867 967 1007 1065 1118 1160 1219 1248 1317 1373 1421 1501 1523 1614 1629 1684 1762 1819 1843 1915 1961 2012 2082 2125 2175 2264 2314 2348 2410 2453 2527 2583 2644 2666 2731 2756 2821 2893 2945 3004
4 10 55 142 206 255 277 351 392 437 535 582 634 657 733 760 851 910 942 1000 1027 1118 1159 1219 1257 1326 1383 1421 1505 1534 1585 1673 1684 1764 1814 1887 1915 1962 2011 2089 2124 2166 2264 2271 2349 2400 2441 2491 2590 2637 2694 2721 2754 2822 2883 2962 3009
7 10 57 130 198 248 280 366 391 432 529 580 639 701 740 761 834 881 951 1019 1070 1093 1147 1190 1262 1302 1386 1422 1483 1563 1618 1661 1703 1757 1803 1843 1897 1960 2026 2088 2109 2176 2237 2314 2348 2425 2480 2493 2578 2640 2677 2731 2787 2847 2881 2926 2971
7 10 57 132 199 246 320 366 407 464 515 567 604 655 742 758 851 879 952 1021 1045 1106 1172 1193 1262 1312 1385 1450 1481 1563 1567 1644 1715 1771 1830 1858 1943 1962 2026 2087 2109 2166 2222 2286 2334 2423 2441 2493 2576 2614 2679 2715 2754 2822 2907 2962 3023
7 10 57 152 213 237 306 327 426 439 529 567 640 680 737 795 836 881 957 988 1049 1121 1136 1202 1293 1346 1361 1414 1477 1532 1567 1633 1715 1757 1812 1867 1890 1960 2026 2090 2149 2208 2248 2313 2346 2382 2466 2493 2572 2607 2654 2722 2807 2813 2887 2934 3023
4 10 58 160 213 226 304 370 396 474 533 585 597 680 739 795 837 880 919 988 1060 1087 1134 1201 1250 1321 1372 1414 1506 1541 1605 1634 1717 1763 1802 1857 1892 1960 2025 2086 2147 2204 2253 2296 2346 2391 2459 2537 2561 2598 2697 2732 2763 2812 2912 2935 3016
4 10 59 109 181 240 296 340 414 467 491 586 612 681 725 771 819 873 970 974 1050 1088 1155 1221 1273 1332 1403 1449 1472 1533 1607 1667 1691 1772 1825 1884 1939 1947 2038 2059 2147 2211 2227 2296 2360 2406 2451 2516 2588 2606 2675 2700 2782 2812 2901 2959 2981
4 10 59 128 186 265 284 327 378 444 507 586 622 677 710 792 833 880 926 988 1052 1132 1136 1217 1247 1319 1351 1446 1477 1556 1576 1627 1691 1759 1796 1863 1938 1984 2030 2090 2116 2195 2248 2313 2372 2380 2469 2525 2585 2630 2681 2744 2780 2859 2915 2935 3013
7 10 60 151 207 240 302 370 398 445 523 557 634 674 725 809 819 873 946 1011 1034 1104 1175 1226 1291 1345 1365 1449 1469 1548 1588 1620 1703 1747 1783 1871 1923 1986 2000 2058 2125 2211 2246 2285 2326 2426 2451 2497 2568 2628 2698 2748 2758 2835 2896 2919 2985
4 10 62 118 192 253 284 339 400 434 487 582 611 653 717 782 810 891 923 980 1061 1112 1146 1211 1270 1319 1371 1450 1494 1555 1586 1627 1677 1780 1807 1875 1928 1984 2002 2102 2125 2194 2249 2313 2375 2407 2478 2512 2585 2612 2681 2745 2768 2850 2913 2926 3022
7 10 62 137 172 218 320 364 402 470 515 543 611 687 709 787 859 881 971 1013 1047 1127 1166 1210 1243 1320 1385 1450 1506 1564 1586 1636 1717 1771 1805 1841 1924 1960 2026 2052 2135 2173 2228 2278 2327 2402 2467 2488 2570 2612 2685 2745 2789 2816 2876 2962 3022
4 10 64 115 213 250 278 327 408 457 513 567 639 681 724 794 836 873 947 996 1028 1081 1156 1203 1255 1317 1354 1423 1491 1561 1607 1671 1717 1757 1821 1884 1912 1961 2042 2091 2147 2208 2247 2314 2337 2428 2466 2522 2557 2606 2691 2700 2759 2861 2868 2933 2976
7 10 68 128 204 263 299 327 409 458 534 557 634 691 724 793 835 910 926 978 1039 1081 1138 1203 1244 1304 1402 1446 1502 1531 1616 1673 1693 1728 1820 1863 1912 1972 2032 2092 2152 2196 2246 2278 2332 2380 2444 2523 2587 2629 2680 2730 2778 2859 2868 2933 2995
7 10 72 111 188 265 275 370 392 469 525 580 636 670 736 791 840 891 919 1007 1051 1112 1177 1226 1293 1338 1380 1414 1484 1521 1568 1631 1691 1733 1814 1850 1915 1962 2043 2082 2124 2168 2264 2313 2369 2398 2483 2505 2552 2605 2646 2707 2803 2860 2885 2919 3009
7 10 72 130 167 230 296 340 410 454 491 580 604 684 703 800 842 881 951 1013 1053 1110 1168 1240 1251 1332 1403 1446 1483 1563 1568 1667 1691 1767 1798 1885 1938 1972 2043 2066 2153 2182 2214 2271 2332 2384 2461 2505 2567 2599 2696 2713 2779 2847 2865 2962 3009
4 10 73 120 188 268 300 364 402 433 525 586 636 677 750 806 818 881 954 1019 1042 1121 1148 1188 1279 1328 1356 1407 1465 1514 1574 1641 1692 1733 1805 1879 1904 1972 2043 2075 2123 2191 2250 2313 2358 2387 2483 2504 2562 2596 2685 2728 2789 2858 2895 2926 3022
4 10 74 116 210 257 282 370 401 442 493 582 634 653 702 809 835 867 937 1007 1056 1117 1177 1220 1294 1346 1352 1422 1484 1516 1596 1656 1693 1750 1820 1880 1906 1960 2013 2082 2116 2174 2264 2313 2348 2396 2465 2485 2546 2598 2680 2740 2778 2859 2911 2945 3003
7 10 74 156 174 260 317 332 416 437 508 582 611 659 722 800 848 879 918 1021 1053 1105 1187 1239 1246 1332 1384 1444 1487 1564 1596 1646 1693 1735 1806 1877 1914 1947 2013 2060 2153 2180 2249 2296 2359 2390 2432 2485 2567 2633 2696 2706 2770 2841 2870 2962 3003
7 10 75 136 162 246 293 341 380 464 511 585 597 700 742 786 821 910 944 1004 1079 1100 1157 1232 1267 1330 1401 1421 1508 1547 1580 1658 1715 1741 1795 1840 1910 1986 2034 2068 2116 2166 2253 2286 2370 2385 2472 2531 2546 2614 2695 2701 2792 2852 2866 2945 2977
7 10 75 161 204 253 321 332 398 451 511 580 611 684 717 800 858 910 925 978 1055 1118 1178 1211 1277 1305 1373 1432 1463 1538 1572 1640 1720 1741 1783 1885 1923 1986 2034 2092 2125 2194 2246 2271 2332 2410 2430 2531 2565 2594 2650 2713 2806 2838 2913 2933 2985
7 10 76 111 204 231 317 332 427 482 520 580 597 679 740 796 858 891 919 983 1070 1087 1162 1190 1262 1322 1372 1450 1484 1521 1604 1655 1693 1741 1790 1857 1903 1960 2024 2096 2152 2194 2252 2286 2327 2391 2430 2535 2543 2617 2699 2733 2785 2860 2881 2959 3005
4 10 76 134 184 269 270 332 409 462 499 558 636 660 707 758 846 879 961 987 1045 1086 1186 1227 1262 1329 1391 1422 1462 1521 1599 1668 1715 1762 1806 1872 1922 1972 2024 2053 2152 2187 2236 2314 2328 2387 2477 2535 2576 2600 2662 2749 2804 2837 2907 2919 3010
4 10 77 157 163 263 309 327 410 458 517 556 636 675 737 765 817 909 954 1024 1077 1121 1187 1202 1264 1341 1356 1444 1466 1545 1616 1625 1684 1749 1819 1879 1890 1972 2031 2083 2153 2183 2262 2287 2325 2387 2445 2524 2558 2629 2666 2730 2756 2821 2887 2934 2986
7 10 79 127 196 259 322 369 412 459 516 556 622 672 713 788 823 904 955 995 1057 1080 1142 1229 1281 1297 1398 1407 1478 1556 1601 1624 1692 1736 1804 1851 1904 1990 2051 2104 2149 2198 2240 2278 2361 2409 2479 2489 2559 2622 2661 2750 2761 2810 2867 2935 3019
4 10 79 138 212 240 318 366 406 445 516 557 604 655 753 758 849 904 938 1008 1045 1084 1175 1197 1286 1329 1402 1423 1464 1551 1613 1620 1691 1736 1832 1850 1918 1990 2051 2063 2152 2184 2257 2296 2334 2377 2464 2489 2576 2628 2662 2723 2779 2840 2882 2919 3007
7 10 79 141 181 242 275 370 399 476 525 557 622 663 706 789 861 906 956 974 1074 1101 1170 1189 1271 1338 1380 1407 1507 1520 1601 1631 1691 1772 1816 1860 1905 1989 2003 2065 2147 2169 2221 2287 2360 2408 2451 2537 2538 2622 2660 2750 2780 2831 2914 2926 3019
7 10 79 157 193 229 290 370 428 457 530 556 604 662 702 757 821 909 930 1003 1078 1117 1156 1220 1271 1305 1369 1423 1491 1520 1613 1671 1692 1767 1811 1842 1906 1986 2003 2091 2147 2202 2239 2271 2343 2378 2436 2537 2542 2628 2673 2723 2798 2845 2911 2945 3007
4 10 80 122 207 231 293 364 387 456 537 556 640 674 735 809 812 867 939 1011 1056 1094 1165 1188 1294 1330 1374 1449 1479 1513 1594 1658 1693 1748 1818 1883 1931 1986 2007 2084 2135 2199 2220 2286 2326 2411 2450 2488 2546 2642 2695 2737 2767 2815 2911 2926 3015
7 10 80 127 192 257 291 366 413 438 487 556 611 697 715 790 843 904 920 1025 1049 1102 1173 1222 1293 1328 1364 1414 1502 1532 1609 1650 1693 1780 1832 1848 1937 1972 2002 2057 2109 2160 2241 2313 2329 2383 2478 2493 2577 2603 2671 2738 2770 2846 2887 2963 3000
7 10 80 152 176 239 318 366 414 447 538 558 640 695 741 791 841 891 922 979 1051 1088 1171 1221 1293 1296 1379 1449 1477 1532 1594 1652 1691 1729 1793 1862 1939 1984 2002 2054 2109 2193 2227 2278 2344 2429 2452 2493 2552 2642 2688 2737 2760 2848 2885 2934 3015
7 10 84 108 188 249 290 370 391 455 530 580 639 698 751 785 840 873 950 1019 1069 1082 1158 1201 1253 1305 1369 1432 1471 1553 1597 1671 1692 1733 1783 1851 1897 1947 2038 2088 2123 2168 2237 2310 2358 2414 2483 2490 2565 2632 2650 2725 2806 2857 2899 2935 2992
7 10 84 133 162 238 306 327 379 466 496 557 639 663 753 794 845 879 953 1020 1045 1107 1141 1197 1286 1309 1393 1432 1511 1517 1597 1669 1715 1769 1797 1886 1894 1990 2004 2083 2116 2186 2266 2287 2355 2405 2444 2525 2540 2632 2653 2725 2777 2856 2882 2959 2992
7 10 85 143 212 268 321 332 384 436 509 567 636 655 750 758 863 867 965 1008 1063 1094 1160 1188 1258 1317 1374 1423 1486 1562 1587 1629 1720 1761 1821 1858 1931 1990 2037 2096 2123 2191 2225 2286 2334 2411 2438 2509 2557 2593 2691 2715 2759 2834 2895 2957 3002
7 10 85 145 169 226 295 339 379 474 509 585 611 653 745 782 823 867 936 1001 1061 1089 1134 1214 1292 1331 1401 1444 1490 1527 1596 1634 1703 1761 1797 1880 1894 1990 2037 2101 2116 2198 2266 2310 2375 2397 2479 2509 2585 2598 2669 2740 2761 2810 2891 2935 2992
7 10 86 120 194 240 305 327 430 467 536 586 604 654 753 796 844 881 954 993 1070 1107 1155 1197 1261 1322 1378 1444 1465 1514 1566 1667 1703 1752 1812 1846 1894 1961 2014 2067 2152 2184 2215 2285 2353 2419 2469 2523 2543 2606 2699 2742 2762 2858 2882 2959 3020
7 10 86 128 198 226 301 369 407 438 510 586 634 683 739 778 837 880 969 998 1033 1114 1173 1237 1244 1318 1388 1414 1502 1531 1566 1650 1703 1778 1834 1861 1898 1962 2014 2057 2109 2204 2267 2310 2369 2400 2459 2523 2553 2635 2647 2714 2758 2817 2874 2933 3020
4 10 88 161 164 226 291 341 429 438 500 586 611 681 745 771 859 904 947 991 1076 1084 1173 1214 1277 1328 1351 1407 1463 1538 1579 1650 1717 1735 1805 1884 1899 1989 2021 2097 2116 2198 2235 2296 2360 2428 2443 2531 2562 2635 2685 2700 2789 2816 2891 2933 2996
7 10 89 118 201 230 307 369 431 439 501 567 604 673 703 807 841 906 959 1005 1035 1128 1146 1240 1268 1316 1382 1423 1494 1555 1613 1622 1677 1752 1787 1849 1921 1984 2048 2102 2153 2182 2222 2285 2345 2376 2462 2514 2558 2615 2691 2736 2794 2814 2865 2934 2997
7 10 89 144 195 260 301 369 412 472 510 543 611 678 722 808 812 904 967 972 1030 1103 1139 1239 1268 1318 1388 1421 1469 1555 1592 1650 1703 1743 1804 1843 1916 1986 2048 2094 2153 2180 2228 2287 2370 2410 2468 2514 2539 2597 2661 2753 2761 2821 2870 2926 3019
4 10 89 145 165 240 280 366 431 445 529 543 612 662 725 777 830 909 920 1024 1058 1129 1134 1221 1265 1302 1386 1414 1490 1527 1613 1661 1703 1755 1787 1842 1898 1990 2028 2101 2147 2211 2245 2285 2322 2389 2439 2534 2569 2628 2686 2723 2799 2827 2901 2934 2997
4 10 91 136 192 230 283 340 422 454 486 585 636 697 723 790 814 910 961 1025 1064 1086 1181 1218 1265 1321 1391 1414 1493 1562 1568 1654 1677 1776 1802 1872 1929 1972 2032 2079 2125 2161 2219 2285 2329 2387 2482 2500 2561 2599 2697 2713 2763 2835 2894 2957 2990
7 10 91 143 204 267 322 340 389 440 534 543 634 687 725 787 845 891 943 983 1058 1088 1160 1221 1265 1297 1379 1421 1486 1562 1585 1624 1720 1728 1789 1841 1939 1990 2032 2096 2125 2186 2252 2278 2327 2429 2444 2500 2559 2613 2661 2745 2777 2856 2901 2959 2972
7 10 91 160 201 255 305 351 389 437 536 585 610 699 708 781 831 880 921 1005 1040 1123 1187 1199 1242 1344 1378 1444 1487 1560 1585 1646 1677 1752 1789 1844 1926 1962 2014 2060 2153 2192 2263 2278 2345 2403 2462 2518 2573 2637 2669 2721 2769 2809 2904 2959 2972
7 10 92 140 176 224 309 332 427 452 517 586 612 683 729 803 862 891 918 979 1061 1091 1153 1231 1292 1301 1356 1444 1495 1527 1589 1664 1677 1749 1790 1849 1926 1989 2031 2054 2123 2164 2227 2310 2344 2418 2431 2509 2564 2643 2699 2726 2785 2857 2891 2934 3005
7 10 93 144 186 267 271 370 403 440 507 543 622 685 727 789 844 904 930 1022 1026 1102 1160 1222 1283 1348 1364 1423 1501 1523 1610 1624 1684 1759 1835 1838 1937 1961 2030 2082 2123 2184 2251 2313 2337 2383 2469 2490 2586 2613 2676 2720 2762 2858 2875 2959 2975
7 10 95 155 215 265 307 327 408 444 519 558 636 675 736 765 863 873 953 973 1077 1104 1140 1226 1266 1316 1365 1432 1480 1546 1576 1622 1720 1776 1821 1865 1923 1984 1998 2067 2124 2168 2236 2285 2325 2426 2460 2498 2558 2630 2691 2744 2759 2834 2885 2963 2976
7 10 95 159 192 236 285 340 414 464 519 585 610 653 716 782 814 873 937 980 1073 1082 1172 1195 1276 1347 1387 1450 1481 1537 1571 1644 1693 1776 1825 1880 1903 1984 1998 2087 2109 2161 2263 2310 2375 2396 2482 2498 2574 2624 2675 2740 2782 2817 2884 2945 2981
7 10 98 140 189 236 293 364 403 464 537 567 597 659 716 793 862 910 918 1000 1039 1115 1157 1210 1244 1330 1374 1414 1473 1549 1605 1658 1693 1737 1835 1877 1937 1961 2019 2103 2123 2161 2251 2310 2365 2390 2434 2504 2587 2624 2654 2706 2785 2857 2868 2962 2975
7 10 102 134 166 250 303 340 415 457 494 556 634 654 724 787 846 881 961 1016 1047 1093 1185 1195 1243 1335 1399 1414 1467 1516 1566 1643 1717 1781 1798 1846 1892 1947 2029 2073 2152 2208 2234 2314 2362 2413 2456 2536 2570 2606 2671 2742 2804 2837 2876 2945 3004
7 10 102 141 176 221 297 341 415 442 490 582 604 683 742 803 842 880 940 979 1052 1100 1170 1232 1295 1325 1359 1444 1507 1520 1566 1663 1691 1729 1798 1861 1910 1989 2050 2065 2109 2192 2216 2314 2344 2427 2452 2515 2574 2635 2696 2714 2779 2847 2866 2945 3004
4 10 104 142 165 235 306 327 409 434 529 582 612 696 746 786 861 910 931 973 1079 1086 1140 1227 1267 1346 1361 1422 1480 1559 1581 1633 1715 1755 1820 1836 1922 1989 2028 2067 2135 2181 2236 2285 2374 2418 2439 2521 2546 2631 2680 2734 2778 2833 2866 2926 2995
7 10 106 121 166 244 319 339 398 476 494 557 634 668 752 775 857 867 942 1011 1063 1118 1144 1211 1274 1309 1383 1432 1499 1512 1570 1656 1720 1781 1797 1887 1923 1962 2029 2058 2149 2197 2246 2314 2366 2400 2456 2532 2540 2620 2653 2709 2777 2843 2877 2926 2971
4 10 106 149 196 222 296 339 385 454 539 585 604 680 704 780 847 881 923 995 1042 1124 1168 1208 1274 1332 1355 1450 1471 1512 1567 1667 1692 1736 1809 1867 1911 1947 2029 2078 2149 2173 2265 2296 2361 2416 2479 2532 2588 2607 2675 2722 2798 2819 2900 2957 2974
7 10 107 136 181 238 300 340 426 471 525 586 622 660 727 763 819 909 961 1009 1048 1121 1157 1202 1289 1318 1356 1414 1508 1547 1573 1651 1715 1772 1834 1872 1890 1986 2003 2068 2123 2211 2248 2287 2323 2387 2451 2511 2553 2627 2647 2749 2758 2835 2897 2919 3001
7 11 54 128 212 229 300 337 386 477 516 577 613 693 711 772 833 910 949 984 1055 1081 1151 1235 1266 1322 1400 1437 1485 1527 1617 1652 1685 1768 1816 1863 1932 1952 2037 2054 2150 2213 2221 2291 2359 2381 2433 2488 2580 2644 2671 2706 2794 2844 2911 2935 2992
4 11 54 138 211 261 290 370 386 459 501 550 627 661 739 809 851 878 950 1019 1029 1082 1138 1200 1282 1332 1377 1424 1508 1541 1617 1651 1712 1753 1816 1880 1897 1987 2002 2053 2114 2177 2256 2291 2330 2394 2459 2524 2561 2598 2686 2752 2779 2834 2912 2935 2992
4 11 55 142 203 229 315 361 392 484 522 554 637 679 711 806 833 910 941 1010 1027 1109 1185 1236 1284 1323 1366 1437 1479 1522 1583 1626 1697 1777 1802 1862 1916 1962 2010 2052 2126 2213 2218 2279 2352 2418 2433 2491 2543 2637 2678 2734 2791 2848 2910 2924 2999
7 11 57 157 215 247 304 370 426 468 507 583 613 665 707 789 855 874 929 986 1057 1122 1156 1189 1271 1320 1360 1423 1461 1552 1581 1659 1689 1779 1811 1838 1937 1981 1998 2105 2114 2188 2223 2302 2366 2383 2436 2524 2564 2613 2688 2729 2771 2845 2913 2939 2996
7 11 58 123 199 241 322 337 420 465 492 559 631 688 726 759 839 881 921 984 1049 1101 1151 1222 1277 1310 1401 1447 1485 1532 1616 1664 1682 1773 1829 1874 1900 1954 2026 2054 2141 2202 2221 2291 2371 2376 2447 2517 2591 2624 2655 2731 2803 2833 2902 2963 2971
7 11 58 144 177 248 309 333 425 458 521 548 631 686 746 756 812 897 967 997 1077 1133 1175 1202 1248 1331 1373 1447 1474 1557 1616 1644 1694 1748 1824 1876 1899 1958 2031 2082 2125 2178 2262 2314 2325 2379 2458 2512 2559 2624 2656 2731 2761 2820 2914 2939 2971
4 11 58 147 215 254 306 357 425 473 531 559 637 681 706 773 831 874 941 986 1054 1109 1137 1212 1262 1308 1366 1441 1481 1547 1616 1669 1682 1734 1824 1862 1938 1962 2026 2105 2121 2160 2223 2314 2366 2418 2481 2517 2540 2623 2653 2732 2764 2843 2877 2939 2971
7 11 59 140 171 251 274 337 414 452 486 586 612 649 725 803 834 882 948 979 1035 1120 1161 1191 1256 1321 1388 1415 1475 1556 1593 1636 1718 1749 1799 1886 1939 1978 2049 2054 2114 2200 2226 2291 2364 2406 2465 2536 2586 2625 2675 2705 2796 2834 2915 2954 3017
4 11 60 124 182 216 314 341 379 483 503 559 602 687 741 779 835 878 959 1003 1029 1111 1139 1217 1291 1310 1382 1447 1503 1548 1575 1672 1712 1756 1829 1860 1940 1966 2000 2080 2153 2164 2219 2279 2358 2402 2446 2496 2591 2614 2655 2736 2803 2837 2903 2950 3014
4 11 60 152 203 255 286 337 379 456 522 577 637 648 738 760 863 881 970 1001 1042 1107 1159 1219 1269 1325 1395 1412 1490 1529 1575 1661 1694 1777 1829 1887 1895 1990 2010 2084 2129 2184 2264 2279 2361 2382 2433 2486 2563 2628 2694 2722 2763 2822 2882 2950 3014
7 11 62 113 203 222 309 333 402 441 509 583 608 698 704 787 847 910 944 1010 1059 1100 1154 1215 1286 1320 1385 1423 1509 1564 1613 1654 1694 1731 1811 1841 1906 1978 2051 2052 2129 2172 2218 2306 2352 2408 2479 2498 2564 2636 2688 2701 2771 2854 2879 2924 3020
7 11 62 157 195 231 321 357 379 436 538 583 631 689 722 780 812 874 954 1002 1065 1107 1172 1219 1264 1318 1356 1412 1498 1515 1614 1620 1694 1772 1824 1852 1895 1966 2012 2083 2153 2189 2264 2287 2348 2421 2448 2537 2573 2618 2656 2730 2761 2820 2898 2931 3019
7 11 62 159 198 257 319 333 379 448 489 559 602 663 728 784 845 897 918 1003 1044 1110 1179 1218 1286 1308 1390 1441 1464 1564 1614 1656 1718 1751 1824 1840 1940 1990 2051 2080 2129 2185 2219 2287 2342 2415 2470 2498 2540 2622 2653 2726 2764 2829 2895 2931 3019
7 11 63 113 185 243 296 345 425 449 510 583 613 697 717 797 842 910 963 1025 1064 1109 1178 1212 1242 1327 1391 1441 1510 1563 1572 1652 1682 1767 1783 1872 1938 1958 2034 2066 2125 2181 2223 2279 2324 2393 2466 2506 2568 2594 2696 2712 2759 2835 2865 2950 3014
7 11 63 133 165 265 275 370 425 469 537 548 631 676 705 776 840 885 950 997 1061 1094 1150 1241 1281 1323 1402 1424 1499 1536 1572 1665 1718 1728 1783 1853 1899 1962 2020 2082 2121 2201 2262 2279 2337 2420 2469 2520 2570 2604 2651 2702 2804 2839 2885 2950 3014
7 11 66 157 187 241 271 370 429 463 533 550 631 676 726 776 826 907 929 976 1061 1090 1163 1222 1264 1301 1392 1423 1498 1515 1610 1670 1697 1776 1788 1838 1912 1963 2007 2091 2141 2202 2214 2276 2337 2383 2459 2537 2570 2626 2673 2718 2800 2845 2902 2931 3023
7 11 68 140 185 236 297 333 426 483 518 559 637 688 712 805 834 910 948 1025 1038 1081 1186 1230 1244 1342 1355 1419 1502 1529 1570 1626 1693 1763 1811 1866 1937 1981 2019 2066 2114 2196 2223 2291 2324 2426 2470 2513 2575 2592 2663 2739 2796 2834 2868 2950 2996
7 11 73 146 168 261 314 341 417 438 503 586 608 649 718 803 859 871 947 982 1074 1106 1185 1229 1266 1310 1382 1437 1458 1516 1597 1672 1712 1730 1805 1886 1915 1954 2027 2074 2126 2198 2250 2291 2364 2407 2442 2500 2547 2620 2699 2705 2757 2849 2891 2960 3007
7 11 74 119 188 240 305 367 430 447 525 558 631 678 750 806 826 910 967 1004 1027 1133 1161 1197 1284 1328 1373 1415 1460 1519 1566 1640 1697 1752 1788 1876 1904 1958 2034 2070 2114 2190 2258 2302 2353 2379 2472 2494 2543 2596 2673 2739 2800 2845 2910 2936 3022
7 11 76 134 188 264 279 367 418 479 520 558 627 692 727 773 826 874 923 1002 1054 1080 1135 1192 1262 1303 1371 1450 1463 1543 1619 1662 1682 1752 1831 1888 1928 1963 2038 2103 2129 2190 2245 2306 2355 2427 2472 2521 2540 2601 2658 2714 2792 2854 2877 2931 2973
7 11 77 137 208 222 318 331 413 475 515 573 608 699 704 808 859 881 956 999 1070 1096 1135 1215 1274 1305 1374 1450 1508 1542 1600 1667 1712 1744 1805 1836 1911 1987 2040 2057 2129 2172 2247 2288 2327 2380 2467 2511 2552 2602 2699 2722 2757 2849 2879 2927 3011
7 11 77 152 199 247 295 345 386 452 515 577 613 651 707 797 816 881 931 984 1056 1127 1161 1189 1272 1300 1398 1415 1475 1544 1605 1636 1708 1744 1803 1889 1932 1987 2040 2054 2114 2188 2221 2283 2371 2385 2475 2511 2577 2629 2646 2724 2805 2860 2913 2963 3006
7 11 79 144 198 229 291 341 428 484 520 548 613 676 711 771 813 897 929 1003 1051 1122 1139 1235 1270 1296 1360 1450 1503 1528 1598 1671 1697 1767 1812 1838 1891 1981 2023 2080 2150 2213 2219 2279 2342 2383 2454 2527 2542 2637 2685 2718 2795 2858 2911 2931 3002
7 11 79 156 183 218 305 367 407 460 525 548 640 700 714 762 852 901 926 972 1071 1083 1149 1237 1259 1328 1373 1424 1483 1540 1598 1640 1697 1762 1832 1849 1930 1978 2023 2056 2125 2167 2254 2283 2373 2429 2440 2527 2565 2610 2651 2745 2755 2856 2899 2927 3002
7 11 80 123 193 265 312 357 430 443 487 558 631 689 705 780 849 882 942 1004 1065 1089 1136 1241 1277 1306 1397 1427 1485 1532 1611 1627 1685 1778 1833 1865 1904 1952 2003 2070 2121 2201 2258 2311 2348 2424 2460 2517 2573 2630 2668 2717 2754 2812 2885 2963 2976
7 11 80 147 192 260 317 337 414 445 487 550 637 648 719 760 836 882 952 1012 1042 1087 1187 1190 1262 1345 1392 1450 1481 1547 1571 1629 1693 1778 1799 1857 1902 1952 2003 2055 2141 2194 2263 2306 2361 2386 2461 2517 2563 2644 2675 2751 2796 2832 2890 2939 3017
4 11 80 150 185 257 285 342 430 461 506 550 616 697 728 797 845 897 924 1025 1056 1098 1182 1220 1292 1300 1377 1441 1505 1513 1611 1645 1693 1763 1833 1847 1934 1958 2031 2061 2114 2185 2228 2311 2324 2378 2470 2489 2577 2609 2646 2738 2776 2818 2893 2963 2976
4 11 80 155 190 216 309 342 414 453 521 558 640 692 741 789 835 878 926 974 1057 1083 1143 1228 1292 1320 1373 1447 1500 1513 1571 1654 1685 1748 1799 1849 1939 1978 2031 2059 2114 2164 2226 2306 2339 2429 2446 2489 2564 2643 2688 2752 2784 2857 2892 2939 3017
7 11 81 134 201 225 318 361 410 475 511 550 608 697 737 759 861 881 963 1001 1049 1121 1135 1211 1277 1305 1378 1427 1463 1543 1568 1667 1682 1732 1826 1872 1917 1963 2014 2103 2153 2182 2246 2311 2363 2393 2430 2505 2591 2599 2660 2712 2806 2814 2902 2950 2988
7 11 81 156 202 265 297 341 410 469 518 548 616 658 743 777 863 901 965 996 1026 1130 1150 1217 1246 1302 1355 1419 1486 1537 1568 1665 1685 1763 1826 1878 1922 1990 2019 2094 2126 2163 2241 2311 2357 2377 2454 2500 2589 2604 2698 2707 2768 2817 2901 2950 2988
7 11 83 152 205 240 301 337 427 447 491 558 640 669 731 791 819 901 970 979 1050 1125 1161 1205 1267 1332 1376 1412 1475 1544 1604 1640 1708 1729 1785 1887 1926 1987 2048 2054 2117 2209 2226 2291 2331 2382 2477 2516 2578 2596 2670 2700 2807 2822 2904 2936 3012
7 11 84 108 194 232 317 341 394 461 487 550 602 687 739 779 816 901 938 992 1029 1087 1158 1200 1282 1305 1392 1427 1462 1550 1592 1668 1689 1733 1826 1870 1892 1987 2048 2068 2141 2206 2243 2288 2358 2386 2457 2515 2591 2635 2660 2725 2806 2859 2912 2963 3004
7 11 85 124 205 269 299 341 405 435 536 554 616 683 715 777 858 882 959 979 1077 1113 1183 1232 1248 1335 1380 1447 1494 1557 1601 1660 1708 1729 1798 1860 1908 1952 2003 2064 2117 2169 2216 2314 2331 2402 2477 2512 2538 2616 2650 2740 2780 2837 2914 2954 2991
7 11 85 137 215 250 286 342 405 456 531 573 637 701 712 765 810 881 958 1016 1073 1092 1159 1195 1243 1325 1386 1427 1488 1562 1601 1661 1689 1734 1798 1839 1892 1954 2026 2086 2114 2182 2232 2314 2335 2425 2481 2489 2586 2633 2672 2724 2758 2847 2905 2954 2991
7 11 85 138 199 240 321 342 400 436 492 554 631 650 750 763 851 874 950 1021 1068 1094 1172 1197 1243 1318 1402 1450 1487 1562 1586 1620 1708 1773 1821 1853 1943 1962 2026 2093 2114 2190 2217 2291 2333 2420 2447 2489 2548 2608 2681 2729 2779 2834 2910 2960 3007
7 11 85 159 210 218 300 333 400 449 536 573 640 673 714 785 820 882 918 981 1043 1120 1178 1237 1287 1322 1379 1441 1510 1518 1586 1652 1689 1729 1821 1840 1893 1952 2003 2066 2125 2167 2267 2291 2370 2415 2473 2512 2580 2621 2671 2716 2790 2829 2899 2960 3007
4 11 88 109 215 232 274 367 400 461 486 586 627 681 739 773 837 885 968 986 1028 1120 1182 1237 1249 1312 1388 1441 1505 1554 1590 1645 1689 1779 1817 1867 1893 1962 2020 2061 2114 2206 2267 2288 2366 2406 2436 2494 2566 2635 2667 2727 2787 2813 2873 2927 3011
7 11 88 119 165 246 322 331 413 465 537 586 631 677 752 804 850 881 954 988 1073 1107 1151 1193 1284 1310 1356 1437 1460 1519 1590 1664 1689 1728 1805 1852 1923 1966 2020 2081 2150 2191 2235 2279 2347 2421 2469 2494 2547 2619 2699 2742 2757 2858 2863 2936 3011
4 11 89 157 183 217 296 331 392 482 510 583 608 654 749 808 817 874 954 972 1040 1109 1163 1236 1295 1329 1391 1437 1498 1515 1597 1650 1697 1762 1810 1881 1916 1963 2038 2091 2125 2203 2218 2314 2373 2393 2440 2508 2583 2597 2664 2728 2756 2820 2870 2954 2991
4 11 90 159 188 238 318 361 380 485 515 573 637 678 738 806 845 882 918 1004 1031 1096 1147 1209 1268 1344 1374 1415 1510 1518 1615 1629 1682 1769 1789 1874 1919 1958 2015 2097 2129 2200 2232 2287 2353 2380 2455 2529 2539 2595 2689 2741 2764 2829 2894 2963 2982
4 11 90 160 187 258 294 361 418 441 527 548 640 676 703 776 819 878 962 976 1058 1111 1154 1238 1268 1336 1375 1423 1509 1518 1577 1654 1708 1757 1785 1853 1921 1963 2015 2052 2129 2208 2254 2279 2337 2409 2478 2529 2574 2599 2670 2702 2807 2822 2866 2960 3021
4 11 92 128 215 252 279 367 408 443 507 586 613 701 718 765 837 901 953 1016 1074 1104 1136 1229 1266 1339 1384 1427 1485 1527 1606 1627 1682 1779 1832 1859 1917 1954 1998 2070 2121 2206 2248 2302 2335 2416 2436 2488 2585 2641 2647 2703 2759 2840 2891 2935 3001
4 11 93 134 170 248 310 345 386 463 489 550 627 677 719 781 862 881 963 1019 1042 1092 1184 1190 1262 1335 1399 1441 1463 1543 1590 1649 1694 1781 1803 1852 1897 1952 2022 2053 2150 2205 2256 2314 2370 2413 2444 2521 2542 2619 2646 2742 2805 2814 2890 2931 3006
4 11 96 132 189 255 300 337 388 456 536 573 602 699 725 808 830 885 921 1017 1040 1120 1175 1191 1251 1329 1379 1447 1486 1560 1575 1646 1685 1733 1784 1836 1939 1990 1999 2069 2125 2197 2252 2288 2327 2415 2462 2531 2583 2628 2664 2722 2783 2824 2915 2954 2977
7 11 98 158 173 236 285 342 431 432 514 577 608 693 737 772 852 907 922 1021 1067 1116 1172 1227 1267 1321 1370 1412 1487 1542 1618 1624 1693 1730 1791 1863 1914 1978 2016 2093 2153 2170 2217 2291 2359 2408 2437 2518 2567 2643 2694 2706 2802 2809 2886 2927 2984
4 11 101 139 173 260 291 345 406 484 495 554 613 651 735 797 838 897 953 1008 1056 1104 1139 1213 1292 1296 1384 1447 1484 1517 1574 1671 1693 1735 1807 1859 1931 1954 2041 2098 2153 2178 2231 2306 2371 2416 2432 2485 2577 2606 2650 2753 2770 2828 2893 2924 3020
7 11 102 144 162 266 290 370 390 437 501 548 608 658 733 791 850 897 929 1023 1050 1098 1160 1220 1283 1332 1377 1423 1503 1528 1613 1651 1712 1732 1835 1842 1934 1966 2024 2058 2117 2191 2266 2311 2343 2378 2469 2514 2578 2593 2670 2743 2757 2858 2888 2936 2979
7 11 102 146 186 260 315 345 420 484 502 548 637 671 719 792 841 910 958 1006 1046 1092 1185 1190 1258 1323 1386 1424 1458 1516 1574 1626 1712 1769 1783 1839 1897 1954 2028 2074 2141 2194 2224 2287 2362 2425 2456 2510 2570 2606 2651 2753 2804 2838 2890 2931 3019
7 11 102 153 190 238 308 370 420 435 490 577 613 692 742 789 842 885 923 974 1052 1101 1183 1222 1283 1326 1350 1447 1494 1528 1574 1660 1682 1743 1783 1888 1900 1978 2024 2064 2117 2197 2221 2287 2339 2427 2451 2514 2569 2645 2696 2714 2759 2835 2886 2931 3019
7 11 103 108 170 233 305 345 393 460 509 550 640 690 735 757 862 901 938 1020 1076 1104 1149 1213 1271 1328 1389 1423 1462 1550 1577 1640 1718 1781 1827 1845 1931 1958 2001 2078 2126 2205 2244 2302 2369 2411 2444 2526 2543 2594 2673 2707 2760 2859 2893 2924 3008
7 11 103 147 165 221 320 361 380 459 516 550 602 677 754 804 831 882 941 988 1035 1113 1165 1232 1295 1297 1380 1437 1493 1535 1602 1625 1718 1766 1789 1877 1908 1966 2039 2073 2121 2211 2243 2314 2347 2402 2430 2487 2585 2638 2689 2717 2764 2843 2875 2935 2982
7 11 103 158 175 244 309 342 380 474 509 583 627 654 727 807 857 901 922 1016 1026 1100 1159 1204 1280 1331 1385 1412 1488 1541 1602 1644 1685 1781 1789 1863 1919 1958 2001 2086 2129 2209 2232 2314 2374 2408 2439 2526 2559 2609 2656 2746 2797 2809 2865 2935 2982
7 11 104 152 165 225 319 333 409 439 526 577 640 696 737 785 861 881 931 988 1067 1103 1136 1227 1267 1333 1353 1427 1475 1544 1567 1632 1718 1766 1809 1844 1925 1978 2029 2081 2121 2182 2235 2276 2347 2429 2430 2516 2554 2636 2692 2748 2760 2860 2886 2936 2975
7 11 104 157 186 264 314 341 409 440 519 583 616 658 727 777 826 874 929 1011 1026 1108 1187 1204 1280 1348 1367 1450 1461 1552 1567 1634 1712 1754 1809 1842 1911 1958 2030 2076 2141 2190 2251 2276 2357 2378 2472 2515 2589 2639 2652 2743 2800 2845 2865 2936 2975
7 11 105 140 194 258 306 331 382 439 531 559 612 687 749 779 860 910 943 992 1079 1109 1136 1236 1256 1346 1366 1427 1475 1556 1587 1632 1708 1755 1820 1860 1916 1987 2004 2081 2121 2161 2230 2279 2358 2418 2435 2536 2541 2602 2687 2736 2785 2839 2870 2954 2970
7 11 105 144 170 255 302 370 382 456 530 573 616 690 738 757 813 871 929 1020 1031 1108 1175 1209 1268 1327 1367 1423 1474 1557 1587 1646 1694 1741 1820 1842 1906 1958 2050 2082 2150 2184 2240 2279 2369 2378 2483 2490 2588 2628 2676 2710 2795 2858 2894 2954 2970
7 11 106 117 194 246 286 342 431 458 531 548 612 676 732 771 811 907 924 1007 1030 1129 1157 1228 1242 1325 1386 1441 1492 1533 1610 1661 1689 1755 1791 1838 1893 1990 2004 2092 2141 2210 2238 2279 2342 2388 2435 2535 2563 2626 2694 2718 2802 2851 2901 2939 2984
7 11 106 144 197 263 274 367 410 480 486 548 616 671 703 792 817 897 967 996 1058 1110 1162 1238 1268 1312 1388 1415 1474 1557 1579 1645 1689 1749 1800 1839 1922 1963 2049 2094 2153 2203 2241 2287 2362 2417 2440 2490 2558 2601 2674 2753 2756 2820 2866 2954 3016
7 11 107 140 187 252 312 333 413 443 533 586 631 686 747 756 851 882 948 988 1077 1085 1136 1214 1294 1306 1351 1419 1475 1556 1569 1627 1708 1776 1821 1866 1923 1987 2007 2081 2129 2177 2235 2276 2325 2426 2459 2498 2559 2641 2681 2741 2779 2834 2867 2935 2994
4 12 54 124 193 244 309 327 430 464 526 546 645 653 736 795 834 912 953 980 1068 1133 1159 1197 1266 1347 1393 1427 1485 1546 1611 1624 1685 1738 1819 1885 1903 1977 2040 2067 2124 2161 2258 2315 2323 2396 2467 2496 2558 2623 2668 2716 2782 2815 2909 2940 2989
7 12 54 135 206 236 306 327 392 459 495 550 617 660 722 765 814 896 932 991 1072 1082 1140 1226 1266 1297 1380 1451 1474 1546 1584 1644 1680 1768 1812 1880 1895 1992 2040 2089 2124 2210 2263 2291 2375 2384 2470 2496 2572 2631 2675 2752 2787 2834 2905 2968 3017
4 12 57 109 207 254 304 346 421 475 514 588 641 685 707 774 841 885 941 985 1071 1116 1180 1237 1271 1308 1366 1436 1491 1540 1616 1645 1725 1742 1822 1863 1910 1961 2025 2061 2112 2162 2267 2271 2374 2383 2438 2517 2538 2613 2688 2722 2764 2845 2877 2927 3011
7 12 57 142 177 253 271 345 421 459 515 591 626 686 754 758 810 886 942 1021 1034 1089 1140 1201 1257 1333 1383 1451 1474 1539 1616 1644 1722 1758 1822 1878 1943 1950 2031 2089 2124 2179 2234 2271 2326 2422 2475 2511 2569 2614 2656 2721 2796 2820 2907 2927 3011
7 12 58 132 207 247 306 327 396 461 517 587 642 666 706 794 838 885 929 985 1047 1120 1167 1227 1262 1320 1360 1422 1504 1554 1581 1621 1680 1736 1817 1836 1933 1977 2000 2061 2157 2187 2267 2292 2374 2418 2445 2524 2565 2623 2653 2746 2771 2843 2913 2927 3021
7 12 58 144 213 234 295 345 396 432 528 546 611 680 754 782 837 867 919 1011 1041 1089 1175 1201 1250 1331 1396 1452 1468 1542 1581 1632 1721 1748 1817 1865 1943 1995 2037 2093 2140 2199 2257 2292 2325 2410 2452 2486 2566 2638 2663 2731 2761 2832 2907 2927 3021
7 12 60 126 193 259 303 375 405 485 487 587 597 653 742 795 851 886 963 980 1046 1112 1146 1192 1263 1343 1378 1427 1510 1549 1601 1629 1692 1764 1816 1851 1917 1977 2023 2097 2117 2201 2229 2274 2323 2406 2440 2512 2581 2612 2672 2749 2766 2808 2913 2965 2987
7 12 60 158 196 231 300 333 412 437 522 587 616 701 747 769 842 896 957 1018 1078 1121 1172 1188 1279 1304 1360 1407 1478 1533 1601 1622 1692 1729 1810 1879 1902 1967 2023 2095 2157 2191 2240 2316 2330 2417 2459 2512 2583 2641 2661 2720 2781 2812 2880 2922 2987
4 12 61 139 200 257 323 371 416 473 498 562 611 672 714 763 855 870 946 993 1043 1126 1173 1212 1269 1316 1359 1415 1462 1538 1596 1663 1722 1780 1787 1837 1932 1995 2043 2103 2109 2160 2235 2301 2349 2410 2449 2499 2574 2602 2695 2738 2770 2838 2897 2939 2972
7 12 62 126 202 252 305 345 420 456 505 562 611 680 733 782 851 911 963 1022 1041 1085 1160 1190 1286 1313 1399 1455 1495 1564 1599 1627 1677 1771 1807 1866 1928 1992 2051 2074 2117 2170 2235 2274 2325 2392 2471 2497 2566 2593 2681 2730 2766 2808 2869 2949 3018
7 12 62 145 212 250 310 345 406 443 529 543 626 686 730 758 817 912 938 988 1034 1084 1134 1213 1286 1306 1389 1410 1476 1564 1612 1661 1698 1747 1783 1856 1923 1991 2051 2098 2117 2177 2245 2319 2326 2426 2466 2497 2569 2618 2683 2743 2779 2835 2876 2934 3005
7 12 62 148 176 254 307 372 406 452 538 562 600 683 707 772 841 885 959 998 1061 1125 1184 1204 1261 1323 1368 1436 1497 1555 1612 1641 1677 1772 1783 1847 1921 1954 2011 2056 2154 2162 2247 2319 2350 2376 2438 2537 2545 2636 2671 2726 2792 2818 2912 2934 3005
7 12 63 112 189 250 303 340 417 457 487 587 626 666 730 808 846 870 933 993 1070 1112 1176 1213 1250 1305 1378 1452 1496 1514 1607 1666 1725 1752 1825 1881 1894 1947 2035 2073 2117 2177 2264 2292 2360 2406 2437 2516 2551 2604 2699 2700 2774 2858 2876 2939 3012
7 12 63 122 196 261 297 333 421 450 510 587 642 673 717 799 842 867 945 981 1064 1116 1186 1237 1244 1318 1357 1436 1502 1520 1607 1657 1725 1729 1821 1870 1910 1950 2035 2065 2124 2191 2267 2291 2368 2393 2459 2516 2558 2592 2696 2712 2758 2834 2866 2940 3012
7 12 63 134 166 240 284 327 421 467 494 591 626 693 748 786 830 874 955 1021 1055 1093 1150 1197 1243 1322 1394 1452 1465 1536 1607 1648 1721 1730 1821 1854 1943 1961 2030 2089 2112 2203 2234 2291 2337 2428 2469 2522 2570 2604 2650 2700 2804 2829 2896 2940 3012
7 12 69 108 165 217 277 346 396 469 500 546 611 669 736 776 840 874 935 1011 1068 1093 1143 1197 1266 1298 1394 1451 1499 1524 1572 1650 1722 1754 1831 1873 1943 1977 2027 2093 2157 2190 2257 2291 2372 2428 2462 2520 2577 2617 2651 2728 2770 2854 2909 2919 3007
4 12 69 149 207 220 301 346 404 447 512 588 597 701 741 765 841 896 958 1024 1072 1130 1179 1209 1266 1325 1354 1427 1458 1524 1601 1649 1680 1742 1806 1879 1912 1954 2027 2071 2157 2162 2253 2315 2334 2416 2438 2520 2572 2641 2647 2720 2792 2818 2905 2934 2977
4 12 69 150 194 259 314 375 401 485 500 588 616 663 743 801 860 874 956 1000 1026 1111 1142 1198 1254 1348 1358 1407 1504 1537 1601 1633 1680 1754 1809 1841 1926 1977 2027 2087 2130 2200 2215 2286 2352 2378 2434 2520 2556 2612 2684 2749 2776 2828 2904 2964 2977
7 12 71 122 186 265 290 340 419 437 507 587 645 677 721 790 826 867 943 1008 1035 1119 1136 1231 1255 1339 1400 1427 1466 1556 1611 1658 1698 1755 1794 1868 1930 1992 2036 2084 2140 2197 2224 2279 2322 2380 2437 2536 2584 2608 2672 2731 2790 2836 2915 2922 2970
7 12 72 135 208 249 308 327 418 478 491 572 642 700 703 794 842 874 932 972 1053 1111 1158 1224 1249 1317 1352 1451 1492 1528 1619 1662 1725 1743 1821 1880 1900 1967 2047 2064 2129 2190 2255 2286 2340 2384 2460 2521 2559 2601 2696 2713 2758 2834 2886 2922 3015
7 12 78 136 183 256 272 356 393 441 524 587 611 666 745 808 814 874 947 999 1039 1129 1170 1208 1251 1304 1355 1407 1459 1545 1577 1650 1697 1748 1810 1881 1925 1992 2041 2077 2112 2200 2221 2292 2360 2392 2480 2530 2583 2635 2661 2700 2781 2840 2915 2968 3006
7 12 79 151 208 218 271 372 412 463 515 557 597 700 741 794 859 870 971 972 1047 1126 1143 1230 1292 1320 1383 1451 1498 1551 1580 1656 1697 1758 1799 1848 1916 1967 2031 2094 2157 2165 2226 2301 2340 2385 2446 2488 2565 2600 2653 2745 2791 2827 2882 2927 2999
7 12 80 117 190 258 319 346 430 471 521 591 600 652 748 788 822 911 958 987 1055 1133 1136 1197 1243 1312 1369 1427 1488 1548 1587 1625 1685 1744 1801 1875 1903 1961 2005 2060 2140 2186 2258 2316 2348 2419 2465 2509 2568 2613 2692 2750 2754 2850 2896 2919 3009
7 12 80 135 171 254 303 340 395 475 487 550 600 687 707 800 818 896 943 1013 1045 1110 1158 1204 1277 1305 1378 1427 1492 1528 1587 1666 1725 1764 1834 1840 1935 1967 2023 2064 2154 2162 2214 2271 2363 2408 2461 2491 2591 2613 2659 2750 2799 2823 2912 2965 3009
4 12 80 136 197 260 289 356 397 444 521 550 642 648 710 798 836 911 947 997 1036 1085 1142 1190 1278 1340 1399 1407 1491 1513 1603 1673 1725 1744 1832 1881 1928 1961 2005 2099 2130 2175 2256 2274 2333 2392 2458 2509 2579 2644 2686 2719 2758 2840 2893 2939 2992
4 12 80 141 212 255 298 356 395 436 502 591 616 686 743 758 863 880 964 988 1057 1092 1165 1229 1278 1311 1384 1410 1486 1513 1587 1646 1685 1763 1834 1878 1890 1991 2005 2083 2130 2204 2259 2271 2326 2401 2450 2509 2546 2642 2691 2721 2767 2817 2871 2965 3009
7 12 80 142 191 228 300 340 428 477 522 591 642 693 755 771 856 886 929 1003 1075 1120 1148 1231 1277 1298 1360 1407 1485 1528 1603 1628 1685 1729 1802 1836 1929 1977 2023 2079 2154 2169 2218 2291 2352 2418 2464 2491 2543 2644 2685 2719 2797 2833 2881 2922 2992
7 12 81 131 162 255 312 372 422 482 511 572 611 678 745 771 820 886 919 990 1075 1089 1154 1241 1277 1335 1396 1427 1484 1519 1592 1640 1685 1739 1790 1865 1903 1995 2034 2090 2112 2201 2266 2271 2367 2410 2472 2501 2543 2596 2648 2733 2786 2845 2881 2964 2985
7 12 81 150 181 245 294 346 422 461 493 550 616 687 747 797 815 912 937 1025 1067 1117 1167 1207 1254 1333 1376 1422 1504 1537 1592 1621 1707 1763 1790 1886 1942 1950 2015 2061 2157 2176 2227 2271 2365 2398 2479 2520 2548 2625 2677 2704 2756 2847 2862 2964 2985
7 12 82 117 174 265 312 372 403 437 532 587 597 666 738 794 853 915 959 1016 1053 1115 1136 1205 1265 1317 1374 1436 1488 1548 1595 1658 1685 1737 1786 1836 1919 1961 2033 2060 2129 2180 2229 2292 2374 2388 2483 2485 2559 2608 2696 2746 2794 2849 2868 2922 3003
4 12 82 150 168 234 279 375 403 432 522 550 626 697 754 775 831 912 956 989 1079 1088 1145 1232 1251 1337 1380 1407 1483 1558 1595 1661 1721 1752 1786 1841 1905 1966 1999 2088 2124 2199 2243 2292 2358 2378 2457 2519 2582 2638 2686 2716 2804 2828 2874 2922 3003
7 12 83 145 164 262 289 375 403 440 535 543 641 684 727 766 830 912 944 980 1067 1097 1146 1222 1242 1340 1385 1415 1510 1530 1594 1673 1707 1733 1786 1860 1919 1961 2014 2097 2129 2203 2229 2274 2353 2383 2469 2529 2579 2627 2686 2701 2804 2829 2873 2940 3003
7 12 83 160 198 255 308 375 379 482 491 572 617 676 743 791 863 880 962 979 1038 1111 1154 1198 1242 1339 1352 1410 1495 1530 1597 1640 1677 1777 1815 1850 1926 1992 2014 2080 2129 2204 2239 2279 2338 2384 2450 2529 2563 2596 2693 2727 2763 2821 2904 2964 3000
4 12 84 151 191 258 297 375 391 452 510 557 616 663 727 801 819 870 936 1003 1026 1097 1184 1222 1283 1334 1357 1436 1497 1552 1568 1641 1685 1729 1826 1885 1919 1947 2035 2056 2154 2207 2241 2316 2352 2412 2464 2494 2556 2632 2698 2705 2767 2861 2873 2940 2978
7 12 85 128 207 252 286 372 423 456 514 562 641 657 712 809 812 880 960 1024 1069 1092 1160 1229 1281 1332 1384 1415 1479 1562 1594 1627 1680 1742 1798 1882 1890 1966 2025 2090 2157 2192 2233 2271 2334 2401 2438 2488 2557 2593 2695 2735 2759 2847 2903 2949 3001
4 12 87 133 189 235 279 371 420 476 522 557 617 700 751 774 826 885 932 993 1071 1082 1173 1193 1271 1338 1380 1407 1462 1543 1574 1660 1725 1752 1807 1880 1928 1992 1999 2103 2117 2197 2235 2301 2360 2384 2437 2514 2538 2645 2658 2713 2790 2836 2877 2922 3018
7 12 89 137 203 236 282 333 412 470 539 543 611 684 722 787 814 896 946 1013 1028 1126 1152 1230 1247 1341 1359 1451 1503 1527 1572 1672 1697 1771 1810 1837 1916 1995 2018 2052 2130 2210 2226 2274 2331 2410 2470 2533 2546 2620 2661 2725 2781 2840 2901 2965 2987
4 12 89 146 174 217 310 346 405 469 529 543 641 685 731 774 856 915 937 1016 1071 1084 1164 1219 1258 1338 1389 1422 1460 1517 1572 1630 1697 1781 1816 1857 1917 1977 2018 2060 2117 2195 2229 2316 2374 2426 2439 2533 2538 2617 2658 2728 2780 2851 2892 2922 2987
4 12 91 161 192 254 281 340 401 475 486 588 616 652 704 782 859 911 961 1000 1041 1090 1180 1218 1286 1331 1391 1410 1467 1525 1587 1645 1677 1773 1789 1875 1926 1967 2017 2087 2140 2165 2215 2319 2354 2417 2446 2536 2566 2613 2663 2750 2791 2827 2869 2927 2998
4 12 92 137 207 250 279 371 398 443 517 543 642 657 718 809 836 896 946 1024 1045 1104 1134 1195 1291 1337 1386 1415 1503 1527 1608 1661 1725 1736 1832 1869 1918 1966 2000 2071 2112 2189 2253 2292 2334 2377 2445 2489 2582 2618 2686 2747 2758 2840 2898 2934 2991
7 12 93 138 170 253 305 345 409 459 505 550 641 690 720 781 854 880 920 1005 1038 1096 1157 1233 1283 1313 1399 1436 1494 1522 1616 1627 1677 1781 1808 1874 1921 1950 2042 2053 2130 2212 2244 2316 2368 2381 2443 2526 2573 2614 2674 2721 2769 2816 2862 2968 2974
7 12 94 128 198 261 282 333 414 450 539 562 626 683 732 784 815 880 960 979 1052 1114 1171 1216 1246 1341 1359 1452 1479 1562 1607 1672 1697 1747 1813 1861 1891 1950 2042 2080 2109 2176 2239 2319 2338 2422 2479 2525 2553 2592 2654 2712 2756 2847 2894 2964 2980
7 12 99 146 188 256 271 372 430 441 515 591 600 683 745 772 860 867 960 987 1061 1089 1164 1241 1291 1320 1383 1415 1460 1517 1566 1656 1697 1759 1819 1861 1903 1977 2029 2060 2124 2200 2258 2292 2350 2422 2434 2500 2545 2635 2673 2712 2776 2828 2881 2964 2989
7 12 100 124 213 268 272 345 406 477 524 546 617 691 720 797 837 912 953 976 1067 1096 1148 1233 1254 1327 1355 1407 1485 1546 1574 1628 1707 1748 1783 1855 1921 1954 2041 2079 2154 2199 2247 2286 2362 2425 2452 2510 2548 2605 2683 2753 2779 2815 2862 2968 3005
4 12 100 135 166 252 291 345 431 456 506 572 645 678 712 801 818 874 943 1021 1026 1119 1140 1228 1254 1334 1400 1422 1474 1546 1599 1647 1680 1766 1795 1868 1933 1992 2041 2089 2154 2192 2234 2271 2337 2380 2432 2510 2556 2593 2698 2730 2799 2823 2904 2940 2979
4 12 104 160 166 225 295 345 409 474 528 572 597 667 739 792 818 880 930 988 1033 1114 1134 1189 1268 1331 1396 1415 1476 1549 1605 1632 1721 1766 1808 1889 1920 1967 2019 2098 2112 2192 2245 2319 2371 2385 2432 2506 2554 2634 2674 2744 2769 2853 2886 2965 2974
7 12 106 123 186 243 320 371 385 458 507 557 645 679 737 766 846 912 922 973 1067 1122 1165 1212 1242 1336 1370 1410 1487 1557 1610 1624 1707 1755 1835 1838 1936 1947 2036 2082 2130 2177 2249 2279 2359 2415 2437 2503 2579 2607 2690 2708 2774 2858 2873 2939 2983
4 12 107 132 200 231 277 346 417 437 530 587 626 655 732 780 810 885 952 993 1027 1106 1172 1219 1275 1327 1364 1455 1500 1558 1585 1622 1722 1780 1822 1852 1894 1954 2011 2073 2109 2206 2264 2286 2349 2404 2449 2493 2575 2641 2656 2737 2796 2820 2891 2922 3015
4 13 54 134 168 257 293 355 386 440 523 592 598 665 731 784 847 879 951 984 1052 1104 1152 1227 1253 1341 1403 1417 1500 1541 1609 1668 1709 1768 1788 1871 1936 1946 2047 2053 2154 2180 2236 2299 2344 2397 2475 2534 2552 2608 2654 2726 2805 2813 2895 2919 3010
7 13 58 121 203 217 311 358 397 450 505 587 646 698 723 756 832 867 943 1009 1064 1119 1182 1234 1248 1312 1378 1421 1502 1520 1593 1629 1705 1773 1817 1846 1915 1946 2035 2076 2110 2172 2267 2300 2371 2409 2437 2535 2582 2636 2672 2731 2772 2836 2871 2929 3005
4 13 58 149 171 266 283 327 397 442 494 570 610 649 751 768 853 898 926 1018 1033 1103 1166 1225 1287 1324 1394 1456 1486 1531 1593 1646 1721 1734 1817 1854 1943 1948 2049 2092 2108 2160 2239 2300 2343 2424 2469 2522 2560 2623 2664 2743 2780 2824 2903 2929 3005
4 13 59 123 186 241 281 327 383 460 507 571 606 671 713 794 839 866 926 992 1075 1122 1151 1217 1242 1303 1351 1456 1483 1555 1573 1642 1691 1774 1818 1884 1918 1991 2008 2089 2138 2194 2249 2303 2375 2395 2470 2524 2579 2606 2692 2745 2774 2850 2913 2920 3022
7 13 59 158 173 264 294 354 414 455 532 571 646 676 711 773 852 911 928 979 1051 1109 1171 1229 1285 1317 1389 1417 1507 1512 1573 1673 1691 1749 1787 1862 1910 1946 2008 2093 2109 2179 2259 2272 2344 2409 2431 2524 2574 2637 2680 2714 2782 2838 2877 2951 3022
4 13 60 159 213 240 323 376 379 468 523 574 596 674 717 789 849 868 925 1001 1055 1128 1167 1197 1261 1320 1373 1417 1463 1548 1588 1640 1721 1777 1803 1849 1909 1975 2039 2080 2139 2204 2256 2285 2332 2420 2430 2529 2578 2610 2693 2729 2764 2814 2904 2919 2982
4 13 61 125 200 262 288 371 414 453 534 592 625 648 742 806 830 894 942 1012 1037 1121 1145 1216 1267 1339 1359 1421 1480 1539 1571 1621 1687 1751 1787 1879 1910 1946 2043 2059 2109 2185 2259 2303 2371 2392 2483 2498 2568 2602 2673 2739 2789 2844 2895 2920 3022
7 13 62 134 200 255 283 371 421 465 530 592 628 693 748 763 830 879 922 1021 1038 1086 1144 1198 1243 1324 1358 1434 1487 1554 1607 1646 1677 1751 1807 1872 1928 1948 2046 2103 2119 2185 2214 2300 2363 2427 2483 2503 2560 2622 2664 2720 2791 2842 2883 2918 2986
7 13 62 137 169 233 323 371 396 468 509 543 596 686 724 766 836 868 968 1023 1047 1120 1167 1195 1243 1320 1387 1435 1484 1554 1581 1640 1726 1772 1811 1836 1935 1960 2046 2057 2119 2189 2252 2299 2327 2425 2444 2503 2584 2618 2686 2744 2788 2819 2873 2951 3013
7 13 63 112 212 248 285 355 388 461 529 587 628 701 728 779 840 894 951 1012 1070 1098 1153 1215 1250 1305 1374 1417 1494 1563 1612 1661 1676 1728 1783 1856 1913 1947 2037 2098 2123 2171 2221 2320 2360 2412 2480 2490 2586 2633 2665 2725 2797 2835 2875 2920 2992
7 13 63 158 207 237 306 327 401 439 537 587 646 666 719 765 836 895 947 995 1042 1114 1174 1223 1285 1316 1355 1408 1507 1512 1587 1665 1676 1736 1821 1878 1911 1960 2004 2090 2138 2189 2267 2281 2370 2403 2444 2524 2580 2604 2675 2701 2788 2819 2887 2951 3018
4 13 64 115 204 256 294 339 420 470 525 552 641 691 709 781 847 916 923 981 1044 1101 1156 1200 1269 1317 1396 1435 1502 1526 1616 1673 1705 1757 1809 1874 1891 1946 2032 2101 2142 2206 2233 2272 2337 2386 2450 2511 2574 2641 2680 2700 2759 2859 2884 2919 3001
4 13 65 116 167 265 294 354 405 470 532 543 641 684 752 761 853 916 959 980 1053 1113 1156 1199 1284 1317 1389 1438 1506 1530 1572 1673 1691 1738 1800 1855 1917 1948 2020 2097 2139 2160 2228 2270 2373 2405 2469 2485 2572 2634 2682 2746 2780 2824 2892 2929 2993
4 13 65 131 192 252 278 376 405 451 504 556 628 697 753 756 844 894 971 983 1064 1124 1162 1196 1252 1312 1398 1451 1497 1558 1572 1661 1677 1770 1800 1873 1904 1976 1999 2086 2110 2165 2241 2270 2372 2400 2457 2506 2582 2638 2672 2741 2791 2828 2867 2929 2993
7 13 65 156 202 251 308 354 423 457 495 556 606 674 736 767 863 868 962 1000 1056 1131 1149 1193 1284 1296 1356 1406 1467 1530 1588 1663 1677 1774 1822 1849 1926 1996 2020 2094 2139 2181 2234 2303 2355 2384 2455 2485 2588 2610 2695 2729 2793 2831 2889 2964 2977
4 13 68 117 196 238 298 328 396 477 503 542 597 690 740 786 834 911 938 977 1076 1087 1141 1228 1242 1322 1372 1456 1464 1550 1574 1634 1706 1763 1811 1837 1935 1960 2024 2104 2119 2213 2252 2303 2349 2388 2451 2528 2549 2640 2679 2719 2794 2855 2912 2948 3013
7 13 68 128 213 261 275 339 395 469 524 542 628 681 709 782 848 868 941 1001 1054 1101 1138 1200 1260 1304 1360 1434 1491 1547 1607 1671 1706 1728 1830 1875 1891 1956 2042 2080 2154 2201 2256 2320 2332 2422 2479 2510 2552 2612 2691 2730 2778 2861 2884 2919 2979
4 13 70 109 169 269 302 326 421 456 512 570 597 653 740 793 858 895 960 978 1071 1130 1180 1237 1249 1325 1361 1438 1479 1524 1601 1659 1726 1741 1798 1863 1890 1948 2027 2062 2119 2184 2254 2315 2373 2406 2474 2507 2557 2613 2688 2735 2763 2826 2903 2933 2996
7 13 70 140 203 220 271 355 421 459 497 592 628 701 753 779 829 866 957 1021 1070 1090 1163 1194 1256 1315 1371 1407 1469 1538 1601 1662 1705 1735 1798 1860 1928 1956 2021 2103 2110 2198 2214 2315 2360 2422 2475 2513 2586 2627 2655 2721 2796 2837 2869 2933 2996
4 13 70 148 195 242 277 335 392 437 499 570 628 672 744 802 860 868 955 1000 1047 1128 1170 1207 1254 1302 1394 1407 1503 1519 1601 1671 1726 1754 1825 1889 1899 1976 2027 2072 2108 2191 2255 2285 2362 2400 2441 2507 2548 2627 2685 2721 2754 2858 2863 2964 2996
7 13 74 125 211 244 299 327 384 465 528 592 606 701 721 794 825 894 953 1016 1066 1085 1159 1224 1249 1347 1376 1438 1485 1534 1612 1631 1678 1746 1820 1856 1941 1976 1999 2066 2123 2202 2222 2315 2345 2410 2439 2496 2587 2633 2646 2725 2798 2833 2908 2918 2980
7 13 74 135 189 216 278 327 401 476 504 544 596 699 751 793 821 895 931 1005 1071 1103 1158 1225 1249 1338 1398 1451 1475 1534 1575 1636 1726 1770 1821 1843 1943 1975 1999 2089 2123 2210 2235 2303 2326 2420 2460 2496 2557 2632 2675 2706 2788 2834 2903 2929 3018
4 13 74 156 179 248 315 355 416 461 493 544 606 668 713 790 824 879 940 997 1053 1129 1175 1238 1284 1333 1390 1438 1467 1530 1612 1639 1726 1750 1788 1889 1890 1947 2010 2068 2138 2187 2257 2270 2358 2414 2458 2485 2543 2633 2697 2725 2762 2853 2892 2964 2980
7 13 75 115 182 258 285 355 418 450 511 552 597 694 732 796 815 916 923 1025 1059 1080 1182 1238 1267 1338 1393 1421 1502 1526 1577 1629 1676 1763 1827 1845 1939 1975 2016 2076 2110 2188 2253 2303 2346 2415 2464 2513 2567 2593 2666 2722 2792 2859 2872 2964 2977
7 13 75 128 169 234 280 354 423 475 512 542 597 658 711 795 833 868 941 1023 1069 1109 1160 1229 1266 1347 1382 1421 1491 1547 1577 1649 1687 1741 1822 1882 1910 1976 2027 2057 2158 2209 2252 2315 2327 2416 2474 2502 2538 2593 2695 2722 2793 2861 2877 2951 2977
7 13 75 140 196 253 313 328 379 481 511 542 628 684 725 807 834 916 946 999 1034 1089 1184 1236 1256 1335 1365 1451 1469 1538 1572 1620 1687 1763 1803 1855 1909 1975 2016 2083 2139 2213 2256 2271 2326 2418 2451 2513 2544 2634 2656 2746 2801 2848 2907 2933 2982
7 13 75 141 195 265 314 354 398 470 499 552 628 667 702 798 840 895 922 1011 1042 1086 1187 1226 1266 1345 1358 1451 1478 1547 1572 1643 1676 1754 1783 1872 1900 1948 2027 2077 2158 2210 2260 2285 2351 2427 2441 2502 2547 2634 2665 2746 2797 2835 2906 2919 2982
4 13 76 154 213 231 315 376 390 474 526 574 610 690 727 783 849 876 938 983 1060 1102 1162 1206 1262 1333 1357 1408 1497 1536 1614 1639 1706 1777 1790 1837 1919 1947 2036 2086 2154 2204 2241 2270 2352 2388 2430 2537 2543 2601 2697 2719 2760 2818 2898 2948 3016
7 13 78 117 211 242 289 335 405 437 527 587 597 701 732 794 811 866 964 1016 1075 1113 1185 1199 1242 1342 1378 1438 1464 1550 1601 1656 1691 1737 1804 1860 1917 1976 2014 2060 2110 2203 2228 2320 2345 2416 2449 2528 2579 2627 2653 2721 2766 2829 2913 2948 2988
4 13 79 134 209 238 311 354 399 480 515 556 597 654 740 795 830 916 922 993 1026 1125 1152 1228 1292 1312 1369 1451 1500 1541 1579 1629 1709 1767 1800 1887 1897 1946 2032 2053 2119 2213 2226 2300 2331 2413 2455 2495 2582 2637 2672 2708 2791 2842 2912 2920 2999
7 13 80 133 170 269 291 328 414 456 487 556 606 673 740 800 854 898 945 1013 1026 1087 1173 1228 1292 1306 1362 1435 1490 1523 1599 1666 1726 1746 1833 1853 1935 1946 2041 2082 2109 2184 2234 2315 2337 2399 2478 2515 2577 2613 2652 2737 2762 2822 2912 2948 2975
7 13 81 128 163 221 315 376 387 483 493 544 597 696 741 765 856 866 971 1014 1042 1129 1138 1188 1266 1316 1390 1451 1491 1547 1579 1656 1706 1739 1814 1859 1940 1956 2021 2080 2138 2170 2245 2285 2340 2414 2452 2502 2580 2600 2675 2745 2794 2832 2906 2951 2997
7 13 81 153 206 264 290 326 387 455 521 571 641 654 720 766 851 916 954 972 1047 1107 1171 1230 1254 1320 1383 1407 1498 1519 1579 1673 1678 1753 1814 1887 1921 1975 2016 2102 2119 2169 2264 2285 2361 2381 2446 2507 2584 2637 2686 2708 2784 2827 2863 2951 2997
4 13 82 159 180 269 295 339 387 452 501 544 597 669 740 768 854 898 923 1014 1033 1080 1167 1237 1287 1314 1393 1435 1463 1548 1605 1655 1721 1737 1808 1845 1940 1975 2040 2080 2119 2184 2245 2320 2322 2415 2478 2504 2560 2617 2674 2747 2768 2816 2903 2918 3004
4 13 86 115 212 231 312 358 401 440 516 592 641 693 727 763 849 876 969 1009 1048 1114 1182 1223 1269 1297 1376 1408 1502 1526 1594 1638 1676 1778 1828 1872 1911 1975 2009 2076 2123 2204 2267 2300 2363 2381 2430 2511 2550 2635 2668 2720 2764 2814 2879 2919 3011
7 13 86 150 179 261 277 335 401 469 499 542 598 663 743 800 822 898 935 1007 1026 1103 1138 1225 1292 1302 1394 1451 1484 1541 1594 1671 1726 1756 1828 1844 1943 1960 2025 2087 2138 2167 2235 2300 2347 2424 2453 2495 2577 2612 2656 2742 2776 2809 2912 2919 3011
7 13 87 151 202 217 293 358 414 450 539 552 610 659 714 782 820 868 918 1000 1054 1120 1142 1195 1260 1341 1387 1456 1473 1537 1593 1668 1706 1752 1833 1886 1935 1946 2019 2094 2109 2182 2234 2299 2355 2425 2476 2521 2552 2636 2654 2731 2760 2847 2884 2964 2975
4 13 89 130 192 227 306 326 421 439 491 574 646 674 723 789 828 895 962 1022 1065 1086 1174 1198 1265 1316 1401 1434 1495 1565 1583 1665 1677 1755 1798 1849 1928 1956 2033 2102 2110 2161 2214 2285 2332 2384 2473 2505 2567 2615 2688 2729 2763 2857 2909 2964 2996
7 13 91 154 170 245 283 371 423 442 530 552 610 691 729 781 811 898 927 1013 1061 1131 1166 1193 1262 1324 1358 1406 1497 1536 1615 1646 1677 1776 1789 1874 1926 1976 2022 2082 2158 2203 2234 2272 2337 2382 2449 2537 2555 2642 2669 2700 2766 2829 2896 2948 3012
7 13 92 131 175 224 306 326 428 474 537 570 606 665 720 778 833 879 937 998 1038 1107 1162 1230 1263 1342 1355 1408 1497 1558 1609 1639 1677 1736 1831 1871 1921 1976 2004 2086 2154 2209 2225 2320 2350 2410 2474 2494 2545 2608 2687 2726 2793 2861 2863 2951 2970
7 13 92 144 163 233 294 339 428 468 532 543 598 657 730 804 817 866 936 1014 1070 1113 1167 1213 1250 1349 1389 1417 1463 1563 1609 1640 1705 1749 1831 1877 1901 1991 2008 2080 2139 2183 2245 2320 2340 2405 2442 2490 2561 2618 2684 2716 2795 2854 2875 2951 2970
4 13 93 146 185 261 303 335 403 469 506 543 641 657 709 774 859 894 961 1016 1027 1098 1185 1210 1263 1323 1385 1408 1464 1522 1594 1625 1706 1781 1793 1851 1919 1960 2023 2060 2142 2201 2228 2320 2370 2401 2468 2530 2581 2612 2676 2742 2804 2808 2873 2918 3004
7 13 94 159 179 226 271 355 431 462 497 544 596 691 735 771 824 898 923 1007 1067 1126 1160 1227 1261 1315 1371 1421 1463 1548 1615 1662 1705 1750 1805 1874 1915 1991 2005 2087 2158 2187 2235 2281 2347 2386 2458 2529 2547 2642 2694 2700 2799 2816 2891 2919 3009
7 13 96 144 162 238 296 339 398 477 496 542 641 663 755 781 850 867 936 1010 1061 1119 1141 1211 1275 1324 1382 1417 1509 1517 1584 1634 1709 1778 1794 1877 1936 1948 2029 2058 2158 2199 2224 2300 2365 2405 2479 2512 2555 2640 2669 2709 2761 2854 2882 2948 2971
7 13 97 126 190 256 290 326 384 470 521 552 646 659 747 789 822 911 960 986 1055 1085 1156 1224 1283 1320 1383 1438 1506 1521 1566 1673 1678 1745 1792 1866 1941 1960 2024 2097 2139 2167 2222 2299 2348 2403 2453 2500 2578 2641 2693 2750 2776 2809 2881 2919 3010
4 13 97 127 182 245 298 355 386 442 503 552 628 685 744 779 815 879 963 996 1074 1092 1166 1189 1251 1310 1372 1456 1486 1553 1566 1646 1678 1763 1788 1876 1912 1991 2024 2092 2108 2188 2260 2271 2375 2383 2464 2500 2583 2642 2654 2749 2805 2845 2880 2948 3010
7 13 97 135 180 253 289 339 386 473 527 544 646 678 755 783 854 895 943 973 1060 1119 1140 1211 1277 1333 1378 1438 1480 1529 1566 1665 1687 1737 1788 1846 1936 1946 2014 2064 2154 2184 2236 2271 2364 2409 2478 2510 2543 2641 2697 2750 2762 2822 2882 2948 3010
4 13 98 117 179 256 280 335 385 481 512 542 625 668 747 790 822 911 964 997 1031 1109 1134 1208 1293 1326 1382 1438 1496 1518 1589 1670 1705 1756 1801 1860 1931 1947 2012 2096 2158 2167 2230 2272 2358 2416 2453 2492 2565 2631 2689 2753 2755 2829 2899 2933 3020
4 13 98 125 171 265 306 327 395 473 537 570 625 672 752 796 853 916 953 993 1059 1107 1140 1217 1267 1316 1355 1438 1480 1539 1589 1665 1676 1734 1791 1856 1932 1956 2006 2064 2154 2160 2215 2285 2368 2410 2469 2498 2567 2631 2688 2753 2770 2833 2872 2920 3020
4 13 100 133 200 234 303 355 416 475 506 574 646 655 711 801 854 879 945 1021 1045 1105 1163 1204 1270 1301 1385 1408 1469 1544 1587 1647 1687 1781 1788 1858 1933 1975 2023 2103 2109 2209 2214 2315 2363 2394 2454 2525 2575 2593 2697 2712 2762 2822 2904 2918 2980
7 13 100 141 204 222 296 339 416 454 519 552 598 666 743 804 847 895 944 988 1049 1130 1151 1237 1295 1310 1361 1456 1493 1532 1587 1648 1709 1757 1788 1878 1890 1947 2038 2078 2138 2206 2257 2315 2330 2406 2450 2509 2583 2604 2654 2701 2805 2813 2900 2918 2980
7 13 100 143 172 223 289 339 379 483 515 574 596 648 746 805 838 867 942 1001 1063 1089 1138 1236 1295 1342 1391 1451 1491 1532 1575 1656 1687 1760 1794 1879 1909 1976 2038 2080 2138 2174 2256 2320 2372 2392 2456 2509 2579 2598 2653 2739 2777 2825 2885 2920 2992
7 13 102 134 191 256 313 335 390 481 501 556 628 672 709 802 847 916 951 1004 1047 1098 1184 1210 1243 1335 1374 1435 1487 1554 1589 1620 1678 1769 1790 1856 1919 1947 2007 2063 2154 2206 2241 2299 2362 2412 2450 2503 2548 2631 2652 2753 2805 2813 2873 2918 3016
7 13 103 123 189 227 296 358 431 454 496 542 598 684 723 807 828 895 959 1005 1032 1119 1151 1234 1280 1310 1382 1434 1483 1555 1606 1648 1691 1758 1805 1855 1915 1991 2048 2089 2158 2161 2235 2271 2326 2405 2473 2484 2546 2599 2691 2746 2803 2817 2871 2929 3009
4 13 104 123 168 220 323 376 403 466 523 571 598 649 753 777 829 866 926 994 1036 1124 1169 1196 1280 1320 1373 1407 1483 1555 1595 1640 1721 1768 1814 1854 1904 1960 2047 2070 2142 2198 2243 2299 2333 2424 2475 2484 2584 2620 2686 2743 2784 2850 2867 2929 2981
7 13 104 130 187 244 279 326 404 472 524 571 606 676 721 778 819 898 962 1007 1033 1131 1157 1224 1282 1318 1356 1434 1511 1549 1576 1666 1721 1771 1824 1849 1895 1996 1998 2073 2123 2202 2249 2272 2339 2384 2446 2533 2550 2626 2647 2727 2773 2857 2908 2919 3001
7 13 105 136 198 238 312 326 416 480 513 544 606 676 740 778 834 911 950 997 1033 1130 1142 1237 1287 1297 1379 1456 1499 1531 1573 1638 1709 1761 1792 1862 1890 1975 2003 2068 2109 2213 2257 2300 2339 2387 2451 2522 2550 2637 2668 2714 2801 2848 2903 2933 2976
7 13 107 108 175 220 288 335 417 459 534 592 596 665 739 778 816 898 961 998 1033 1121 1163 1208 1282 1297 1359 1408 1508 1561 1586 1662 1721 1772 1828 1861 1920 1976 2022 2063 2109 2211 2248 2299 2350 2392 2438 2523 2550 2627 2668 2737 2764 2847 2908 2933 2995
7 13 107 121 162 242 315 355 424 437 526 587 596 673 744 771 821 867 945 1010 1035 1092 1185 1189 1290 1316 1357 1408 1466 1556 1586 1656 1726 1777 1821 1853 1912 1956 2036 2058 2142 2191 2224 2285 2365 2399 2480 2508 2580 2627 2675 2737 2788 2834 2880 2948 2995
4 14 56 142 183 265 277 372 388 437 525 575 623 670 749 760 817 864 919 1012 1051 1090 1156 1205 1257 1317 1376 1435 1488 1521 1611 1631 1713 1764 1819 1887 1940 1961 2050 2095 2125 2166 2239 2270 2356 2402 2483 2527 2551 2606 2674 2731 2801 2853 2906 2936 3004
7 14 57 121 186 224 306 326 405 474 507 588 594 664 737 766 833 880 967 984 1052 1087 1137 1232 1293 1336 1403 1442 1503 1541 1591 1672 1704 1768 1802 1883 1936 1976 2033 2086 2143 2192 2253 2288 2372 2382 2473 2507 2565 2607 2654 2744 2765 2813 2863 2935 2983
7 14 57 131 175 257 271 355 397 440 537 568 594 695 754 762 843 899 968 977 1079 1107 1164 1227 1263 1341 1375 1442 1500 1552 1591 1654 1722 1758 1810 1852 1898 1946 2021 2076 2124 2163 2225 2287 2371 2386 2475 2519 2545 2607 2693 2744 2793 2820 2899 2936 2983
7 14 58 120 186 269 304 324 423 439 517 559 596 664 739 766 844 881 942 984 1053 1121 1180 1240 1250 1297 1359 1442 1485 1532 1615 1664 1710 1770 1812 1879 1893 1976 2022 2090 2136 2182 2248 2316 2372 2391 2471 2495 2564 2598 2697 2748 2777 2812 2902 2934 2984
7 14 58 131 174 222 309 355 407 485 494 575 596 691 746 770 848 892 968 976 1035 1106 1154 1189 1272 1348 1376 1442 1498 1554 1615 1656 1694 1748 1827 1852 1941 1944 2009 2087 2125 2207 2237 2286 2347 2386 2458 2508 2580 2598 2649 2748 2788 2820 2897 2965 2984
7 14 61 149 213 265 321 342 405 445 512 588 594 690 708 797 853 881 926 984 1047 1124 1179 1195 1278 1319 1351 1433 1461 1564 1576 1649 1713 1738 1795 1867 1936 1979 2026 2086 2139 2208 2253 2270 2346 2411 2447 2525 2572 2597 2650 2724 2780 2823 2915 2934 2991
7 14 61 161 214 246 320 355 389 475 495 588 623 661 711 801 854 899 923 994 1029 1123 1174 1203 1294 1308 1366 1404 1479 1548 1576 1644 1713 1754 1810 1885 1916 1962 2026 2087 2126 2196 2218 2286 2352 2423 2431 2525 2571 2616 2684 2705 2801 2815 2904 2918 2991
7 14 63 150 187 268 275 355 429 469 533 542 629 668 705 784 819 912 940 976 1063 1094 1154 1233 1254 1303 1399 1423 1498 1536 1593 1673 1674 1771 1783 1846 1921 1963 2015 2087 2145 2202 2237 2286 2334 2381 2445 2534 2584 2633 2691 2708 2790 2839 2895 2946 2997
7 14 63 157 203 250 307 372 417 477 497 542 623 670 711 760 833 902 931 993 1051 1083 1140 1229 1285 1324 1382 1422 1464 1559 1592 1666 1674 1752 1790 1866 1942 1976 2048 2105 2126 2192 2252 2304 2356 2421 2473 2501 2551 2593 2667 2751 2765 2813 2876 2935 2998
7 14 64 116 192 253 275 355 404 478 535 568 611 652 714 790 813 882 932 1023 1066 1097 1178 1238 1284 1349 1397 1406 1492 1542 1586 1627 1674 1741 1821 1861 1900 1979 2003 2053 2125 2194 2241 2316 2344 2419 2475 2508 2559 2621 2683 2713 2806 2850 2886 2955 2978
7 14 64 142 210 252 315 355 389 484 499 540 632 658 723 806 817 899 919 1015 1050 1102 1175 1221 1284 1329 1379 1452 1467 1542 1573 1623 1704 1777 1810 1862 1894 1963 2003 2067 2125 2213 2240 2270 2338 2427 2436 2508 2550 2633 2684 2728 2801 2853 2903 2934 2991
7 14 64 148 208 241 317 341 405 441 535 540 642 700 703 798 832 882 938 1004 1035 1087 1184 1232 1272 1340 1356 1442 1482 1554 1573 1637 1704 1741 1795 1872 1936 1979 2003 2064 2139 2211 2253 2286 2324 2429 2460 2508 2553 2620 2672 2740 2758 2842 2897 2918 2991
7 14 65 121 174 242 314 326 418 458 532 557 625 691 742 770 821 912 967 976 1067 1133 1185 1224 1245 1331 1357 1442 1487 1557 1616 1621 1693 1756 1824 1883 1912 1944 2036 2075 2126 2168 2249 2304 2347 2382 2451 2518 2547 2602 2677 2717 2778 2813 2914 2946 2995
4 14 65 160 207 263 282 342 420 476 514 557 632 674 751 807 863 864 957 1006 1056 1091 1148 1193 1287 1300 1370 1435 1499 1515 1616 1645 1693 1774 1822 1863 1914 1992 2036 2061 2108 2166 2246 2297 2322 2384 2437 2518 2560 2609 2680 2710 2776 2845 2875 2952 2995
7 14 66 149 188 222 303 355 387 485 508 588 632 664 748 806 845 881 932 999 1038 1093 1170 1215 1274 1337 1354 1406 1510 1515 1615 1641 1692 1779 1805 1879 1911 1944 2029 2092 2136 2205 2222 2288 2331 2401 2431 2529 2562 2598 2689 2748 2786 2817 2900 2952 2975
4 14 67 117 196 261 298 359 408 465 498 542 642 684 715 809 861 864 944 1012 1032 1091 1145 1193 1289 1343 1370 1423 1508 1528 1607 1657 1706 1732 1816 1875 1914 1982 2024 2077 2124 2191 2256 2297 2343 2384 2453 2528 2545 2595 2691 2752 2755 2834 2912 2936 2979
7 14 67 128 213 217 275 324 381 477 533 542 613 690 753 797 837 880 928 984 1060 1094 1180 1217 1246 1349 1399 1433 1485 1525 1574 1627 1706 1744 1834 1859 1935 1979 2042 2090 2145 2187 2248 2316 2346 2381 2440 2510 2559 2628 2683 2732 2794 2816 2884 2935 3013
7 14 67 129 167 238 320 362 430 475 502 542 623 692 713 802 824 899 969 1025 1054 1107 1174 1196 1255 1308 1360 1424 1491 1516 1574 1644 1706 1775 1785 1837 1929 1961 2042 2074 2106 2165 2252 2287 2328 2402 2479 2510 2576 2624 2679 2736 2800 2838 2882 2965 3013
7 14 67 157 190 255 303 340 412 469 490 542 612 681 729 768 821 902 931 1018 1076 1131 1187 1213 1259 1337 1372 1452 1464 1559 1607 1641 1706 1740 1813 1881 1891 1944 2024 2059 2143 2168 2258 2288 2360 2406 2451 2528 2562 2644 2689 2703 2778 2813 2871 2946 2979
7 14 69 109 203 220 302 326 402 445 497 588 623 701 713 793 841 895 962 1005 1065 1108 1163 1209 1268 1299 1387 1423 1509 1538 1613 1665 1694 1752 1797 1842 1903 1982 2048 2075 2106 2184 2218 2304 2343 2422 2473 2494 2590 2641 2688 2706 2763 2843 2869 2934 3015
7 14 69 140 169 269 271 355 402 439 512 559 612 653 723 779 862 866 963 992 1068 1102 1180 1221 1265 1331 1401 1433 1495 1524 1613 1664 1722 1755 1797 1849 1894 1944 2008 2081 2145 2198 2227 2304 2332 2406 2470 2534 2569 2598 2655 2749 2796 2811 2903 2934 3015
4 14 69 148 163 229 277 362 391 437 513 559 623 655 747 802 832 864 938 1006 1063 1132 1156 1191 1254 1317 1389 1423 1500 1536 1613 1631 1722 1754 1807 1889 1931 1946 2008 2084 2139 2191 2223 2286 2366 2413 2481 2534 2566 2641 2659 2706 2758 2842 2895 2952 3015
7 14 73 119 184 252 284 355 383 484 511 557 642 674 755 757 850 881 968 1001 1070 1127 1137 1194 1288 1305 1393 1442 1490 1549 1573 1661 1676 1732 1805 1845 1939 1963 2011 2098 2143 2182 2228 2297 2373 2393 2464 2513 2573 2633 2677 2728 2797 2832 2868 2916 2981
7 14 73 122 168 241 281 341 383 441 523 542 632 684 753 777 845 895 959 978 1060 1125 1150 1217 1246 1320 1382 1452 1501 1537 1573 1670 1692 1774 1805 1888 1904 1979 2027 2100 2126 2161 2263 2297 2375 2379 2474 2497 2579 2620 2689 2740 2786 2817 2884 2916 2981
7 14 73 152 196 229 313 359 417 481 511 542 623 690 747 780 861 881 952 993 1038 1121 1139 1191 1279 1313 1364 1404 1465 1558 1576 1667 1692 1732 1809 1867 1942 1963 2011 2105 2139 2191 2252 2316 2363 2385 2453 2513 2588 2597 2656 2724 2781 2809 2895 2955 2978
7 14 74 110 210 238 314 326 382 463 493 578 594 698 713 766 824 899 950 1015 1053 1108 1142 1209 1281 1297 1396 1424 1499 1564 1606 1654 1693 1734 1804 1847 1903 1992 2051 2067 2136 2165 2240 2300 2338 2414 2479 2522 2564 2636 2697 2725 2785 2854 2869 2934 3005
7 14 74 149 209 267 319 326 401 462 492 558 611 660 728 776 845 912 932 1009 1034 1097 1179 1198 1281 1301 1397 1435 1461 1564 1599 1634 1713 1735 1824 1861 1940 1979 2051 2086 2136 2161 2226 2288 2350 2419 2474 2522 2549 2615 2670 2704 2786 2817 2889 2916 3012
7 14 74 157 189 228 311 372 401 457 538 578 625 699 730 757 821 866 931 982 1070 1113 1177 1225 1249 1305 1353 1422 1505 1518 1599 1635 1693 1767 1824 1866 1902 1973 2035 2069 2143 2181 2264 2288 2348 2421 2438 2537 2573 2596 2677 2723 2778 2813 2909 2916 3012
7 14 75 122 186 220 323 372 403 481 507 542 594 681 713 794 841 895 959 1022 1054 1119 1181 1196 1255 1303 1386 1423 1501 1537 1595 1626 1710 1768 1783 1839 1918 1961 2033 2069 2136 2184 2224 2288 2333 2428 2473 2488 2584 2606 2691 2746 2790 2817 2882 2955 3022
7 14 75 150 190 242 313 340 423 441 511 542 613 692 742 763 821 912 948 1009 1079 1121 1184 1240 1263 1344 1364 1442 1482 1552 1617 1637 1710 1740 1796 1870 1893 1973 2002 2064 2139 2168 2248 2287 2368 2385 2451 2519 2544 2619 2695 2701 2759 2831 2899 2916 3001
7 14 75 161 182 248 284 355 403 435 511 575 612 653 714 779 856 912 923 980 1068 1097 1186 1238 1282 1305 1393 1404 1494 1533 1595 1661 1676 1740 1783 1885 1900 1973 2002 2092 2124 2199 2242 2288 2332 2423 2458 2519 2569 2638 2681 2714 2799 2815 2886 2955 3022
4 14 76 113 174 227 297 359 385 482 494 571 596 682 735 778 856 864 971 997 1056 1132 1150 1191 1256 1322 1389 1452 1505 1561 1608 1630 1693 1748 1816 1857 1931 1973 2009 2096 2126 2199 2229 2286 2325 2413 2458 2489 2589 2617 2647 2741 2799 2815 2908 2955 3002
7 14 76 120 167 266 315 352 412 443 499 558 596 669 712 793 853 882 921 979 1065 1131 1171 1213 1250 1299 1379 1452 1485 1532 1608 1652 1706 1777 1791 1869 1891 1979 2003 2099 2106 2177 2258 2307 2375 2399 2477 2495 2590 2617 2688 2741 2769 2833 2889 2934 3002
7 14 76 135 192 257 317 352 418 446 535 571 611 649 754 782 843 899 964 994 1053 1133 1158 1224 1250 1313 1356 1442 1470 1532 1596 1663 1693 1741 1806 1880 1912 1963 2003 2056 2106 2163 2249 2316 2373 2383 2475 2495 2548 2601 2696 2736 2766 2846 2902 2918 3014
4 14 76 137 190 230 309 342 401 474 494 558 611 692 745 763 814 864 969 1009 1032 1090 1137 1205 1291 1333 1376 1442 1503 1526 1596 1672 1706 1748 1822 1837 1940 1973 2009 2086 2143 2186 2226 2270 2368 2402 2443 2489 2591 2601 2668 2736 2789 2830 2910 2965 3014
7 14 76 147 210 260 299 324 401 433 499 571 632 662 748 781 863 882 970 989 1039 1113 1159 1225 1262 1319 1395 1422 1484 1520 1596 1671 1693 1777 1822 1877 1902 1979 2003 2062 2136 2167 2264 2270 2365 2379 2436 2495 2542 2628 2680 2709 2776 2845 2890 2965 3014
7 14 76 153 189 236 282 342 412 466 506 571 642 698 755 772 862 892 950 998 1073 1126 1155 1195 1291 1321 1377 1406 1487 1526 1608 1624 1693 1736 1791 1847 1934 1944 2009 2104 2143 2198 2215 2307 2331 2414 2470 2489 2582 2634 2661 2725 2796 2811 2867 2934 3002
7 14 78 113 193 267 273 359 397 462 527 540 623 688 728 780 854 895 971 995 1076 1119 1147 1214 1259 1329 1402 1452 1507 1559 1570 1665 1713 1737 1810 1857 1898 1946 2013 2057 2124 2161 2225 2288 2364 2413 2465 2528 2550 2615 2684 2735 2801 2815 2871 2935 2983
7 14 78 160 212 262 320 355 399 470 502 540 612 659 746 779 863 880 957 986 1057 1106 1166 1189 1251 1320 1360 1424 1461 1553 1578 1632 1713 1775 1815 1843 1941 1979 2042 2098 2108 2167 2245 2297 2326 2403 2436 2499 2581 2621 2687 2721 2776 2845 2897 2965 2974
7 14 80 110 174 260 293 355 393 467 496 575 611 670 709 790 848 902 963 997 1047 1129 1142 1194 1278 1339 1355 1433 1499 1564 1592 1650 1693 1748 1832 1866 1937 1992 2006 2067 2126 2207 2257 2270 2325 2390 2458 2525 2579 2593 2671 2751 2766 2841 2915 2916 2980
7 14 80 135 183 263 311 372 429 476 538 575 596 672 751 799 817 895 955 1005 1049 1125 1158 1202 1253 1305 1353 1404 1470 1532 1575 1635 1693 1764 1783 1847 1921 1963 2038 2056 2145 2166 2237 2297 2363 2409 2483 2492 2569 2609 2681 2750 2799 2855 2866 2934 2997
7 14 83 119 172 250 275 355 382 477 535 558 613 675 711 796 852 880 968 992 1078 1123 1180 1203 1245 1349 1397 1442 1495 1544 1617 1627 1674 1733 1815 1845 1916 1992 2012 2081 2136 2192 2227 2304 2329 2393 2454 2529 2575 2593 2668 2727 2795 2832 2904 2918 2993
7 14 83 160 185 228 317 352 379 457 535 540 629 688 730 780 818 880 954 1002 1038 1087 1148 1234 1274 1313 1356 1406 1499 1515 1588 1663 1693 1733 1808 1857 1934 1992 2012 2061 2139 2181 2250 2288 2364 2429 2441 2529 2588 2596 2656 2735 2782 2848 2900 2955 3022
4 14 84 160 214 266 316 352 383 443 530 557 642 682 718 760 837 864 954 1001 1051 1086 1166 1235 1257 1324 1357 1406 1461 1553 1608 1657 1713 1729 1793 1857 1939 1979 2034 2098 2126 2170 2228 2300 2344 2429 2456 2493 2551 2617 2667 2741 2762 2848 2906 2935 2994
4 14 86 117 174 220 276 340 419 481 532 542 625 670 725 790 818 864 943 997 1066 1115 1181 1218 1265 1349 1394 1433 1474 1562 1611 1626 1694 1756 1834 1887 1899 1992 2036 2096 2125 2171 2229 2304 2325 2377 2451 2496 2559 2606 2683 2731 2794 2835 2905 2955 2973
4 14 86 148 182 230 314 341 390 440 532 559 629 687 745 783 814 864 938 983 1036 1086 1164 1235 1292 1297 1357 1442 1500 1536 1569 1654 1676 1756 1812 1872 1939 1992 2036 2076 2124 2186 2219 2300 2329 2429 2443 2496 2564 2635 2697 2752 2777 2842 2878 2946 3017
7 14 86 150 168 267 282 341 430 454 514 542 623 697 728 803 845 912 940 1025 1043 1088 1167 1214 1292 1321 1370 1435 1498 1536 1611 1624 1694 1774 1823 1841 1929 1944 2036 2074 2124 2161 2252 2307 2327 2387 2474 2496 2582 2623 2661 2714 2763 2839 2871 2952 2973
7 14 90 150 210 261 316 362 404 465 493 542 594 662 732 781 815 912 948 989 1030 1081 1145 1239 1275 1324 1394 1422 1482 1552 1618 1657 1704 1734 1790 1844 1917 1979 2051 2103 2125 2174 2224 2300 2365 2411 2479 2506 2551 2595 2667 2742 2765 2831 2884 2936 3011
7 14 94 145 166 255 278 352 399 484 517 540 612 654 729 803 830 912 964 986 1043 1081 1137 1213 1292 1311 1384 1442 1490 1524 1587 1661 1694 1751 1786 1842 1941 1946 2041 2098 2143 2168 2245 2300 2371 2420 2441 2509 2582 2630 2672 2753 2767 2836 2871 2934 3005
7 14 96 129 178 223 307 324 385 452 497 542 625 697 742 762 836 899 947 1015 1079 1083 1146 1240 1263 1343 1382 1423 1462 1545 1589 1648 1722 1778 1816 1849 1931 1973 2023 2078 2126 2188 2229 2307 2369 2421 2440 2526 2545 2603 2691 2705 2755 2859 2899 2934 3002
7 14 96 144 200 229 286 342 412 481 536 542 612 668 732 769 813 892 957 1018 1030 1106 1139 1239 1275 1340 1360 1435 1511 1533 1589 1667 1722 1739 1791 1843 1891 1979 2023 2059 2106 2206 2258 2286 2350 2403 2463 2526 2563 2597 2661 2711 2796 2860 2884 2955 3002
7 14 97 129 193 222 322 324 428 485 527 575 623 653 748 767 811 866 947 1014 1046 1113 1154 1225 1255 1336 1353 1423 1491 1516 1613 1656 1692 1737 1792 1849 1902 1976 2013 2093 2145 2205 2239 2288 2345 2421 2465 2510 2546 2598 2673 2749 2781 2859 2890 2965 2987
7 14 97 138 184 269 298 355 386 439 498 557 623 661 739 801 850 902 940 1023 1029 1088 1178 1227 1283 1334 1370 1423 1492 1521 1613 1666 1710 1732 1832 1841 1918 1944 2024 2053 2108 2182 2241 2316 2352 2387 2464 2499 2571 2598 2658 2749 2779 2851 2914 2936 2987
4 14 97 142 182 227 303 355 427 456 490 575 613 675 735 796 856 864 919 983 1078 1110 1176 1233 1283 1318 1372 1452 1488 1521 1582 1660 1692 1740 1788 1862 1904 1982 2024 2076 2108 2199 2219 2287 2329 2427 2458 2499 2575 2642 2699 2710 2761 2853 2864 2946 3019
7 14 98 144 174 238 281 340 429 475 523 542 629 662 707 800 818 892 970 976 1073 1125 1174 1202 1248 1347 1382 1404 1479 1565 1600 1644 1693 1756 1808 1877 1921 1982 2045 2087 2126 2171 2237 2300 2347 2379 2451 2491 2554 2624 2656 2709 2782 2848 2912 2965 2971
7 14 99 111 185 255 275 324 388 469 535 568 629 657 729 791 830 912 942 1014 1027 1097 1154 1198 1293 1303 1397 1442 1491 1534 1569 1673 1706 1733 1819 1850 1940 1961 2012 2093 2125 2168 2239 2288 2353 2419 2441 2515 2583 2644 2693 2742 2783 2821 2888 2918 3004
4 14 99 113 188 224 274 372 388 446 508 571 632 687 733 764 854 864 971 982 1037 1120 1177 1230 1247 1309 1383 1439 1505 1561 1569 1645 1704 1779 1819 1872 1915 1962 2029 2069 2124 2196 2264 2288 2349 2398 2431 2498 2558 2635 2674 2752 2801 2815 2885 2918 3004
4 14 101 137 199 239 316 362 391 443 493 558 642 675 744 764 844 864 969 1024 1037 1115 1166 1218 1247 1324 1394 1424 1503 1526 1582 1657 1704 1781 1807 1862 1899 1976 2004 2055 2108 2201 2255 2304 2362 2377 2452 2533 2558 2642 2659 2710 2758 2830 2885 2934 3015
7 14 101 144 192 227 293 355 402 456 491 568 642 674 740 757 813 866 957 994 1070 1100 1174 1215 1249 1327 1361 1424 1479 1565 1582 1662 1693 1741 1797 1863 1903 1982 2047 2087 2106 2194 2218 2286 2373 2384 2475 2490 2573 2642 2655 2710 2796 2860 2909 2952 3015
7 14 101 154 185 242 299 324 391 458 499 568 613 672 742 797 830 902 955 1002 1047 1083 1135 1240 1295 1319 1395 1452 1502 1519 1582 1671 1693 1733 1807 1847 1931 1946 2047 2088 2139 2168 2223 2304 2364 2409 2441 2490 2572 2602 2650 2750 2767 2836 2899 2934 3015
4 14 103 132 207 248 306 352 400 435 539 578 611 699 714 782 838 864 921 1006 1036 1120 1175 1211 1259 1336 1371 1452 1472 1555 1579 1672 1676 1735 1793 1858 1932 1976 2004 2061 2125 2199 2246 2288 2322 2410 2476 2531 2565 2638 2654 2731 2775 2821 2913 2952 2975
7 14 104 109 212 236 295 324 410 466 529 571 623 671 739 767 817 912 952 986 1034 1121 1155 1240 1268 1309 1364 1439 1509 1538 1590 1624 1713 1775 1819 1867 1893 1963 2015 2083 2108 2213 2259 2287 2326 2385 2436 2494 2558 2634 2674 2743 2801 2853 2902 2934 2982
4 14 104 132 202 238 271 372 410 463 512 578 629 669 707 809 830 864 921 1024 1032 1110 1142 1202 1289 1341 1401 1433 1472 1555 1590 1654 1706 1755 1819 1869 1935 1946 2008 2094 2126 2171 2217 2287 2359 2399 2438 2501 2545 2636 2693 2741 2783 2821 2912 2934 2982
7 14 107 111 189 220 273 362 422 445 538 588 625 664 725 806 830 892 942 998 1050 1089 1163 1218 1282 1329 1391 1404 1480 1545 1571 1665 1710 1767 1828 1879 1924 1946 2035 2104 2125 2171 2215 2288 2331 2391 2438 2506 2550 2641 2684 2748 2783 2821 2905 2934 2977
4 15 55 111 168 254 315 334 410 464 522 554 620 695 742 773 831 912 935 986 1079 1121 1185 1234 1262 1330 1363 1431 1481 1556 1616 1628 1723 1750 1824 1879 1901 1968 2036 2081 2126 2161 2250 2294 2358 2405 2433 2526 2543 2602 2698 2716 2785 2817 2893 2922 2970
7 15 55 138 208 259 276 342 420 479 508 554 621 680 720 807 851 887 957 1005 1049 1101 1151 1197 1286 1310 1353 1430 1511 1532 1616 1655 1723 1764 1814 1874 1921 1992 2036 2057 2118 2190 2266 2274 2329 2377 2443 2526 2566 2608 2681 2710 2765 2855 2865 2942 2970
4 15 56 135 164 246 282 342 407 478 522 551 642 658 755 771 854 888 969 972 1073 1114 1144 1193 1277 1325 1395 1431 1492 1526 1567 1661 1689 1765 1791 1868 1942 1970 2021 2086 2155 2181 2256 2293 2372 2384 2471 2491 2582 2633 2665 2739 2758 2831 2879 2922 2992
7 15 56 155 203 258 315 373 417 484 522 554 618 652 735 779 860 888 961 992 1054 1121 1138 1199 1256 1304 1363 1410 1475 1547 1587 1653 1686 1765 1820 1854 1936 1970 2021 2105 2126 2160 2246 2316 2366 2405 2432 2491 2589 2623 2678 2709 2764 2824 2897 2944 2971
7 15 60 120 201 269 299 349 405 437 507 559 621 663 722 806 856 878 946 1003 1028 1084 1167 1232 1279 1339 1359 1429 1503 1548 1601 1672 1723 1729 1816 1879 1914 1955 2001 2060 2132 2192 2265 2316 2331 2395 2470 2507 2538 2610 2679 2748 2765 2850 2903 2922 2984
7 15 60 148 192 259 308 348 412 447 487 559 618 653 731 790 814 875 937 1014 1071 1126 1184 1229 1278 1328 1389 1431 1460 1549 1601 1630 1723 1749 1810 1889 1901 1958 2001 2052 2133 2179 2248 2274 2374 2407 2439 2507 2546 2639 2697 2718 2778 2853 2874 2965 2984
7 15 61 121 213 244 309 342 430 474 524 588 605 685 720 797 857 870 924 972 1070 1101 1144 1197 1264 1327 1351 1453 1492 1539 1611 1666 1701 1738 1787 1858 1921 1958 2031 2086 2134 2204 2256 2293 2323 2379 2446 2535 2558 2605 2699 2738 2772 2844 2865 2942 3005
4 15 61 142 163 269 285 342 414 449 495 565 619 678 722 765 856 878 950 975 1030 1082 1169 1228 1264 1340 1400 1429 1471 1539 1599 1667 1722 1766 1795 1878 1927 1950 2031 2059 2134 2192 2237 2317 2343 2376 2470 2535 2556 2597 2675 2752 2796 2819 2907 2928 3017
4 15 61 158 175 257 274 337 383 461 509 565 605 670 748 759 843 890 920 1007 1027 1100 1177 1218 1280 1305 1394 1453 1473 1522 1611 1638 1722 1756 1834 1873 1943 1963 2049 2100 2112 2171 2232 2294 2328 2417 2465 2517 2559 2605 2676 2738 2797 2808 2902 2941 3005
4 15 62 108 168 228 309 349 400 474 487 564 605 695 747 773 848 870 968 986 1031 1112 1144 1196 1294 1327 1388 1431 1490 1554 1584 1666 1694 1731 1826 1851 1941 1968 2020 2088 2155 2198 2243 2283 2358 2386 2453 2515 2591 2622 2667 2744 2795 2810 2896 2965 2974
4 15 62 112 184 243 308 373 406 483 487 559 608 688 737 758 846 870 971 1008 1026 1126 1141 1199 1284 1306 1389 1452 1491 1564 1570 1651 1700 1731 1825 1856 1931 1968 2020 2098 2133 2174 2227 2280 2360 2407 2437 2515 2588 2616 2662 2745 2802 2825 2895 2944 2989
7 15 63 145 179 243 288 350 417 455 529 563 608 682 737 808 817 912 954 1025 1068 1121 1178 1199 1242 1305 1378 1410 1498 1514 1597 1624 1686 1775 1783 1881 1936 1963 2014 2073 2133 2174 2246 2294 2326 2389 2466 2534 2568 2643 2668 2708 2757 2830 2895 2966 3010
7 15 64 128 206 245 315 334 390 484 498 566 618 698 723 766 814 888 958 1019 1064 1102 1138 1191 1281 1304 1386 1424 1511 1542 1598 1653 1723 1757 1810 1838 1897 1992 2040 2070 2112 2169 2251 2295 2337 2414 2449 2530 2570 2636 2697 2700 2778 2853 2863 2931 3006
7 15 64 161 199 267 288 334 378 455 515 589 608 655 734 759 844 912 934 1009 1027 1096 1178 1198 1281 1305 1393 1430 1478 1542 1600 1624 1702 1740 1824 1871 1940 1969 2040 2093 2112 2168 2216 2288 2344 2423 2475 2530 2559 2621 2676 2714 2806 2813 2901 2941 3004
4 15 66 108 165 269 277 349 381 437 537 546 618 691 733 785 850 888 968 981 1067 1118 1186 1227 1253 1342 1381 1431 1500 1544 1601 1653 1722 1751 1804 1851 1891 1955 2027 2083 2121 2181 2236 2317 2340 2386 2474 2520 2551 2610 2683 2748 2793 2810 2909 2936 2977
7 15 66 139 205 253 311 348 394 469 496 546 613 669 743 765 860 878 956 1024 1030 1111 1179 1209 1264 1325 1396 1453 1466 1563 1572 1633 1722 1760 1829 1837 1943 1970 2034 2087 2118 2162 2219 2293 2352 2416 2430 2513 2556 2615 2690 2703 2770 2818 2907 2944 3007
7 15 66 149 207 236 301 337 394 433 537 588 643 685 732 758 828 888 930 992 1026 1114 1173 1240 1274 1306 1358 1424 1504 1523 1572 1658 1680 1751 1829 1872 1895 1955 2027 2084 2133 2169 2267 2293 2363 2421 2434 2520 2588 2595 2662 2723 2798 2837 2905 2944 3007
4 15 66 154 169 231 274 337 399 476 509 546 621 653 752 808 849 875 948 1017 1068 1120 1162 1190 1274 1305 1394 1429 1499 1523 1601 1638 1722 1779 1785 1889 1927 1969 2027 2065 2133 2170 2252 2288 2356 2397 2462 2520 2568 2639 2668 2718 2755 2848 2862 2966 2977
7 15 68 109 203 228 302 347 394 474 486 588 643 652 747 779 832 890 938 992 1077 1132 1180 1221 1273 1331 1392 1410 1497 1550 1609 1631 1694 1730 1817 1844 1895 1970 2048 2084 2118 2198 2267 2283 2366 2406 2468 2494 2566 2622 2660 2719 2761 2811 2869 2942 3019
4 15 68 115 195 224 310 334 413 436 488 588 600 689 723 802 862 889 963 1006 1065 1102 1156 1191 1280 1317 1387 1453 1509 1543 1609 1664 1694 1728 1800 1848 1897 1971 2048 2081 2131 2191 2228 2294 2332 2413 2473 2494 2569 2611 2699 2730 2759 2842 2863 2931 3019
7 15 68 148 163 257 277 349 413 444 518 559 643 657 713 786 841 875 962 975 1068 1108 1170 1222 1242 1330 1401 1410 1495 1514 1609 1665 1722 1766 1800 1840 1904 1968 2008 2075 2134 2207 2221 2294 2343 2400 2470 2534 2590 2622 2651 2719 2807 2828 2895 2931 3019
4 15 71 118 179 219 279 347 422 433 501 566 619 700 724 790 824 913 950 1025 1071 1082 1173 1225 1255 1328 1400 1424 1504 1553 1574 1658 1686 1775 1805 1878 1930 1950 2042 2084 2133 2167 2235 2283 2326 2376 2466 2514 2546 2614 2697 2731 2783 2843 2899 2965 2974
7 15 71 154 213 267 305 347 407 460 533 551 642 688 710 794 849 870 948 972 1062 1085 1168 1221 1255 1303 1367 1419 1469 1553 1570 1634 1702 1743 1803 1856 1942 1993 2042 2086 2133 2193 2256 2288 2323 2429 2440 2514 2560 2616 2649 2745 2755 2848 2908 2942 2979
4 15 71 158 209 243 315 373 398 483 498 566 642 668 715 809 843 889 920 1011 1044 1102 1165 1195 1289 1330 1386 1419 1468 1527 1570 1628 1686 1769 1812 1876 1893 1968 2028 2091 2112 2196 2215 2294 2353 2414 2441 2528 2543 2616 2698 2745 2797 2808 2898 2936 2979
7 15 73 109 210 243 303 347 380 483 491 566 620 666 737 785 817 912 938 988 1067 1122 1165 1220 1288 1342 1402 1410 1496 1551 1610 1628 1700 1745 1819 1844 1890 1993 2051 2062 2121 2174 2264 2280 2365 2406 2466 2516 2551 2616 2683 2704 2777 2811 2872 2936 3012
7 15 73 118 196 224 317 337 415 450 503 566 600 699 723 788 852 913 952 1017 1064 1087 1162 1191 1281 1312 1385 1430 1499 1558 1610 1663 1700 1733 1784 1864 1913 1992 2051 2065 2131 2191 2252 2288 2329 2390 2482 2516 2548 2596 2696 2724 2754 2841 2863 2928 3012
4 15 73 160 201 237 311 372 400 469 532 566 613 698 709 771 831 878 960 1003 1073 1115 1179 1202 1260 1325 1361 1416 1491 1517 1606 1633 1700 1767 1786 1836 1919 1968 2030 2060 2155 2163 2265 2295 2331 2409 2431 2537 2582 2631 2665 2702 2763 2838 2898 2922 3016
7 15 74 140 207 247 313 373 399 441 504 563 642 679 710 809 838 882 928 1012 1031 1093 1184 1233 1294 1344 1378 1431 1458 1554 1567 1636 1680 1732 1789 1882 1926 1969 2007 2054 2133 2211 2253 2283 2342 2418 2454 2515 2555 2632 2682 2740 2768 2843 2896 2928 2973
7 15 74 151 196 246 302 342 399 478 528 546 621 680 722 807 827 913 933 1017 1049 1082 1175 1228 1246 1331 1350 1452 1486 1530 1567 1631 1699 1780 1789 1845 1927 1970 2029 2065 2132 2213 2252 2283 2329 2426 2435 2493 2566 2633 2660 2739 2791 2856 2907 2928 2973
4 15 75 116 197 223 287 334 380 466 521 564 600 689 734 802 833 882 935 1004 1065 1096 1186 1198 1243 1349 1397 1431 1487 1533 1602 1625 1701 1741 1822 1865 1940 1993 2005 2095 2121 2211 2214 2316 2332 2419 2458 2487 2569 2638 2667 2713 2799 2812 2901 2941 3009
7 15 75 125 201 257 278 342 380 461 507 565 621 656 713 807 841 875 922 982 1054 1122 1177 1220 1256 1300 1379 1410 1505 1547 1602 1638 1700 1729 1822 1869 1890 1958 2001 2068 2155 2207 2264 2316 2354 2428 2470 2491 2561 2605 2691 2746 2775 2861 2897 2941 3009
7 15 75 146 179 244 304 337 418 474 499 564 621 682 720 808 825 913 949 1025 1056 1103 1180 1192 1263 1329 1377 1410 1497 1513 1602 1631 1701 1763 1784 1843 1934 1963 2005 2084 2118 2204 2235 2293 2326 2427 2477 2487 2581 2605 2646 2746 2804 2818 2870 2965 3009
7 15 83 136 168 218 308 348 383 482 487 565 605 683 743 784 847 887 959 1007 1049 1111 1149 1209 1246 1328 1389 1452 1501 1530 1608 1630 1723 1731 1815 1846 1943 1950 2020 2100 2126 2199 2232 2283 2335 2422 2453 2493 2589 2592 2654 2734 2800 2821 2907 2944 3023
7 15 84 130 210 219 322 350 419 453 491 563 620 658 724 806 824 913 969 1015 1028 1125 1142 1224 1282 1339 1383 1424 1462 1556 1605 1649 1689 1745 1793 1868 1903 1992 2051 2071 2132 2167 2244 2280 2337 2384 2466 2505 2538 2593 2679 2739 2790 2836 2900 2922 3018
7 15 84 145 215 247 317 348 387 441 503 563 613 669 753 765 855 912 939 1014 1030 1094 1184 1215 1286 1340 1385 1430 1460 1552 1605 1636 1689 1733 1823 1839 1924 1993 2051 2052 2134 2168 2248 2274 2352 2383 2464 2505 2556 2632 2675 2701 2767 2845 2885 2928 3018
7 15 85 112 197 219 274 372 428 453 509 546 619 694 724 798 846 882 971 1004 1039 1120 1163 1225 1287 1315 1394 1453 1510 1545 1604 1629 1689 1756 1798 1867 1892 1971 2049 2095 2133 2167 2214 2280 2332 2397 2444 2492 2567 2593 2690 2740 2802 2825 2899 2941 2980
4 15 85 160 207 259 283 372 417 479 514 554 618 650 731 794 819 890 960 992 1062 1091 1151 1229 1287 1303 1384 1416 1463 1545 1575 1655 1680 1751 1783 1836 1936 1963 2049 2105 2133 2179 2246 2317 2363 2409 2434 2492 2560 2608 2649 2750 2776 2838 2874 2942 3010
4 15 87 108 193 238 305 350 389 460 503 564 642 686 706 757 850 870 968 1018 1047 1123 1168 1207 1271 1303 1397 1430 1490 1554 1573 1634 1699 1781 1818 1845 1920 1963 2003 2063 2121 2205 2255 2317 2362 2392 2451 2536 2541 2643 2669 2733 2793 2810 2870 2928 3017
7 15 87 116 198 225 300 337 414 471 539 564 620 676 752 791 853 882 921 979 1059 1120 1135 1190 1284 1343 1370 1452 1479 1541 1573 1659 1699 1745 1795 1859 1927 1950 2003 2055 2134 2176 2237 2280 2335 2420 2477 2536 2549 2625 2688 2751 2784 2826 2862 2966 3017
7 15 87 128 183 244 302 342 409 474 528 564 643 670 745 763 814 890 958 973 1061 1130 1180 1204 1260 1331 1350 1416 1488 1565 1611 1631 1699 1758 1833 1873 1900 1958 2050 2092 2112 2179 2254 2295 2324 2378 2439 2489 2552 2605 2674 2738 2778 2853 2910 2965 2978
7 15 87 138 162 243 278 342 414 455 516 563 642 658 715 771 821 878 957 974 1073 1083 1178 1195 1260 1315 1371 1430 1478 1565 1573 1624 1700 1770 1795 1874 1913 1971 2050 2093 2112 2196 2253 2280 2372 2377 2463 2489 2582 2643 2675 2733 2796 2855 2898 2966 3017
7 15 87 140 210 237 290 350 409 470 539 563 605 677 705 774 824 882 928 988 1035 1119 1136 1189 1271 1341 1380 1453 1458 1554 1611 1660 1700 1745 1833 1877 1928 1950 2003 2103 2121 2167 2224 2295 2365 2422 2466 2536 2542 2630 2670 2713 2783 2843 2883 2965 2978
7 15 88 110 207 244 277 372 378 444 537 554 643 679 745 809 819 875 919 1012 1044 1090 1170 1204 1277 1330 1381 1431 1480 1519 1576 1665 1701 1751 1824 1875 1940 1969 2027 2090 2112 2179 2216 2293 2342 2415 2434 2498 2543 2635 2698 2747 2785 2829 2910 2936 3004
7 15 88 139 184 245 287 334 419 484 521 554 613 650 711 797 811 870 927 1008 1070 1123 1167 1207 1264 1349 1397 1429 1466 1563 1598 1625 1701 1735 1828 1886 1920 1992 2012 2098 2132 2182 2227 2317 2360 2392 2433 2513 2558 2636 2677 2700 2794 2847 2865 2944 2981
4 15 89 158 196 236 300 337 405 433 539 566 613 684 711 769 852 889 920 980 1055 1124 1172 1192 1285 1343 1370 1453 1468 1527 1572 1659 1699 1733 1816 1873 1914 1955 2016 2085 2132 2191 2265 2274 2367 2417 2482 2531 2580 2595 2657 2723 2788 2808 2880 2965 2984
4 15 91 130 205 257 285 342 381 461 536 563 600 682 748 761 845 913 969 1001 1079 1118 1152 1227 1262 1344 1360 1431 1462 1556 1602 1663 1722 1728 1789 1843 1891 1958 2000 2061 2118 2171 2236 2294 2374 2408 2463 2526 2555 2605 2682 2746 2768 2836 2893 2943 2993
7 15 91 161 195 236 279 334 389 433 536 588 619 661 711 784 862 913 934 983 1049 1123 1173 1207 1286 1328 1365 1430 1488 1532 1588 1658 1699 1728 1827 1871 1920 1958 2000 2099 2126 2191 2255 2274 2357 2423 2473 2526 2589 2595 2654 2707 2789 2813 2865 2944 3008
4 15 92 161 170 216 292 349 429 434 489 589 618 691 735 785 862 912 934 976 1067 1094 1174 1222 1288 1333 1357 1416 1478 1542 1575 1657 1700 1749 1790 1883 1919 1971 1999 2097 2126 2203 2238 2274 2340 2412 2460 2525 2551 2642 2692 2716 2789 2813 2872 2931 3003
4 15 93 116 213 233 277 372 387 437 518 559 618 688 738 794 853 888 921 972 1048 1108 1186 1202 1245 1342 1401 1419 1487 1533 1596 1653 1701 1738 1823 1880 1924 1993 2037 2095 2134 2208 2248 2280 2323 2400 2446 2485 2575 2645 2659 2721 2784 2826 2868 2922 3018
7 15 93 159 192 244 292 348 431 444 489 559 600 681 745 756 814 890 945 1024 1076 1116 1179 1235 1252 1334 1357 1416 1466 1543 1612 1656 1701 1749 1802 1870 1908 1992 1999 2087 2155 2179 2219 2293 2364 2390 2439 2524 2540 2635 2687 2711 2799 2831 2877 2931 3002
7 15 94 110 195 220 285 372 400 449 536 551 619 694 736 798 840 878 919 1006 1039 1112 1169 1196 1278 1340 1360 1431 1465 1534 1586 1667 1694 1728 1786 1875 1941 1993 2000 2066 2131 2212 2243 2274 2332 2415 2473 2523 2567 2645 2665 2732 2763 2829 2908 2943 3016
4 15 96 149 171 233 310 342 398 485 488 588 621 656 738 807 853 888 930 1010 1054 1102 1164 1195 1276 1341 1387 1419 1504 1523 1618 1640 1686 1778 1791 1881 1893 1950 1998 2092 2131 2208 2215 2295 2354 2413 2446 2518 2561 2597 2650 2735 2773 2837 2875 2966 3001
7 15 97 118 183 220 314 349 386 485 490 589 619 655 736 778 852 890 952 973 1062 1131 1164 1196 1255 1337 1373 1419 1504 1553 1613 1640 1680 1737 1832 1849 1923 1955 2017 2092 2131 2212 2254 2288 2324 2404 2460 2514 2576 2610 2648 2737 2754 2841 2908 2965 2986
7 15 97 130 209 216 306 350 394 434 498 589 642 686 744 757 845 887 969 1002 1047 1114 1174 1240 1251 1319 1395 1424 1502 1516 1581 1657 1680 1769 1817 1868 1895 1970 2028 2073 2118 2194 2267 2294 2362 2384 2441 2503 2541 2642 2653 2710 2768 2836 2892 2931 3019
4 15 97 137 199 247 316 334 413 471 527 589 613 650 753 797 844 889 960 994 1070 1115 1135 1215 1246 1327 1361 1452 1479 1521 1581 1659 1680 1740 1800 1836 1904 1968 2028 2055 2134 2168 2221 2283 2360 2409 2475 2503 2558 2602 2699 2750 2759 2860 2885 2942 3019
7 15 97 144 192 254 293 347 394 464 490 546 613 648 742 789 813 890 955 1024 1037 1100 1141 1218 1283 1324 1394 1452 1503 1525 1581 1671 1723 1737 1817 1838 1943 1955 2017 2087 2133 2161 2219 2294 2364 2417 2452 2514 2573 2602 2660 2750 2761 2830 2909 2931 3019
7 15 98 151 197 237 277 372 408 469 537 546 605 648 705 799 846 913 933 983 1056 1118 1146 1189 1251 1330 1381 1424 1486 1530 1606 1665 1701 1756 1835 1886 1929 1968 2022 2094 2121 2167 2260 2294 2355 2386 2444 2488 2590 2631 2651 2702 2772 2856 2883 2944 2991
4 15 99 110 206 238 280 350 383 460 527 551 620 658 746 806 819 878 919 1019 1028 1111 1147 1209 1279 1329 1396 1452 1465 1534 1573 1654 1723 1757 1834 1874 1943 1963 2011 2089 2112 2164 2232 2293 2337 2416 2449 2522 2538 2643 2689 2733 2785 2829 2903 2942 3005
7 15 100 135 199 220 313 373 379 449 515 551 608 688 754 758 818 888 940 994 1026 1089 1169 1217 1274 1312 1368 1429 1471 1546 1596 1667 1680 1740 1820 1880 1912 1992 2040 2059 2134 2195 2217 2288 2360 2380 2475 2495 2588 2645 2656 2721 2787 2859 2905 2943 3011
7 15 100 150 206 260 306 350 416 473 498 551 618 665 725 792 819 912 970 988 1040 1088 1136 1239 1276 1319 1395 1419 1458 1544 1596 1657 1680 1757 1783 1841 1923 1969 2040 2103 2155 2164 2224 2295 2369 2410 2449 2495 2545 2613 2649 2753 2776 2838 2890 2936 3011
4 15 101 135 215 228 300 347 428 474 539 564 600 657 739 777 818 875 940 1014 1029 1120 1144 1225 1249 1336 1370 1453 1492 1526 1609 1666 1689 1733 1792 1840 1892 1970 2016 2086 2134 2206 2214 2288 2352 2420 2464 2521 2539 2622 2685 2719 2787 2859 2884 2965 2986
7 15 104 143 202 245 277 372 418 484 518 566 619 659 711 798 813 887 931 1002 1055 1103 1138 1192 1285 1342 1401 1410 1475 1559 1566 1653 1701 1766 1819 1870 1934 1955 2008 2105 2126 2182 2235 2317 2368 2404 2431 2500 2551 2636 2683 2734 2777 2815 2880 2931 2972
7 15 104 147 198 268 288 334 415 462 529 565 619 683 736 784 863 882 964 979 1077 1093 1154 1233 1273 1300 1378 1410 1459 1550 1566 1629 1702 1775 1822 1846 1926 1992 2014 2055 2131 2165 2237 2283 2335 2418 2448 2494 2561 2636 2691 2734 2775 2839 2869 2966 2972
4 15 106 120 182 217 305 347 378 435 503 554 643 652 741 779 856 882 946 1012 1077 1096 1155 1198 1250 1310 1397 1430 1494 1557 1595 1627 1702 1781 1814 1854 1940 1950 2003 2090 2132 2200 2216 2316 2366 2419 2461 2519 2566 2614 2681 2709 2765 2850 2894 2928 3014
7 15 106 139 198 234 290 348 410 436 539 554 620 651 731 778 825 870 956 986 1062 1126 1156 1229 1287 1337 1380 1453 1509 1520 1595 1664 1702 1745 1782 1837 1901 1963 2003 2081 2131 2204 2250 2280 2328 2416 2477 2519 2576 2601 2648 2722 2804 2818 2874 2965 3014
7 15 106 159 193 218 317 348 398 482 503 566 642 659 740 798 854 882 945 1011 1039 1087 1143 1210 1287 1340 1385 1416 1489 1520 1608 1636 1689 1781 1791 1870 1893 1950 2003 2091 2131 2201 2215 2317 2368 2390 2451 2519 2567 2592 2665 2734 2758 2831 2899 2943 3001
7 16 57 134 212 221 311 354 405 472 516 560 609 671 721 795 826 916 941 980 1035 1113 1170 1232 1293 1299 1387 1437 1468 1540 1597 1620 1718 1776 1797 1886 1903 1955 2044 2063 2113 2213 2216 2282 2364 2395 2435 2485 2573 2634 2672 2722 2791 2856 2909 2943 2993
7 16 58 111 172 260 308 338 425 478 528 560 646 687 735 756 838 907 949 982 1067 1130 1185 1207 1271 1331 1373 1437 1459 1557 1619 1629 1705 1736 1817 1876 1915 1951 2047 2082 2120 2173 2242 2295 2359 2398 2432 2532 2541 2612 2672 2706 2769 2830 2900 2928 2987
4 16 58 118 165 262 307 330 413 477 516 570 646 688 711 777 839 877 954 994 1049 1083 1146 1222 1284 1315 1391 1437 1460 1520 1619 1652 1695 1773 1829 1875 1916 1959 2046 2081 2150 2211 2229 2280 2354 2376 2431 2533 2588 2612 2671 2706 2782 2818 2901 2943 2987
7 16 61 129 189 224 270 338 383 467 522 565 605 698 748 774 811 877 949 1019 1059 1086 1158 1208 1255 1338 1389 1437 1472 1539 1608 1623 1726 1738 1830 1857 1943 1975 2009 2089 2127 2211 2231 2311 2346 2417 2459 2486 2576 2632 2676 2724 2800 2812 2907 2923 3021
7 16 61 134 184 250 314 354 426 440 498 592 605 669 705 797 846 883 941 976 1065 1117 1185 1229 1278 1316 1382 1437 1486 1522 1608 1666 1701 1756 1787 1886 1921 1959 2000 2053 2120 2186 2259 2275 2354 2395 2445 2495 2544 2632 2699 2724 2771 2856 2862 2960 3021
7 16 61 147 176 261 302 336 416 462 498 565 601 664 703 803 842 883 923 997 1053 1126 1175 1239 1252 1315 1394 1447 1458 1548 1615 1657 1726 1756 1805 1889 1899 1959 2000 2055 2138 2164 2250 2280 2358 2396 2453 2495 2562 2640 2696 2705 2776 2849 2891 2950 3014
4 16 61 152 162 236 297 343 426 482 495 565 627 683 734 781 816 894 964 1013 1041 1081 1152 1192 1269 1344 1378 1416 1490 1525 1608 1644 1726 1764 1787 1844 1935 1957 2009 2090 2122 2201 2245 2275 2324 2427 2470 2486 2574 2616 2663 2739 2807 2827 2884 2960 3021
7 16 62 113 208 230 297 343 420 468 515 583 601 689 730 794 842 877 957 1020 1059 1091 1150 1190 1286 1320 1360 1430 1511 1531 1600 1667 1726 1729 1805 1836 1898 1978 2049 2057 2118 2183 2263 2299 2352 2413 2434 2530 2556 2618 2696 2703 2776 2849 2874 2932 3010
7 16 62 134 174 257 275 336 420 432 505 592 620 662 732 778 828 883 965 974 1030 1085 1170 1236 1243 1337 1403 1411 1468 1540 1600 1659 1718 1772 1805 1871 1939 1955 2045 2063 2141 2199 2222 2299 2350 2393 2463 2535 2570 2595 2668 2726 2804 2832 2908 2932 3010
7 16 63 116 180 256 286 349 380 438 533 583 627 689 734 786 833 916 952 1004 1071 1095 1153 1210 1243 1301 1385 1411 1504 1563 1602 1673 1686 1752 1790 1839 1919 1964 2026 2097 2122 2182 2227 2299 2360 2401 2480 2514 2586 2633 2695 2700 2797 2847 2865 2930 2981
7 16 63 154 198 265 320 349 378 475 510 551 607 676 750 778 863 883 962 997 1030 1117 1172 1217 1243 1318 1368 1434 1467 1563 1576 1643 1718 1775 1821 1848 1931 1996 2026 2088 2122 2165 2217 2275 2336 2409 2447 2514 2570 2600 2687 2702 2760 2827 2908 2950 3008
7 16 64 122 211 221 293 343 406 473 528 570 601 689 721 794 826 916 942 1017 1059 1089 1165 1234 1255 1347 1388 1437 1480 1539 1602 1641 1688 1777 1809 1839 1941 1970 2006 2056 2122 2213 2215 2311 2352 2411 2435 2486 2556 2633 2671 2700 2802 2844 2907 2928 2980
7 16 64 140 166 217 308 338 417 483 528 553 637 695 706 792 840 916 935 1025 1041 1101 1180 1219 1269 1331 1373 1416 1502 1525 1575 1629 1705 1777 1782 1860 1930 1970 2006 2072 2127 2206 2220 2275 2338 2426 2478 2486 2563 2622 2649 2728 2796 2846 2884 2950 3008
7 16 67 115 163 257 310 334 425 432 518 592 614 657 740 802 858 889 960 1000 1070 1130 1170 1207 1255 1302 1371 1437 1469 1514 1591 1659 1705 1732 1799 1874 1915 1957 2021 2062 2113 2191 2242 2311 2373 2400 2475 2513 2557 2595 2699 2736 2759 2858 2895 2932 3007
7 16 67 140 203 254 271 330 393 440 490 592 627 648 744 793 860 877 955 978 1037 1128 1180 1237 1244 1325 1395 1425 1502 1525 1591 1671 1705 1759 1829 1877 1895 1970 2021 2072 2118 2184 2267 2284 2362 2406 2452 2513 2548 2628 2673 2703 2779 2826 2869 2960 3007
7 16 67 148 195 224 277 349 425 471 488 570 627 689 753 786 829 875 957 990 1071 1090 1156 1216 1246 1346 1361 1425 1479 1543 1591 1662 1726 1740 1799 1836 1918 1951 2027 2103 2120 2207 2239 2311 2360 2413 2474 2507 2586 2628 2651 2703 2807 2814 2863 2932 3007
7 16 71 124 201 218 301 357 419 460 507 551 607 694 713 807 859 889 971 1006 1055 1119 1148 1224 1268 1300 1390 1456 1493 1559 1598 1642 1690 1751 1812 1855 1890 1987 2048 2078 2138 2168 2217 2289 2330 2382 2473 2509 2539 2605 2692 2745 2803 2813 2871 2923 3009
4 16 71 139 171 262 286 349 419 451 533 555 646 650 711 764 811 897 939 1008 1068 1105 1139 1222 1264 1301 1385 1418 1498 1533 1598 1673 1686 1755 1812 1864 1893 1975 2023 2092 2150 2211 2214 2289 2332 2391 2459 2534 2587 2637 2694 2713 2800 2812 2901 2923 3009
7 16 71 143 203 261 312 357 422 480 509 555 601 648 703 793 832 907 942 978 1036 1089 1138 1239 1268 1304 1388 1425 1474 1559 1603 1669 1686 1749 1795 1839 1936 1970 2048 2105 2138 2164 2234 2320 2362 2411 2462 2509 2549 2623 2648 2742 2783 2823 2891 2930 3004
7 16 71 146 178 243 279 367 407 434 513 555 607 667 724 762 835 894 926 977 1066 1081 1141 1192 1263 1333 1378 1456 1500 1535 1598 1631 1686 1775 1823 1882 1935 1978 2023 2102 2133 2175 2262 2275 2375 2427 2466 2534 2578 2605 2646 2745 2757 2843 2894 2937 3009
7 16 71 150 191 216 305 367 422 435 533 551 614 693 742 760 821 897 967 1023 1058 1133 1168 1194 1263 1311 1366 1411 1496 1535 1603 1645 1690 1755 1795 1884 1910 1975 2023 2061 2133 2198 2260 2320 2322 2381 2440 2534 2560 2635 2674 2731 2756 2816 2903 2930 3004
4 16 72 155 194 254 270 376 389 467 525 547 605 649 744 801 860 877 944 994 1074 1091 1158 1196 1247 1338 1386 1425 1493 1528 1612 1623 1690 1768 1814 1865 1892 1987 2004 2067 2141 2184 2243 2299 2325 2386 2452 2537 2568 2601 2684 2751 2773 2832 2912 2943 3016
4 16 72 157 162 244 301 357 410 433 526 547 614 683 729 781 821 907 960 1013 1061 1130 1179 1211 1259 1319 1371 1416 1506 1517 1612 1624 1690 1767 1795 1874 1909 1957 2004 2083 2158 2170 2253 2295 2324 2400 2467 2537 2553 2643 2674 2709 2756 2816 2910 2948 3016
7 16 75 110 169 244 314 354 398 483 498 553 614 696 729 761 847 875 959 1014 1043 1099 1142 1211 1277 1316 1382 1447 1492 1537 1570 1666 1701 1730 1822 1866 1940 1951 2027 2091 2158 2170 2238 2284 2371 2414 2441 2499 2591 2593 2652 2746 2794 2808 2910 2950 3003
7 16 75 118 178 266 304 330 423 455 511 553 609 654 720 775 837 894 954 977 1070 1121 1176 1225 1255 1305 1353 1437 1466 1514 1597 1658 1701 1763 1783 1875 1921 1996 2013 2102 2118 2185 2262 2311 2375 2376 2477 2513 2584 2614 2697 2741 2784 2818 2895 2937 2974
7 16 75 152 210 264 273 334 398 462 511 565 637 677 751 766 863 894 964 996 1037 1118 1171 1230 1244 1296 1384 1425 1490 1525 1570 1661 1688 1763 1822 1887 1914 1996 2013 2071 2113 2165 2264 2284 2349 2385 2447 2513 2575 2638 2686 2701 2760 2827 2869 2950 3003
4 16 77 137 203 230 308 338 386 457 509 573 601 701 730 775 814 889 966 1011 1070 1088 1137 1190 1274 1305 1392 1418 1499 1549 1613 1654 1705 1749 1811 1841 1901 1987 2048 2052 2118 2183 2252 2320 2327 2425 2462 2503 2584 2629 2697 2717 2755 2854 2874 2937 2998
7 16 77 149 205 267 301 338 393 433 507 570 614 659 748 758 845 907 918 1021 1039 1086 1179 1208 1274 1319 1390 1456 1487 1549 1593 1624 1708 1751 1817 1872 1943 1970 2048 2101 2118 2169 2219 2282 2329 2416 2469 2503 2566 2622 2661 2710 2780 2811 2907 2923 3019
7 16 77 152 194 252 312 334 413 442 509 570 646 649 702 801 816 889 964 994 1056 1115 1136 1191 1279 1346 1388 1425 1470 1544 1593 1628 1708 1749 1799 1887 1916 1987 2048 2081 2122 2200 2229 2275 2325 2385 2471 2503 2586 2602 2651 2730 2807 2827 2904 2930 3019
7 16 78 154 199 247 299 349 425 436 527 560 646 650 723 764 816 875 962 982 1068 1099 1135 1238 1280 1345 1387 1434 1509 1521 1580 1665 1708 1728 1799 1848 1915 1957 2001 2082 2113 2201 2242 2284 2332 2409 2470 2520 2587 2615 2651 2729 2807 2827 2885 2960 3007
7 16 80 115 209 240 274 367 395 446 487 592 607 701 705 762 849 889 967 1016 1065 1110 1161 1229 1278 1328 1395 1411 1460 1523 1613 1642 1695 1779 1832 1841 1927 1959 2028 2065 2118 2196 2248 2302 2341 2424 2439 2494 2579 2629 2668 2717 2778 2851 2862 2948 2995
4 16 81 110 163 265 291 376 422 475 518 551 614 658 707 783 840 877 918 1023 1073 1086 1172 1241 1277 1347 1390 1420 1492 1537 1568 1643 1681 1732 1814 1872 1910 1970 2021 2061 2138 2209 2260 2311 2351 2416 2475 2499 2562 2600 2665 2711 2793 2850 2878 2950 2983
4 16 81 142 203 234 315 376 387 470 490 547 627 667 726 809 833 889 926 1011 1043 1109 1175 1214 1277 1345 1351 1447 1461 1537 1578 1649 1686 1759 1790 1882 1900 1957 2021 2052 2138 2210 2252 2284 2327 2427 2452 2499 2543 2626 2695 2745 2797 2847 2910 2937 2972
7 16 82 126 202 250 277 376 382 471 496 555 627 667 727 809 851 875 950 1012 1043 1108 1156 1203 1289 1346 1352 1418 1508 1536 1617 1662 1701 1764 1827 1880 1913 1987 2008 2074 2127 2163 2247 2275 2327 2389 2430 2512 2543 2601 2694 2747 2785 2846 2898 2948 2971
7 16 82 147 180 254 305 367 423 467 533 565 627 692 744 769 831 883 923 1009 1028 1085 1137 1237 1253 1311 1366 1418 1458 1548 1617 1645 1690 1752 1786 1855 1938 1996 2026 2094 2118 2184 2245 2299 2355 2429 2480 2494 2566 2601 2669 2747 2787 2849 2869 2923 2971
7 16 83 147 174 267 294 354 427 461 504 565 646 670 711 770 829 883 958 974 1051 1103 1143 1226 1245 1344 1400 1416 1494 1512 1611 1647 1708 1760 1787 1868 1932 1951 2036 2063 2150 2207 2222 2282 2350 2398 2474 2527 2574 2593 2663 2704 2807 2814 2897 2932 3020
7 16 83 158 199 269 295 343 379 448 489 565 609 656 721 758 850 907 940 982 1039 1089 1181 1234 1274 1311 1384 1418 1482 1530 1614 1655 1708 1728 1786 1878 1941 1975 2040 2080 2113 2166 2244 2320 2332 2415 2470 2523 2566 2597 2669 2749 2787 2829 2907 2928 3017
4 16 85 131 162 218 289 330 423 444 492 573 620 673 710 791 820 894 965 1013 1064 1085 1166 1237 1264 1343 1403 1418 1476 1562 1588 1664 1690 1767 1783 1871 1938 1955 2039 2090 2158 2171 2245 2289 2324 2393 2467 2506 2547 2621 2697 2715 2784 2835 2905 2960 2974
7 16 85 146 199 245 323 376 405 480 492 555 614 677 740 783 813 894 926 983 1050 1124 1183 1220 1292 1313 1369 1447 1500 1535 1570 1625 1708 1767 1797 1887 1903 1955 2039 2060 2113 2202 2216 2295 2331 2422 2430 2506 2585 2638 2682 2701 2780 2843 2880 2930 2993
4 16 88 145 178 244 292 336 420 433 500 547 637 667 712 762 834 883 950 977 1065 1082 1179 1199 1242 1328 1377 1456 1487 1553 1574 1624 1701 1763 1805 1880 1898 1978 2024 2101 2118 2188 2263 2284 2375 2389 2477 2487 2579 2643 2668 2747 2804 2826 2899 2948 3010
7 16 88 155 202 223 299 357 424 481 527 547 609 669 704 788 820 877 941 978 1048 1113 1138 1201 1257 1342 1387 1434 1474 1547 1604 1668 1701 1728 1833 1886 1934 1955 2001 2105 2127 2171 2234 2320 2363 2395 2467 2510 2542 2636 2647 2724 2784 2835 2890 2960 2979
4 16 91 132 212 235 271 354 428 478 531 560 607 650 708 767 826 897 932 1014 1062 1112 1142 1228 1242 1325 1354 1456 1492 1515 1598 1671 1681 1776 1806 1864 1912 1970 2029 2091 2150 2213 2238 2284 2329 2399 2435 2527 2548 2637 2673 2713 2802 2844 2902 2928 2989
7 16 91 157 187 262 309 349 401 451 486 547 607 676 753 778 849 907 925 1007 1030 1090 1187 1216 1287 1337 1386 1456 1463 1560 1598 1626 1695 1731 1832 1838 1918 1975 2040 2069 2141 2169 2261 2280 2336 2387 2465 2515 2570 2637 2668 2713 2778 2851 2863 2932 2989
7 16 93 132 191 266 277 376 396 455 496 560 605 652 720 801 857 897 932 1023 1056 1093 1172 1220 1283 1346 1352 1434 1492 1515 1606 1662 1701 1738 1835 1858 1934 1951 2035 2061 2122 2185 2260 2311 2322 2404 2457 2484 2586 2614 2651 2733 2771 2844 2900 2930 2976
7 16 94 131 190 219 315 376 396 474 490 570 620 659 737 764 846 897 944 985 1068 1131 1171 1197 1264 1345 1351 1425 1476 1562 1605 1649 1686 1750 1835 1845 1936 1959 2031 2086 2113 2186 2258 2282 2323 2405 2445 2506 2587 2592 2651 2738 2771 2856 2901 2960 2976
7 16 94 150 176 260 271 330 378 478 490 551 607 664 735 803 812 897 967 997 1050 1110 1142 1225 1292 1325 1395 1447 1496 1535 1571 1671 1705 1750 1818 1841 1931 1959 2031 2088 2158 2173 2217 2295 2358 2424 2458 2506 2565 2612 2656 2753 2765 2816 2880 2937 3011
4 16 96 131 209 261 273 336 380 462 520 573 637 701 706 762 839 894 965 1016 1066 1095 1171 1210 1263 1296 1374 1411 1476 1562 1615 1661 1686 1737 1793 1852 1919 1959 2037 2086 2127 2161 2227 2320 2341 2412 2481 2508 2578 2640 2683 2705 2764 2835 2894 2943 2978
4 16 96 148 214 228 295 343 426 460 520 551 646 658 735 783 829 894 957 973 1050 1121 1155 1225 1292 1332 1353 1430 1489 1533 1573 1635 1708 1737 1787 1872 1921 1959 2037 2056 2120 2205 2259 2311 2351 2376 2476 2508 2585 2594 2663 2711 2807 2814 2880 2923 3021
4 16 99 116 190 232 310 354 415 485 518 592 607 656 749 767 835 907 956 985 1036 1130 1153 1211 1270 1336 1371 1420 1504 1563 1614 1626 1686 1750 1823 1878 1909 1964 2002 2097 2113 2197 2248 2295 2323 2400 2445 2485 2575 2597 2646 2749 2757 2843 2889 2950 3001
7 16 100 110 189 218 274 367 431 460 487 551 620 666 710 806 847 877 959 1019 1049 1128 1148 1237 1280 1328 1395 1434 1483 1546 1610 1642 1695 1757 1788 1873 1895 1978 2049 2089 2158 2171 2231 2284 2346 2406 2440 2493 2559 2605 2687 2734 2794 2808 2905 2923 2990
7 16 100 132 208 256 279 367 410 472 515 560 601 653 723 805 832 897 953 1001 1068 1104 1134 1238 1280 1307 1376 1420 1461 1546 1585 1656 1686 1729 1795 1852 1909 1957 2049 2094 2158 2193 2253 2299 2370 2423 2434 2493 2546 2598 2648 2753 2783 2823 2885 2943 3016
7 16 100 153 187 255 293 336 389 473 524 551 601 664 739 803 851 916 966 987 1053 1088 1165 1199 1270 1347 1392 1420 1462 1513 1585 1641 1695 1762 1814 1841 1892 1987 2007 2075 2141 2160 2243 2295 2358 2425 2433 2535 2562 2598 2665 2753 2793 2838 2871 2948 3016
7 16 103 111 181 252 317 336 416 441 502 583 646 660 702 789 850 883 939 1018 1063 1105 1162 1191 1271 1320 1385 1430 1459 1557 1573 1647 1681 1781 1805 1864 1924 1975 2003 2104 2122 2200 2223 2302 2366 2391 2436 2532 2556 2603 2696 2702 2776 2840 2904 2928 3014
7 16 103 149 210 243 289 338 400 444 539 583 620 658 724 785 835 894 918 996 1027 1120 1166 1219 1287 1343 1356 1456 1495 1541 1573 1664 1681 1744 1820 1872 1912 1964 2003 2071 2120 2175 2264 2280 2349 2416 2466 2532 2589 2594 2655 2711 2790 2811 2865 2950 3014
7 16 105 113 187 245 312 334 404 480 524 553 601 670 740 784 810 907 958 1007 1039 1130 1138 1207 1286 1304 1373 1434 1511 1531 1567 1669 1708 1762 1792 1868 1915 1996 2007 2069 2127 2202 2261 2295 2336 2398 2433 2530 2540 2638 2657 2704 2792 2848 2895 2932 3000
4 16 105 132 167 264 302 376 386 462 530 573 601 680 751 777 826 883 932 1011 1049 1082 1175 1196 1280 1315 1363 1434 1461 1546 1567 1657 1688 1747 1809 1858 1901 1955 2045 2052 2150 2165 2252 2284 2363 2404 2483 2493 2588 2638 2671 2704 2802 2844 2905 2943 3000
4 16 107 116 194 239 306 330 426 459 525 592 605 662 720 784 833 907 952 976 1039 1121 1162 1225 1286 1307 1350 1430 1509 1558 1582 1630 1708 1768 1831 1861 1921 1957 2004 2053 2122 2210 2259 2299 2344 2379 2452 2504 2540 2639 2654 2737 2797 2847 2895 2937 2975
7 16 107 140 199 240 301 338 427 446 526 592 620 675 737 785 851 877 935 983 1077 1103 1161 1226 1288 1300 1371 1416 1470 1556 1582 1642 1708 1767 1830 1860 1932 1987 2004 2054 2113 2163 2222 2289 2331 2426 2430 2504 2539 2629 2692 2748 2785 2846 2870 2948 2975
7 17 54 109 181 244 308 344 415 481 526 569 635 653 745 796 819 890 960 992 1061 1130 1180 1211 1252 1349 1383 1416 1460 1546 1611 1656 1690 1753 1834 1868 1908 1988 2049 2059 2119 2177 2248 2315 2350 2407 2434 2507 2546 2598 2649 2711 2803 2823 2888 2940 2984
7 17 54 133 201 247 289 335 430 437 511 569 605 697 744 802 860 908 961 1025 1028 1089 1173 1203 1276 1317 1354 1445 1493 1522 1611 1648 1690 1768 1819 1865 1938 1971 2049 2060 2128 2192 2217 2292 2359 2393 2464 2507 2545 2603 2679 2706 2772 2832 2863 2964 2984
7 17 55 139 214 253 296 353 414 449 495 555 615 667 754 760 855 886 922 1012 1035 1088 1184 1191 1257 1340 1385 1451 1488 1554 1572 1644 1719 1750 1831 1864 1943 1985 2034 2087 2134 2174 2254 2281 2347 2416 2430 2485 2554 2626 2675 2721 2760 2819 2911 2928 3018
7 17 56 157 190 258 279 371 415 433 521 569 635 652 733 781 821 886 946 992 1066 1104 1136 1238 1280 1319 1375 1420 1504 1548 1614 1654 1686 1767 1796 1852 1908 1956 2006 2059 2151 2193 2248 2290 2341 2419 2435 2537 2589 2607 2646 2709 2800 2814 2896 2944 3023
4 17 57 141 202 221 276 371 426 481 506 569 605 674 747 766 842 876 968 980 1048 1117 1170 1202 1293 1298 1382 1431 1496 1552 1582 1666 1696 1756 1797 1860 1942 1959 2018 2105 2148 2171 2217 2312 2358 2394 2435 2510 2573 2622 2647 2744 2797 2839 2862 2940 2979
7 17 58 133 187 230 276 344 423 433 506 569 609 682 750 795 826 908 941 1023 1079 1117 1168 1240 1250 1343 1382 1428 1468 1547 1597 1622 1721 1747 1788 1886 1904 1955 2027 2075 2148 2169 2214 2281 2363 2394 2434 2525 2575 2636 2695 2732 2784 2852 2864 2944 2981
7 17 58 140 171 244 323 368 420 481 494 569 621 648 718 807 834 905 955 1006 1051 1128 1180 1197 1261 1335 1353 1417 1465 1532 1576 1656 1721 1763 1813 1849 1905 1965 2038 2054 2118 2204 2215 2284 2344 2428 2456 2513 2579 2598 2680 2746 2804 2825 2865 2940 3003
7 17 59 129 193 224 298 334 414 436 491 561 609 672 750 773 811 876 927 1005 1063 1088 1158 1191 1256 1317 1389 1451 1509 1512 1594 1639 1719 1759 1828 1862 1943 1971 2009 2093 2148 2175 2254 2292 2372 2412 2473 2529 2571 2609 2653 2744 2756 2843 2914 2947 3021
7 17 60 121 202 258 274 353 414 446 505 587 638 658 733 782 821 886 918 980 1050 1120 1182 1221 1260 1313 1374 1420 1510 1549 1568 1629 1696 1756 1831 1858 1928 1971 2019 2055 2148 2193 2267 2280 2358 2427 2435 2518 2582 2593 2675 2736 2760 2854 2913 2929 3018
4 17 60 132 215 221 294 346 379 461 503 587 606 701 713 764 810 905 958 1020 1065 1111 1150 1219 1269 1322 1400 1416 1462 1531 1612 1663 1696 1765 1816 1874 1932 1974 2032 2061 2134 2206 2229 2312 2324 2410 2444 2505 2574 2641 2656 2738 2777 2859 2866 2932 2972
7 17 61 121 209 259 303 353 405 456 524 562 621 683 718 757 816 911 918 979 1041 1105 1151 1192 1290 1327 1390 1420 1495 1564 1601 1670 1687 1764 1787 1858 1910 1988 2051 2086 2118 2190 2235 2309 2323 2427 2479 2487 2581 2619 2678 2710 2765 2854 2870 2938 3011
7 17 61 141 170 250 283 371 405 454 538 552 609 691 704 785 852 893 968 976 1075 1113 1185 1195 1278 1342 1387 1431 1498 1550 1601 1620 1698 1776 1787 1860 1911 1955 2001 2078 2151 2161 2234 2309 2338 2394 2445 2537 2544 2602 2657 2727 2787 2839 2909 2938 3011
4 17 61 145 203 247 319 353 386 442 522 552 615 667 744 760 860 908 950 1023 1035 1082 1179 1189 1290 1325 1396 1445 1471 1564 1605 1626 1698 1766 1808 1856 1924 1991 2051 2052 2118 2192 2237 2284 2347 2383 2464 2487 2554 2597 2690 2729 2779 2825 2876 2944 3007
7 17 62 142 200 221 323 371 396 481 489 562 621 672 713 806 810 905 927 1004 1057 1119 1180 1193 1284 1335 1358 1416 1460 1513 1582 1656 1719 1780 1807 1862 1919 1959 2046 2059 2119 2206 2235 2290 2339 2412 2444 2499 2572 2622 2687 2744 2805 2830 2894 2947 2974
7 17 64 144 200 230 292 344 405 433 486 566 617 698 711 780 813 905 956 1004 1069 1105 1136 1192 1270 1306 1401 1420 1504 1561 1597 1654 1687 1741 1821 1869 1910 1955 2044 2059 2151 2209 2235 2315 2339 2417 2482 2490 2564 2636 2682 2732 2762 2861 2878 2947 2975
4 17 66 114 170 247 277 335 429 437 489 587 635 677 733 800 811 884 964 976 1050 1118 1161 1221 1260 1332 1403 1416 1478 1544 1611 1659 1698 1776 1804 1885 1930 1971 2050 2072 2151 2203 2240 2284 2338 2413 2445 2523 2564 2603 2656 2706 2790 2810 2913 2947 2970
4 17 69 144 171 243 287 338 391 452 510 566 624 699 707 756 818 905 956 1006 1071 1111 1140 1219 1248 1334 1400 1426 1504 1561 1570 1652 1686 1754 1830 1876 1932 1956 2042 2054 2154 2200 2215 2312 2344 2410 2466 2514 2552 2612 2698 2726 2757 2861 2872 2940 2979
7 17 69 158 209 219 315 365 396 484 492 566 617 649 710 791 849 911 948 979 1036 1085 1171 1227 1267 1296 1361 1448 1475 1536 1574 1634 1686 1777 1807 1878 1919 1959 2028 2086 2119 2213 2235 2298 2323 2408 2467 2528 2560 2640 2697 2715 2795 2842 2898 2938 2974
4 17 70 143 203 262 312 344 390 434 517 555 624 667 751 760 863 890 957 1023 1043 1091 1168 1194 1285 1311 1381 1445 1468 1538 1598 1621 1686 1761 1834 1864 1935 1991 2048 2075 2130 2198 2214 2281 2347 2381 2469 2509 2547 2599 2694 2721 2757 2816 2891 2961 3009
4 17 70 146 178 261 279 371 397 432 512 555 606 696 713 770 859 884 971 976 1068 1119 1185 1193 1272 1331 1385 1448 1498 1545 1603 1642 1686 1771 1789 1839 1919 1967 2023 2078 2134 2166 2234 2309 2330 2384 2459 2534 2539 2606 2648 2752 2801 2845 2894 2947 3004
7 17 72 122 201 233 270 353 417 470 537 552 617 694 726 805 841 911 919 1025 1055 1090 1186 1213 1259 1342 1372 1431 1506 1521 1586 1634 1690 1768 1787 1838 1925 1985 2024 2055 2128 2210 2222 2280 2359 2411 2464 2488 2544 2626 2657 2707 2787 2851 2906 2961 2999
4 17 72 146 176 253 313 365 383 449 502 555 617 650 715 791 813 884 954 1014 1048 1086 1184 1233 1293 1322 1378 1431 1491 1552 1586 1644 1687 1737 1821 1882 1901 1974 2002 2084 2154 2212 2247 2312 2322 2425 2478 2510 2548 2626 2682 2707 2762 2861 2862 2928 2999
7 17 72 151 162 218 308 344 383 478 526 552 621 685 703 808 820 905 941 1017 1074 1111 1183 1230 1251 1349 1383 1428 1486 1528 1586 1656 1690 1779 1821 1853 1923 1991 2024 2058 2137 2196 2225 2312 2335 2426 2453 2488 2541 2599 2654 2734 2791 2834 2876 2928 2999
7 17 75 118 201 239 274 353 380 476 511 552 605 656 719 759 841 890 922 1008 1078 1100 1162 1220 1256 1305 1369 1451 1464 1557 1575 1637 1696 1768 1783 1875 1897 1988 2049 2102 2122 2210 2260 2292 2375 2404 2464 2484 2586 2619 2661 2737 2797 2840 2900 2958 3006
7 17 75 160 196 262 289 338 403 439 511 561 617 690 751 788 863 890 966 1022 1037 1097 1166 1216 1287 1324 1354 1445 1495 1526 1600 1640 1687 1768 1817 1850 1933 1988 2049 2070 2137 2198 2239 2280 2353 2385 2469 2484 2543 2594 2686 2701 2762 2811 2867 2964 2980
7 17 78 112 211 250 313 335 416 441 502 587 638 661 704 794 852 893 928 975 1059 1129 1169 1234 1262 1320 1378 1431 1497 1539 1617 1646 1716 1737 1815 1881 1926 1965 2002 2060 2122 2161 2267 2292 2374 2382 2445 2504 2555 2615 2696 2700 2786 2840 2868 2928 3012
4 17 79 110 214 221 272 338 428 481 520 569 606 652 713 775 824 875 966 1012 1054 1122 1170 1219 1281 1303 1351 1445 1511 1520 1609 1666 1719 1750 1800 1844 1922 1991 2008 2091 2134 2206 2249 2290 2347 2391 2430 2521 2558 2622 2679 2717 2793 2860 2866 2940 2995
4 17 81 113 171 233 273 353 402 470 494 584 621 650 752 757 853 884 967 994 1068 1118 1147 1221 1273 1345 1403 1428 1503 1523 1586 1672 1686 1763 1786 1882 1930 1985 2038 2052 2154 2185 2265 2284 2357 2413 2456 2489 2553 2626 2655 2707 2771 2837 2893 2929 2990
7 17 82 122 198 216 287 334 414 445 510 587 638 653 753 784 845 876 960 980 1045 1114 1186 1228 1246 1329 1400 1426 1506 1521 1571 1657 1690 1754 1828 1868 1928 1985 2042 2055 2134 2183 2267 2298 2362 2407 2440 2501 2558 2638 2653 2711 2756 2809 2887 2940 3021
4 17 82 143 176 229 295 365 424 432 490 555 638 680 740 787 813 890 957 973 1076 1100 1155 1220 1265 1337 1369 1426 1468 1538 1571 1671 1721 1737 1818 1841 1897 1955 2015 2088 2119 2212 2216 2292 2364 2404 2478 2528 2572 2638 2685 2711 2807 2816 2879 2947 3021
4 17 84 153 164 241 278 346 416 476 500 581 621 681 738 776 832 875 931 1018 1054 1083 1162 1196 1247 1300 1398 1451 1464 1523 1616 1637 1719 1729 1822 1873 1943 1965 2041 2102 2122 2170 2252 2298 2328 2428 2465 2517 2557 2617 2672 2718 2805 2808 2902 2929 3005
7 17 85 131 164 216 318 365 405 445 500 562 621 697 753 793 820 884 961 979 1064 1084 1171 1212 1275 1299 1359 1417 1475 1562 1576 1672 1690 1729 1821 1865 1910 1955 2041 2086 2151 2183 2235 2298 2368 2393 2465 2516 2591 2638 2654 2706 2791 2834 2903 2964 2975
7 17 85 148 211 244 272 368 417 481 487 562 606 661 745 794 814 875 969 975 1044 1090 1170 1213 1292 1303 1384 1431 1496 1545 1576 1666 1690 1742 1810 1836 1925 1965 2041 2105 2148 2177 2222 2315 2374 2399 2439 2516 2571 2598 2667 2746 2774 2833 2886 2947 2975
7 17 86 109 202 261 295 371 401 432 505 569 638 651 708 809 842 890 932 1007 1062 1097 1155 1216 1288 1337 1354 1417 1492 1514 1603 1671 1716 1756 1832 1884 1933 1967 2019 2062 2128 2171 2241 2280 2329 2385 2435 2491 2577 2606 2680 2752 2786 2851 2912 2932 2988
7 17 88 128 211 259 300 368 378 456 528 562 641 656 731 809 814 890 945 1024 1062 1091 1151 1194 1288 1330 1381 1416 1490 1519 1575 1670 1716 1742 1833 1875 1935 1974 1999 2090 2122 2177 2228 2281 2324 2381 2439 2486 2577 2619 2687 2737 2780 2827 2912 2938 2993
4 17 88 138 212 223 290 350 378 472 493 581 605 691 705 772 849 908 968 978 1035 1117 1138 1240 1257 1316 1382 1451 1489 1554 1575 1648 1698 1774 1833 1860 1904 1959 2000 2063 2137 2213 2259 2281 2351 2394 2467 2485 2542 2629 2672 2727 2795 2842 2911 2938 2993
7 17 89 125 163 252 321 368 383 471 508 555 617 696 751 765 817 875 955 1014 1043 1125 1167 1194 1285 1321 1350 1417 1508 1536 1573 1660 1702 1762 1810 1888 1901 1991 2008 2084 2137 2207 2247 2309 2336 2390 2432 2511 2542 2645 2666 2703 2775 2841 2891 2938 3011
7 17 89 136 214 268 271 353 405 480 520 555 606 686 740 790 855 911 967 997 1076 1087 1142 1220 1265 1339 1352 1428 1474 1555 1573 1635 1702 1750 1787 1872 1911 1955 2008 2056 2151 2174 2234 2290 2363 2422 2430 2511 2569 2595 2678 2753 2765 2814 2879 2958 3011
7 17 89 159 191 264 287 334 383 484 510 566 606 684 716 802 814 908 958 978 1028 1111 1147 1230 1276 1329 1400 1428 1458 1534 1573 1657 1690 1771 1810 1874 1923 1974 2025 2098 2154 2169 2225 2309 2371 2410 2447 2494 2545 2595 2667 2753 2774 2833 2863 2938 3011
4 17 90 142 172 268 286 334 411 480 515 581 638 687 740 784 810 886 927 1003 1046 1104 1148 1206 1249 1300 1393 1451 1459 1514 1619 1629 1702 1734 1822 1871 1940 1974 2047 2095 2119 2174 2246 2290 2326 2402 2475 2530 2557 2595 2672 2708 2805 2830 2895 2932 3010
7 17 91 161 184 235 280 350 401 460 531 584 624 650 706 757 850 911 954 982 1041 1109 1173 1205 1290 1328 1356 1445 1466 1515 1598 1625 1687 1728 1832 1882 1933 1967 2012 2089 2128 2186 2241 2284 2357 2425 2481 2536 2581 2613 2677 2707 2789 2847 2870 2928 2988
7 17 92 131 181 264 270 353 424 484 537 561 641 687 716 761 826 886 943 992 1058 1115 1171 1189 1272 1342 1372 1448 1475 1562 1619 1634 1690 1753 1831 1871 1892 1955 2039 2086 2119 2169 2221 2309 2350 2386 2434 2519 2549 2595 2652 2708 2784 2852 2905 2944 3008
4 17 93 113 195 250 295 371 381 454 505 561 621 672 703 806 856 908 946 1009 1057 1089 1134 1203 1273 1337 1354 1420 1503 1523 1601 1671 1716 1748 1835 1879 1938 1955 2027 2066 2137 2162 2266 2292 2339 2393 2437 2489 2572 2602 2685 2727 2792 2858 2905 2929 2978
7 17 93 114 193 264 315 334 403 484 496 561 617 686 711 797 811 911 964 1022 1051 1109 1171 1205 1261 1296 1356 1417 1490 1532 1573 1634 1716 1759 1792 1872 1933 1974 2003 2070 2151 2175 2239 2284 2356 2425 2473 2513 2589 2595 2669 2753 2790 2810 2865 2944 3007
7 17 94 157 179 225 312 344 396 467 517 562 621 661 738 808 853 893 923 1004 1029 1085 1136 1227 1295 1311 1381 1448 1504 1548 1617 1621 1686 1778 1786 1881 1919 1956 2033 2059 2122 2187 2235 2315 2360 2387 2455 2524 2586 2615 2655 2700 2771 2837 2869 2958 2996
7 17 96 135 201 237 294 346 426 441 536 551 624 694 702 805 835 908 937 1025 1032 1117 1169 1202 1253 1340 1367 1431 1497 1517 1567 1646 1696 1761 1791 1842 1942 1985 2030 2060 2122 2211 2217 2281 2359 2409 2471 2517 2567 2628 2663 2702 2758 2827 2908 2964 2985
4 17 99 144 205 233 298 368 399 465 491 581 617 696 726 765 844 890 971 973 1043 1116 1140 1213 1270 1316 1389 1451 1504 1561 1579 1640 1686 1759 1833 1839 1900 1956 2009 2054 2128 2210 2250 2284 2336 2384 2461 2490 2542 2631 2672 2752 2795 2847 2906 2947 2970
4 17 99 154 202 240 300 368 430 473 518 551 624 658 706 782 830 876 920 980 1069 1095 1172 1197 1270 1347 1392 1420 1494 1561 1566 1653 1716 1733 1819 1870 1938 1971 2009 2105 2128 2180 2217 2315 2358 2377 2458 2490 2562 2643 2664 2723 2788 2815 2878 2940 2984
7 17 100 110 172 237 313 365 397 441 515 551 638 690 753 787 824 893 966 977 1060 1084 1169 1212 1280 1320 1366 1420 1466 1565 1568 1646 1687 1734 1814 1850 1910 1967 2047 2092 2134 2160 2243 2290 2354 2385 2475 2522 2588 2628 2664 2701 2793 2860 2903 2964 2977
7 17 100 124 169 253 303 353 412 449 524 551 641 676 715 761 858 890 921 1007 1037 1131 1157 1188 1248 1327 1390 1426 1501 1540 1572 1670 1687 1781 1783 1855 1913 1985 2035 2079 2130 2212 2224 2312 2362 2401 2433 2533 2570 2626 2689 2721 2769 2817 2908 2932 2972
4 17 100 148 206 230 280 350 410 475 492 551 609 658 750 792 814 886 969 996 1034 1094 1164 1240 1295 1301 1395 1448 1491 1550 1568 1651 1687 1757 1802 1858 1927 1974 2047 2103 2148 2169 2232 2315 2348 2376 2447 2522 2578 2593 2674 2736 2774 2833 2864 2938 2977
4 17 100 151 203 258 273 353 397 446 539 552 609 670 734 756 860 905 943 997 1071 1119 1142 1193 1248 1348 1358 1448 1474 1540 1568 1668 1686 1766 1814 1845 1919 1971 2035 2056 2130 2192 2234 2290 2373 2412 2464 2533 2552 2593 2684 2736 2772 2832 2872 2964 2977
7 17 100 153 196 235 277 346 379 460 539 551 615 665 706 780 861 905 931 1002 1069 1128 1138 1197 1270 1332 1353 1451 1469 1518 1572 1659 1687 1766 1816 1873 1905 1971 2035 2085 2137 2186 2256 2284 2372 2428 2471 2533 2564 2613 2656 2734 2777 2808 2878 2961 2972
7 17 104 114 198 267 286 334 409 457 529 587 624 701 702 759 845 884 964 1011 1078 1086 1153 1233 1279 1305 1378 1417 1478 1544 1599 1624 1702 1754 1824 1872 1901 1967 2023 2081 2122 2183 2219 2312 2329 2425 2440 2502 2586 2634 2661 2739 2755 2810 2875 2958 3002
7 17 104 117 215 226 290 346 416 437 519 587 638 662 708 765 810 875 952 975 1043 1126 1173 1237 1285 1316 1357 1445 1493 1538 1596 1648 1702 1765 1822 1837 1926 1959 2016 2060 2128 2206 2267 2281 2370 2378 2444 2509 2542 2625 2672 2743 2805 2830 2891 2947 3005
4 17 104 128 191 230 279 334 416 433 512 566 635 659 750 801 814 886 945 1021 1040 1088 1136 1191 1279 1319 1385 1448 1465 1544 1596 1654 1721 1771 1822 1841 1943 1965 2023 2099 2122 2169 2252 2281 2327 2416 2447 2502 2538 2636 2697 2733 2780 2827 2914 2947 3005
7 17 105 109 167 243 307 335 416 452 499 566 635 664 742 800 842 893 932 1021 1052 1083 1140 1196 1252 1314 1402 1451 1460 1546 1591 1652 1719 1773 1815 1844 1943 1959 1998 2099 2128 2165 2252 2280 2351 2424 2441 2507 2562 2612 2696 2704 2786 2851 2898 2940 3012
7 17 105 145 198 232 271 353 416 440 520 584 641 676 731 761 834 876 950 980 1037 1126 1182 1237 1287 1339 1352 1445 1510 1526 1591 1635 1702 1738 1815 1856 1926 1965 2021 2055 2122 2204 2267 2280 2362 2383 2456 2484 2570 2596 2677 2720 2804 2825 2867 2940 3012
4 17 106 131 214 217 280 335 431 475 531 561 609 652 704 775 820 886 961 1012 1046 1129 1164 1234 1274 1301 1356 1445 1508 1529 1614 1651 1702 1728 1790 1852 1926 1991 2012 2087 2151 2196 2254 2298 2347 2405 2453 2523 2566 2607 2686 2709 2791 2834 2868 2928 2973
7 17 107 122 190 221 296 353 418 461 521 587 635 655 747 789 842 876 919 991 1063 1102 1150 1188 1294 1320 1360 1431 1467 1560 1602 1663 1719 1767 1815 1838 1941 1967 2006 2056 2118 2171 2240 2290 2342 2411 2435 2487 2555 2641 2696 2747 2786 2851 2875 2932 3010
7 17 107 135 176 244 283 346 411 438 538 584 635 650 745 791 814 875 937 1014 1036 1098 1144 1211 1277 1296 1387 1431 1463 1551 1602 1665 1721 1776 1822 1842 1940 1974 2001 2085 2119 2177 2246 2284 2322 2409 2439 2492 2560 2641 2697 2747 2780 2827 2888 2938 3010
4 18 54 111 179 251 301 363 415 455 538 580 610 679 751 782 853 915 959 1016 1064 1125 1161 1191 1271 1304 1386 1436 1476 1537 1590 1647 1690 1734 1792 1865 1892 1956 2033 2073 2113 2174 2226 2273 2368 2391 2483 2506 2539 2603 2696 2736 2803 2856 2884 2925 3014
4 18 54 161 201 218 288 335 412 443 511 580 599 698 747 764 859 903 961 998 1058 1121 1178 1203 1294 1324 1354 1413 1475 1518 1608 1640 1690 1758 1793 1884 1920 1951 2020 2099 2157 2163 2246 2301 2322 2423 2453 2519 2565 2631 2670 2710 2791 2822 2899 2933 2995
7 18 55 137 191 264 301 363 422 482 522 572 606 672 745 767 814 869 938 1002 1061 1086 1135 1241 1291 1323 1402 1411 1496 1534 1603 1628 1690 1742 1802 1836 1908 1995 2044 2079 2115 2208 2260 2285 2357 2410 2472 2487 2561 2602 2674 2743 2773 2833 2875 2957 2982
7 18 55 139 175 239 299 329 422 432 508 555 601 696 737 803 833 903 925 1025 1067 1106 1167 1218 1257 1321 1388 1417 1510 1548 1603 1641 1707 1777 1802 1886 1936 1953 2001 2058 2157 2171 2232 2285 2365 2377 2466 2529 2542 2636 2665 2710 2783 2835 2891 2957 2982
7 18 55 146 215 243 311 363 420 450 500 555 634 665 725 809 818 915 943 1005 1040 1115 1158 1199 1291 1344 1378 1421 1487 1534 1577 1624 1707 1764 1792 1882 1915 1949 2044 2074 2115 2188 2214 2275 2327 2407 2462 2487 2582 2613 2694 2745 2804 2809 2898 2929 3009
7 18 56 117 191 240 322 356 413 453 522 579 606 674 720 802 857 915 968 1006 1070 1107 1134 1215 1254 1302 1381 1444 1500 1549 1588 1653 1683 1742 1796 1837 1914 1949 2044 2077 2122 2164 2225 2285 2353 2384 2472 2486 2555 2623 2699 2739 2798 2857 2882 2923 3021
4 18 56 152 204 226 301 338 407 455 522 549 610 691 726 804 841 915 934 976 1036 1114 1161 1188 1279 1304 1402 1411 1478 1524 1615 1647 1714 1742 1820 1889 1912 1949 2044 2071 2140 2196 2240 2281 2369 2382 2459 2486 2588 2629 2647 2714 2781 2855 2905 2957 2993
7 18 57 119 196 250 308 338 421 463 516 580 633 684 713 788 852 879 920 978 1053 1129 1180 1223 1269 1297 1372 1436 1502 1532 1607 1646 1725 1749 1830 1881 1904 1953 2024 2070 2119 2185 2267 2275 2374 2379 2430 2503 2546 2622 2696 2715 2764 2846 2885 2921 3019
7 18 57 129 207 225 297 339 406 482 514 580 599 701 744 762 812 876 967 1018 1060 1091 1135 1211 1263 1328 1373 1411 1496 1541 1613 1628 1725 1748 1797 1849 1924 1959 2017 2079 2115 2199 2246 2308 2339 2412 2442 2510 2590 2640 2683 2744 2800 2811 2862 2949 3013
7 18 59 133 198 261 317 330 378 446 529 556 626 675 704 784 832 903 919 983 1046 1090 1162 1225 1286 1300 1398 1413 1488 1558 1618 1661 1679 1741 1803 1843 1932 1984 2051 2088 2122 2163 2239 2319 2345 2426 2479 2502 2556 2630 2672 2733 2785 2847 2873 2929 3005
7 18 63 152 183 247 280 335 425 459 510 591 634 686 739 778 816 872 964 997 1029 1109 1161 1203 1244 1332 1384 1436 1478 1524 1616 1643 1714 1728 1825 1862 1931 1949 2041 2071 2113 2212 2218 2284 2352 2407 2464 2523 2587 2600 2660 2701 2807 2825 2908 2933 3020
7 18 63 153 172 241 291 330 421 471 486 591 626 675 748 784 839 869 954 1007 1046 1086 1155 1206 1254 1321 1383 1444 1461 1514 1616 1649 1714 1752 1829 1868 1943 1953 2041 2102 2119 2192 2228 2285 2345 2428 2465 2523 2556 2593 2650 2708 2796 2823 2907 2932 3020
4 18 65 111 188 239 275 329 381 432 503 580 606 698 713 764 839 915 965 1010 1053 1094 1154 1223 1269 1348 1403 1411 1483 1530 1603 1653 1691 1774 1827 1884 1939 1953 2043 2083 2146 2196 2237 2301 2322 2419 2461 2505 2570 2636 2683 2710 2769 2850 2885 2932 2972
7 18 70 108 212 243 317 329 403 450 529 555 645 650 729 801 821 904 960 994 1062 1130 1158 1196 1294 1338 1398 1413 1479 1545 1610 1624 1681 1741 1813 1873 1891 1983 2051 2083 2123 2184 2254 2301 2324 2386 2466 2490 2553 2613 2675 2712 2790 2832 2894 2929 3018
7 18 70 139 210 253 319 339 408 434 499 555 603 666 744 781 860 903 944 1013 1047 1091 1179 1211 1275 1319 1385 1455 1494 1564 1610 1623 1681 1771 1808 1864 1924 1984 2051 2067 2111 2170 2244 2281 2325 2400 2478 2490 2568 2604 2685 2721 2755 2816 2862 2949 3018
7 18 70 144 198 254 318 339 397 433 529 547 626 683 732 780 813 904 932 995 1026 1084 1141 1212 1275 1306 1397 1417 1489 1564 1612 1670 1690 1741 1794 1865 1909 1983 2051 2080 2111 2183 2243 2319 2332 2418 2479 2490 2581 2619 2684 2732 2756 2854 2883 2925 3016
4 18 71 141 191 218 318 339 400 470 533 552 633 694 705 782 847 915 923 1006 1064 1094 1176 1237 1271 1347 1393 1409 1458 1533 1586 1630 1690 1769 1809 1853 1925 1984 2002 2077 2115 2206 2225 2301 2353 2429 2445 2510 2539 2604 2654 2745 2787 2860 2884 2923 2999
7 18 73 150 188 257 323 364 404 479 503 545 606 678 716 778 845 872 918 973 1029 1132 1182 1224 1244 1310 1356 1420 1468 1549 1584 1663 1714 1774 1805 1857 1923 1995 2043 2103 2123 2190 2222 2301 2361 2410 2461 2496 2587 2596 2682 2726 2765 2832 2908 2923 2999
7 18 74 161 200 217 304 375 395 458 510 579 599 651 710 801 858 904 931 984 1062 1103 1180 1214 1294 1325 1361 1436 1475 1518 1595 1650 1681 1770 1786 1885 1919 1959 1998 2097 2119 2210 2235 2277 2323 2412 2440 2519 2553 2632 2688 2723 2802 2852 2894 2933 2996
7 18 75 141 213 238 300 329 380 442 512 552 601 691 730 803 842 915 923 982 1030 1124 1157 1209 1266 1325 1396 1421 1458 1533 1615 1654 1715 1729 1827 1889 1902 1959 2037 2095 2140 2188 2253 2277 2370 2394 2438 2515 2580 2629 2661 2714 2792 2860 2880 2956 2973
4 18 75 154 162 252 274 375 413 446 511 552 633 685 734 766 816 896 962 996 1076 1108 1162 1214 1243 1344 1368 1413 1488 1538 1569 1661 1715 1749 1796 1847 1914 1949 2029 2088 2122 2212 2225 2275 2364 2397 2464 2524 2586 2638 2690 2702 2807 2825 2869 2933 3021
7 18 75 158 196 226 288 338 423 455 511 580 601 701 737 773 852 896 966 1024 1072 1121 1160 1216 1267 1317 1354 1421 1466 1513 1615 1648 1687 1749 1784 1879 1905 1949 2029 2085 2157 2185 2252 2308 2327 2423 2430 2524 2583 2629 2658 2714 2793 2818 2893 2925 2973
7 18 76 132 213 246 306 330 390 461 518 549 606 690 748 794 849 879 938 1020 1038 1086 1175 1206 1262 1342 1402 1443 1462 1530 1576 1635 1715 1736 1831 1836 1943 1995 2026 2100 2140 2187 2257 2273 2331 2410 2431 2513 2540 2628 2649 2725 2777 2838 2907 2932 3007
7 18 76 158 187 244 314 375 427 463 506 580 606 648 716 790 857 896 927 1001 1078 1082 1159 1233 1273 1314 1362 1443 1459 1520 1576 1666 1683 1746 1796 1878 1893 1951 2027 2091 2123 2202 2237 2284 2343 2414 2434 2512 2544 2628 2699 2725 2798 2857 2899 2921 3007
4 18 77 133 190 268 283 375 415 438 521 556 634 673 739 760 818 903 956 992 1067 1083 1151 1233 1270 1340 1399 1420 1504 1542 1566 1673 1707 1751 1792 1866 1892 1956 2009 2097 2113 2193 2226 2277 2340 2399 2457 2520 2585 2627 2694 2722 2804 2809 2876 2921 3014
7 18 78 119 191 268 313 335 416 438 533 556 633 672 734 767 855 904 955 1002 1049 1130 1151 1196 1269 1310 1398 1411 1502 1532 1587 1673 1683 1769 1804 1878 1891 1995 2002 2099 2122 2198 2241 2301 2357 2386 2445 2503 2574 2627 2695 2700 2757 2810 2889 2921 3001
7 18 78 130 176 241 318 338 411 433 533 549 626 651 748 758 845 904 953 1008 1038 1133 1141 1206 1262 1306 1393 1409 1484 1539 1595 1670 1691 1769 1782 1885 1896 1995 2002 2085 2119 2192 2266 2308 2367 2390 2459 2503 2576 2632 2689 2723 2779 2819 2907 2923 2992
4 18 79 118 173 240 275 329 428 453 503 579 645 651 706 801 838 876 953 1009 1041 1123 1134 1235 1270 1348 1403 1420 1482 1546 1604 1653 1691 1772 1790 1885 1938 1977 2045 2095 2147 2179 2224 2277 2323 2390 2451 2516 2575 2623 2678 2723 2782 2831 2904 2923 2971
4 18 79 122 182 225 323 364 407 480 503 556 603 675 744 779 812 876 954 990 1037 1114 1181 1188 1276 1310 1356 1411 1499 1540 1567 1663 1714 1772 1804 1868 1912 1977 2045 2056 2111 2199 2240 2319 2350 2428 2442 2516 2574 2642 2695 2708 2757 2854 2886 2932 3010
7 18 80 111 212 221 294 356 379 466 496 591 609 693 719 758 853 904 959 994 1038 1111 1154 1234 1262 1339 1384 1443 1483 1530 1597 1620 1691 1763 1832 1850 1917 1953 2022 2083 2113 2213 2254 2273 2324 2405 2444 2513 2576 2644 2656 2738 2803 2856 2907 2929 2978
7 18 80 131 207 261 274 364 379 446 504 556 633 654 705 809 848 896 918 1018 1040 1110 1162 1210 1277 1344 1374 1420 1492 1523 1597 1661 1725 1748 1832 1869 1928 1951 2027 2084 2115 2162 2241 2273 2339 2398 2442 2508 2582 2630 2694 2752 2764 2851 2912 2929 2978
7 18 81 109 175 218 294 339 382 470 496 547 599 665 747 762 832 872 943 1015 1078 1109 1143 1203 1273 1296 1384 1443 1508 1520 1586 1662 1707 1763 1807 1882 1931 1984 2022 2101 2157 2163 2261 2284 2375 2407 2479 2512 2572 2604 2668 2745 2785 2847 2899 2929 2989
4 18 81 157 215 257 320 364 422 479 494 547 609 669 731 756 855 879 939 978 1050 1106 1177 1218 1253 1306 1351 1417 1471 1547 1584 1668 1707 1759 1794 1866 1936 1995 2026 2105 2115 2175 2232 2308 2356 2415 2467 2508 2581 2596 2684 2726 2756 2811 2897 2921 2991
7 18 83 158 198 221 315 375 395 484 489 572 601 672 719 791 853 904 927 995 1057 1092 1165 1232 1267 1311 1352 1443 1466 1513 1587 1656 1679 1777 1786 1878 1911 1956 2021 2080 2122 2213 2243 2285 2332 2414 2444 2524 2567 2627 2688 2700 2802 2857 2909 2925 2996
7 18 85 161 191 234 272 356 379 452 531 579 610 659 727 780 857 904 931 1002 1026 1102 1178 1217 1275 1334 1353 1455 1475 1518 1593 1632 1690 1742 1832 1871 1928 1951 2035 2099 2115 2164 2241 2281 2357 2425 2472 2536 2581 2621 2656 2724 2803 2852 2883 2921 2978
7 18 88 134 200 263 291 363 424 436 486 591 603 693 745 759 860 879 949 984 1075 1086 1152 1241 1277 1326 1383 1420 1485 1535 1594 1645 1681 1770 1808 1872 1908 1977 2023 2073 2119 2209 2258 2273 2323 2428 2440 2495 2560 2635 2685 2715 2755 2816 2875 2957 3002
7 18 91 115 183 233 304 375 381 478 510 552 634 666 755 760 862 869 944 1001 1073 1116 1159 1202 1290 1325 1361 1421 1459 1562 1577 1650 1681 1728 1827 1864 1939 1953 2041 2091 2146 2166 2237 2284 2347 2400 2464 2494 2580 2637 2661 2721 2792 2840 2906 2949 2972
7 18 92 126 175 250 315 329 428 461 489 555 610 665 726 762 833 876 937 1015 1060 1117 1175 1230 1263 1333 1352 1443 1462 1537 1592 1635 1725 1777 1790 1880 1900 1984 2021 2100 2140 2171 2262 2275 2375 2388 2466 2515 2590 2624 2678 2747 2782 2836 2862 2925 2971
4 18 96 115 207 240 273 363 412 462 488 545 634 654 706 809 838 876 949 1018 1069 1095 1172 1229 1290 1346 1395 1420 1459 1562 1566 1642 1683 1739 1793 1888 1920 1951 2036 2079 2157 2179 2246 2285 2339 2413 2451 2494 2552 2614 2682 2735 2778 2835 2910 2949 2995
4 18 98 153 187 259 293 364 403 445 514 591 609 682 750 756 851 869 954 1001 1068 1088 1183 1238 1279 1307 1376 1411 1461 1514 1583 1655 1683 1746 1813 1888 1891 1983 2019 2075 2123 2208 2254 2281 2343 2408 2434 2496 2562 2645 2681 2706 2784 2823 2871 2949 3018
4 18 99 152 198 263 299 356 409 436 508 591 610 683 750 780 863 872 964 995 1068 1081 1152 1238 1279 1318 1388 1417 1478 1524 1580 1645 1679 1777 1834 1867 1898 1983 2001 2081 2122 2204 2242 2275 2332 2402 2444 2486 2538 2635 2680 2730 2760 2825 2871 2957 3008
7 18 100 118 192 218 320 364 384 470 487 552 645 666 747 760 859 903 940 993 1067 1112 1176 1224 1270 1345 1358 1413 1482 1546 1610 1630 1707 1766 1835 1864 1942 1960 2025 2052 2111 2163 2249 2284 2347 2403 2453 2516 2585 2604 2690 2721 2768 2844 2876 2923 2988
7 18 100 129 204 268 294 339 397 466 520 552 609 691 734 804 855 904 967 976 1076 1103 1154 1214 1243 1339 1361 1411 1487 1550 1583 1620 1707 1757 1794 1849 1919 1949 2030 2078 2146 2198 2233 2277 2369 2412 2445 2511 2548 2598 2684 2753 2756 2811 2869 2968 3016
7 18 100 137 172 253 284 339 431 434 515 572 645 676 712 783 810 869 942 1007 1034 1127 1137 1236 1243 1333 1391 1413 1480 1550 1610 1665 1687 1762 1788 1854 1933 1984 2030 2102 2146 2203 2228 2275 2345 2380 2455 2511 2570 2604 2698 2721 2789 2829 2913 2932 2988
7 18 100 149 184 249 277 329 388 484 487 572 609 661 702 792 835 903 965 975 1037 1090 1170 1230 1276 1323 1400 1411 1472 1540 1583 1651 1687 1766 1802 1879 1927 1960 2025 2098 2147 2182 2216 2319 2371 2424 2460 2516 2561 2598 2674 2753 2773 2812 2886 2925 3016
4 18 101 113 163 243 307 335 406 452 495 545 634 678 725 778 842 879 951 998 1075 1104 1178 1199 1256 1298 1392 1455 1475 1565 1570 1632 1681 1778 1797 1857 1924 1959 2046 2099 2115 2188 2246 2301 2361 2376 2438 2528 2541 2611 2692 2726 2792 2860 2898 2956 3013
4 18 101 115 212 250 287 338 402 463 539 545 626 693 726 758 833 876 949 994 1063 1114 1159 1188 1252 1341 1356 1443 1459 1562 1607 1666 1681 1741 1801 1872 1912 1953 2042 2091 2123 2171 2245 2319 2324 2428 2466 2532 2550 2622 2667 2715 2783 2835 2905 2957 2974
7 18 101 145 198 245 275 339 406 453 539 547 645 676 741 783 813 876 929 983 1034 1126 1134 1213 1292 1348 1367 1444 1500 1522 1570 1653 1679 1741 1797 1856 1922 1953 2042 2077 2122 2183 2250 2301 2345 2420 2479 2532 2570 2618 2683 2719 2800 2810 2863 2956 3013
4 18 102 136 212 242 275 329 415 464 539 555 626 686 730 786 821 872 948 975 1051 1124 1170 1209 1246 1330 1367 1444 1472 1553 1616 1672 1691 1741 1824 1862 1902 1956 2042 2098 2113 2184 2216 2319 2344 2422 2466 2531 2559 2600 2646 2701 2779 2843 2880 2956 2980
7 18 103 131 210 217 287 338 423 458 539 556 606 673 710 774 820 896 918 1013 1054 1132 1164 1219 1264 1341 1356 1444 1492 1523 1588 1666 1681 1771 1784 1857 1926 1995 2012 2082 2111 2210 2229 2277 2325 2410 2478 2521 2558 2632 2658 2731 2793 2851 2889 2956 2973
4 18 103 135 211 230 275 329 416 469 539 547 603 685 731 799 814 896 937 1022 1050 1126 1165 1218 1253 1330 1367 1443 1484 1535 1569 1672 1691 1771 1812 1847 1917 1995 2012 2060 2122 2202 2215 2281 2331 2420 2477 2521 2538 2638 2668 2702 2780 2826 2897 2957 2993
7 18 104 160 193 227 292 335 425 434 524 572 633 672 722 767 827 872 951 1000 1049 1105 1179 1207 1268 1346 1379 1455 1494 1543 1575 1623 1715 1754 1825 1836 1894 1951 1999 2067 2111 2205 2255 2285 2357 2398 2476 2492 2574 2631 2660 2743 2807 2814 2890 2932 3020
7 18 106 110 213 262 298 330 378 477 513 549 599 691 733 803 849 903 967 982 1067 1091 1145 1222 1257 1315 1373 1421 1460 1557 1571 1640 1707 1736 1803 1849 1915 1959 2031 2090 2147 2187 2256 2281 2370 2412 2431 2522 2542 2610 2672 2753 2785 2830 2891 2968 3005
4 19 54 131 190 237 308 370 407 482 496 577 611 692 745 768 846 886 971 990 1035 1129 1154 1189 1252 1339 1398 1443 1505 1564 1592 1634 1700 1743 1816 1852 1931 1949 2006 2086 2110 2193 2221 2270 2341 2407 2443 2514 2589 2598 2649 2741 2789 2823 2908 2944 3008
7 19 54 146 208 260 294 346 407 448 538 564 633 670 721 788 861 910 931 973 1039 1113 1164 1207 1258 1311 1397 1422 1506 1523 1592 1673 1712 1738 1816 1886 1897 1948 2028 2102 2111 2172 2255 2270 2365 2398 2439 2492 2574 2634 2680 2706 2757 2851 2890 2944 3008
4 19 54 156 210 249 278 346 384 435 495 577 621 655 738 774 863 868 967 993 1054 1123 1176 1219 1258 1308 1395 1406 1496 1523 1602 1671 1700 1780 1822 1877 1913 1990 2028 2066 2111 2175 2264 2286 2355 2377 2455 2492 2557 2628 2691 2731 2771 2839 2874 2956 2997
4 19 59 119 169 263 299 328 409 465 522 586 631 686 726 804 820 880 969 988 1057 1114 1152 1203 1259 1338 1384 1431 1477 1556 1616 1627 1679 1728 1825 1878 1925 1983 2025 2081 2130 2212 2227 2294 2332 2379 2459 2526 2587 2614 2647 2714 2800 2817 2915 2918 2993
4 19 60 123 213 219 294 346 379 466 533 557 598 674 753 797 849 866 925 994 1070 1090 1169 1197 1261 1349 1402 1409 1470 1539 1595 1635 1712 1749 1831 1836 1935 1990 2032 2085 2134 2203 2257 2308 2327 2405 2444 2503 2554 2628 2677 2738 2803 2819 2873 2942 3013
4 19 60 131 173 241 285 326 379 432 514 577 599 651 708 799 826 886 932 981 1040 1112 1162 1210 1263 1307 1363 1408 1510 1559 1595 1628 1692 1747 1831 1869 1933 1971 2017 2062 2153 2201 2259 2308 2373 2412 2474 2518 2577 2630 2694 2736 2786 2861 2913 2942 3013
7 19 60 158 177 249 281 370 427 435 505 577 598 648 716 785 842 890 923 983 1078 1097 1176 1241 1289 1305 1394 1409 1471 1533 1595 1671 1692 1756 1783 1862 1922 1967 2017 2091 2108 2197 2262 2294 2329 2417 2443 2518 2548 2628 2692 2738 2798 2830 2886 2956 3013
4 19 61 131 167 235 299 328 416 450 522 562 611 680 714 800 826 901 932 1022 1071 1083 1166 1239 1252 1338 1384 1406 1505 1564 1581 1627 1679 1754 1830 1871 1932 1969 1998 2074 2153 2205 2228 2308 2344 2410 2471 2514 2539 2621 2695 2713 2786 2861 2870 2944 2981
7 19 61 155 197 265 310 328 389 463 512 545 621 690 703 807 817 888 938 1005 1035 1102 1187 1231 1252 1341 1356 1443 1482 1564 1576 1637 1698 1764 1810 1849 1923 1981 1998 2067 2153 2202 2251 2270 2324 2426 2460 2514 2550 2640 2666 2739 2773 2841 2908 2934 2986
7 19 62 129 169 250 294 361 396 466 538 564 598 686 732 804 836 866 968 988 1075 1113 1169 1195 1243 1349 1397 1431 1489 1555 1617 1635 1698 1757 1826 1849 1909 1983 2008 2065 2111 2198 2243 2314 2332 2398 2430 2529 2569 2595 2663 2743 2795 2814 2904 2934 2982
7 19 62 131 204 254 292 326 396 445 529 562 621 683 713 793 841 901 932 979 1026 1093 1154 1204 1270 1302 1381 1408 1505 1564 1617 1670 1700 1729 1826 1869 1919 1949 2044 2086 2146 2209 2233 2314 2352 2412 2479 2494 2564 2636 2687 2703 2771 2861 2869 2934 2982
4 19 62 155 194 256 319 326 381 448 487 564 611 676 728 771 860 869 950 1007 1034 1110 1187 1224 1270 1345 1391 1450 1482 1564 1577 1650 1698 1771 1824 1854 1924 1981 2044 2067 2146 2166 2249 2272 2334 2383 2453 2494 2549 2637 2685 2720 2768 2829 2862 2944 3022
7 19 63 150 204 269 301 346 378 446 529 542 621 681 718 774 858 869 931 1001 1045 1086 1167 1228 1254 1309 1372 1422 1461 1563 1618 1655 1714 1729 1790 1857 1917 1981 2044 2088 2132 2192 2252 2314 2328 2426 2479 2493 2566 2617 2662 2748 2765 2847 2907 2920 3000
7 19 63 157 181 241 273 361 425 469 537 542 640 663 708 769 826 886 966 990 1058 1094 1163 1238 1285 1330 1392 1408 1499 1513 1594 1654 1714 1739 1806 1846 1912 1969 2007 2059 2111 2201 2248 2286 2350 2415 2474 2529 2574 2592 2661 2708 2807 2839 2884 2944 3023
7 19 64 124 183 247 273 361 406 468 528 566 611 666 745 763 816 888 962 1019 1067 1089 1148 1233 1291 1331 1401 1406 1511 1542 1581 1653 1714 1741 1782 1855 1900 1990 2037 2077 2110 2183 2266 2292 2355 2388 2480 2532 2568 2605 2683 2729 2781 2849 2863 2921 2978
7 19 64 161 214 252 320 361 405 458 499 579 599 658 732 801 844 910 941 984 1027 1113 1174 1195 1291 1319 1371 1428 1474 1542 1573 1626 1702 1770 1795 1888 1909 1969 2037 2097 2110 2196 2234 2270 2330 2423 2433 2532 2582 2592 2678 2730 2791 2823 2904 2934 2986
7 19 65 140 193 249 296 363 423 467 526 586 621 686 738 767 834 866 938 1021 1042 1102 1163 1219 1269 1296 1356 1408 1465 1530 1617 1656 1692 1744 1792 1849 1933 1981 2043 2094 2111 2175 2215 2294 2370 2426 2483 2504 2546 2595 2675 2743 2806 2856 2874 2940 2979
7 19 67 135 199 265 312 329 430 480 489 544 640 688 703 762 817 888 936 972 1048 1089 1144 1233 1273 1310 1401 1443 1473 1525 1619 1658 1676 1762 1829 1880 1900 1961 2033 2060 2134 2202 2244 2292 2348 2388 2460 2521 2588 2624 2668 2717 2788 2826 2906 2954 2995
7 19 68 129 173 246 276 361 406 481 504 542 633 690 755 759 850 888 968 981 1060 1127 1135 1211 1277 1326 1382 1431 1501 1543 1576 1661 1692 1747 1782 1849 1942 1948 2027 2098 2153 2177 2224 2273 2373 2398 2474 2497 2573 2640 2683 2739 2781 2814 2876 2940 2978
7 19 69 146 215 234 305 329 403 460 500 564 631 657 709 801 831 910 960 1000 1027 1115 1149 1217 1291 1328 1383 1406 1469 1560 1610 1633 1702 1752 1788 1887 1926 1983 2051 2060 2124 2194 2214 2292 2331 2379 2477 2516 2582 2612 2669 2712 2804 2822 2904 2920 3012
7 19 69 149 198 267 322 340 384 440 510 564 596 676 744 771 845 903 924 1003 1037 1101 1179 1202 1290 1325 1397 1441 1459 1561 1610 1630 1702 1742 1808 1854 1940 1990 2051 2096 2111 2163 2237 2272 2334 2409 2464 2516 2546 2604 2646 2720 2792 2838 2901 2940 3012
7 19 71 121 163 232 306 326 389 473 516 562 633 657 755 766 858 880 960 1015 1078 1114 1139 1203 1289 1296 1384 1409 1508 1533 1585 1646 1702 1769 1798 1887 1925 1981 2005 2075 2153 2192 2247 2294 2367 2379 2479 2518 2567 2637 2654 2712 2765 2847 2886 2920 2999
7 19 71 131 199 267 271 370 392 440 527 562 599 688 744 762 844 901 971 972 1076 1128 1143 1226 1263 1340 1399 1443 1510 1559 1585 1665 1702 1758 1795 1852 1901 1961 2005 2082 2108 2163 2222 2272 2348 2407 2465 2518 2560 2604 2678 2745 2791 2823 2875 2942 2999
4 19 74 151 172 269 273 361 395 446 528 544 619 677 718 756 859 880 963 988 1052 1092 1169 1232 1248 1331 1401 1409 1489 1534 1613 1653 1714 1766 1789 1845 1910 1967 2012 2065 2134 2192 2243 2314 2329 2385 2478 2534 2575 2617 2676 2752 2796 2809 2903 2918 3004
7 19 75 157 196 263 298 328 403 465 498 542 621 690 754 807 863 886 966 1006 1035 1088 1140 1216 1287 1316 1365 1441 1499 1513 1616 1638 1700 1763 1822 1874 1890 1983 2031 2083 2124 2185 2252 2273 2324 2387 2445 2528 2550 2614 2691 2714 2771 2839 2871 2963 2976
7 19 81 108 206 236 284 326 388 479 521 564 617 689 715 805 816 901 954 1017 1074 1083 1186 1230 1253 1349 1383 1431 1486 1520 1584 1644 1678 1759 1826 1866 1941 1990 2011 2062 2124 2210 2223 2308 2322 2411 2453 2500 2569 2626 2663 2707 2795 2834 2901 2921 2990
4 19 81 146 176 245 313 340 422 474 518 564 621 695 739 808 813 910 931 1025 1055 1086 1183 1213 1250 1342 1372 1428 1506 1523 1584 1621 1678 1763 1794 1857 1930 1981 2011 2084 2108 2196 2231 2273 2346 2426 2464 2500 2548 2599 2655 2734 2805 2851 2862 2956 2990
7 19 82 113 190 230 318 361 385 485 496 586 611 681 736 763 842 869 968 991 1056 1122 1150 1191 1278 1346 1388 1431 1498 1538 1618 1650 1678 1743 1827 1857 1941 1967 2006 2097 2132 2197 2226 2270 2340 2390 2443 2484 2580 2617 2647 2748 2798 2830 2897 2956 2980
7 19 84 119 198 245 317 348 387 439 510 557 596 691 739 778 813 910 926 985 1032 1109 1152 1188 1282 1318 1402 1428 1477 1556 1615 1652 1679 1742 1820 1881 1898 1983 2051 2081 2134 2196 2230 2272 2354 2386 2464 2501 2588 2635 2660 2701 2797 2859 2888 2954 3020
7 19 84 133 210 261 305 350 416 476 500 557 617 655 711 774 839 903 954 993 1045 1083 1155 1239 1286 1309 1383 1406 1464 1552 1615 1651 1679 1752 1793 1866 1932 1990 2051 2103 2132 2170 2228 2306 2355 2411 2482 2501 2566 2593 2662 2742 2762 2808 2873 2920 3020
7 19 85 121 171 235 311 348 391 450 487 562 631 656 746 756 861 880 956 1024 1052 1111 1166 1205 1248 1326 1399 1450 1479 1562 1578 1627 1714 1773 1815 1846 1943 1948 2042 2100 2108 2172 2239 2273 2351 2424 2439 2507 2575 2621 2681 2716 2757 2851 2903 2944 3007
7 19 85 133 170 239 319 326 405 485 487 579 599 651 749 799 839 880 954 984 1040 1087 1150 1220 1292 1345 1391 1431 1498 1518 1601 1650 1698 1773 1798 1870 1909 1948 2042 2097 2132 2212 2234 2306 2373 2406 2440 2507 2577 2607 2657 2735 2762 2808 2883 2963 2983
7 19 85 149 203 223 283 340 391 442 536 579 640 667 731 768 847 888 924 989 1035 1127 1182 1240 1287 1339 1371 1441 1507 1513 1578 1658 1698 1734 1815 1854 1915 1946 2021 2084 2110 2160 2267 2273 2366 2409 2456 2528 2589 2608 2649 2729 2790 2838 2871 2944 3007
7 19 85 157 183 219 296 340 405 467 492 562 621 672 753 808 849 866 948 1004 1036 1124 1163 1200 1287 1296 1390 1409 1499 1513 1601 1656 1714 1778 1798 1889 1910 1969 2021 2059 2110 2203 2233 2306 2369 2393 2444 2528 2567 2627 2654 2715 2765 2857 2870 2963 2983
4 19 86 120 212 225 306 350 390 461 516 586 619 701 711 772 853 901 953 1020 1070 1083 1141 1239 1261 1322 1384 1409 1473 1539 1613 1620 1676 1769 1832 1850 1932 1961 2005 2063 2130 2206 2254 2308 2353 2410 2431 2503 2579 2644 2652 2725 2777 2840 2873 2920 2992
4 19 89 137 215 266 286 348 392 438 539 545 617 693 715 765 843 868 959 1000 1077 1128 1159 1226 1245 1341 1380 1443 1494 1546 1597 1660 1702 1752 1810 1837 1901 1946 2013 2052 2124 2182 2222 2306 2331 2425 2477 2519 2550 2615 2666 2744 2773 2815 2905 2963 2983
7 19 89 159 210 223 300 340 399 442 539 566 631 666 702 763 820 868 929 993 1056 1120 1172 1213 1276 1346 1366 1450 1500 1515 1578 1668 1679 1752 1825 1855 1896 1946 2013 2066 2132 2190 2264 2292 2355 2420 2482 2519 2580 2608 2647 2729 2800 2817 2899 2956 3003
7 19 90 109 176 231 312 329 418 442 489 566 619 700 730 803 842 910 963 1025 1059 1092 1182 1208 1249 1310 1401 1441 1507 1553 1566 1658 1676 1761 1788 1845 1934 1967 2034 2084 2110 2173 2231 2286 2346 2385 2466 2515 2559 2600 2696 2730 2777 2852 2880 2956 2997
7 19 90 122 163 226 288 346 384 447 493 542 619 658 741 765 841 868 941 1015 1077 1101 1146 1202 1245 1316 1382 1441 1493 1545 1566 1648 1702 1769 1822 1888 1940 1949 2029 2085 2153 2209 2237 2308 2367 2423 2479 2520 2550 2600 2691 2730 2771 2861 2905 2934 2997
7 19 95 116 172 236 323 370 414 479 517 564 631 676 752 769 852 886 929 980 1058 1120 1186 1194 1285 1311 1366 1422 1468 1557 1572 1644 1714 1776 1816 1855 1917 1946 2047 2082 2134 2174 2214 2272 2337 2420 2469 2485 2574 2626 2680 2719 2757 2859 2884 2921 3001
7 19 95 139 201 216 286 350 410 458 517 579 598 651 731 807 825 886 953 986 1035 1104 1139 1240 1287 1341 1403 1409 1480 1555 1595 1660 1700 1776 1801 1869 1937 1946 2047 2103 2153 2168 2236 2306 2364 2391 2441 2485 2550 2630 2666 2736 2783 2821 2871 2934 2977
4 19 96 117 198 246 299 328 428 481 520 542 619 663 718 784 834 903 946 1003 1045 1106 1135 1228 1254 1303 1386 1450 1503 1521 1604 1661 1679 1761 1803 1843 1896 1981 2001 2096 2134 2213 2237 2286 2334 2376 2445 2535 2556 2640 2679 2711 2802 2860 2907 2940 2984
7 19 98 150 174 216 276 340 431 469 504 542 598 670 731 800 821 869 931 1007 1071 1127 1168 1240 1251 1338 1382 1428 1461 1563 1606 1649 1712 1756 1813 1886 1915 1983 2018 2087 2153 2168 2229 2294 2354 2398 2446 2496 2539 2619 2695 2706 2803 2847 2871 2944 2987
7 19 98 153 177 230 302 370 403 456 504 577 619 696 736 795 842 869 919 980 1068 1110 1186 1222 1293 1318 1357 1431 1468 1521 1582 1667 1676 1756 1788 1885 1926 1983 2018 2082 2124 2197 2214 2272 2332 2418 2443 2496 2552 2645 2696 2732 2777 2852 2864 2940 3012
7 19 99 150 186 222 270 348 409 462 515 545 621 679 720 772 831 866 956 987 1070 1096 1168 1215 1254 1322 1358 1450 1461 1563 1567 1656 1712 1780 1804 1884 1903 1983 2008 2087 2130 2194 2251 2286 2375 2387 2477 2493 2579 2635 2652 2749 2804 2822 2881 2920 3015
4 19 99 155 207 228 273 363 427 468 537 545 611 654 717 782 828 888 938 989 1026 1118 1148 1199 1270 1331 1392 1408 1482 1564 1609 1653 1712 1739 1823 1886 1938 1967 2007 2105 2108 2189 2246 2314 2363 2390 2450 2494 2575 2625 2676 2723 2761 2841 2869 2944 2971
7 19 101 124 169 245 315 361 390 474 495 564 640 676 737 769 836 890 962 983 1061 1131 1183 1191 1257 1340 1359 1406 1488 1565 1598 1621 1679 1757 1832 1855 1932 1961 2050 2101 2130 2198 2254 2272 2337 2388 2430 2509 2570 2599 2669 2719 2760 2849 2896 2956 2992
7 19 101 138 170 237 270 361 395 438 515 545 633 690 734 759 811 880 966 984 1060 1096 1174 1201 1257 1333 1358 1408 1474 1565 1587 1646 1700 1738 1789 1874 1919 1971 2050 2097 2130 2204 2234 2270 2373 2387 2475 2509 2573 2642 2676 2714 2796 2858 2898 2963 3004
7 19 101 153 196 243 286 350 390 451 539 545 596 678 717 793 842 901 919 975 1026 1128 1145 1199 1270 1337 1380 1450 1467 1522 1598 1664 1700 1742 1832 1877 1928 1967 2023 2104 2124 2173 2256 2272 2357 2425 2466 2536 2564 2611 2652 2707 2777 2852 2869 2956 2992
7 19 102 108 214 230 291 363 379 456 499 577 599 692 738 775 845 888 943 981 1054 1102 1186 1219 1258 1329 1400 1422 1486 1520 1596 1667 1678 1770 1823 1876 1933 1990 2037 2062 2134 2195 2259 2270 2333 2382 2433 2495 2556 2645 2653 2717 2785 2845 2874 2940 3021
7 19 102 120 183 256 321 350 419 477 528 577 611 672 728 808 832 910 953 1004 1055 1115 1153 1224 1250 1305 1353 1409 1485 1527 1596 1632 1678 1741 1783 1850 1921 1969 2037 2071 2146 2166 2221 2292 2369 2410 2480 2495 2548 2609 2692 2753 2798 2840 2862 2918 3021
4 19 102 158 191 245 298 348 431 439 501 577 617 693 737 765 836 890 939 1024 1077 1116 1166 1221 1284 1316 1363 1406 1479 1526 1615 1638 1678 1736 1799 1879 1905 1983 2009 2100 2153 2198 2239 2273 2331 2408 2430 2524 2550 2635 2691 2701 2795 2814 2864 2934 3002
7 19 102 159 162 239 282 370 419 446 501 544 599 688 749 762 820 890 929 1008 1076 1099 1167 1220 1256 1328 1377 1422 1461 1554 1596 1655 1712 1736 1783 1880 1897 1983 2009 2088 2132 2212 2245 2292 2348 2396 2459 2524 2560 2645 2690 2717 2800 2817 2883 2918 3021
4 19 103 117 197 256 288 350 416 477 493 542 599 662 708 792 810 903 970 975 1058 1101 1145 1238 1285 1324 1382 1422 1467 1557 1596 1639 1698 1758 1793 1860 1904 1969 2040 2104 2153 2187 2256 2272 2356 2423 2467 2485 2551 2609 2662 2753 2762 2837 2884 2954 3020
7 19 103 126 184 230 279 363 416 456 531 562 611 688 736 782 823 890 936 1022 1062 1131 1181 1191 1271 1325 1359 1409 1490 1519 1596 1672 1676 1771 1793 1880 1932 1990 1999 2074 2132 2197 2228 2272 2327 2388 2462 2527 2538 2645 2654 2717 2770 2836 2897 2954 3020
4 19 103 142 171 260 292 348 387 473 529 562 599 672 721 803 861 910 951 1000 1059 1093 1159 1215 1249 1347 1381 1422 1494 1541 1596 1626 1676 1773 1820 1850 1906 1971 1999 2052 2146 2172 2222 2306 2374 2412 2439 2527 2559 2609 2660 2753 2797 2811 2880 2920 3020
4 19 105 137 172 232 320 361 386 473 499 544 640 676 755 769 859 869 924 980 1061 1127 1159 1211 1275 1319 1371 1422 1494 1546 1577 1626 1702 1766 1827 1854 1942 1946 2041 2052 2146 2192 2244 2294 2337 2409 2478 2487 2570 2637 2690 2720 2755 2850 2876 2940 2979
7 19 106 114 178 226 305 329 385 447 500 557 640 674 741 762 859 901 947 1016 1076 1083 1161 1230 1263 1328 1383 1408 1476 1544 1594 1633 1702 1781 1827 1872 1941 1967 2023 2072 2132 2209 2226 2308 2363 2411 2461 2531 2560 2600 2690 2700 2755 2850 2875 2918 2980
7 19 106 126 196 259 300 329 378 433 539 566 596 699 724 799 823 886 936 1006 1040 1120 1175 1194 1263 1345 1366 1443 1465 1544 1575 1669 1692 1742 1790 1847 1917 1981 2023 2083 2132 2193 2252 2272 2324 2420 2466 2531 2577 2638 2657 2709 2770 2836 2913 2963 3000
4 20 54 116 199 262 301 363 415 446 526 592 612 656 749 798 839 906 943 1020 1031 1130 1135 1209 1266 1327 1367 1427 1474 1541 1578 1632 1680 1743 1793 1879 1904 1968 2033 2055 2113 2162 2242 2307 2358 2400 2483 2504 2566 2602 2692 2736 2799 2858 2895 2920 3022
7 20 54 139 195 223 278 366 415 476 516 546 616 694 738 758 838 903 929 992 1079 1083 1156 1236 1258 1346 1366 1423 1475 1552 1578 1646 1726 1753 1793 1850 1918 1951 2018 2103 2131 2202 2228 2307 2369 2377 2435 2519 2567 2628 2691 2710 2800 2839 2899 2920 3022
4 20 56 115 182 247 280 366 407 463 523 578 616 694 743 758 833 916 952 1004 1079 1080 1161 1221 1278 1341 1401 1411 1499 1547 1567 1665 1714 1741 1791 1845 1910 1962 2026 2057 2110 2178 2240 2274 2369 2389 2480 2532 2567 2604 2695 2715 2781 2852 2877 2941 2987
7 20 56 123 172 225 290 328 385 478 499 578 601 679 737 784 810 881 958 1016 1067 1103 1136 1231 1277 1329 1400 1427 1511 1548 1567 1667 1714 1765 1812 1868 1917 1996 2026 2082 2149 2173 2263 2293 2367 2394 2481 2532 2543 2607 2672 2712 2774 2842 2869 2922 2987
7 20 56 128 169 246 285 341 385 464 522 579 616 658 747 769 815 868 965 1015 1077 1109 1151 1232 1279 1330 1403 1411 1508 1526 1567 1660 1713 1763 1812 1882 1939 1986 2046 2076 2158 2189 2241 2293 2357 2378 2472 2512 2538 2604 2666 2715 2780 2841 2872 2922 2987
4 20 61 134 187 262 300 347 403 446 514 592 636 648 704 790 830 881 955 1001 1042 1124 1135 1216 1278 1328 1395 1411 1461 1560 1600 1632 1713 1733 1805 1887 1939 1983 2040 2069 2129 2208 2223 2274 2341 2387 2463 2521 2579 2602 2664 2713 2804 2822 2915 2920 3015
7 20 62 108 173 218 318 328 400 485 489 592 601 693 749 784 820 870 969 1003 1031 1094 1149 1209 1266 1332 1376 1442 1491 1531 1615 1656 1717 1729 1825 1846 1940 1968 2015 2093 2125 2207 2232 2291 2353 2414 2445 2515 2580 2622 2654 2745 2790 2821 2895 2956 2997
7 20 62 119 162 269 302 347 421 434 511 582 601 659 739 794 850 881 948 985 1053 1121 1180 1223 1245 1317 1355 1442 1472 1513 1615 1667 1726 1747 1805 1881 1898 1948 2029 2062 2112 2176 2250 2308 2373 2404 2464 2501 2552 2622 2696 2745 2772 2840 2911 2939 2997
7 20 63 118 198 248 293 341 379 452 529 579 632 701 727 771 838 906 962 1020 1060 1089 1147 1217 1242 1314 1375 1410 1495 1563 1612 1670 1699 1736 1794 1865 1907 1951 2034 2080 2129 2165 2217 2320 2359 2425 2472 2497 2579 2639 2678 2702 2786 2854 2881 2920 2985
7 20 63 141 204 219 296 345 425 448 529 563 646 679 729 801 847 906 958 977 1037 1130 1163 1202 1293 1346 1373 1408 1477 1512 1580 1629 1714 1736 1784 1868 1911 1951 2034 2078 2125 2209 2248 2307 2350 2394 2466 2497 2583 2593 2675 2712 2807 2824 2900 2922 3018
7 20 64 128 196 224 304 330 408 458 498 579 600 701 718 793 835 868 965 1012 1074 1095 1156 1189 1268 1304 1360 1423 1508 1526 1610 1663 1717 1728 1810 1838 1902 1982 2049 2070 2131 2191 2247 2320 2337 2422 2450 2523 2574 2641 2688 2730 2759 2841 2864 2939 3017
7 20 65 120 211 266 278 376 405 455 502 558 633 663 722 809 848 885 918 1007 1028 1105 1177 1220 1288 1346 1379 1410 1492 1522 1597 1646 1717 1731 1827 1869 1895 1951 1999 2060 2110 2174 2255 2307 2359 2396 2457 2499 2567 2610 2691 2741 2765 2859 2910 2941 3002
7 20 68 115 207 245 317 330 409 457 488 578 618 699 718 794 836 916 952 1017 1053 1095 1138 1189 1290 1317 1396 1446 1499 1547 1599 1652 1693 1757 1800 1848 1902 1983 2051 2081 2112 2169 2246 2272 2332 2386 2479 2522 2552 2612 2696 2700 2778 2852 2864 2939 3012
7 20 69 140 207 252 313 328 388 468 512 563 632 685 717 807 812 916 937 1017 1026 1098 1175 1228 1261 1331 1373 1443 1463 1537 1569 1628 1680 1777 1797 1849 1923 1986 2007 2081 2125 2213 2246 2275 2332 2426 2459 2515 2551 2640 2656 2728 2801 2856 2896 2939 2971
7 20 69 152 195 251 303 366 391 469 505 546 632 661 710 806 838 881 928 1019 1049 1093 1187 1222 1267 1337 1350 1443 1486 1561 1569 1636 1699 1753 1794 1873 1900 1948 2029 2054 2158 2202 2260 2291 2342 2427 2435 2493 2555 2640 2678 2728 2786 2854 2906 2923 2971
7 20 72 117 199 265 287 376 383 458 526 579 612 651 746 783 812 887 932 1007 1063 1111 1177 1233 1293 1347 1381 1408 1492 1525 1595 1643 1681 1743 1814 1837 1919 1986 2033 2060 2112 2190 2255 2307 2370 2388 2483 2484 2552 2601 2667 2717 2802 2855 2872 2939 2996
4 20 72 144 171 241 280 366 410 481 537 547 612 649 725 768 818 870 966 1018 1058 1094 1162 1238 1282 1342 1387 1408 1511 1527 1595 1664 1714 1740 1787 1839 1911 1996 1998 2054 2131 2204 2261 2291 2336 2403 2465 2519 2569 2601 2674 2717 2796 2844 2879 2955 2996
4 20 73 118 206 245 310 345 424 451 503 579 618 689 718 792 859 906 963 1006 1074 1092 1134 1189 1268 1312 1381 1456 1509 1549 1598 1653 1678 1751 1784 1864 1905 1982 2048 2065 2112 2169 2224 2287 2329 2407 2456 2498 2575 2618 2699 2705 2784 2853 2864 2923 3019
4 20 73 159 194 269 296 345 383 461 509 544 601 662 739 757 844 902 930 1002 1029 1088 1178 1223 1268 1305 1393 1423 1469 1549 1613 1669 1714 1745 1807 1845 1931 1986 2048 2098 2112 2176 2243 2320 2333 2411 2471 2498 2554 2594 2676 2747 2774 2808 2911 2941 3004
7 20 78 158 198 228 315 376 393 483 514 578 633 663 712 809 853 906 934 1020 1028 1092 1171 1203 1289 1341 1380 1411 1471 1532 1585 1631 1697 1769 1791 1876 1891 1950 2003 2080 2131 2196 2217 2287 2359 2408 2438 2518 2567 2592 2695 2735 2781 2831 2909 2920 3001
7 20 80 115 173 263 299 328 387 465 502 592 616 665 704 797 820 902 961 1002 1042 1129 1138 1216 1278 1316 1359 1410 1499 1547 1579 1645 1693 1729 1833 1859 1934 1983 2001 2081 2149 2207 2259 2275 2354 2402 2445 2532 2572 2613 2646 2750 2767 2843 2915 2941 3009
7 20 80 116 204 228 285 362 397 432 522 592 618 693 712 787 853 906 967 977 1038 1082 1153 1234 1243 1337 1403 1411 1487 1528 1603 1653 1693 1763 1832 1880 1937 1948 2046 2078 2146 2196 2248 2291 2350 2405 2438 2487 2570 2643 2664 2711 2778 2834 2876 2922 2984
4 20 80 119 169 248 323 363 429 479 522 558 616 671 727 782 838 906 949 1006 1035 1114 1180 1208 1259 1325 1365 1410 1472 1513 1579 1622 1726 1763 1793 1853 1890 1948 2046 2062 2145 2165 2227 2293 2365 2417 2472 2487 2587 2613 2691 2750 2800 2839 2892 2923 3009
7 20 80 161 192 238 281 366 429 449 487 592 600 681 745 761 859 903 920 991 1067 1090 1174 1222 1277 1327 1364 1427 1473 1548 1579 1651 1693 1744 1793 1883 1903 1982 2001 2087 2110 2187 2214 2293 2347 2422 2439 2532 2566 2642 2692 2721 2799 2837 2869 2923 3009
4 20 81 122 212 252 307 347 402 480 496 544 612 691 717 779 812 916 927 981 1044 1080 1137 1221 1273 1310 1401 1443 1459 1524 1607 1647 1681 1772 1814 1870 1910 1966 2044 2069 2145 2213 2245 2274 2348 2389 2459 2516 2588 2629 2667 2708 2802 2855 2903 2959 2975
7 20 81 157 176 264 310 345 410 469 518 547 612 683 729 769 826 902 943 1018 1077 1130 1187 1202 1253 1330 1367 1443 1486 1556 1607 1636 1678 1739 1807 1879 1911 1968 2030 2054 2158 2163 2261 2310 2331 2400 2431 2529 2538 2629 2666 2708 2785 2817 2900 2922 2975
7 20 83 130 176 243 318 366 378 474 489 558 616 695 747 758 842 887 968 982 1055 1117 1141 1199 1291 1333 1376 1442 1501 1538 1591 1655 1678 1729 1815 1856 1941 1950 2015 2088 2158 2192 2227 2275 2368 2390 2442 2493 2591 2597 2662 2734 2795 2825 2907 2956 2990
7 20 83 136 173 228 297 376 383 483 489 544 601 688 737 773 856 887 971 1002 1049 1116 1144 1196 1267 1310 1398 1443 1502 1561 1585 1657 1693 1729 1814 1851 1931 1950 2015 2098 2149 2170 2243 2291 2354 2413 2445 2493 2588 2592 2667 2735 2802 2810 2906 2955 2996
7 20 83 156 207 263 293 347 378 452 512 544 632 676 748 787 863 906 953 983 1038 1115 1147 1198 1243 1314 1393 1427 1484 1515 1591 1670 1693 1777 1815 1877 1903 1996 2007 2090 2112 2162 2265 2275 2367 2384 2459 2501 2570 2626 2687 2705 2770 2845 2876 2956 2990
7 20 84 136 187 266 277 376 379 455 527 563 600 682 715 756 857 868 971 1001 1077 1128 1159 1214 1253 1331 1385 1443 1507 1556 1597 1663 1713 1733 1797 1851 1893 1951 2027 2061 2129 2181 2231 2310 2341 2413 2463 2529 2551 2610 2656 2741 2801 2810 2900 2935 2982
7 20 84 143 212 262 321 328 394 441 496 563 612 664 749 786 863 885 966 998 1051 1094 1168 1209 1247 1296 1387 1446 1466 1553 1577 1633 1713 1772 1822 1839 1940 1996 2044 2096 2113 2162 2238 2274 2330 2403 2459 2513 2557 2607 2680 2701 2770 2845 2895 2956 3003
7 20 85 121 181 225 323 376 405 478 501 546 636 664 737 765 861 885 944 997 1052 1116 1181 1196 1264 1325 1386 1423 1478 1562 1577 1622 1714 1761 1827 1839 1931 1948 2039 2086 2113 2173 2219 2293 2352 2424 2430 2502 2587 2607 2691 2701 2765 2846 2906 2955 3002
4 20 85 133 162 220 306 330 391 474 501 579 618 659 735 794 840 885 967 985 1040 1082 1141 1235 1292 1345 1403 1442 1501 1535 1596 1655 1680 1761 1783 1880 1936 1948 2039 2088 2158 2186 2224 2310 2373 2405 2450 2502 2565 2621 2649 2746 2771 2817 2882 2935 2982
7 20 85 161 206 232 283 345 405 435 536 579 612 658 732 769 859 916 920 980 1026 1113 1182 1212 1275 1334 1370 1446 1494 1527 1577 1647 1680 1751 1827 1882 1895 1951 2016 2089 2110 2169 2255 2293 2357 2423 2456 2526 2589 2593 2657 2715 2799 2837 2881 2955 3002
7 20 86 108 198 238 300 362 380 449 514 592 633 675 728 759 845 870 969 1008 1043 1124 1174 1237 1271 1308 1395 1408 1491 1531 1586 1651 1699 1769 1828 1873 1920 1986 2003 2068 2129 2204 2267 2287 2370 2387 2438 2510 2539 2642 2661 2714 2764 2821 2870 2923 3019
7 20 86 124 169 269 315 345 428 461 514 563 612 658 717 769 858 870 919 1015 1026 1112 1183 1228 1261 1307 1380 1411 1467 1541 1613 1664 1726 1769 1796 1850 1908 1986 2003 2079 2145 2198 2238 2308 2357 2388 2466 2510 2589 2594 2684 2747 2782 2811 2896 2920 2991
7 20 86 143 162 233 278 366 424 455 516 563 633 685 734 767 825 885 966 985 1071 1081 1177 1200 1269 1346 1366 1408 1466 1553 1586 1646 1726 1747 1784 1863 1905 1982 2024 2088 2112 2201 2224 2275 2373 2379 2464 2489 2583 2642 2675 2714 2807 2845 2893 2935 3019
4 20 87 124 172 266 304 330 431 455 498 563 598 679 722 784 837 870 919 1016 1031 1126 1159 1235 1266 1304 1360 1427 1467 1541 1606 1663 1717 1779 1818 1847 1892 1996 1998 2102 2146 2174 2244 2307 2367 2391 2468 2504 2580 2610 2682 2733 2803 2811 2895 2935 2986
7 20 87 140 197 227 280 363 414 463 537 563 616 671 703 782 856 916 937 980 1035 1107 1161 1191 1271 1341 1387 1408 1463 1537 1606 1665 1717 1740 1835 1886 1938 1950 1998 2094 2113 2175 2251 2287 2365 2390 2440 2504 2587 2625 2675 2718 2756 2856 2878 2955 2986
7 20 88 141 163 243 317 341 403 437 532 582 646 696 747 783 842 887 933 989 1063 1109 1158 1232 1293 1317 1352 1442 1477 1512 1573 1652 1681 1742 1805 1872 1939 1983 2008 2083 2129 2192 2223 2272 2324 2429 2442 2497 2552 2635 2696 2737 2772 2849 2872 2922 3015
7 20 88 155 172 264 303 347 403 469 486 547 632 676 705 787 824 881 950 1016 1038 1110 1187 1205 1257 1337 1369 1456 1460 1558 1573 1636 1717 1779 1805 1841 1899 1966 2011 2082 2146 2188 2263 2272 2367 2401 2468 2494 2570 2629 2664 2742 2804 2828 2863 2922 3015
7 20 89 117 187 229 315 376 392 470 514 563 636 664 752 765 857 903 932 991 1052 1112 1185 1206 1285 1341 1380 1408 1470 1546 1614 1631 1697 1733 1835 1837 1930 1962 2040 2052 2145 2181 2249 2274 2352 2388 2463 2492 2587 2620 2675 2703 2756 2855 2885 2923 3008
4 20 90 108 210 217 319 362 419 448 515 546 636 661 714 806 820 916 969 1004 1044 1125 1163 1218 1282 1322 1394 1408 1477 1545 1614 1629 1681 1730 1790 1873 1919 1983 2051 2078 2125 2175 2219 2291 2342 2387 2476 2500 2561 2595 2690 2728 2790 2821 2894 2941 3007
7 20 90 127 207 259 316 362 404 467 488 547 618 676 725 787 819 903 942 983 1058 1100 1146 1238 1282 1311 1397 1427 1458 1545 1601 1630 1680 1757 1785 1841 1904 1996 2051 2104 2125 2187 2253 2272 2367 2409 2479 2500 2550 2600 2647 2742 2771 2838 2879 2959 3020
7 20 90 152 181 250 287 376 381 476 526 546 618 653 712 789 861 881 963 1001 1073 1092 1159 1203 1244 1347 1381 1427 1507 1540 1601 1643 1681 1761 1809 1864 1891 1982 2014 2061 2146 2173 2231 2310 2347 2407 2430 2537 2558 2600 2660 2742 2793 2819 2909 2920 3020
7 20 91 117 190 233 319 362 426 455 530 563 616 681 743 781 822 903 964 1013 1045 1133 1177 1204 1242 1305 1378 1410 1492 1525 1579 1646 1681 1773 1785 1883 1926 1986 2009 2060 2110 2193 2251 2320 2326 2378 2461 2535 2568 2642 2663 2721 2755 2823 2896 2935 2998
4 20 91 138 181 252 304 366 397 468 498 563 646 664 755 765 850 902 929 997 1075 1126 1175 1190 1286 1340 1360 1423 1485 1557 1593 1628 1681 1728 1832 1837 1937 1948 2049 2057 2146 2176 2248 2274 2352 2391 2464 2495 2564 2640 2670 2703 2772 2840 2891 2939 2984
7 20 91 157 196 248 279 363 426 479 498 547 600 665 707 788 840 902 943 988 1057 1088 1136 1229 1287 1311 1384 1427 1486 1556 1579 1666 1699 1728 1785 1859 1925 1948 2049 2105 2149 2186 2252 2320 2363 2419 2450 2495 2550 2613 2647 2750 2771 2817 2890 2935 2998
7 20 94 122 175 240 296 363 414 462 509 544 636 699 707 767 857 916 927 999 1071 1088 1150 1229 1272 1346 1393 1429 1459 1524 1599 1629 1697 1778 1835 1848 1925 1951 2016 2055 2112 2194 2262 2307 2360 2411 2451 2517 2583 2612 2675 2700 2756 2855 2890 2935 2986
7 20 97 128 178 216 314 341 413 483 535 544 636 662 736 768 835 903 965 975 1058 1133 1171 1204 1260 1342 1378 1411 1471 1562 1600 1631 1680 1737 1823 1882 1926 1966 2025 2080 2131 2180 2262 2320 2322 2378 2460 2508 2569 2605 2674 2710 2759 2841 2903 2955 2978
4 20 97 136 175 220 301 363 389 460 503 544 632 696 727 759 857 887 971 1009 1043 1114 1179 1208 1251 1308 1390 1456 1502 1561 1573 1650 1680 1778 1792 1872 1890 1962 2022 2063 2129 2194 2265 2310 2349 2392 2451 2511 2539 2635 2661 2737 2801 2810 2892 2923 3006
7 20 97 137 194 252 283 345 386 480 536 544 646 676 755 801 844 881 942 984 1070 1127 1137 1190 1291 1334 1370 1442 1474 1521 1573 1647 1680 1745 1795 1841 1936 1968 2022 2053 2146 2176 2229 2275 2353 2409 2471 2511 2549 2629 2697 2742 2754 2827 2891 2959 3006
7 20 98 124 177 257 317 330 429 437 488 546 646 680 710 773 858 887 919 1005 1049 1090 1158 1222 1267 1317 1396 1427 1487 1521 1611 1652 1693 1781 1819 1847 1903 1948 2028 2072 2145 2197 2214 2308 2363 2391 2467 2533 2588 2621 2660 2732 2782 2811 2906 2959 2981
4 20 98 151 210 227 285 362 415 464 539 546 616 653 703 781 820 868 925 992 1056 1128 1151 1191 1251 1330 1386 1456 1481 1538 1611 1660 1693 1730 1833 1877 1918 1968 2028 2103 2113 2175 2228 2310 2355 2412 2476 2533 2557 2624 2646 2729 2767 2843 2878 2956 2981
7 20 99 122 198 241 295 362 415 440 491 592 612 701 725 771 845 868 964 1020 1066 1100 1150 1238 1273 1316 1382 1410 1459 1524 1610 1649 1697 1769 1833 1838 1904 1951 2027 2055 2131 2204 2242 2308 2359 2423 2438 2516 2572 2641 2646 2730 2767 2818 2879 2959 2981
4 20 100 158 207 232 306 330 389 435 539 578 598 679 732 784 836 906 934 983 1031 1114 1160 1208 1274 1332 1365 1456 1471 1532 1580 1668 1680 1757 1816 1868 1890 1966 2000 2090 2125 2169 2265 2293 2367 2417 2479 2531 2580 2593 2654 2712 2798 2831 2887 2956 2980
4 20 101 152 163 233 304 366 402 455 495 558 598 675 743 804 841 870 928 989 1062 1080 1159 1221 1295 1304 1363 1443 1507 1540 1586 1663 1681 1742 1787 1873 1910 1982 2045 2061 2129 2193 2245 2320 2324 2427 2442 2486 2574 2642 2688 2714 2783 2854 2877 2941 3004
7 20 102 116 214 243 290 363 392 437 499 582 618 683 733 766 854 916 943 972 1041 1098 1158 1219 1243 1344 1400 1427 1487 1528 1601 1652 1678 1765 1835 1879 1930 1962 2026 2072 2145 2206 2249 2275 2334 2400 2441 2487 2584 2635 2648 2708 2784 2858 2873 2922 3008
7 20 102 119 182 259 321 362 431 467 523 582 616 653 728 781 827 881 948 1019 1056 1124 1143 1237 1259 1296 1361 1429 1472 1513 1601 1633 1678 1741 1798 1864 1920 1996 2026 2099 2146 2184 2216 2274 2355 2421 2480 2487 2557 2600 2680 2742 2795 2840 2870 2923 3008
7 20 102 159 170 220 281 341 431 460 487 544 618 691 735 779 829 902 930 1021 1076 1126 1179 1235 1256 1328 1364 1427 1469 1549 1601 1650 1717 1744 1798 1870 1892 1983 2001 2097 2158 2186 2244 2274 2348 2386 2460 2512 2555 2635 2687 2708 2789 2808 2882 2923 3008
7 20 103 123 190 217 307 347 421 435 496 578 646 673 716 789 842 881 951 1013 1073 1093 1182 1198 1244 1310 1401 1446 1494 1565 1574 1647 1681 1773 1805 1855 1924 1950 2043 2089 2110 2172 2222 2291 2326 2376 2461 2514 2558 2609 2696 2731 2772 2849 2909 2956 2997
7 20 105 128 212 231 300 347 412 473 531 544 600 678 739 772 812 903 950 998 1029 1121 1151 1223 1268 1308 1377 1456 1508 1526 1566 1651 1713 1772 1792 1861 1898 1986 2009 2076 2113 2213 2257 2287 2330 2381 2459 2523 2539 2627 2661 2720 2801 2856 2911 2939 2983
4 20 105 138 211 245 290 363 412 457 499 578 646 663 711 809 811 887 949 1007 1055 1103 1138 1213 1286 1344 1400 1410 1485 1557 1566 1652 1678 1755 1792 1876 1933 1951 2036 2094 2149 2177 2222 2287 2359 2394 2433 2495 2540 2612 2693 2735 2769 2820 2912 2939 2983
7 21 54 130 196 243 308 344 415 463 516 580 596 701 716 799 842 877 957 1020 1073 1083 1141 1195 1276 1301 1369 1430 1499 1522 1610 1652 1700 1743 1788 1844 1907 1989 2049 2077 2119 2178 2252 2304 2351 2425 2434 2503 2584 2644 2696 2711 2775 2852 2873 2917 2998
7 21 54 146 173 269 293 336 415 440 495 564 620 676 731 773 856 884 950 979 1030 1104 1183 1236 1258 1340 1391 1406 1477 1541 1610 1659 1715 1762 1788 1867 1926 1956 2017 2055 2152 2203 2231 2304 2336 2384 2477 2535 2570 2603 2667 2752 2804 2813 2896 2917 2998
7 21 56 134 179 248 317 348 417 437 497 575 606 663 710 790 862 865 918 1003 1074 1090 1184 1229 1278 1339 1384 1444 1464 1549 1585 1666 1688 1742 1791 1887 1914 1965 2005 2073 2133 2192 2257 2270 2325 2395 2458 2501 2567 2632 2699 2731 2765 2853 2886 2962 3021
4 21 56 155 186 231 297 325 417 483 523 553 634 681 706 787 839 888 964 1013 1054 1100 1152 1219 1257 1341 1356 1417 1492 1524 1585 1620 1710 1764 1791 1841 1933 1970 2015 2062 2128 2195 2238 2270 2329 2426 2478 2491 2590 2623 2657 2739 2807 2851 2879 2962 3021
7 21 57 108 186 222 312 326 421 443 515 580 607 679 705 789 848 888 962 1013 1064 1089 1168 1237 1271 1343 1403 1430 1476 1563 1583 1667 1696 1776 1802 1888 1929 1956 2033 2062 2143 2177 2238 2269 2329 2387 2467 2500 2543 2607 2696 2729 2760 2835 2881 2962 3003
4 21 57 131 162 227 289 335 397 439 516 561 607 700 749 767 820 899 925 999 1079 1085 1150 1234 1270 1346 1388 1430 1494 1560 1583 1623 1715 1779 1825 1867 1940 1946 2014 2090 2132 2196 2220 2313 2366 2409 2449 2519 2547 2607 2686 2729 2778 2850 2905 2917 3003
4 21 57 161 180 221 308 348 391 482 516 580 639 671 740 798 854 899 926 1006 1050 1083 1180 1205 1290 1329 1369 1405 1500 1540 1597 1625 1696 1779 1810 1875 1897 1946 2014 2100 2119 2188 2226 2282 2331 2425 2430 2519 2546 2613 2677 2744 2806 2819 2899 2943 2988
4 21 59 126 211 248 273 359 409 471 502 561 634 690 733 809 851 876 952 1005 1037 1095 1163 1215 1286 1346 1357 1430 1509 1512 1616 1639 1688 1764 1825 1883 1908 1989 2036 2068 2107 2168 2218 2270 2351 2388 2455 2512 2547 2597 2686 2747 2778 2818 2914 2942 2991
7 21 60 116 167 234 294 359 394 441 522 541 639 694 753 761 854 888 971 992 1064 1114 1156 1204 1261 1304 1398 1444 1497 1561 1577 1661 1696 1765 1810 1878 1894 1970 2015 2096 2120 2160 2247 2281 2372 2405 2457 2487 2571 2628 2677 2748 2806 2819 2892 2918 2985
7 21 60 131 192 262 278 348 394 475 535 561 634 666 752 756 843 899 959 988 1053 1123 1162 1209 1279 1307 1389 1449 1506 1548 1577 1673 1675 1747 1810 1845 1923 1957 2001 2087 2133 2165 2218 2281 2373 2400 2469 2501 2583 2639 2698 2736 2786 2816 2867 2918 2985
7 21 60 156 202 268 308 348 412 463 505 541 596 680 746 776 863 877 951 995 1032 1131 1141 1188 1279 1301 1379 1417 1482 1548 1580 1652 1696 1777 1829 1840 1909 1979 2001 2094 2133 2171 2224 2313 2365 2392 2439 2501 2588 2621 2693 2718 2797 2837 2889 2957 2982
7 21 61 137 176 259 280 336 414 472 538 565 619 683 722 803 814 865 969 979 1072 1107 1183 1194 1247 1349 1394 1449 1477 1550 1607 1629 1687 1756 1830 1854 1927 1984 2030 2055 2108 2193 2231 2304 2333 2376 2448 2518 2581 2616 2675 2710 2789 2824 2913 2938 2995
7 21 62 117 201 249 286 349 430 480 489 541 634 694 706 806 861 866 952 1004 1046 1095 1157 1206 1285 1334 1357 1439 1499 1535 1619 1656 1700 1747 1826 1883 1919 1989 2047 2060 2128 2176 2246 2281 2326 2388 2460 2525 2544 2622 2673 2743 2754 2826 2894 2930 2981
7 21 62 146 171 264 301 369 422 466 529 564 634 695 739 768 818 884 922 990 1033 1086 1149 1225 1245 1314 1370 1439 1487 1531 1619 1624 1675 1751 1834 1882 1918 1970 2038 2104 2108 2185 2214 2282 2357 2426 2472 2533 2553 2622 2674 2743 2786 2841 2878 2929 2981
4 21 63 116 199 231 302 336 388 462 494 541 615 675 706 762 839 888 928 989 1046 1108 1153 1206 1285 1301 1380 1417 1507 1551 1584 1658 1676 1752 1829 1880 1905 1989 2040 2055 2147 2195 2221 2304 2360 2428 2478 2508 2588 2643 2693 2700 2797 2861 2894 2943 3006
7 21 63 128 211 222 300 364 429 446 494 542 629 690 705 809 848 888 968 1005 1035 1118 1151 1208 1281 1348 1382 1430 1489 1555 1600 1648 1675 1752 1782 1882 1921 1989 2040 2056 2120 2177 2230 2290 2351 2381 2467 2508 2549 2604 2691 2748 2782 2814 2912 2929 2989
4 21 63 138 212 258 290 348 429 478 529 541 620 655 731 772 821 904 945 991 1062 1084 1138 1221 1265 1302 1381 1439 1490 1520 1600 1670 1676 1767 1782 1850 1906 1957 2022 2091 2152 2213 2245 2290 2324 2394 2439 2527 2576 2639 2673 2712 2799 2860 2911 2929 2989
4 21 63 139 195 260 306 364 425 459 510 541 606 678 713 775 838 909 921 977 1075 1109 1139 1241 1281 1313 1398 1426 1478 1555 1584 1657 1676 1736 1794 1851 1932 1969 2040 2103 2120 2212 2260 2295 2361 2410 2461 2508 2541 2592 2653 2751 2769 2825 2870 2952 3006
4 21 63 156 182 230 319 369 378 439 525 541 629 694 730 761 814 877 946 978 1059 1091 1150 1240 1250 1316 1359 1430 1494 1536 1600 1623 1676 1771 1833 1878 1934 1984 2022 2090 2132 2178 2242 2281 2372 2429 2462 2527 2577 2604 2676 2748 2770 2842 2893 2938 2989
7 21 64 115 214 263 275 344 427 478 513 552 634 682 714 760 820 889 941 1001 1044 1097 1138 1195 1269 1317 1387 1439 1490 1542 1619 1670 1688 1728 1821 1884 1893 1946 2043 2091 2152 2196 2234 2294 2337 2413 2449 2536 2570 2636 2690 2730 2778 2850 2876 2917 2979
7 21 65 112 185 252 270 348 394 470 504 585 595 697 750 765 818 899 956 1015 1079 1096 1139 1221 1284 1341 1401 1426 1508 1558 1572 1647 1715 1738 1810 1855 1894 1970 2034 2073 2120 2185 2247 2270 2362 2406 2472 2531 2549 2609 2698 2703 2786 2841 2891 2929 2985
4 21 65 158 214 268 311 348 381 463 495 580 606 652 713 790 837 889 937 1001 1055 1119 1166 1197 1284 1320 1373 1406 1463 1558 1580 1628 1720 1746 1799 1868 1939 1979 2034 2091 2120 2205 2234 2290 2337 2419 2430 2531 2586 2621 2683 2718 2793 2814 2915 2917 2977
7 21 67 123 172 253 277 349 425 469 517 542 615 697 708 796 810 899 947 1025 1069 1085 1182 1238 1273 1338 1382 1405 1491 1516 1572 1644 1687 1780 1816 1855 1936 1969 2027 2082 2120 2188 2256 2313 2330 2415 2474 2502 2561 2609 2656 2703 2773 2859 2882 2957 2982
7 21 67 140 196 234 313 359 393 441 518 542 634 690 702 809 840 877 922 1020 1037 1086 1175 1214 1294 1336 1370 1449 1466 1542 1577 1643 1687 1732 1785 1882 1927 1970 2016 2077 2132 2211 2252 2290 2351 2426 2446 2513 2547 2628 2695 2748 2774 2847 2907 2917 2977
7 21 68 131 176 260 290 348 396 459 518 575 607 683 713 803 841 884 959 979 1068 1119 1171 1197 1270 1347 1393 1449 1494 1560 1617 1626 1676 1745 1820 1845 1939 1984 2002 2069 2119 2212 2217 2295 2333 2400 2458 2519 2584 2592 2651 2719 2788 2816 2915 2917 3001
7 21 68 151 199 248 312 344 378 437 515 575 595 651 733 763 851 876 957 1009 1041 1091 1184 1240 1260 1344 1403 1430 1478 1543 1595 1666 1676 1776 1801 1885 1934 1969 2033 2058 2147 2168 2242 2282 2338 2385 2455 2488 2550 2632 2681 2720 2764 2831 2890 2962 3022
4 21 69 146 179 260 304 359 426 432 497 564 606 668 713 800 841 884 922 976 1065 1122 1185 1241 1291 1306 1397 1449 1487 1531 1603 1638 1701 1742 1806 1886 1920 1945 2005 2068 2120 2212 2249 2270 2354 2422 2458 2487 2561 2620 2688 2706 2762 2841 2870 2957 3008
7 21 69 147 190 249 317 336 404 461 497 565 596 656 717 789 842 884 940 1024 1064 1099 1187 1239 1261 1343 1384 1444 1467 1561 1602 1662 1700 1742 1788 1877 1890 1945 2005 2063 2143 2164 2258 2281 2353 2386 2448 2487 2543 2640 2696 2725 2775 2852 2892 2962 3009
7 21 70 140 197 244 286 348 421 480 493 553 634 699 755 756 856 866 956 982 1070 1129 1157 1197 1294 1334 1353 1426 1466 1542 1570 1656 1701 1739 1802 1866 1929 1956 2013 2094 2143 2203 2238 2313 2340 2396 2477 2513 2565 2627 2652 2716 2804 2813 2872 2917 3003
7 21 71 111 200 262 280 336 419 475 530 561 629 655 707 759 830 904 934 1008 1045 1111 1162 1220 1271 1305 1402 1430 1491 1527 1600 1673 1687 1755 1805 1850 1898 1969 1998 2101 2152 2210 2239 2269 2338 2404 2436 2535 2587 2639 2686 2712 2798 2840 2901 2918 2980
4 21 71 160 196 259 289 364 425 472 516 561 596 672 722 793 827 909 948 1000 1063 1085 1142 1238 1268 1299 1388 1405 1469 1556 1575 1669 1687 1743 1794 1843 1936 1957 2049 2105 2132 2193 2256 2304 2370 2409 2434 2484 2554 2616 2653 2742 2769 2836 2867 2943 3006
7 21 72 126 193 252 320 349 385 470 491 552 607 662 750 773 851 884 952 1024 1030 1122 1160 1216 1258 1317 1396 1439 1458 1563 1569 1626 1715 1760 1821 1847 1943 1969 2037 2097 2107 2185 2225 2270 2350 2423 2438 2515 2570 2609 2690 2707 2778 2818 2896 2962 3021
7 21 72 158 196 230 288 344 385 443 537 580 629 684 730 780 842 889 923 1000 1034 1124 1181 1240 1274 1306 1350 1418 1504 1517 1569 1654 1687 1743 1821 1873 1901 1945 2029 2095 2132 2178 2267 2270 2370 2403 2434 2524 2580 2599 2670 2717 2798 2828 2893 2962 3021
7 21 76 156 173 266 270 348 427 438 504 553 629 665 707 784 852 865 951 979 1057 1110 1171 1226 1250 1341 1401 1417 1494 1536 1609 1647 1715 1762 1791 1840 1910 1946 2008 2069 2152 2207 2217 2295 2336 2392 2477 2527 2590 2613 2657 2733 2807 2837 2895 2938 3011
7 21 77 113 177 243 323 364 386 484 515 561 606 686 716 775 842 877 968 1023 1029 1127 1178 1200 1259 1305 1392 1430 1484 1549 1573 1631 1710 1761 1805 1841 1924 1945 2046 2052 2108 2178 2233 2294 2352 2422 2434 2522 2587 2624 2686 2734 2798 2828 2868 2962 3013
4 21 77 123 167 268 276 325 400 460 502 575 606 653 713 802 810 866 947 992 1068 1129 1151 1197 1270 1308 1353 1430 1462 1545 1573 1635 1696 1765 1792 1874 1929 1984 2035 2085 2120 2205 2257 2313 2372 2396 2457 2532 2585 2624 2681 2734 2773 2859 2915 2942 3013
7 21 77 161 168 254 275 336 386 437 523 575 620 676 732 773 859 904 928 984 1030 1080 1180 1239 1275 1317 1376 1417 1500 1540 1573 1670 1696 1744 1805 1888 1909 1946 2035 2100 2107 2180 2250 2294 2336 2420 2433 2532 2570 2626 2690 2732 2794 2817 2877 2962 3013
7 21 81 141 197 220 273 336 422 471 493 564 634 689 752 779 852 876 966 990 1069 1117 1163 1194 1273 1346 1366 1405 1473 1516 1596 1639 1710 1739 1793 1860 1918 1946 2013 2104 2133 2207 2214 2313 2331 2413 2477 2502 2578 2626 2655 2708 2807 2837 2882 2938 3023
7 21 81 142 196 254 290 326 387 437 518 575 634 672 721 793 861 889 927 1000 1043 1119 1180 1237 1249 1302 1393 1405 1505 1524 1596 1670 1700 1732 1826 1877 1899 1957 2016 2095 2119 2191 2267 2290 2370 2400 2446 2499 2576 2626 2673 2708 2754 2826 2864 2962 3023
7 21 83 114 213 244 277 335 378 480 519 541 629 680 755 800 857 884 932 978 1065 1132 1170 1199 1291 1338 1380 1406 1474 1515 1581 1644 1701 1733 1801 1853 1934 1969 2037 2090 2147 2203 2242 2313 2342 2404 2476 2504 2561 2627 2656 2704 2790 2820 2870 2930 3022
4 21 83 147 209 242 300 364 411 477 519 565 639 683 740 768 830 884 940 1014 1033 1104 1144 1224 1245 1324 1358 1418 1467 1561 1617 1672 1675 1733 1786 1845 1938 1969 2037 2105 2119 2166 2244 2304 2369 2418 2480 2504 2553 2592 2664 2719 2787 2852 2878 2918 2986
7 21 83 154 202 260 286 348 382 459 489 541 639 658 754 798 863 876 965 1015 1034 1095 1139 1215 1274 1333 1357 1418 1508 1517 1617 1657 1701 1777 1815 1870 1908 1984 2018 2073 2128 2171 2247 2270 2345 2388 2439 2524 2562 2592 2694 2719 2784 2851 2893 2952 2986
4 21 83 158 168 264 278 348 395 461 535 565 629 665 726 784 848 904 937 984 1057 1103 1176 1229 1274 1307 1389 1406 1504 1517 1581 1673 1675 1731 1782 1868 1900 1956 2018 2100 2128 2198 2250 2282 2336 2419 2447 2524 2590 2627 2691 2704 2782 2814 2869 2962 3022
7 21 84 117 213 269 289 335 394 440 524 541 639 675 731 794 857 866 935 992 1062 1096 1173 1221 1265 1299 1379 1426 1481 1553 1618 1669 1715 1733 1797 1836 1894 1957 2032 2096 2133 2203 2247 2304 2327 2427 2476 2492 2554 2603 2653 2745 2766 2843 2911 2942 2999
7 21 84 127 211 242 279 326 394 432 527 580 615 701 708 799 826 876 967 1005 1072 1123 1185 1209 1247 1331 1373 1449 1487 1550 1618 1638 1675 1752 1797 1844 1923 1970 2006 2068 2120 2199 2218 2304 2351 2416 2467 2518 2585 2637 2658 2711 2761 2811 2913 2942 2999
7 21 85 134 212 244 311 348 391 480 509 541 615 678 744 795 821 899 918 975 1031 1115 1170 1235 1292 1304 1360 1444 1495 1518 1570 1644 1720 1767 1810 1887 1902 1956 2042 2069 2108 2213 2221 2295 2341 2395 2439 2505 2571 2627 2677 2716 2806 2853 2909 2930 2988
7 21 85 154 204 267 319 326 405 462 525 541 634 696 702 793 845 876 960 980 1063 1091 1172 1232 1248 1299 1359 1426 1463 1562 1570 1639 1720 1751 1797 1865 1942 1979 2042 2086 2132 2179 2246 2282 2346 2429 2440 2505 2554 2608 2653 2735 2766 2856 2889 2943 2988
7 21 86 130 176 231 314 349 424 483 538 553 619 651 736 772 842 904 957 984 1062 1133 1152 1216 1265 1323 1361 1426 1468 1553 1604 1620 1676 1756 1832 1885 1932 1945 2030 2088 2119 2164 2261 2304 2328 2385 2448 2492 2576 2623 2652 2720 2775 2852 2911 2962 2975
7 21 87 108 176 223 313 359 420 474 518 564 607 664 735 759 862 904 944 984 1045 1130 1143 1193 1271 1336 1370 1405 1476 1563 1614 1643 1687 1745 1835 1873 1936 1965 2002 2088 2108 2192 2261 2295 2328 2382 2458 2500 2587 2617 2655 2738 2765 2853 2901 2962 3000
7 21 87 128 180 226 289 364 401 440 516 564 639 695 754 768 837 866 968 982 1041 1113 1173 1218 1260 1299 1388 1430 1501 1543 1594 1669 1687 1779 1818 1882 1898 1979 2014 2076 2128 2205 2255 2282 2357 2381 2430 2488 2545 2645 2663 2743 2793 2814 2890 2917 3020
4 21 87 135 181 262 288 344 414 479 537 564 620 657 752 796 843 899 970 975 1069 1107 1145 1194 1273 1306 1350 1449 1472 1529 1594 1654 1687 1758 1806 1846 1927 1946 2014 2059 2147 2165 2231 2269 2371 2420 2469 2488 2561 2636 2688 2753 2762 2839 2882 2930 3020
4 21 87 151 201 232 270 364 420 470 537 552 595 656 709 787 859 899 940 977 1054 1115 1139 1200 1260 1341 1368 1418 1478 1543 1614 1647 1700 1758 1835 1877 1937 1946 2014 2103 2128 2163 2260 2295 2355 2386 2450 2488 2590 2630 2657 2725 2763 2848 2876 2962 3000
4 21 90 117 165 235 323 359 384 481 515 542 619 662 741 784 861 865 952 1003 1057 1126 1173 1193 1250 1307 1392 1430 1481 1553 1582 1629 1715 1761 1809 1847 1940 1957 2046 2096 2128 2191 2235 2281 2339 2423 2446 2509 2590 2595 2691 2707 2754 2826 2895 2962 3009
7 21 90 150 185 216 300 325 381 477 494 542 639 668 753 788 845 884 964 1011 1030 1118 1144 1217 1275 1324 1382 1417 1511 1540 1603 1672 1715 1769 1789 1886 1910 1979 2023 2061 2120 2179 2263 2294 2365 2381 2440 2532 2555 2620 2661 2706 2766 2856 2877 2943 2987
4 21 91 126 166 244 301 325 381 466 506 552 634 656 755 787 857 884 927 1010 1078 1119 1149 1197 1286 1314 1393 1406 1509 1512 1602 1624 1720 1778 1789 1877 1939 1957 2004 2083 2143 2203 2234 2295 2355 2400 2476 2512 2566 2640 2661 2725 2766 2843 2872 2942 2987
4 21 91 159 206 230 316 325 401 443 536 585 619 697 730 765 814 877 947 995 1037 1113 1168 1218 1286 1339 1355 1430 1476 1512 1582 1667 1687 1748 1830 1855 1898 1965 2004 2062 2143 2178 2255 2270 2362 2415 2462 2512 2591 2599 2675 2703 2789 2824 2914 2957 3008
7 21 92 126 178 243 278 325 428 484 535 561 607 672 719 804 822 876 927 1009 1060 1123 1178 1219 1258 1349 1389 1406 1458 1563 1598 1631 1700 1731 1828 1877 1911 1984 2018 2080 2133 2175 2220 2304 2359 2400 2437 2515 2567 2624 2689 2708 2802 2843 2865 2962 2975
4 21 93 146 191 250 314 326 409 450 496 561 634 672 714 793 856 888 950 1005 1043 1108 1185 1203 1245 1323 1402 1418 1487 1531 1589 1620 1701 1781 1802 1843 1908 1945 2007 2068 2152 2208 2218 2304 2370 2407 2473 2533 2576 2602 2652 2742 2804 2813 2868 2929 3015
7 21 95 108 194 220 319 326 426 471 525 564 606 676 748 770 816 904 962 976 1038 1133 1163 1230 1276 1299 1359 1430 1509 1530 1573 1639 1720 1771 1818 1888 1920 1957 2022 2068 2107 2210 2249 2304 2339 2387 2451 2494 2545 2626 2663 2732 2793 2835 2910 2938 2995
7 21 95 139 162 254 317 336 414 437 520 585 606 700 721 767 825 865 934 999 1035 1087 1184 1191 1281 1339 1362 1430 1478 1555 1573 1666 1700 1746 1830 1864 1907 1946 2008 2058 2147 2191 2253 2290 2366 2391 2481 2508 2591 2626 2675 2732 2789 2812 2912 2952 2995
4 21 97 123 209 223 307 369 385 456 492 575 634 683 733 768 849 866 969 1014 1041 1124 1182 1240 1260 1313 1376 1418 1491 1516 1589 1656 1687 1778 1831 1854 1901 1969 2019 2082 2107 2194 2267 2295 2369 2376 2435 2517 2545 2635 2649 2710 2774 2838 2890 2938 3011
7 21 97 135 200 234 316 325 427 467 536 575 607 672 753 804 854 888 948 989 1060 1118 1145 1217 1246 1339 1355 1444 1472 1529 1589 1667 1687 1734 1791 1843 1910 1946 2019 2059 2152 2160 2217 2290 2359 2409 2457 2517 2567 2602 2699 2742 2765 2860 2877 2943 3011
7 21 98 157 179 250 277 335 384 441 517 542 619 663 749 790 817 909 936 1003 1055 1085 1156 1234 1295 1320 1382 1444 1497 1521 1566 1661 1701 1756 1819 1866 1940 1965 2050 2096 2120 2172 2235 2304 2325 2415 2445 2495 2586 2611 2683 2751 2771 2811 2905 2917 2998
7 21 100 138 206 249 307 369 412 480 492 541 596 657 717 805 827 904 970 995 1045 1080 1157 1239 1280 1313 1376 1426 1466 1544 1608 1656 1687 1748 1794 1846 1909 1970 2048 2094 2143 2164 2224 2294 2362 2420 2462 2489 2541 2622 2653 2753 2769 2836 2892 2930 3019
7 21 100 139 181 234 277 349 431 441 519 541 619 655 702 772 825 909 934 1021 1063 1132 1156 1232 1248 1320 1380 1418 1501 1532 1613 1661 1687 1766 1811 1850 1901 1979 2003 2092 2147 2211 2223 2290 2324 2404 2460 2534 2575 2628 2694 2712 2789 2812 2889 2918 3014
7 21 102 114 195 226 293 364 392 440 527 541 620 694 746 806 838 884 929 1010 1032 1099 1183 1188 1279 1340 1360 1449 1461 1528 1594 1659 1688 1736 1786 1883 1941 1979 2023 2072 2108 2212 2245 2281 2326 2411 2461 2522 2558 2645 2678 2743 2772 2823 2889 2942 3005
7 21 102 134 185 263 302 326 382 478 494 541 639 657 714 805 828 899 962 1015 1029 1108 1184 1203 1259 1335 1380 1430 1464 1549 1594 1625 1688 1769 1798 1846 1908 1965 2023 2073 2147 2196 2247 2294 2362 2428 2440 2522 2557 2636 2676 2753 2805 2808 2868 2929 3005
4 21 103 117 191 220 322 344 393 465 496 542 634 663 752 760 857 865 935 1020 1058 1107 1141 1194 1285 1324 1394 1417 1499 1535 1585 1650 1720 1781 1789 1887 1927 1969 2007 2077 2133 2207 2252 2304 2356 2376 2473 2525 2555 2632 2661 2731 2766 2843 2882 2930 2973
7 21 103 150 194 253 311 348 407 469 509 542 629 662 729 784 860 884 965 976 1078 1099 1182 1188 1253 1304 1360 1418 1486 1565 1569 1644 1720 1771 1820 1847 1941 1970 2038 2087 2107 2166 2230 2281 2339 2411 2451 2493 2569 2609 2679 2707 2759 2855 2907 2957 2990
4 21 105 118 173 220 311 348 382 465 495 553 620 651 752 772 852 876 926 987 1063 1123 1164 1209 1268 1320 1373 1405 1510 1556 1595 1628 1720 1762 1815 1885 1923 1965 2017 2081 2147 2207 2232 2304 2328 2416 2477 2484 2575 2632 2694 2720 2784 2861 2867 2918 2986
4 21 105 160 185 264 317 348 396 461 520 585 596 680 739 776 818 884 945 1011 1032 1087 1187 1205 1268 1343 1362 1439 1469 1556 1581 1662 1688 1738 1820 1853 1893 1956 2017 2061 2147 2185 2263 2269 2365 2391 2472 2484 2588 2627 2651 2704 2788 2839 2900 2943 3001
7 21 106 147 200 220 321 336 391 471 486 561 595 672 748 804 830 889 940 989 1055 1115 1153 1235 1295 1312 1368 1444 1507 1521 1596 1649 1720 1755 1800 1877 1902 1946 2043 2055 2119 2210 2221 2304 2359 2386 2436 2495 2572 2626 2650 2708 2787 2852 2905 2942 2999
7 21 106 150 214 257 307 335 394 456 513 561 634 686 725 775 845 866 964 988 1075 1100 1182 1231 1251 1313 1356 1405 1486 1565 1596 1656 1720 1728 1797 1841 1923 1970 2043 2087 2120 2170 2218 2294 2352 2426 2449 2495 2541 2600 2653 2734 2766 2856 2902 2952 2999
7 21 107 111 166 242 304 349 427 432 533 580 606 679 740 764 830 884 934 1010 1050 1087 1185 1205 1290 1306 1362 1418 1473 1545 1576 1638 1710 1774 1821 1864 1893 1946 2041 2083 2152 2166 2234 2269 2355 2391 2480 2514 2580 2637 2670 2752 2798 2840 2899 2942 2979
4 22 54 122 184 252 281 341 387 478 511 574 618 674 735 777 812 895 962 1011 1076 1108 1137 1214 1294 1335 1401 1413 1511 1549 1594 1653 1715 1738 1798 1840 1910 1993 2044 2065 2120 2161 2251 2276 2365 2393 2472 2531 2555 2623 2689 2706 2786 2857 2868 2937 2975
7 22 55 111 201 222 280 336 386 459 501 560 603 694 754 759 831 904 923 984 1079 1080 1161 1235 1257 1332 1355 1435 1474 1556 1567 1639 1723 1770 1804 1866 1935 1968 2030 2104 2114 2210 2240 2303 2356 2405 2448 2532 2551 2626 2686 2738 2798 2834 2900 2935 3013
7 22 55 118 200 262 274 364 386 462 530 589 625 655 736 806 823 877 936 1019 1044 1131 1162 1200 1284 1322 1366 1413 1463 1527 1567 1626 1695 1742 1804 1863 1916 1952 2046 2052 2131 2163 2259 2303 2374 2404 2483 2516 2559 2630 2690 2734 2794 2844 2901 2935 3013
4 22 55 146 165 242 307 347 399 439 500 589 603 678 721 785 861 871 951 998 1031 1093 1184 1223 1258 1344 1403 1435 1475 1554 1567 1672 1695 1772 1792 1882 1929 1957 2046 2074 2147 2189 2257 2287 2327 2379 2447 2516 2538 2626 2692 2738 2780 2820 2872 2951 3013
7 22 56 113 205 268 295 343 413 479 497 553 643 696 709 758 831 895 921 988 1027 1108 1134 1214 1278 1306 1401 1444 1486 1541 1619 1665 1683 1766 1821 1880 1910 1968 2033 2057 2142 2210 2225 2276 2353 2393 2448 2530 2580 2631 2669 2715 2798 2834 2895 2935 2983
4 22 56 150 167 263 302 347 417 484 522 549 643 692 747 772 815 898 948 998 1077 1121 1184 1198 1254 1323 1351 1444 1475 1550 1619 1627 1688 1758 1817 1884 1913 1964 2045 2074 2139 2160 2257 2287 2325 2378 2459 2519 2566 2631 2666 2715 2765 2824 2887 2924 2983
7 22 58 146 202 253 297 341 384 484 505 548 628 658 716 798 813 913 929 1015 1028 1097 1184 1232 1272 1329 1377 1444 1475 1554 1566 1627 1695 1763 1812 1861 1894 1957 2009 2074 2139 2213 2241 2293 2344 2427 2443 2500 2539 2639 2683 2746 2801 2842 2911 2925 3000
7 22 58 147 201 268 318 336 407 470 517 560 628 673 709 807 831 895 939 1005 1054 1081 1187 1220 1261 1341 1352 1444 1470 1547 1566 1635 1682 1770 1788 1845 1926 1962 2014 2055 2155 2210 2260 2277 2333 2418 2448 2495 2554 2639 2650 2746 2781 2852 2889 2941 3000
7 22 59 109 210 267 280 373 398 460 491 571 634 662 714 809 820 872 920 1024 1029 1122 1160 1226 1288 1332 1365 1425 1490 1548 1570 1639 1688 1728 1825 1884 1908 1968 2028 2059 2125 2186 2264 2303 2360 2407 2475 2515 2551 2609 2686 2745 2777 2850 2896 2924 2997
4 22 59 155 163 243 303 347 421 483 532 553 634 696 721 787 817 881 955 1013 1042 1093 1158 1223 1247 1335 1353 1425 1503 1512 1570 1632 1706 1764 1803 1850 1929 1993 2029 2062 2115 2188 2237 2276 2323 2429 2463 2514 2581 2609 2664 2745 2804 2860 2872 2951 2997
4 22 60 146 176 251 270 364 379 442 533 589 614 664 742 760 813 871 929 1020 1052 1090 1149 1210 1263 1325 1395 1423 1500 1529 1593 1625 1709 1765 1818 1887 1931 1953 2050 2084 2139 2173 2216 2293 2366 2401 2483 2534 2544 2612 2676 2729 2801 2842 2906 2930 3004
7 22 60 153 205 262 296 331 396 462 507 589 607 650 705 804 822 895 927 988 1041 1119 1162 1201 1279 1300 1393 1429 1458 1559 1598 1626 1709 1745 1810 1877 1925 1984 2048 2057 2115 2195 2225 2289 2353 2399 2469 2536 2583 2630 2663 2701 2805 2833 2915 2935 2998
7 22 63 140 174 220 296 358 388 461 529 563 625 685 717 770 829 877 924 975 1074 1098 1163 1230 1244 1300 1371 1453 1494 1513 1611 1626 1682 1767 1833 1888 1928 1984 2021 2099 2125 2171 2249 2289 2375 2426 2466 2527 2583 2592 2663 2748 2783 2835 2893 2925 2996
7 22 64 125 192 232 315 355 389 483 486 553 603 681 746 757 836 883 968 1018 1028 1117 1145 1203 1272 1306 1397 1444 1496 1554 1585 1645 1723 1757 1821 1842 1943 1952 2003 2087 2125 2164 2217 2293 2359 2428 2436 2500 2580 2621 2669 2728 2798 2829 2911 2951 3007
7 22 64 155 201 259 272 343 405 454 517 553 628 651 728 802 860 881 955 984 1056 1124 1143 1192 1270 1297 1398 1429 1503 1512 1601 1661 1723 1770 1809 1889 1907 1976 2014 2078 2114 2182 2265 2277 2356 2391 2448 2489 2575 2633 2679 2713 2761 2860 2867 2957 2990
7 22 65 111 204 228 317 336 420 485 531 580 618 684 738 789 853 883 923 974 1053 1085 1148 1199 1269 1348 1350 1435 1502 1528 1599 1657 1693 1738 1800 1866 1906 1953 2024 2101 2142 2200 2246 2276 2322 2405 2453 2535 2545 2595 2696 2747 2776 2834 2881 2966 3010
7 22 65 152 162 266 292 336 424 453 495 558 643 663 709 767 848 872 966 1000 1045 1081 1159 1220 1269 1336 1391 1412 1462 1528 1604 1663 1715 1773 1785 1867 1926 1964 2024 2058 2142 2212 2245 2300 2326 2378 2477 2535 2574 2610 2659 2743 2807 2823 2889 2941 3005
7 22 67 114 202 231 303 347 382 475 489 574 602 689 707 766 829 913 950 1015 1071 1110 1151 1216 1289 1308 1396 1418 1508 1564 1614 1658 1706 1740 1799 1837 1896 1984 2051 2074 2127 2171 2241 2287 2344 2413 2466 2523 2563 2624 2697 2702 2783 2835 2862 2925 3016
4 22 67 141 162 257 276 373 382 433 538 571 607 663 724 767 835 887 956 1000 1061 1101 1170 1231 1255 1323 1400 1412 1504 1515 1614 1652 1709 1775 1799 1878 1917 1964 2036 2083 2147 2170 2220 2287 2326 2394 2475 2537 2557 2594 2674 2732 2805 2820 2902 2925 3016
7 22 67 143 208 221 320 364 380 458 538 574 612 699 732 768 815 887 936 982 1060 1113 1177 1224 1245 1314 1357 1413 1497 1525 1610 1641 1706 1775 1813 1864 1891 1964 2036 2075 2155 2190 2255 2282 2347 2403 2430 2537 2577 2596 2689 2717 2770 2819 2909 2924 3020
4 22 67 147 168 258 270 364 393 447 533 571 602 649 741 793 831 883 939 999 1072 1105 1144 1200 1245 1325 1395 1418 1493 1525 1614 1625 1709 1780 1786 1877 1941 1968 2036 2072 2155 2178 2243 2277 2355 2386 2480 2537 2568 2624 2652 2702 2781 2852 2896 2935 3016
7 22 67 153 198 241 316 343 408 438 489 571 612 676 723 783 832 913 942 983 1033 1118 1162 1206 1294 1333 1383 1413 1458 1559 1610 1649 1709 1740 1784 1887 1932 1984 2051 2057 2131 2204 2230 2276 2341 2388 2470 2523 2571 2596 2647 2717 2796 2818 2913 2930 3020
7 22 67 158 209 267 305 347 380 460 498 571 603 654 727 785 849 904 938 1008 1026 1102 1160 1198 1289 1307 1389 1423 1465 1564 1610 1639 1709 1731 1813 1862 1931 1993 2051 2086 2127 2172 2215 2282 2352 2419 2464 2523 2543 2609 2662 2704 2797 2825 2908 2924 3020
7 22 68 155 202 249 298 331 380 443 505 558 628 669 748 782 863 877 970 994 1032 1113 1158 1224 1270 1313 1376 1413 1503 1512 1608 1671 1706 1763 1830 1886 1891 1993 2009 2062 2127 2163 2255 2293 2365 2383 2443 2489 2542 2632 2691 2718 2769 2846 2892 2957 3002
7 22 72 111 215 258 271 355 389 463 519 580 643 648 741 801 831 883 923 1009 1051 1126 1182 1221 1293 1338 1386 1418 1502 1528 1576 1622 1683 1735 1821 1865 1893 1962 2026 2067 2114 2178 2267 2303 2369 2406 2480 2513 2548 2608 2669 2705 2798 2834 2873 2941 3007
7 22 72 119 163 244 322 331 417 432 493 580 607 679 708 804 856 881 956 1013 1070 1101 1179 1213 1259 1334 1400 1453 1483 1563 1576 1667 1683 1760 1795 1878 1933 1964 2026 2062 2139 2191 2237 2293 2323 2394 2467 2513 2553 2597 2699 2716 2757 2842 2865 2951 3007
4 22 72 144 207 259 295 343 392 454 537 580 618 701 723 794 816 871 964 1020 1078 1118 1175 1206 1249 1342 1362 1438 1459 1544 1601 1630 1683 1744 1787 1839 1932 1976 2027 2054 2125 2187 2246 2317 2336 2410 2434 2512 2585 2633 2646 2713 2784 2838 2913 2930 2981
7 22 72 152 199 237 320 355 383 476 493 549 618 651 712 790 812 881 932 1001 1038 1127 1159 1233 1293 1314 1402 1438 1462 1528 1601 1641 1715 1760 1798 1889 1890 1964 2026 2058 2114 2202 2244 2282 2368 2414 2431 2513 2577 2633 2689 2713 2786 2857 2887 2966 2981
4 22 72 158 187 219 314 341 383 485 502 580 628 670 748 798 849 895 938 1017 1027 1086 1171 1217 1274 1345 1354 1429 1510 1519 1601 1635 1683 1779 1798 1879 1920 1952 2027 2100 2127 2195 2214 2282 2331 2402 2442 2512 2540 2605 2677 2740 2797 2825 2899 2966 2981
4 22 75 138 210 221 321 358 389 436 511 580 643 698 732 763 815 887 960 1009 1059 1114 1178 1234 1243 1324 1362 1413 1506 1514 1609 1637 1688 1773 1817 1853 1893 1952 2008 2067 2125 2190 2267 2300 2374 2415 2430 2527 2565 2619 2666 2722 2765 2824 2899 2937 3011
7 22 75 140 162 269 281 341 403 435 511 553 625 659 716 771 862 887 944 1000 1057 1097 1180 1232 1244 1335 1401 1425 1494 1513 1605 1653 1715 1773 1803 1855 1894 1952 2008 2083 2142 2199 2220 2317 2326 2404 2477 2527 2581 2605 2664 2737 2804 2815 2911 2925 3015
4 22 75 156 173 235 270 358 398 442 531 553 614 651 729 802 826 871 932 1010 1062 1132 1149 1195 1243 1325 1397 1435 1488 1514 1605 1625 1715 1753 1808 1889 1940 1968 2008 2095 2125 2189 2232 2277 2356 2414 2481 2527 2568 2629 2652 2713 2758 2853 2895 2966 3015
4 22 78 127 209 253 287 336 419 484 524 549 625 677 716 762 823 904 928 1008 1030 1111 1140 1236 1259 1318 1392 1453 1484 1539 1611 1670 1695 1761 1804 1841 1892 1962 2010 2086 2142 2213 2215 2293 2352 2392 2433 2535 2564 2639 2690 2700 2794 2844 2907 2924 2980
4 22 79 150 174 243 279 347 407 483 508 574 614 662 729 794 821 872 948 975 1078 1081 1145 1220 1292 1342 1391 1444 1496 1529 1570 1645 1682 1767 1811 1884 1926 1993 2042 2087 2125 2180 2260 2300 2375 2378 2466 2506 2585 2609 2646 2745 2759 2824 2868 2930 2976
7 22 79 160 198 262 311 341 393 469 508 548 625 653 736 771 863 872 965 991 1068 1105 1166 1200 1260 1298 1360 1418 1465 1562 1571 1621 1709 1767 1826 1836 1941 1993 2042 2080 2131 2163 2243 2289 2332 2421 2443 2506 2569 2623 2694 2730 2769 2846 2901 2957 2974
7 22 80 147 207 245 281 364 430 478 537 560 618 650 731 787 836 895 939 987 1042 1125 1137 1188 1253 1335 1374 1418 1470 1547 1598 1653 1693 1744 1832 1877 1937 1952 2027 2105 2115 2166 2253 2317 2370 2386 2434 2504 2581 2630 2664 2701 2776 2852 2866 2951 2977
7 22 83 124 210 257 285 355 381 434 491 589 634 655 724 806 835 887 945 1009 1047 1116 1182 1227 1267 1339 1361 1412 1502 1516 1602 1650 1693 1728 1815 1863 1903 1953 2028 2067 2120 2170 2267 2303 2374 2396 2475 2490 2555 2593 2685 2734 2766 2859 2906 2937 3018
7 22 83 151 177 242 317 336 411 439 486 589 602 650 730 804 846 872 939 1014 1070 1105 1184 1239 1246 1334 1395 1444 1479 1538 1602 1672 1693 1733 1785 1877 1902 1968 2028 2070 2139 2180 2254 2289 2353 2386 2441 2490 2553 2626 2699 2701 2767 2848 2878 2951 3018
7 22 83 152 172 254 315 355 410 443 486 558 614 660 719 796 841 872 932 991 1069 1132 1185 1238 1267 1306 1397 1438 1474 1516 1612 1645 1723 1733 1783 1889 1897 1968 2028 2081 2120 2203 2242 2276 2358 2414 2446 2490 2560 2627 2688 2703 2756 2857 2883 2957 3008
4 22 84 111 195 249 279 331 387 443 527 580 603 698 705 808 840 883 943 999 1063 1119 1185 1201 1257 1342 1372 1438 1474 1556 1608 1645 1699 1729 1787 1857 1925 1993 2000 2081 2120 2207 2234 2300 2328 2419 2467 2532 2585 2632 2646 2718 2784 2814 2915 2935 2986
4 22 87 109 198 236 307 343 429 482 539 571 602 663 728 761 832 872 920 991 1055 1124 1140 1192 1271 1344 1364 1453 1490 1548 1604 1672 1699 1740 1807 1867 1907 1957 2001 2080 2142 2204 2243 2287 2332 2424 2470 2530 2538 2610 2692 2743 2764 2850 2867 2957 2982
7 22 87 140 176 261 309 343 420 441 498 563 634 664 702 760 862 877 944 1020 1032 1091 1175 1193 1271 1340 1385 1423 1459 1548 1577 1642 1706 1781 1800 1864 1906 1953 2001 2054 2142 2208 2246 2317 2366 2396 2468 2530 2564 2618 2668 2751 2804 2815 2891 2924 3010
7 22 89 145 204 267 296 331 392 448 529 563 634 681 714 793 855 883 970 974 1072 1098 1178 1226 1245 1302 1371 1413 1472 1565 1585 1624 1709 1750 1787 1842 1932 1976 2038 2101 2125 2186 2246 2282 2322 2426 2440 2497 2568 2621 2675 2728 2754 2856 2896 2966 2981
4 22 90 129 215 254 298 355 406 443 513 580 628 701 744 770 831 877 957 1019 1074 1091 1158 1204 1244 1313 1369 1425 1468 1553 1612 1671 1682 1735 1788 1848 1895 1968 2032 2098 2115 2178 2214 2317 2360 2412 2480 2485 2583 2627 2650 2703 2781 2852 2893 2935 3001
7 22 90 160 184 227 300 347 384 471 488 548 628 660 753 792 855 872 955 1015 1045 1124 1151 1205 1268 1312 1398 1425 1508 1519 1612 1662 1715 1769 1811 1889 1894 1976 1999 2074 2120 2186 2241 2287 2362 2391 2440 2518 2549 2627 2651 2703 2754 2856 2890 2966 3001
7 22 91 138 202 242 316 358 423 465 489 563 602 669 730 782 821 904 960 994 1030 1092 1135 1239 1286 1326 1383 1413 1460 1560 1618 1656 1695 1740 1782 1853 1916 1993 2051 2094 2139 2180 2224 2287 2365 2415 2466 2499 2544 2599 2675 2750 2759 2824 2878 2930 3019
7 22 91 143 165 240 272 373 428 441 534 563 612 677 714 786 838 898 928 998 1072 1122 1155 1226 1245 1297 1380 1418 1497 1525 1613 1661 1695 1772 1789 1841 1908 1976 2013 2096 2147 2211 2236 2277 2327 2392 2447 2537 2575 2638 2679 2700 2782 2827 2896 2924 3023
4 22 92 114 166 228 318 336 402 485 517 589 625 678 742 762 829 898 950 972 1052 1121 1171 1210 1263 1341 1352 1429 1510 1562 1599 1635 1682 1743 1833 1872 1900 1953 2041 2100 2127 2197 2259 2287 2351 2377 2441 2502 2542 2595 2663 2747 2783 2835 2906 2957 2982
4 22 92 133 172 261 272 343 381 441 517 548 612 676 749 783 839 898 921 1007 1033 1095 1155 1225 1292 1297 1398 1444 1501 1533 1577 1661 1723 1743 1828 1852 1943 1953 2041 2092 2120 2160 2227 2300 2341 2420 2435 2502 2571 2618 2683 2751 2785 2814 2914 2941 3005
4 22 93 134 196 221 284 358 386 436 539 560 603 665 731 799 847 881 924 984 1042 1127 1150 1188 1253 1345 1387 1453 1485 1531 1609 1664 1706 1731 1823 1886 1935 1952 2011 2104 2131 2191 2240 2282 2361 2428 2476 2521 2569 2619 2648 2722 2755 2841 2866 2957 2993
7 22 95 119 198 230 296 331 410 477 529 558 614 663 740 761 813 904 956 991 1026 1130 1150 1240 1287 1302 1371 1453 1509 1537 1568 1624 1709 1767 1818 1878 1897 1957 2021 2081 2131 2213 2242 2300 2332 2394 2443 2494 2567 2640 2676 2732 2801 2842 2910 2925 2971
4 22 97 124 205 219 322 331 419 485 536 589 614 659 748 761 822 887 945 1002 1055 1113 1148 1224 1248 1344 1357 1435 1502 1516 1605 1657 1683 1745 1792 1855 1891 1962 2020 2101 2142 2195 2216 2282 2337 2403 2469 2511 2538 2605 2692 2737 2780 2859 2892 2957 2993
7 22 97 152 168 261 308 331 413 457 503 549 634 649 702 793 848 881 966 999 1056 1096 1185 1193 1248 1330 1392 1418 1474 1516 1588 1632 1723 1778 1795 1838 1901 1968 2020 2081 2142 2208 2234 2300 2355 2407 2482 2511 2584 2602 2649 2742 2807 2823 2891 2937 3011
7 22 99 122 192 259 280 336 388 472 491 571 618 649 723 789 814 898 966 1018 1033 1122 1146 1206 1294 1316 1365 1412 1511 1549 1575 1655 1723 1757 1833 1838 1928 1984 1998 2055 2125 2187 2249 2277 2359 2407 2436 2531 2565 2615 2674 2742 2771 2853 2913 2937 2996
4 22 100 125 198 257 284 355 406 434 539 560 602 675 712 784 853 877 968 983 1077 1127 1164 1233 1254 1341 1387 1444 1500 1550 1602 1668 1709 1740 1788 1842 1890 1953 2001 2068 2131 2183 2219 2287 2341 2428 2470 2519 2554 2593 2650 2734 2781 2829 2887 2966 3001
7 22 100 145 205 241 321 336 379 436 497 560 643 653 745 767 860 887 965 1002 1061 1090 1178 1210 1255 1324 1374 1423 1472 1565 1595 1637 1709 1766 1814 1836 1931 1976 2033 2101 2115 2182 2216 2276 2337 2421 2448 2487 2557 2598 2673 2730 2761 2860 2902 2957 3008
7 22 101 113 173 242 311 358 431 465 495 553 603 665 721 799 826 895 943 1005 1042 1119 1170 1223 1247 1298 1372 1412 1487 1540 1618 1621 1693 1753 1797 1857 1903 1993 2044 2099 2147 2189 2217 2289 2361 2419 2481 2484 2569 2599 2694 2750 2799 2812 2872 2941 3009
7 22 102 129 166 243 308 373 415 483 528 553 612 654 729 786 846 904 961 972 1062 1130 1158 1195 1243 1330 1367 1413 1468 1553 1610 1632 1682 1743 1835 1862 1942 1968 2030 2098 2127 2180 2261 2300 2351 2398 2441 2486 2584 2609 2649 2704 2767 2848 2895 2951 2985
7 22 102 146 195 221 292 364 415 458 527 548 603 676 731 775 856 913 929 979 1037 1125 1154 1188 1258 1336 1360 1423 1475 1554 1610 1663 1688 1729 1835 1887 1937 1964 2000 2103 2131 2191 2266 2300 2349 2401 2467 2516 2574 2596 2659 2717 2757 2842 2866 2951 2985
4 22 106 144 205 240 313 373 391 441 507 548 607 653 753 767 844 904 947 1002 1045 1084 1175 1205 1268 1336 1375 1423 1459 1544 1613 1642 1683 1745 1835 1865 1934 1976 2048 2054 2142 2172 2262 2289 2337 2382 2469 2491 2574 2638 2659 2700 2757 2855 2890 2941 3009
7 22 106 150 199 225 298 355 431 457 513 549 607 677 724 762 812 898 933 1018 1052 1116 1145 1227 1263 1313 1369 1423 1496 1529 1613 1671 1682 1760 1797 1841 1903 1993 2005 2087 2147 2202 2217 2293 2352 2387 2431 2534 2542 2638 2691 2700 2803 2839 2906 2937 3009
4 22 107 111 208 226 276 358 411 451 538 580 612 670 717 798 839 883 943 997 1028 1098 1161 1230 1290 1329 1400 1412 1474 1556 1578 1647 1723 1775 1828 1879 1928 1968 2036 2104 2139 2165 2226 2282 2331 2398 2430 2499 2539 2629 2683 2740 2785 2814 2893 2925 2973
7 22 107 114 193 237 274 343 411 476 530 589 602 659 712 761 811 898 944 1014 1026 1131 1154 1212 1289 1302 1366 1423 1508 1564 1578 1646 1715 1776 1828 1855 1902 1976 2013 2070 2131 2202 2254 2282 2337 2404 2432 2523 2567 2633 2676 2737 2792 2841 2908 2925 2973
7 23 54 153 163 255 313 359 418 444 516 577 610 655 716 783 842 892 945 1008 1073 1084 1175 1241 1294 1315 1394 1436 1466 1537 1585 1646 1684 1734 1798 1887 1892 1967 2007 2075 2138 2207 2262 2290 2335 2425 2433 2489 2555 2628 2696 2711 2766 2847 2882 2950 3014
7 23 55 135 202 217 317 352 420 445 506 572 610 689 708 782 842 899 963 1006 1069 1085 1140 1197 1286 1314 1402 1441 1509 1561 1614 1647 1684 1742 1798 1843 1890 1978 2051 2063 2128 2163 2234 2299 2334 2401 2476 2488 2556 2630 2696 2723 2766 2847 2892 2940 3012
7 23 56 114 166 231 313 332 391 482 516 577 617 693 743 764 829 884 969 1024 1048 1084 1151 1190 1278 1322 1394 1437 1484 1526 1597 1638 1710 1737 1821 1864 1943 1960 2004 2100 2138 2203 2235 2297 2347 2425 2430 2485 2580 2604 2659 2739 2790 2819 2911 2949 3018
7 23 56 151 211 261 276 344 391 460 499 575 627 663 727 799 851 873 935 974 1026 1127 1183 1240 1251 1307 1376 1428 1502 1541 1597 1671 1712 1764 1821 1886 1911 1975 1999 2056 2123 2168 2267 2297 2363 2394 2453 2490 2557 2632 2681 2712 2767 2834 2866 2949 3018
7 23 57 129 210 224 316 356 429 438 500 561 631 666 702 806 835 899 959 999 1042 1115 1135 1208 1282 1328 1389 1434 1494 1560 1610 1623 1704 1748 1810 1862 1901 1978 2051 2066 2116 2165 2221 2292 2339 2389 2482 2486 2550 2623 2685 2744 2800 2816 2905 2933 3021
7 23 58 109 197 243 285 352 397 471 528 570 610 689 751 782 817 873 954 1011 1069 1082 1165 1192 1271 1347 1390 1437 1461 1518 1591 1632 1710 1747 1829 1858 1943 1981 1998 2099 2130 2211 2229 2301 2334 2424 2441 2493 2556 2638 2664 2708 2782 2822 2907 2938 3023
7 23 58 142 163 254 314 361 425 460 516 575 610 670 714 804 856 886 930 986 1066 1099 1185 1238 1284 1300 1393 1437 1469 1531 1591 1669 1705 1734 1802 1877 1908 1973 2007 2059 2116 2193 2242 2290 2359 2402 2433 2484 2540 2638 2699 2708 2769 2848 2877 2949 3023
7 23 59 129 176 235 281 332 422 475 518 561 623 700 713 803 823 899 925 1025 1053 1108 1174 1239 1256 1347 1388 1428 1506 1548 1574 1636 1691 1774 1825 1861 1939 1981 2001 2054 2138 2196 2218 2301 2342 2421 2470 2485 2555 2592 2665 2705 2781 2850 2868 2950 3001
7 23 60 129 213 260 290 346 396 436 533 561 627 686 732 788 836 899 925 988 1029 1085 1136 1197 1243 1311 1402 1414 1506 1548 1617 1673 1712 1745 1816 1881 1890 1960 2026 2093 2140 2204 2256 2299 2333 2401 2449 2498 2584 2641 2686 2729 2767 2850 2867 2946 2981
7 23 60 156 215 255 288 346 405 444 503 577 623 648 748 765 863 879 958 997 1032 1092 1175 1219 1243 1340 1400 1434 1480 1548 1576 1646 1696 1775 1831 1878 1928 1979 2026 2060 2140 2175 2259 2278 2326 2392 2451 2498 2568 2628 2691 2720 2758 2810 2864 2950 3022
7 23 60 160 211 228 273 359 427 472 487 561 623 690 728 771 818 896 922 974 1076 1110 1148 1231 1260 1328 1356 1434 1478 1559 1576 1666 1712 1764 1810 1836 1934 1967 2012 2105 2123 2202 2218 2302 2363 2385 2453 2512 2550 2628 2685 2720 2800 2833 2880 2926 3022
4 23 61 116 214 218 281 339 389 473 524 562 629 661 755 783 854 892 923 983 1073 1126 1176 1203 1294 1347 1381 1426 1458 1517 1588 1636 1684 1756 1808 1837 1929 1981 2044 2072 2141 2164 2250 2301 2328 2379 2479 2510 2555 2640 2665 2738 2798 2838 2882 2948 3013
4 23 64 116 204 233 284 339 405 479 525 568 631 684 752 804 853 886 923 980 1066 1112 1186 1200 1284 1349 1396 1426 1463 1512 1572 1640 1705 1740 1831 1837 1928 1979 2034 2078 2140 2179 2259 2302 2344 2379 2456 2504 2540 2620 2650 2714 2799 2838 2877 2926 3022
4 23 64 122 177 252 278 346 405 433 486 570 615 665 724 774 812 879 937 984 1052 1105 1137 1196 1255 1326 1355 1441 1504 1551 1572 1626 1704 1770 1831 1883 1935 1977 2018 2085 2143 2209 2254 2302 2372 2428 2471 2520 2582 2606 2691 2728 2758 2861 2904 2926 3022
4 23 64 148 188 261 316 356 404 471 525 570 627 692 727 786 832 886 920 990 1035 1100 1145 1240 1242 1299 1364 1414 1473 1554 1617 1651 1704 1740 1796 1840 1937 1979 2034 2103 2123 2168 2232 2306 2365 2429 2472 2504 2544 2621 2647 2749 2792 2857 2866 2938 2977
7 23 64 154 166 260 310 346 404 436 528 568 604 693 745 764 816 896 949 1024 1067 1130 1187 1207 1255 1345 1365 1437 1472 1551 1617 1622 1705 1728 1796 1874 1908 1960 2018 2073 2143 2191 2261 2306 2347 2388 2439 2520 2560 2641 2683 2729 2755 2811 2888 2938 2977
4 23 67 118 167 264 281 332 430 473 518 570 629 692 724 800 824 892 969 981 1052 1125 1176 1196 1255 1347 1388 1437 1477 1546 1619 1636 1691 1731 1829 1885 1916 1977 2045 2052 2128 2198 2219 2306 2352 2404 2431 2525 2556 2594 2664 2704 2782 2815 2904 2940 2991
4 23 70 120 201 217 310 346 430 469 501 573 610 699 708 805 856 901 952 1017 1070 1080 1155 1197 1285 1298 1392 1439 1499 1538 1593 1668 1705 1739 1802 1846 1895 1977 2048 2060 2128 2163 2240 2278 2350 2396 2462 2503 2542 2606 2699 2707 2769 2848 2892 2946 3019
7 23 70 137 203 226 308 344 397 483 497 573 629 684 737 778 810 896 923 974 1067 1126 1183 1227 1267 1342 1381 1421 1502 1555 1593 1648 1705 1743 1834 1837 1905 1981 2048 2056 2130 2180 2267 2297 2370 2379 2473 2503 2546 2599 2672 2714 2759 2817 2874 2926 3019
7 23 70 150 204 230 314 361 390 485 529 573 623 673 748 801 845 884 918 994 1064 1086 1136 1191 1254 1346 1379 1414 1498 1527 1613 1624 1705 1754 1789 1841 1891 1967 2017 2101 2140 2200 2252 2285 2329 2385 2443 2534 2566 2613 2697 2752 2765 2827 2894 2952 2998
7 23 70 152 194 240 312 344 390 437 501 570 604 662 710 796 838 901 921 975 1039 1128 1142 1210 1267 1316 1390 1433 1487 1555 1613 1620 1708 1739 1789 1889 1926 1977 2048 2058 2130 2206 2215 2285 2368 2378 2469 2503 2573 2644 2657 2721 2805 2858 2904 2952 2998
4 23 72 121 176 227 296 352 383 482 498 572 615 650 741 760 813 886 954 992 1075 1088 1151 1233 1293 1340 1391 1437 1484 1519 1608 1638 1691 1767 1791 1884 1916 1979 2034 2100 2138 2193 2266 2278 2375 2399 2476 2495 2583 2608 2676 2741 2760 2809 2890 2954 2970
7 23 72 122 175 266 298 359 385 443 537 556 615 696 720 778 857 894 971 973 1067 1124 1165 1231 1255 1342 1399 1437 1504 1551 1608 1658 1707 1735 1787 1838 1921 1973 2009 2055 2130 2178 2220 2306 2359 2380 2457 2520 2546 2608 2672 2741 2806 2828 2888 2926 2970
4 23 72 157 209 268 311 354 392 457 498 556 604 654 749 757 863 886 962 1003 1040 1099 1179 1206 1249 1319 1375 1441 1485 1563 1566 1628 1707 1767 1822 1866 1940 1979 2034 2091 2136 2181 2226 2290 2324 2419 2445 2495 2575 2597 2694 2709 2756 2812 2889 2950 3014
4 23 73 126 208 264 270 332 424 473 491 562 627 697 739 807 851 884 961 1010 1033 1086 1149 1189 1268 1316 1359 1439 1508 1529 1619 1662 1712 1753 1821 1880 1893 1977 2050 2064 2136 2183 2247 2285 2350 2406 2438 2531 2549 2594 2681 2704 2767 2834 2875 2948 2985
4 23 78 119 199 269 282 361 385 446 527 556 615 675 706 763 850 873 968 973 1077 1123 1180 1232 1269 1331 1375 1436 1489 1550 1618 1659 1708 1750 1782 1853 1921 1967 2006 2055 2136 2162 2220 2304 2335 2395 2478 2529 2549 2613 2666 2748 2797 2824 2912 2948 2975
7 23 78 144 173 230 319 346 378 485 514 573 615 665 742 774 813 892 931 988 1052 1091 1136 1222 1283 1341 1401 1436 1506 1534 1618 1624 1691 1766 1791 1863 1910 1981 2044 2093 2116 2207 2256 2299 2372 2383 2462 2492 2582 2613 2676 2748 2760 2809 2874 2952 2975
7 23 81 151 175 268 289 339 409 437 496 575 631 670 722 804 827 873 943 973 1028 1119 1142 1203 1246 1339 1384 1433 1487 1556 1611 1620 1707 1735 1794 1877 1936 1978 2049 2058 2130 2208 2217 2290 2359 2389 2457 2533 2579 2618 2662 2708 2804 2826 2915 2948 3010
7 23 83 125 190 235 272 332 381 475 490 573 617 673 737 764 817 894 965 1010 1067 1095 1149 1227 1267 1345 1403 1433 1508 1530 1574 1660 1707 1777 1783 1888 1936 1981 2043 2064 2143 2171 2247 2285 2367 2397 2481 2528 2560 2592 2683 2705 2768 2835 2874 2938 2976
7 23 85 126 214 269 295 339 379 452 531 562 626 683 704 775 854 884 943 979 1068 1102 1181 1236 1258 1301 1358 1433 1475 1562 1612 1672 1708 1756 1788 1848 1926 1975 2037 2080 2116 2164 2228 2304 2332 2418 2479 2496 2538 2607 2655 2740 2785 2852 2903 2954 2973
4 23 85 148 187 228 321 332 384 467 514 562 623 668 728 803 832 894 920 977 1044 1124 1153 1231 1292 1303 1399 1436 1500 1527 1612 1631 1708 1773 1783 1889 1921 1965 2037 2052 2123 2202 2223 2306 2374 2380 2438 2496 2565 2633 2660 2715 2792 2857 2880 2952 2973
4 23 88 135 203 234 278 352 391 476 486 575 627 670 719 793 822 896 963 974 1040 1132 1178 1235 1249 1302 1355 1441 1507 1563 1578 1649 1698 1770 1828 1843 1911 1960 2018 2056 2138 2210 2267 2290 2370 2401 2446 2495 2539 2619 2649 2742 2787 2847 2889 2926 3011
4 23 90 153 205 233 323 359 384 479 488 568 617 659 720 791 822 901 945 972 1039 1124 1186 1231 1283 1311 1354 1436 1483 1520 1579 1640 1708 1768 1785 1887 1921 1960 2046 2057 2128 2210 2223 2299 2341 2425 2446 2507 2578 2620 2693 2707 2787 2847 2888 2926 2971
4 23 92 125 167 237 309 332 427 474 532 570 631 653 750 756 824 897 965 1001 1068 1133 1159 1190 1258 1331 1364 1433 1476 1562 1611 1633 1696 1731 1833 1888 1894 1967 2031 2096 2123 2198 2258 2304 2330 2397 2431 2496 2557 2600 2657 2726 2761 2835 2903 2949 2999
7 23 93 111 173 223 271 354 396 454 489 561 627 666 727 773 838 892 962 988 1073 1089 1182 1193 1262 1310 1356 1441 1460 1565 1578 1656 1684 1759 1793 1879 1890 1977 2045 2093 2123 2206 2256 2292 2372 2406 2469 2499 2565 2635 2653 2727 2805 2858 2914 2952 3006
4 23 94 125 197 265 278 352 399 477 486 570 626 662 730 802 817 897 965 985 1058 1105 1177 1233 1254 1302 1355 1414 1476 1562 1568 1649 1698 1747 1818 1856 1898 1965 2041 2079 2143 2211 2255 2285 2362 2428 2441 2500 2541 2596 2647 2753 2768 2835 2901 2954 3020
7 23 95 125 209 218 289 339 423 473 520 570 615 649 706 762 830 897 944 1003 1056 1131 1149 1237 1285 1296 1361 1439 1508 1530 1588 1662 1707 1767 1807 1849 1919 1981 2011 2064 2136 2213 2254 2278 2324 2383 2445 2511 2547 2640 2651 2738 2806 2856 2907 2940 2978
7 23 95 158 172 220 284 339 414 484 525 572 617 676 711 805 852 901 929 979 1070 1083 1181 1194 1285 1349 1396 1414 1475 1530 1573 1640 1705 1762 1830 1874 1891 1978 2011 2080 2136 2160 2228 2304 2373 2408 2450 2511 2542 2618 2648 2746 2795 2824 2892 2938 2993
7 23 96 126 199 240 323 359 387 484 488 561 631 654 747 759 851 886 961 986 1058 1129 1181 1215 1254 1311 1354 1414 1475 1562 1566 1640 1708 1776 1816 1866 1941 1975 2039 2080 2136 2168 2221 2285 2322 2420 2453 2500 2584 2597 2686 2709 2767 2834 2901 2949 2990
4 23 96 129 194 267 287 354 385 439 536 561 610 687 751 770 855 899 959 975 1079 1123 1147 1232 1244 1344 1368 1436 1494 1560 1585 1647 1708 1739 1787 1848 1921 1973 2014 2053 2130 2189 2220 2278 2368 2402 2469 2526 2558 2603 2698 2736 2780 2816 2865 2954 2970
4 23 97 110 214 223 272 356 394 454 490 575 610 683 727 775 849 901 964 979 1026 1100 1170 1240 1251 1337 1403 1433 1459 1518 1592 1668 1684 1777 1832 1875 1937 1975 2043 2066 2141 2206 2242 2292 2332 2391 2458 2515 2581 2635 2662 2713 2766 2840 2866 2938 2989
4 23 97 112 164 255 321 357 428 467 535 575 623 670 748 793 830 894 942 1012 1027 1118 1153 1219 1248 1303 1377 1421 1458 1521 1592 1631 1684 1732 1800 1843 1902 1981 2043 2095 2140 2175 2230 2290 2370 2421 2483 2515 2552 2605 2673 2742 2802 2860 2864 2940 2989
4 23 99 144 182 266 270 332 427 447 491 568 615 694 720 796 837 897 919 1025 1039 1110 1174 1231 1283 1316 1359 1434 1506 1534 1604 1662 1712 1780 1833 1839 1934 1960 2024 2054 2130 2178 2218 2301 2336 2382 2477 2492 2573 2604 2657 2733 2761 2822 2888 2952 2999
7 23 100 118 164 245 322 344 388 440 506 568 629 684 745 778 859 894 924 1012 1067 1098 1134 1207 1255 1321 1397 1441 1477 1546 1569 1625 1707 1781 1820 1849 1940 1960 2013 2095 2116 2205 2230 2302 2370 2403 2434 2525 2546 2598 2692 2701 2783 2859 2888 2940 3003
7 23 100 127 210 261 274 344 379 460 539 572 617 698 710 774 815 879 960 999 1052 1128 1185 1210 1255 1341 1352 1437 1469 1546 1597 1669 1704 1748 1788 1851 1926 1975 2013 2059 2116 2186 2228 2306 2339 2417 2482 2525 2582 2632 2676 2712 2763 2808 2904 2952 2973
4 23 100 133 215 229 272 332 416 469 539 568 631 657 709 756 827 879 961 997 1045 1129 1155 1239 1276 1337 1354 1439 1499 1525 1569 1668 1707 1748 1794 1866 1919 1975 2013 2060 2128 2188 2259 2292 2326 2420 2477 2525 2581 2593 2662 2706 2804 2826 2872 2950 3003
4 23 101 153 164 259 309 344 390 458 500 568 627 663 732 799 859 901 956 1020 1026 1083 1175 1194 1247 1331 1396 1434 1466 1537 1583 1633 1684 1781 1789 1847 1891 1967 2019 2075 2140 2205 2252 2304 2363 2408 2434 2536 2557 2611 2657 2750 2805 2836 2870 2933 2998
7 23 102 110 187 265 296 352 420 477 527 577 604 668 753 803 849 899 964 977 1053 1115 1163 1199 1256 1315 1363 1436 1464 1513 1568 1663 1691 1736 1798 1850 1910 1965 2021 2061 2141 2189 2214 2292 2374 2416 2475 2522 2555 2596 2696 2753 2766 2840 2868 2948 3012
7 23 102 114 188 230 295 357 392 452 494 577 626 692 748 786 845 884 969 990 1032 1118 1181 1219 1243 1301 1395 1414 1484 1526 1568 1672 1691 1769 1824 1885 1902 1979 2021 2070 2136 2200 2264 2299 2365 2404 2443 2522 2547 2645 2646 2704 2774 2819 2864 2940 3012
7 23 104 152 215 262 283 346 420 435 513 577 604 693 742 764 863 894 967 977 1067 1091 1139 1222 1267 1333 1357 1421 1487 1555 1577 1621 1707 1775 1822 1864 1910 1978 2016 2061 2128 2175 2214 2297 2347 2427 2451 2503 2560 2625 2694 2739 2756 2812 2874 2952 2986
4 23 104 160 207 219 282 357 418 478 512 572 604 676 703 807 819 884 942 976 1033 1102 1148 1224 1268 1331 1391 1421 1478 1559 1577 1659 1712 1771 1824 1881 1938 1967 2017 2105 2138 2166 2216 2304 2371 2384 2460 2502 2549 2625 2666 2739 2754 2813 2875 2946 2986
7 23 107 144 190 250 313 332 430 444 530 573 610 680 721 768 817 892 919 1017 1042 1089 1175 1188 1282 1315 1379 1434 1480 1560 1580 1646 1710 1777 1829 1839 1895 1965 2002 2060 2140 2171 2240 2292 2361 2382 2481 2486 2588 2633 2664 2747 2782 2822 2905 2954 2991
4 23 107 159 177 220 292 344 424 457 534 573 617 665 711 774 829 873 924 984 1069 1081 1179 1194 1286 1338 1386 1441 1485 1561 1586 1628 1710 1768 1821 1863 1893 1977 2000 2091 2136 2160 2247 2299 2372 2390 2473 2488 2564 2644 2659 2748 2790 2819 2892 2933 2985
7 24 55 134 183 261 283 371 392 455 528 560 622 687 710 763 862 879 971 991 1052 1128 1185 1216 1278 1331 1396 1437 1498 1556 1597 1632 1697 1760 1797 1837 1903 1944 2004 2071 2145 2185 2218 2309 2352 2387 2435 2534 2541 2602 2664 2749 2791 2839 2900 2925 3015
7 24 55 154 203 251 296 339 386 449 522 560 603 652 754 775 863 902 966 1023 1047 1088 1168 1211 1274 1303 1387 1445 1471 1554 1609 1623 1697 1772 1831 1848 1935 1991 2048 2064 2106 2192 2238 2296 2340 2405 2457 2490 2568 2607 2686 2716 2755 2819 2866 2950 3003
7 24 56 130 193 236 285 324 414 451 500 549 622 649 735 767 834 883 927 999 1072 1082 1152 1194 1256 1309 1393 1451 1509 1524 1572 1624 1713 1763 1819 1885 1940 1978 2016 2093 2148 2165 2258 2291 2375 2408 2482 2520 2586 2623 2675 2740 2762 2854 2905 2933 2997
7 24 56 138 185 235 312 357 415 453 499 578 622 697 706 788 850 905 971 1017 1069 1128 1138 1201 1257 1302 1396 1451 1510 1547 1572 1652 1683 1739 1818 1837 1920 1944 2034 2077 2127 2179 2222 2285 2331 2387 2481 2502 2540 2623 2696 2740 2799 2835 2877 2939 2997
7 24 57 112 207 226 281 339 421 478 537 560 616 685 703 782 841 911 941 1022 1033 1090 1176 1237 1271 1331 1373 1437 1490 1533 1578 1634 1703 1768 1797 1843 1923 1985 2017 2058 2115 2213 2216 2268 2359 2421 2457 2504 2541 2640 2664 2730 2791 2860 2902 2955 2986
4 24 58 111 175 269 320 362 423 459 492 560 603 665 703 759 858 891 933 984 1033 1112 1174 1237 1271 1333 1352 1404 1476 1531 1618 1664 1721 1770 1790 1850 1900 1985 2032 2104 2129 2171 2238 2302 2357 2419 2476 2506 2564 2624 2684 2737 2784 2821 2902 2933 2995
7 24 58 158 202 233 274 351 423 446 505 587 594 701 737 767 836 902 962 1021 1072 1131 1177 1200 1284 1309 1368 1413 1460 1518 1618 1636 1695 1758 1790 1863 1914 1966 2020 2085 2148 2163 2224 2302 2322 2417 2437 2518 2586 2629 2675 2732 2793 2845 2875 2933 2995
7 24 59 117 189 235 296 345 424 462 522 540 622 700 706 792 861 911 963 1025 1041 1109 1173 1201 1285 1299 1387 1445 1507 1543 1598 1627 1691 1772 1796 1860 1938 1982 2048 2053 2127 2179 2225 2277 2353 2384 2471 2486 2555 2614 2681 2705 2766 2831 2877 2950 3014
7 24 59 134 171 245 285 362 390 451 529 556 622 672 709 764 811 883 948 995 1063 1098 1152 1191 1278 1309 1364 1445 1498 1556 1598 1624 1674 1759 1828 1888 1924 1966 2000 2104 2154 2200 2226 2302 2367 2412 2479 2534 2567 2614 2694 2705 2765 2861 2888 2925 3014
7 24 59 157 200 250 310 345 383 443 530 556 627 696 719 769 817 902 919 980 1042 1111 1156 1223 1285 1315 1376 1413 1468 1543 1608 1671 1674 1764 1803 1846 1942 1991 2048 2098 2127 2163 2239 2309 2351 2429 2456 2486 2542 2606 2666 2747 2785 2848 2876 2945 3004
7 24 60 112 194 227 280 324 414 445 487 587 632 662 753 771 855 883 970 974 1030 1107 1176 1228 1261 1345 1403 1413 1490 1533 1569 1666 1703 1777 1819 1871 1934 1985 2038 2058 2141 2184 2264 2285 2365 2407 2440 2515 2551 2628 2675 2718 2762 2832 2880 2939 2997
7 24 60 126 172 251 301 357 415 446 535 587 603 661 754 799 837 905 969 1020 1059 1125 1149 1211 1263 1298 1360 1442 1462 1531 1569 1663 1703 1729 1818 1847 1898 1964 2038 2065 2106 2192 2244 2291 2368 2400 2483 2515 2544 2610 2696 2736 2799 2849 2866 2933 2997
4 24 61 119 183 266 300 365 389 477 538 567 614 655 704 796 852 879 952 991 1075 1095 1174 1231 1252 1349 1385 1404 1509 1535 1603 1647 1713 1733 1830 1839 1906 1978 2023 2071 2129 2166 2218 2315 2352 2394 2463 2529 2539 2630 2657 2727 2801 2822 2894 2925 3000
7 24 61 138 194 222 281 339 389 435 509 578 594 698 732 762 811 905 944 1015 1059 1099 1151 1208 1247 1310 1401 1425 1493 1564 1603 1654 1703 1738 1830 1880 1894 1966 2044 2067 2141 2200 2230 2315 2323 2417 2479 2509 2581 2619 2693 2738 2765 2861 2883 2925 3000
7 24 61 143 214 262 319 339 414 442 495 567 603 652 744 775 845 885 932 1012 1047 1082 1187 1194 1247 1336 1381 1451 1488 1564 1594 1621 1713 1751 1808 1851 1940 1985 2044 2080 2141 2174 2258 2289 2340 2419 2442 2509 2568 2640 2653 2713 2757 2825 2895 2916 3009
7 24 63 122 192 253 280 351 429 461 487 587 635 653 739 789 813 879 953 991 1032 1107 1146 1232 1244 1343 1403 1427 1473 1555 1611 1668 1674 1767 1794 1888 1930 1982 2047 2056 2141 2187 2233 2289 2343 2407 2437 2517 2581 2600 2660 2725 2790 2825 2913 2925 2994
7 24 63 158 172 268 299 357 388 437 525 587 616 677 738 769 837 902 954 1018 1042 1083 1166 1206 1285 1316 1357 1445 1464 1514 1611 1641 1674 1729 1833 1873 1924 1960 2047 2095 2135 2192 2228 2277 2370 2402 2483 2517 2542 2617 2665 2708 2795 2853 2876 2937 2994
4 24 66 136 183 251 272 343 429 446 492 587 635 655 733 796 834 872 955 991 1027 1124 1149 1214 1253 1328 1400 1404 1470 1560 1600 1663 1697 1760 1805 1862 1930 1978 2041 2056 2145 2212 2233 2296 2352 2413 2435 2530 2587 2610 2656 2703 2800 2816 2915 2933 2982
7 24 66 161 164 241 291 362 400 439 519 587 594 662 740 771 854 897 948 1003 1039 1104 1173 1196 1290 1316 1355 1445 1459 1523 1600 1649 1697 1734 1833 1871 1935 1953 2041 2102 2127 2198 2224 2285 2365 2428 2480 2530 2542 2595 2665 2718 2795 2835 2891 2945 2982
7 24 67 127 213 229 279 324 408 443 518 556 614 674 748 794 843 872 947 1016 1055 1081 1185 1199 1255 1342 1399 1437 1476 1516 1583 1643 1721 1730 1834 1842 1943 1985 2042 2093 2145 2203 2242 2291 2359 2416 2436 2500 2546 2628 2671 2703 2759 2829 2911 2945 3007
7 24 67 136 167 242 319 362 412 485 518 587 616 653 743 777 847 872 925 1014 1045 1103 1144 1239 1246 1336 1360 1432 1506 1525 1601 1621 1691 1730 1785 1860 1902 1985 2042 2099 2106 2205 2228 2289 2355 2421 2480 2500 2568 2624 2653 2752 2781 2846 2880 2950 2988
7 24 67 158 181 227 318 365 430 445 498 587 614 655 725 796 850 902 954 993 1075 1088 1176 1233 1273 1307 1378 1437 1464 1514 1583 1666 1691 1732 1813 1862 1915 1944 2014 2086 2115 2211 2219 2296 2352 2414 2449 2528 2539 2628 2699 2703 2782 2853 2871 2939 3007
7 24 68 142 213 236 319 339 406 462 518 540 614 688 707 783 852 905 929 1008 1057 1125 1140 1211 1277 1297 1360 1432 1461 1529 1570 1659 1713 1730 1830 1887 1898 1953 2042 2079 2154 2194 2253 2291 2366 2400 2436 2499 2591 2612 2657 2719 2801 2822 2914 2950 2983
7 24 68 157 215 256 304 365 406 483 503 578 622 669 746 789 863 879 957 996 1032 1106 1156 1224 1244 1310 1353 1425 1468 1543 1570 1632 1674 1763 1830 1866 1927 1991 2013 2098 2115 2188 2222 2291 2326 2383 2461 2528 2581 2611 2693 2720 2765 2809 2913 2950 2983
7 24 68 160 212 267 320 371 426 473 488 540 622 678 714 763 855 872 922 973 1029 1122 1160 1202 1260 1333 1356 1425 1488 1547 1570 1664 1713 1759 1811 1857 1936 1985 2042 2105 2123 2184 2225 2302 2362 2409 2440 2499 2564 2611 2684 2720 2762 2832 2897 2939 2983
7 24 70 130 192 269 306 365 392 459 512 560 622 653 713 789 859 872 963 991 1068 1109 1174 1236 1256 1347 1387 1427 1509 1524 1601 1664 1708 1735 1825 1860 1903 1982 2001 2071 2106 2161 2218 2315 2343 2384 2470 2520 2544 2624 2648 2752 2787 2818 2909 2933 2985
7 24 70 137 185 242 316 362 421 485 499 573 622 672 746 764 828 864 938 982 1063 1086 1135 1238 1267 1345 1392 1427 1497 1519 1601 1631 1695 1739 1798 1841 1892 1985 2034 2102 2115 2201 2247 2285 2367 2409 2481 2487 2567 2624 2659 2752 2758 2827 2899 2964 2985
7 24 70 147 205 228 321 362 430 436 497 560 641 650 731 806 821 905 967 1004 1062 1125 1153 1196 1267 1337 1373 1421 1487 1519 1580 1638 1708 1741 1813 1868 1915 1944 2034 2074 2115 2209 2219 2291 2327 2386 2476 2487 2583 2608 2673 2744 2807 2809 2900 2945 3007
7 24 70 154 199 239 299 324 421 437 493 560 616 675 747 797 839 902 928 1022 1077 1129 1166 1198 1254 1316 1389 1432 1500 1526 1601 1641 1708 1754 1798 1889 1923 1953 2001 2058 2148 2168 2216 2285 2366 2377 2468 2520 2556 2644 2650 2732 2767 2857 2885 2964 2985
7 24 71 114 206 246 318 339 400 485 498 587 594 698 754 762 827 891 943 1003 1059 1088 1135 1211 1263 1343 1378 1427 1497 1541 1606 1631 1716 1743 1794 1872 1935 1964 2002 2102 2115 2197 2224 2307 2323 2414 2445 2504 2581 2620 2660 2745 2790 2811 2866 2950 3022
7 24 71 122 195 261 309 343 422 441 516 587 632 661 710 802 862 879 934 978 1074 1106 1165 1225 1255 1297 1357 1437 1501 1527 1617 1669 1716 1749 1809 1870 1926 1953 2018 2054 2135 2185 2264 2291 2364 2379 2435 2488 2549 2616 2699 2712 2786 2844 2891 2916 3012
4 24 71 156 166 266 276 351 400 469 516 581 616 679 704 792 852 879 928 996 1041 1129 1171 1219 1258 1299 1389 1404 1486 1525 1606 1646 1721 1749 1794 1889 1900 1953 2018 2060 2127 2166 2259 2307 2374 2377 2463 2488 2555 2637 2681 2728 2768 2855 2906 2950 3022
4 24 72 119 191 217 313 365 383 481 501 556 627 674 755 793 856 891 952 980 1070 1116 1143 1218 1282 1298 1364 1404 1481 1563 1595 1651 1683 1740 1814 1839 1942 1964 2002 2098 2154 2171 2239 2291 2360 2394 2478 2503 2588 2633 2652 2707 2797 2822 2889 2955 2992
4 24 72 136 173 265 297 343 410 433 526 549 627 651 734 773 855 911 955 986 1041 1130 1144 1190 1258 1327 1394 1404 1506 1525 1595 1673 1691 1779 1787 1862 1896 1985 2017 2099 2135 2170 2256 2307 2357 2413 2454 2488 2574 2633 2698 2707 2779 2816 2906 2939 2992
7 24 72 151 189 241 281 351 383 435 537 549 594 649 740 767 860 905 949 1002 1074 1125 1151 1196 1255 1310 1373 1437 1472 1527 1595 1654 1691 1768 1814 1885 1915 1991 2017 2089 2127 2198 2266 2291 2375 2386 2474 2488 2584 2599 2689 2740 2760 2810 2891 2955 2992
7 24 74 115 164 256 283 371 417 483 528 578 610 663 729 770 847 891 946 1003 1061 1091 1156 1241 1294 1331 1396 1413 1503 1536 1585 1632 1697 1734 1789 1848 1891 1985 2032 2062 2127 2205 2263 2268 2365 2424 2480 2489 2555 2611 2649 2704 2781 2846 2893 2950 3001
7 24 76 110 165 220 297 339 409 484 526 549 635 677 735 804 840 902 943 988 1072 1130 1169 1194 1256 1349 1394 1427 1475 1546 1611 1650 1695 1746 1831 1873 1892 1978 2049 2067 2135 2182 2257 2315 2334 2413 2450 2496 2549 2617 2647 2708 2794 2815 2905 2916 2980
4 24 76 154 181 259 314 351 401 434 526 560 641 687 716 763 823 902 928 993 1029 1111 1139 1223 1276 1333 1376 1404 1500 1526 1575 1670 1683 1746 1790 1837 1942 1978 2049 2086 2123 2176 2219 2309 2352 2429 2434 2496 2564 2625 2684 2749 2784 2857 2879 2939 3017
7 24 82 121 206 268 289 339 414 437 490 587 632 658 733 805 827 885 929 974 1027 1120 1166 1214 1253 1326 1368 1432 1500 1558 1573 1641 1683 1743 1808 1859 1934 1978 2011 2058 2148 2197 2264 2268 2354 2427 2445 2532 2578 2617 2653 2746 2757 2843 2915 2937 3009
4 24 82 126 205 219 271 345 401 439 496 587 614 698 719 758 822 905 958 1004 1069 1111 1163 1223 1258 1346 1403 1404 1477 1516 1603 1659 1683 1774 1827 1880 1942 1960 2046 2074 2141 2196 2219 2307 2327 2403 2444 2497 2570 2619 2656 2738 2778 2859 2876 2945 2978
7 24 82 161 181 238 313 365 403 441 501 587 622 653 714 789 850 897 948 1001 1068 1098 1183 1222 1288 1298 1364 1442 1459 1523 1573 1651 1683 1732 1818 1888 1893 1966 2011 2092 2123 2211 2221 2289 2343 2412 2449 2532 2544 2638 2696 2725 2799 2835 2875 2916 3009
7 24 83 117 199 228 287 343 410 447 489 540 610 688 750 783 818 911 940 1022 1079 1094 1177 1234 1243 1332 1384 1413 1489 1561 1585 1635 1708 1754 1787 1887 1932 1972 2005 2054 2148 2190 2220 2291 2366 2388 2468 2525 2569 2596 2698 2719 2779 2854 2872 2955 2992
7 24 83 118 179 267 306 365 383 473 512 540 603 663 725 800 824 891 966 1007 1058 1088 1160 1233 1291 1347 1387 1421 1511 1513 1585 1664 1708 1731 1814 1848 1915 1991 2005 2084 2127 2172 2266 2307 2336 2405 2465 2525 2540 2611 2652 2704 2797 2855 2871 2939 2992
7 24 83 125 172 256 279 371 410 483 535 573 603 660 746 785 841 883 932 1018 1063 1082 1145 1238 1267 1342 1381 1421 1492 1515 1585 1643 1674 1729 1787 1851 1896 1985 2038 2066 2135 2188 2256 2291 2370 2419 2483 2491 2546 2611 2671 2704 2806 2844 2899 2955 2992
7 24 83 142 194 239 323 371 382 484 487 540 632 654 710 806 833 905 931 1015 1062 1128 1169 1216 1267 1323 1361 1427 1475 1515 1587 1650 1708 1777 1801 1878 1903 1964 2038 2067 2135 2206 2230 2285 2323 2422 2440 2491 2583 2597 2687 2734 2805 2820 2900 2925 2990
7 24 83 161 200 221 304 365 382 475 489 573 616 672 704 801 854 911 948 1000 1036 1095 1180 1231 1291 1308 1367 1442 1469 1513 1587 1634 1674 1754 1801 1888 1906 1972 2005 2101 2127 2210 2227 2285 2329 2412 2467 2525 2561 2626 2697 2705 2795 2835 2894 2925 2990
7 24 85 114 214 258 294 339 392 465 531 567 614 692 748 783 845 911 943 990 1079 1109 1154 1236 1243 1348 1358 1427 1487 1551 1568 1625 1708 1751 1797 1872 1903 1944 2008 2072 2145 2174 2218 2277 2363 2414 2442 2533 2569 2598 2682 2750 2772 2811 2872 2958 3015
7 24 85 115 192 233 323 371 384 468 487 567 635 652 737 774 836 902 946 993 1077 1126 1186 1202 1264 1323 1361 1413 1482 1557 1609 1650 1708 1767 1832 1848 1932 1960 2047 2057 2106 2163 2248 2289 2341 2424 2437 2494 2579 2607 2691 2716 2792 2846 2873 2939 2972
7 24 85 118 186 252 321 362 391 477 509 567 616 681 728 777 839 864 964 1024 1056 1115 1160 1191 1281 1315 1362 1425 1511 1513 1568 1660 1708 1773 1798 1878 1908 1991 2008 2084 2123 2199 2251 2309 2326 2390 2438 2533 2557 2642 2650 2706 2767 2857 2868 2925 3015
7 24 85 137 169 251 281 339 428 449 509 573 635 660 733 804 815 864 936 1009 1037 1120 1137 1214 1243 1310 1401 1413 1465 1551 1609 1654 1703 1773 1788 1840 1934 1991 2008 2079 2145 2212 2252 2291 2351 2395 2455 2533 2584 2607 2689 2716 2788 2829 2915 2937 2972
4 24 86 115 180 259 309 343 390 464 516 567 610 692 716 783 823 902 955 1023 1057 1083 1143 1206 1294 1297 1357 1404 1503 1536 1571 1669 1716 1747 1828 1872 1924 1966 2020 2076 2154 2176 2226 2277 2363 2402 2434 2489 2591 2594 2657 2750 2803 2837 2898 2950 3014
4 24 86 126 169 247 305 345 424 476 538 581 610 684 751 782 833 911 958 1000 1033 1133 1149 1189 1271 1314 1380 1404 1462 1531 1571 1635 1703 1752 1796 1880 1901 1964 2003 2065 2145 2170 2262 2302 2360 2403 2475 2506 2541 2594 2681 2750 2766 2859 2902 2925 3014
7 24 86 138 165 227 276 371 380 467 516 581 603 696 725 785 850 902 971 988 1034 1129 1151 1198 1265 1322 1389 1437 1493 1564 1608 1623 1703 1747 1832 1846 1923 1966 2020 2067 2127 2211 2257 2285 2334 2377 2449 2489 2576 2606 2683 2747 2799 2835 2908 2916 2976
7 24 89 115 163 229 310 324 421 443 513 567 627 655 744 786 858 902 955 1021 1047 1130 1156 1194 1247 1315 1394 1425 1503 1536 1583 1671 1697 1781 1798 1862 1892 1985 2030 2062 2115 2207 2247 2315 2362 2413 2441 2536 2557 2628 2650 2703 2767 2837 2895 2933 2985
7 24 90 125 208 248 318 339 418 475 515 573 632 680 723 805 862 883 932 995 1065 1084 1147 1208 1249 1307 1363 1451 1492 1515 1616 1666 1716 1736 1809 1879 1909 1944 2036 2064 2129 2165 2265 2296 2331 2392 2455 2511 2539 2598 2699 2702 2786 2844 2892 2925 3016
7 24 91 125 167 225 310 345 426 455 530 560 632 653 751 777 853 897 953 1014 1056 1133 1145 1189 1249 1315 1376 1432 1492 1515 1573 1671 1674 1778 1795 1888 1901 1985 2035 2066 2123 2193 2260 2315 2355 2407 2432 2511 2557 2638 2650 2725 2770 2823 2902 2925 3000
7 24 91 137 164 262 297 339 423 442 530 540 641 663 715 770 843 897 936 1003 1044 1131 1135 1200 1245 1327 1390 1413 1497 1519 1594 1673 1695 1778 1806 1840 1914 1985 2035 2102 2129 2203 2224 2307 2365 2395 2436 2511 2574 2640 2698 2713 2759 2829 2897 2945 2978
7 24 91 148 202 220 287 357 426 484 489 540 622 658 735 788 829 885 969 973 1028 1094 1164 1230 1292 1311 1384 1442 1484 1556 1573 1655 1695 1735 1795 1859 1936 1960 2025 2105 2148 2182 2225 2315 2371 2388 2460 2522 2582 2617 2662 2746 2758 2826 2867 2925 3000
7 24 93 111 199 261 304 324 431 455 489 560 610 650 726 762 839 891 933 1016 1059 1116 1185 1240 1263 1310 1367 1442 1476 1531 1615 1632 1716 1754 1793 1879 1922 1991 2005 2093 2141 2168 2242 2291 2372 2391 2468 2515 2581 2602 2693 2733 2803 2821 2866 2925 2971
7 24 93 142 166 218 274 351 431 476 505 581 632 693 752 764 852 864 929 1024 1063 1120 1148 1232 1267 1309 1368 1421 1475 1515 1615 1636 1695 1749 1793 1859 1918 1978 2029 2089 2154 2166 2246 2291 2346 2427 2463 2491 2567 2625 2694 2710 2801 2822 2899 2925 2971
4 24 96 120 185 260 273 362 383 469 520 573 610 680 729 805 828 885 933 1017 1027 1116 1171 1218 1253 1303 1367 1404 1486 1560 1571 1646 1683 1739 1803 1879 1942 1991 2012 2060 2127 2201 2239 2296 2331 2391 2481 2530 2578 2642 2676 2702 2774 2812 2915 2958 3004
4 24 96 130 174 252 323 371 398 477 496 549 610 691 728 770 818 883 927 976 1044 1119 1174 1195 1276 1327 1351 1404 1509 1524 1571 1647 1708 1776 1787 1868 1921 1982 2045 2071 2129 2199 2234 2309 2337 2425 2459 2498 2574 2642 2698 2702 2779 2854 2864 2945 3004
7 24 97 126 215 217 273 362 384 472 503 581 622 693 713 764 837 911 969 977 1055 1094 1163 1234 1255 1322 1384 1437 1477 1516 1597 1627 1683 1763 1832 1859 1932 1960 2013 2074 2106 2213 2248 2291 2346 2388 2461 2500 2576 2641 2683 2710 2799 2849 2911 2937 2972
7 24 97 138 191 258 289 339 386 465 490 581 616 684 715 782 821 902 944 980 1029 1131 1138 1200 1260 1326 1368 1425 1510 1547 1568 1641 1683 1740 1831 1880 1914 1944 2014 2077 2154 2207 2259 2302 2360 2417 2478 2499 2545 2598 2686 2750 2755 2861 2897 2945 3003
7 24 98 109 165 248 281 339 415 475 537 549 641 691 707 770 840 885 967 985 1061 1125 1180 1211 1272 1331 1373 1442 1469 1565 1616 1634 1703 1746 1808 1868 1898 1944 2039 2101 2127 2182 2244 2309 2337 2386 2450 2512 2555 2598 2649 2702 2761 2848 2914 2950 3008
7 24 99 138 188 218 282 357 388 476 515 581 594 687 708 786 854 902 971 975 1047 1126 1148 1230 1247 1300 1398 1451 1493 1564 1575 1636 1697 1765 1833 1837 1904 1972 2006 2070 2123 2210 2250 2289 2328 2387 2467 2509 2557 2625 2665 2749 2795 2835 2895 2925 2994
4 24 99 140 174 217 296 339 429 472 523 581 641 691 755 770 856 891 923 976 1061 1124 1163 1214 1294 1299 1386 1404 1479 1517 1575 1627 1697 1757 1794 1838 1930 1982 2006 2072 2141 2171 2233 2277 2337 2426 2478 2509 2555 2641 2681 2733 2768 2851 2893 2937 2994
4 24 102 127 208 246 306 357 390 459 523 556 622 697 738 788 815 872 947 995 1069 1083 1174 1206 1258 1347 1375 1404 1476 1516 1576 1664 1716 1736 1824 1875 1924 1991 2028 2104 2129 2212 2226 2307 2331 2383 2455 2497 2540 2645 2652 2701 2788 2829 2876 2937 3018
4 24 102 153 181 242 284 371 420 463 501 581 622 687 746 763 861 885 927 993 1052 1082 1186 1238 1279 1314 1393 1404 1482 1520 1576 1655 1691 1732 1796 1885 1896 1978 2011 2057 2115 2201 2248 2289 2352 2408 2449 2514 2541 2645 2681 2701 2766 2831 2899 2955 3018
7 24 104 121 212 223 285 324 404 461 529 587 627 655 726 786 833 885 952 973 1047 1116 1182 1240 1274 1300 1364 1445 1504 1554 1602 1633 1713 1759 1822 1839 1922 1964 2000 2063 2123 2206 2267 2296 2362 2394 2440 2490 2557 2631 2665 2727 2805 2820 2866 2925 3016
7 24 105 110 186 228 301 351 404 447 495 578 635 669 750 789 848 872 924 1024 1068 1081 1148 1199 1256 1298 1399 1451 1475 1546 1584 1663 1708 1773 1826 1866 1943 1964 2022 2089 2123 2190 2246 2291 2326 2416 2438 2496 2544 2596 2696 2720 2792 2834 2909 2916 3012
4 24 105 115 205 269 287 343 396 463 520 578 616 698 703 758 858 891 955 1004 1058 1087 1186 1227 1252 1311 1353 1404 1482 1557 1606 1655 1708 1741 1786 1872 1921 1960 2010 2057 2115 2171 2236 2315 2327 2402 2476 2508 2582 2620 2662 2745 2767 2837 2912 2958 2989
7 24 105 154 194 245 294 339 422 453 531 578 641 663 709 770 811 883 966 974 1044 1117 1166 1213 1276 1348 1358 1445 1500 1526 1584 1625 1708 1738 1809 1848 1926 1953 2022 2058 2135 2200 2264 2268 2365 2405 2479 2496 2574 2612 2677 2704 2807 2819 2864 2939 3012
7 24 107 117 205 233 282 345 422 446 534 587 632 653 705 777 822 864 963 978 1056 1117 1177 1213 1281 1300 1378 1445 1489 1561 1596 1636 1708 1774 1822 1860 1926 1972 2009 2054 2115 2196 2264 2289 2355 2384 2444 2485 2557 2629 2665 2752 2805 2831 2868 2933 2998
7 25 55 159 203 236 295 339 410 440 522 584 611 701 745 768 814 898 966 1018 1061 1121 1172 1211 1252 1299 1387 1412 1459 1527 1618 1627 1697 1748 1797 1881 1903 1974 1998 2072 2156 2184 2246 2308 2326 2410 2436 2512 2585 2641 2674 2743 2768 2840 2880 2946 2981
7 25 56 112 194 236 280 352 415 481 500 569 611 649 745 771 816 871 964 1020 1036 1093 1176 1211 1277 1298 1382 1438 1511 1524 1572 1672 1714 1741 1818 1855 1931 1988 2027 2098 2156 2184 2249 2291 2373 2407 2434 2531 2565 2601 2646 2739 2775 2849 2880 2933 2996
7 25 57 109 210 252 280 363 421 432 500 569 638 653 740 809 817 885 936 1007 1071 1093 1160 1229 1290 1348 1382 1421 1473 1563 1571 1622 1704 1756 1803 1882 1915 1961 2012 2062 2156 2186 2233 2276 2333 2407 2433 2517 2581 2613 2695 2741 2763 2847 2896 2951 2994
7 25 57 141 172 262 317 374 398 437 514 569 610 648 721 783 823 880 955 1024 1042 1087 1187 1226 1293 1332 1353 1448 1503 1560 1571 1632 1704 1742 1825 1872 1899 1966 2012 2095 2146 2192 2263 2303 2323 2401 2463 2517 2548 2634 2665 2721 2779 2850 2863 2924 2994
7 25 60 160 209 257 321 368 425 466 487 557 610 668 726 762 843 871 920 977 1049 1090 1179 1207 1263 1328 1365 1427 1500 1561 1591 1668 1709 1747 1810 1836 1925 1994 2037 2105 2136 2173 2226 2308 2363 2403 2461 2493 2542 2631 2660 2738 2769 2819 2906 2947 2973
7 25 62 135 177 261 316 358 421 485 505 584 624 650 736 756 842 871 932 982 1062 1093 1145 1229 1266 1337 1380 1421 1505 1515 1615 1625 1704 1729 1805 1846 1915 1994 2037 2089 2124 2209 2233 2291 2349 2409 2481 2491 2558 2636 2652 2752 2758 2822 2900 2956 2992
4 25 62 155 193 221 321 358 430 436 487 568 633 672 722 798 815 914 953 1004 1063 1107 1147 1188 1266 1345 1365 1427 1485 1515 1587 1651 1719 1747 1824 1854 1892 1952 2037 2067 2124 2201 2225 2285 2334 2386 2476 2491 2572 2616 2692 2744 2807 2820 2899 2947 3021
7 25 63 110 174 264 293 358 380 464 529 579 623 667 747 802 848 893 924 1004 1031 1129 1147 1230 1254 1302 1371 1422 1485 1559 1581 1624 1682 1752 1782 1874 1942 1988 2017 2067 2129 2195 2225 2285 2353 2385 2472 2521 2579 2643 2667 2701 2792 2833 2915 2967 2998
7 25 63 112 204 226 291 345 429 484 529 548 610 684 716 781 841 893 958 1005 1029 1084 1176 1202 1289 1305 1373 1454 1511 1524 1593 1669 1714 1752 1783 1856 1923 1988 2017 2098 2142 2194 2262 2297 2360 2382 2443 2521 2545 2594 2685 2700 2774 2855 2890 2934 2986
7 25 64 139 186 252 316 358 427 452 517 579 616 658 727 792 844 914 969 1015 1073 1118 1139 1195 1269 1301 1369 1448 1462 1526 1568 1660 1704 1740 1824 1851 1899 1974 2032 2076 2123 2199 2236 2276 2340 2377 2472 2499 2550 2592 2699 2728 2800 2857 2864 2934 3023
4 25 64 149 210 224 274 353 404 453 499 579 602 701 741 761 835 898 951 1007 1072 1131 1177 1189 1272 1302 1381 1422 1482 1525 1618 1643 1704 1756 1782 1881 1906 1960 2013 2071 2156 2167 2224 2312 2333 2424 2433 2518 2579 2641 2667 2743 2792 2846 2881 2939 2972
7 25 64 155 204 236 289 339 378 440 517 568 602 693 725 804 828 914 929 1009 1058 1120 1140 1194 1256 1297 1396 1422 1461 1539 1618 1658 1714 1740 1809 1889 1911 1974 2032 2078 2142 2204 2252 2291 2356 2381 2455 2499 2589 2641 2662 2743 2764 2844 2865 2961 2972
4 25 65 113 215 222 303 353 386 457 531 556 644 662 741 789 831 908 921 974 1057 1131 1170 1189 1288 1338 1398 1433 1478 1552 1613 1657 1692 1770 1801 1849 1906 1983 2051 2052 2114 2169 2242 2303 2332 2408 2479 2489 2551 2595 2671 2729 2798 2831 2881 2939 3007
7 25 65 138 212 242 318 331 381 447 531 557 628 691 702 779 821 908 930 981 1032 1117 1135 1224 1282 1328 1383 1427 1477 1558 1601 1671 1691 1770 1810 1860 1916 1983 2051 2091 2137 2162 2221 2318 2343 2418 2482 2489 2542 2602 2660 2719 2769 2841 2882 2946 3019
7 25 65 157 193 231 290 363 405 459 526 556 628 672 753 798 849 893 938 1004 1060 1084 1136 1219 1287 1333 1356 1427 1510 1554 1601 1620 1692 1774 1785 1879 1904 1952 2003 2063 2151 2161 2229 2297 2334 2400 2450 2537 2576 2602 2672 2719 2761 2817 2911 2967 3019
7 25 65 160 167 240 289 363 395 439 532 557 644 661 740 788 810 871 928 995 1074 1093 1142 1229 1287 1297 1380 1433 1507 1554 1613 1658 1691 1768 1792 1850 1915 1974 2003 2074 2151 2198 2257 2291 2325 2409 2451 2537 2589 2595 2662 2729 2782 2810 2896 2951 3007
7 25 67 127 205 238 270 353 425 438 488 556 611 696 745 790 819 903 919 1025 1067 1090 1174 1207 1255 1333 1376 1427 1504 1542 1579 1640 1709 1780 1785 1887 1925 1973 2009 2057 2156 2182 2226 2276 2367 2392 2479 2518 2576 2596 2672 2733 2761 2847 2886 2961 2999
7 25 67 131 162 267 312 374 381 480 538 556 616 654 703 797 820 892 961 1008 1072 1089 1167 1226 1272 1349 1399 1422 1499 1525 1579 1665 1709 1730 1829 1859 1897 1983 2009 2090 2137 2176 2240 2312 2342 2398 2457 2518 2543 2625 2658 2704 2791 2826 2881 2924 2999
4 25 68 114 165 226 315 345 395 484 534 557 644 668 735 797 838 898 942 995 1072 1121 1183 1201 1261 1349 1383 1421 1467 1550 1593 1662 1704 1759 1817 1872 1915 1988 2049 2074 2137 2175 2257 2308 2327 2414 2444 2485 2543 2594 2658 2700 2802 2811 2893 2924 2980
7 25 68 141 170 263 316 358 380 443 505 557 602 691 730 779 835 893 959 1021 1030 1113 1187 1203 1273 1337 1380 1443 1503 1560 1575 1625 1704 1766 1782 1860 1901 1966 1999 2095 2151 2163 2266 2318 2343 2389 2437 2535 2544 2629 2667 2719 2792 2846 2875 2933 2998
4 25 68 154 175 259 303 353 380 456 534 568 633 695 723 759 816 898 922 987 1033 1122 1146 1237 1280 1334 1395 1412 1488 1531 1575 1661 1692 1759 1782 1847 1942 1988 2049 2086 2129 2184 2225 2318 2350 2429 2434 2485 2563 2611 2683 2737 2775 2849 2870 2933 2998
4 25 71 110 214 246 272 345 400 465 513 569 623 682 748 801 849 903 942 1003 1079 1100 1148 1228 1254 1348 1350 1421 1485 1559 1590 1631 1719 1743 1803 1873 1896 1952 2008 2066 2142 2180 2218 2286 2370 2413 2431 2521 2581 2605 2695 2742 2763 2815 2866 2967 3015
4 25 71 112 164 253 321 358 398 466 501 569 610 681 727 770 830 871 964 1024 1054 1118 1179 1195 1289 1328 1351 1433 1511 1524 1590 1668 1719 1755 1805 1867 1899 1983 2008 2095 2129 2198 2263 2318 2332 2396 2430 2521 2552 2635 2650 2713 2760 2849 2864 2934 3015
7 25 72 122 182 236 323 368 392 481 491 556 644 673 745 794 814 898 945 972 1067 1116 1186 1207 1255 1342 1362 1412 1469 1544 1604 1662 1714 1768 1833 1839 1900 1973 2045 2054 2124 2184 2242 2291 2359 2423 2436 2516 2572 2601 2694 2707 2787 2822 2886 2947 2971
7 25 72 128 176 265 294 352 429 453 498 579 644 651 744 803 812 880 954 986 1038 1114 1156 1233 1247 1315 1391 1412 1464 1552 1604 1663 1691 1760 1798 1861 1938 1988 2030 2056 2142 2212 2247 2298 2350 2414 2441 2530 2574 2601 2656 2707 2782 2808 2915 2939 2971
4 25 76 114 171 220 282 345 409 478 510 574 638 648 755 758 857 880 942 988 1078 1114 1153 1233 1291 1329 1391 1421 1496 1521 1571 1650 1682 1746 1796 1872 1938 1994 2042 2053 2146 2172 2265 2298 2349 2414 2466 2506 2549 2634 2661 2721 2783 2811 2905 2946 2974
7 25 76 160 198 267 311 363 418 480 510 548 624 676 703 759 837 880 928 984 1033 1111 1179 1208 1251 1334 1363 1433 1500 1561 1570 1653 1709 1746 1802 1850 1936 1994 2042 2105 2129 2176 2219 2312 2369 2409 2440 2506 2563 2625 2683 2714 2754 2810 2901 2933 2976
4 25 78 156 164 251 310 374 385 443 506 556 624 662 720 789 825 871 949 1024 1039 1103 1187 1231 1283 1343 1356 1443 1503 1545 1569 1625 1697 1728 1820 1849 1912 1973 2035 2095 2151 2170 2263 2303 2332 2380 2457 2523 2569 2639 2666 2729 2755 2859 2886 2934 2977
4 25 84 113 177 249 276 358 387 470 524 584 616 666 747 792 842 879 940 999 1038 1129 1170 1230 1247 1299 1359 1412 1478 1552 1578 1645 1692 1729 1797 1879 1942 1983 2018 2052 2136 2209 2216 2298 2331 2398 2481 2530 2585 2635 2674 2725 2768 2812 2915 2967 3004
4 25 84 119 214 218 278 352 419 484 524 557 624 661 702 760 820 879 965 1020 1032 1105 1176 1224 1282 1318 1357 1454 1511 1517 1598 1669 1719 1729 1806 1864 1927 1983 2018 2098 2142 2188 2249 2291 2354 2379 2446 2530 2561 2603 2690 2715 2773 2844 2882 2924 2983
7 25 85 128 210 254 302 353 423 451 500 579 638 658 711 774 835 880 918 984 1069 1132 1180 1237 1264 1309 1361 1438 1498 1518 1617 1650 1724 1756 1815 1863 1932 1966 2012 2057 2136 2167 2267 2276 2358 2378 2433 2488 2562 2593 2688 2716 2793 2845 2883 2933 3020
4 25 85 148 172 257 273 353 392 470 514 590 610 690 726 805 841 885 922 974 1047 1116 1170 1207 1264 1303 1397 1412 1478 1518 1614 1645 1714 1742 1783 1889 1900 1961 2012 2052 2136 2173 2242 2303 2374 2388 2463 2488 2547 2627 2685 2746 2774 2855 2906 2961 3022
4 25 86 108 194 259 317 352 396 450 514 569 616 682 723 801 816 898 954 1023 1068 1087 1143 1197 1294 1308 1353 1412 1484 1514 1578 1655 1724 1741 1828 1873 1928 1960 2013 2068 2146 2184 2215 2286 2370 2401 2434 2495 2591 2617 2651 2742 2795 2828 2912 2961 3002
7 25 87 109 215 259 281 339 414 450 539 569 628 681 725 770 819 885 936 974 1040 1120 1143 1194 1273 1344 1355 1443 1473 1563 1607 1655 1692 1770 1807 1867 1911 1973 2044 2080 2114 2182 2214 2318 2332 2422 2479 2532 2566 2617 2649 2713 2761 2847 2865 2961 3009
7 25 87 111 173 246 322 331 402 465 528 569 633 666 721 766 850 892 940 1019 1042 1089 1148 1226 1293 1298 1399 1438 1471 1543 1607 1631 1692 1781 1818 1879 1897 1966 2044 2081 2123 2207 2217 2312 2358 2398 2435 2532 2565 2605 2646 2725 2775 2814 2863 2967 3009
7 25 89 149 164 256 271 353 405 478 501 574 610 690 708 805 847 903 951 983 1047 1112 1164 1192 1285 1335 1401 1422 1470 1536 1577 1639 1697 1755 1785 1881 1904 1952 2008 2086 2151 2181 2229 2318 2374 2424 2430 2503 2547 2597 2653 2753 2780 2846 2885 2946 3019
7 25 89 159 174 240 291 363 383 439 529 574 623 662 739 767 844 908 949 1002 1028 1086 1172 1209 1268 1346 1373 1454 1459 1527 1613 1629 1697 1752 1835 1849 1930 1974 2017 2072 2114 2199 2260 2285 2355 2380 2472 2494 2590 2595 2689 2729 2800 2857 2862 2934 2982
4 25 90 131 190 220 308 374 380 478 493 568 633 652 755 788 846 879 961 987 1074 1129 1164 1230 1275 1297 1359 1422 1470 1553 1586 1639 1682 1731 1809 1859 1942 1966 2024 2086 2151 2172 2225 2298 2335 2398 2477 2523 2589 2634 2662 2706 2764 2826 2908 2951 2970
7 25 90 153 201 238 298 368 404 436 489 568 611 694 745 787 859 885 971 973 1039 1116 1165 1207 1283 1311 1397 1443 1506 1545 1586 1634 1682 1735 1784 1841 1900 1960 2024 2104 2156 2182 2230 2303 2341 2388 2439 2523 2571 2598 2657 2741 2806 2851 2886 2947 2970
7 25 91 116 189 248 310 345 426 463 506 584 628 666 716 792 862 892 938 988 1073 1084 1153 1202 1245 1301 1356 1443 1496 1519 1607 1666 1724 1728 1827 1879 1923 1952 2035 2053 2123 2171 2265 2298 2331 2400 2432 2510 2550 2605 2699 2725 2797 2858 2890 2934 3005
7 25 91 148 190 234 278 352 426 476 493 590 633 681 712 767 822 885 964 986 1028 1081 1156 1204 1242 1346 1388 1438 1464 1532 1607 1641 1719 1731 1827 1867 1941 1960 2024 2056 2114 2197 2247 2298 2336 2396 2477 2522 2590 2617 2689 2713 2807 2813 2889 2934 3005
4 25 92 135 205 242 313 340 424 441 507 548 624 696 702 790 821 908 931 1025 1063 1086 1169 1209 1266 1320 1373 1427 1505 1515 1567 1638 1724 1777 1813 1868 1930 1973 2007 2064 2142 2162 2219 2285 2367 2380 2482 2491 2580 2608 2659 2751 2788 2823 2899 2956 2990
7 25 92 150 190 225 306 352 408 459 511 590 624 680 720 760 822 898 963 987 1049 1121 1136 1211 1263 1317 1387 1427 1510 1561 1567 1620 1682 1731 1828 1884 1903 1961 2005 2063 2151 2197 2248 2308 2335 2410 2477 2493 2544 2608 2687 2751 2759 2861 2906 2933 2990
4 25 94 139 187 228 272 368 388 465 486 590 623 686 726 765 844 903 969 975 1047 1090 1148 1207 1264 1348 1376 1438 1471 1516 1612 1631 1697 1764 1835 1837 1925 1961 2019 2081 2123 2202 2261 2276 2328 2392 2468 2490 2587 2624 2689 2720 2800 2857 2906 2947 2975
7 25 95 118 185 222 305 345 426 435 504 579 644 668 741 797 859 892 920 976 1072 1096 1161 1189 1272 1308 1360 1448 1472 1544 1603 1667 1709 1771 1827 1836 1941 1960 2023 2066 2114 2169 2247 2286 2327 2403 2452 2497 2543 2618 2699 2738 2797 2860 2881 2947 3005
7 25 95 127 198 216 293 331 423 452 529 579 638 651 704 784 825 879 956 984 1041 1129 1174 1240 1274 1300 1371 1454 1504 1542 1603 1626 1709 1746 1830 1842 1932 1973 2023 2057 2129 2188 2267 2298 2369 2385 2440 2497 2552 2630 2678 2726 2805 2809 2872 2934 3005
4 25 96 108 201 263 313 340 426 468 507 574 638 694 730 787 835 893 937 973 1059 1084 1143 1202 1253 1320 1373 1443 1484 1514 1619 1638 1724 1737 1815 1876 1923 1960 2047 2068 2114 2163 2265 2297 2341 2382 2437 2536 2551 2604 2688 2705 2793 2845 2876 2939 3017
7 25 96 146 162 251 284 339 411 479 496 590 638 688 720 762 825 871 936 1008 1049 1093 1137 1211 1263 1310 1382 1443 1465 1521 1619 1648 1709 1730 1830 1882 1931 1961 2050 2078 2137 2170 2253 2291 2342 2407 2457 2533 2542 2604 2678 2705 2805 2809 2906 2946 3017
4 25 99 111 174 251 295 339 430 479 523 568 633 694 712 775 853 893 923 1004 1027 1080 1161 1214 1293 1303 1386 1448 1471 1543 1619 1623 1697 1769 1831 1876 1892 1961 2033 2067 2114 2179 2225 2303 2353 2397 2455 2532 2577 2604 2655 2705 2776 2831 2877 2967 3014
7 25 101 116 194 256 302 353 386 478 500 568 611 693 722 790 833 908 967 1023 1063 1082 1153 1188 1266 1309 1361 1421 1496 1519 1577 1650 1724 1741 1801 1878 1918 1952 2027 2053 2146 2166 2230 2291 2370 2428 2434 2487 2580 2597 2671 2753 2798 2829 2899 2951 3007
7 25 101 139 170 262 306 331 395 473 511 590 611 690 733 808 811 903 966 993 1037 1121 1139 1201 1257 1296 1387 1421 1462 1526 1577 1640 1704 1735 1792 1881 1915 1974 2001 2076 2151 2180 2257 2303 2371 2410 2469 2513 2540 2597 2673 2753 2770 2859 2895 2939 3007
7 25 102 119 174 238 306 352 379 438 523 556 633 662 723 767 828 880 965 1002 1078 1087 1174 1197 1284 1296 1374 1454 1463 1565 1597 1640 1682 1769 1798 1864 1928 1974 2033 2099 2129 2204 2234 2303 2355 2379 2455 2529 2540 2596 2673 2714 2764 2844 2912 2961 3022
7 25 102 120 173 221 319 353 392 455 528 548 633 676 722 759 856 885 950 1007 1051 1082 1177 1188 1279 1305 1402 1454 1482 1553 1597 1641 1691 1781 1783 1850 1918 1973 2044 2071 2124 2201 2224 2312 2369 2387 2435 2519 2545 2596 2685 2714 2774 2839 2899 2951 3022
4 25 102 132 166 225 322 340 382 459 528 556 638 667 720 787 857 885 924 1012 1039 1101 1134 1231 1283 1307 1399 1438 1494 1549 1617 1622 1682 1781 1796 1874 1914 1973 2044 2073 2137 2197 2220 2308 2368 2385 2442 2519 2571 2608 2661 2701 2783 2811 2886 2967 3003
7 25 102 160 186 235 295 345 382 471 523 548 628 658 748 792 843 880 920 1015 1038 1100 1142 1228 1295 1299 1386 1448 1507 1554 1617 1627 1691 1769 1796 1863 1896 1974 2033 2074 2136 2192 2238 2308 2340 2376 2443 2529 2585 2593 2674 2716 2769 2819 2866 2967 3003
4 25 103 108 173 235 318 331 421 433 531 569 638 651 733 784 850 898 954 1007 1041 1121 1149 1201 1253 1328 1383 1433 1484 1514 1574 1671 1691 1781 1805 1861 1915 1994 2041 2062 2124 2207 2233 2308 2369 2414 2435 2536 2552 2632 2650 2707 2760 2828 2895 2939 2992
7 25 105 143 170 253 300 340 382 474 505 574 602 690 739 808 813 885 929 993 1028 1120 1157 1209 1268 1329 1396 1421 1476 1522 1614 1633 1719 1766 1796 1889 1896 1974 1999 2096 2136 2186 2238 2318 2371 2381 2437 2500 2549 2627 2661 2746 2783 2856 2862 2956 3003
4 25 106 130 196 231 281 339 410 441 539 548 616 684 703 781 842 898 923 1013 1033 1126 1152 1208 1251 1344 1355 1448 1501 1533 1568 1655 1692 1773 1797 1856 1922 1994 2041 2077 2137 2211 2227 2297 2360 2417 2478 2533 2541 2620 2674 2700 2768 2812 2901 2956 2981
7 25 107 126 182 247 289 339 430 483 532 584 616 685 715 781 833 893 941 972 1029 1113 1149 1203 1289 1335 1380 1433 1468 1547 1611 1621 1714 1768 1831 1877 1901 1952 2003 2080 2124 2164 2216 2318 2359 2389 2436 2496 2545 2640 2655 2735 2776 2852 2890 2951 3014
4 25 107 138 171 236 273 353 426 440 533 584 628 650 725 756 834 880 950 988 1046 1094 1172 1192 1282 1321 1377 1454 1477 1558 1608 1627 1714 1763 1815 1846 1923 1960 2010 2053 2114 2204 2265 2291 2349 2391 2449 2489 2575 2641 2684 2752 2796 2821 2867 2946 3017
7 26 54 115 205 246 319 339 415 485 520 592 612 657 749 768 815 900 936 975 1055 1087 1172 1211 1252 1343 1382 1455 1497 1527 1610 1661 1685 1758 1788 1864 1904 1964 2000 2101 2156 2195 2236 2269 2325 2400 2445 2511 2582 2618 2692 2741 2767 2840 2879 2952 2993
7 26 54 157 179 224 277 360 415 460 501 550 645 679 706 790 853 879 959 996 1041 1128 1156 1191 1271 1328 1389 1423 1490 1546 1610 1639 1726 1738 1788 1889 1912 1994 2025 2059 2127 2172 2228 2269 2369 2415 2459 2486 2543 2634 2659 2726 2800 2855 2905 2952 2993
4 26 55 113 202 238 287 376 420 439 495 576 629 689 730 809 842 879 963 1020 1051 1092 1147 1197 1286 1344 1378 1455 1495 1534 1600 1644 1695 1743 1797 1882 1894 1994 2025 2074 2117 2180 2217 2287 2361 2419 2438 2484 2569 2626 2680 2749 2759 2821 2903 2917 3001
7 26 55 136 200 220 295 339 410 466 530 576 595 651 734 804 855 874 929 986 1065 1108 1181 1208 1258 1349 1390 1423 1475 1522 1595 1650 1695 1750 1831 1840 1914 1996 1998 2077 2156 2173 2221 2304 2343 2385 2436 2511 2577 2607 2688 2743 2801 2852 2869 2968 3006
4 26 55 145 191 249 277 376 427 437 501 560 595 652 733 765 834 914 938 1015 1066 1118 1146 1241 1286 1316 1389 1423 1464 1534 1595 1651 1711 1738 1814 1839 1931 1960 2025 2098 2117 2208 2260 2319 2333 2424 2448 2484 2566 2607 2670 2743 2761 2822 2887 2952 3006
7 26 56 131 204 256 277 376 407 460 525 575 645 691 746 801 841 879 934 1021 1032 1106 1156 1188 1279 1328 1365 1425 1465 1526 1570 1639 1711 1766 1797 1865 1892 1945 2046 2086 2125 2186 2250 2318 2368 2386 2483 2506 2551 2601 2651 2712 2789 2856 2884 2927 3014
4 26 56 149 186 243 292 325 391 473 523 576 645 677 721 766 843 881 964 1019 1042 1093 1158 1219 1281 1296 1356 1425 1511 1550 1570 1664 1710 1741 1812 1879 1895 1996 2020 2084 2123 2184 2249 2279 2339 2421 2437 2532 2564 2601 2648 2712 2790 2858 2869 2967 3014
7 26 57 152 209 220 287 376 426 466 515 591 644 683 734 789 816 881 918 1013 1049 1096 1164 1196 1269 1320 1360 1415 1483 1552 1608 1667 1695 1771 1803 1838 1929 1960 2010 2105 2107 2173 2254 2304 2371 2402 2475 2493 2545 2607 2660 2731 2793 2830 2881 2953 2973
4 26 57 153 185 255 295 339 407 471 526 591 629 661 717 780 842 916 923 1004 1044 1080 1175 1213 1270 1327 1394 1440 1504 1555 1569 1673 1695 1756 1797 1873 1892 1945 2007 2102 2125 2168 2250 2279 2328 2399 2450 2496 2585 2640 2680 2722 2759 2821 2871 2967 3014
7 26 58 151 202 218 293 341 408 467 505 575 646 651 702 777 820 914 929 1010 1063 1120 1183 1232 1248 1303 1377 1421 1504 1557 1580 1652 1695 1736 1829 1840 1916 1945 2031 2094 2117 2187 2267 2305 2370 2385 2446 2497 2552 2623 2671 2743 2772 2837 2884 2968 3005
7 26 60 113 171 224 300 333 412 473 533 576 614 656 706 796 853 879 930 998 1074 1095 1178 1230 1263 1349 1383 1423 1480 1549 1589 1645 1675 1745 1831 1868 1921 1979 2023 2052 2157 2172 2216 2320 2337 2381 2459 2498 2577 2621 2688 2720 2801 2854 2864 2967 3004
7 26 60 136 211 245 292 359 396 434 523 576 646 689 716 809 814 874 961 1011 1057 1093 1159 1193 1289 1341 1356 1454 1468 1529 1598 1620 1675 1749 1810 1882 1923 1995 2012 2068 2123 2203 2222 2287 2361 2421 2433 2509 2563 2628 2687 2749 2763 2820 2896 2937 2994
4 26 61 161 191 222 272 343 389 465 512 592 645 657 715 760 857 899 942 1015 1029 1102 1183 1225 1290 1326 1350 1421 1499 1550 1585 1654 1711 1738 1787 1876 1896 1962 2014 2099 2117 2185 2259 2269 2333 2420 2448 2525 2581 2616 2661 2729 2789 2839 2883 2967 3003
7 26 62 154 176 216 291 341 396 454 489 541 644 679 728 803 845 883 959 977 1044 1119 1139 1204 1270 1310 1398 1440 1503 1555 1606 1657 1726 1770 1805 1889 1898 1995 2002 2065 2123 2162 2247 2279 2356 2415 2460 2496 2562 2637 2653 2726 2788 2858 2871 2952 2999
4 26 63 114 165 260 315 376 417 454 529 541 610 678 727 770 838 900 950 975 1060 1121 1171 1241 1289 1309 1396 1454 1471 1536 1592 1626 1725 1739 1790 1870 1928 1954 2028 2074 2127 2201 2262 2287 2364 2425 2439 2502 2543 2592 2678 2702 2774 2831 2893 2952 2986
7 26 63 141 170 264 316 343 378 471 529 591 612 667 723 779 852 900 922 1012 1033 1086 1187 1225 1265 1346 1395 1439 1488 1559 1581 1661 1675 1739 1784 1868 1913 1954 2028 2078 2158 2163 2258 2285 2350 2389 2434 2502 2571 2633 2681 2708 2785 2823 2875 2967 2997
4 26 63 154 175 235 303 360 378 464 533 541 629 696 730 759 843 883 959 1009 1030 1105 1146 1228 1254 1311 1380 1423 1503 1555 1581 1625 1725 1752 1784 1874 1934 1996 2016 2058 2117 2184 2237 2285 2343 2429 2437 2514 2581 2600 2676 2740 2790 2858 2870 2967 2997
7 26 65 132 183 231 299 325 423 458 528 556 630 672 710 763 849 883 948 1009 1049 1085 1134 1219 1269 1331 1364 1415 1502 1552 1594 1622 1693 1731 1828 1883 1903 1995 2002 2075 2158 2200 2220 2304 2335 2410 2478 2493 2571 2602 2695 2718 2796 2861 2881 2967 3015
7 26 66 136 197 254 289 339 399 472 509 550 646 690 755 770 856 900 929 974 1060 1120 1149 1212 1289 1328 1377 1423 1468 1529 1587 1628 1725 1760 1788 1840 1934 1945 2005 2079 2143 2202 2214 2318 2352 2385 2479 2509 2543 2640 2659 2703 2800 2852 2893 2937 3009
4 26 66 141 212 216 298 359 426 477 509 591 644 693 728 800 840 900 922 1013 1055 1088 1158 1204 1260 1305 1369 1425 1488 1559 1603 1660 1685 1760 1785 1848 1929 1945 2005 2105 2123 2162 2254 2320 2368 2408 2465 2509 2550 2615 2650 2706 2797 2823 2871 2935 2992
7 26 66 142 191 255 300 325 384 471 533 591 646 652 710 765 836 899 947 1015 1054 1085 1175 1219 1264 1321 1383 1423 1507 1544 1587 1673 1685 1745 1804 1878 1903 1960 2023 2099 2144 2176 2259 2289 2333 2391 2440 2491 2579 2640 2691 2703 2754 2810 2881 2967 3009
7 26 68 149 166 237 298 333 394 477 505 558 644 678 740 799 855 900 967 1005 1029 1087 1158 1202 1290 1305 1373 1421 1511 1550 1592 1660 1710 1759 1811 1870 1915 1996 2006 2084 2127 2166 2261 2269 2336 2409 2443 2525 2542 2592 2658 2702 2798 2855 2883 2968 2980
4 26 70 108 165 238 316 325 411 465 529 592 610 669 721 804 850 874 939 1014 1065 1093 1168 1219 1258 1338 1395 1439 1460 1538 1590 1669 1695 1739 1813 1873 1895 1980 2028 2083 2157 2189 2229 2287 2324 2382 2439 2494 2577 2599 2699 2714 2780 2853 2869 2967 3019
7 26 70 115 209 253 274 375 408 453 497 592 629 681 724 791 823 900 936 1013 1028 1120 1182 1232 1267 1339 1359 1421 1497 1527 1590 1623 1695 1771 1815 1859 1916 1954 2028 2091 2107 2166 2267 2318 2371 2404 2475 2494 2568 2606 2661 2707 2759 2840 2862 2935 3019
7 26 72 152 186 264 319 333 383 471 519 591 630 658 705 785 848 881 918 1019 1038 1110 1187 1230 1251 1343 1384 1456 1483 1552 1573 1661 1691 1735 1795 1862 1905 1964 2022 2084 2143 2182 2249 2269 2339 2378 2444 2513 2582 2633 2692 2716 2760 2830 2865 2967 3003
7 26 74 115 173 260 299 325 401 432 528 592 614 693 727 802 838 900 949 1000 1067 1114 1159 1218 1280 1331 1364 1454 1473 1551 1603 1622 1693 1732 1789 1848 1937 1979 2001 2062 2123 2201 2232 2319 2365 2381 2439 2532 2587 2615 2679 2706 2778 2827 2915 2927 2984
7 26 76 112 173 236 314 375 427 470 526 560 595 665 750 766 852 899 951 1015 1042 1133 1139 1226 1250 1296 1374 1440 1470 1543 1572 1642 1693 1737 1816 1883 1931 1954 2027 2098 2123 2163 2260 2320 2351 2407 2434 2504 2564 2606 2648 2725 2785 2823 2902 2967 3004
7 26 76 132 174 245 285 359 390 434 494 560 644 694 744 800 844 879 971 978 1038 1128 1134 1191 1251 1306 1389 1456 1502 1552 1598 1646 1693 1759 1806 1877 1912 1995 2018 2075 2117 2175 2253 2269 2367 2415 2435 2513 2567 2628 2664 2749 2802 2839 2865 2953 2977
4 26 77 135 167 241 318 325 411 447 507 575 614 691 704 802 854 874 926 985 1075 1122 1141 1217 1274 1335 1353 1456 1477 1535 1583 1659 1691 1765 1813 1847 1905 1995 2012 2085 2144 2160 2219 2318 2367 2380 2453 2491 2580 2602 2699 2730 2780 2849 2897 2935 3019
7 26 77 142 211 227 275 360 408 476 523 575 646 663 711 764 852 915 920 1010 1045 1124 1180 1228 1264 1309 1372 1425 1507 1544 1583 1665 1691 1749 1815 1862 1916 1954 2012 2094 2107 2164 2267 2287 2362 2376 2433 2491 2570 2622 2651 2710 2769 2838 2890 2967 3019
7 26 78 119 164 255 307 374 411 480 508 556 646 697 710 789 820 881 961 1001 1049 1093 1137 1219 1269 1310 1356 1439 1462 1521 1619 1641 1695 1728 1829 1882 1895 1995 2043 2095 2144 2176 2229 2279 2357 2421 2456 2526 2545 2632 2671 2742 2772 2837 2881 2917 3002
7 26 78 127 200 262 272 360 425 481 486 556 629 696 745 759 823 915 925 986 1030 1090 1166 1216 1251 1326 1375 1456 1481 1539 1619 1654 1695 1750 1815 1875 1908 1962 2043 2059 2156 2206 2239 2269 2343 2392 2436 2526 2581 2635 2661 2739 2759 2840 2873 2927 3002
4 26 79 113 195 254 312 333 394 480 516 556 629 667 755 784 856 900 930 979 1066 1114 1154 1218 1286 1300 1364 1423 1495 1534 1581 1623 1724 1762 1811 1868 1937 1964 2000 2066 2158 2202 2239 2319 2345 2381 2479 2484 2547 2633 2658 2708 2798 2854 2887 2917 2980
7 26 81 112 175 244 319 339 422 476 519 575 595 651 712 804 857 883 932 1009 1065 1082 1179 1213 1250 1338 1384 1456 1470 1543 1574 1666 1685 1735 1807 1878 1890 1962 2022 2058 2157 2178 2237 2305 2343 2406 2455 2504 2577 2604 2699 2704 2786 2842 2877 2967 3012
4 26 81 131 202 216 282 341 382 454 518 575 630 701 704 798 820 879 965 1020 1075 1095 1171 1217 1274 1342 1355 1454 1471 1519 1606 1626 1685 1736 1794 1867 1932 1995 2018 2074 2127 2187 2217 2320 2361 2410 2446 2508 2584 2637 2690 2726 2784 2825 2897 2917 2979
4 26 82 108 168 219 303 375 424 475 533 550 610 676 750 775 848 916 962 1004 1034 1133 1163 1226 1258 1301 1380 1423 1460 1538 1577 1635 1711 1752 1827 1876 1931 1964 2016 2088 2107 2182 2263 2304 2345 2401 2444 2494 2570 2596 2659 2709 2760 2830 2902 2967 3015
7 26 82 141 202 243 270 376 424 473 512 576 612 651 725 777 842 915 932 1010 1040 1115 1158 1220 1265 1319 1352 1421 1488 1559 1577 1664 1685 1743 1827 1878 1939 1945 2008 2105 2127 2180 2255 2304 2370 2406 2438 2502 2576 2601 2652 2704 2767 2813 2868 2967 3015
7 26 83 138 173 238 291 376 403 439 489 541 645 694 721 801 850 874 971 1000 1039 1119 1157 1196 1247 1334 1398 1439 1505 1545 1600 1634 1693 1732 1782 1877 1906 1994 2041 2070 2123 2189 2224 2289 2365 2415 2439 2499 2544 2626 2669 2749 2799 2833 2894 2953 2972
4 26 83 155 211 237 278 376 427 477 490 558 630 663 708 764 824 914 934 1010 1058 1123 1158 1233 1247 1324 1362 1425 1488 1545 1568 1660 1675 1731 1814 1845 1936 1954 2041 2105 2123 2199 2255 2304 2362 2405 2452 2499 2557 2592 2670 2727 2761 2832 2874 2968 3006
7 26 84 114 174 255 312 374 422 480 500 541 629 694 717 800 829 900 950 978 1055 1082 1154 1213 1260 1300 1379 1456 1471 1536 1619 1623 1685 1733 1822 1885 1890 1995 2033 2090 2125 2168 2237 2289 2367 2411 2462 2531 2550 2632 2655 2742 2783 2831 2871 2933 2996
4 26 86 146 176 224 270 333 401 473 488 590 612 680 714 769 813 915 957 1005 1071 1090 1158 1216 1288 1319 1375 1425 1511 1553 1589 1664 1726 1758 1796 1843 1908 1979 2034 2084 2123 2164 2261 2269 2326 2392 2473 2533 2544 2621 2684 2720 2776 2857 2906 2953 2977
7 26 86 161 188 253 312 333 396 453 516 592 630 665 708 785 854 899 948 988 1069 1085 1182 1201 1288 1300 1364 1405 1496 1553 1572 1623 1724 1730 1810 1883 1923 1995 2034 2092 2123 2183 2222 2289 2331 2410 2430 2533 2550 2606 2655 2725 2795 2833 2908 2935 2994
7 26 88 135 201 249 315 376 403 437 532 575 612 651 749 777 835 874 926 1011 1040 1109 1165 1206 1249 1302 1393 1405 1477 1535 1595 1633 1725 1769 1782 1840 1900 1960 2047 2060 2156 2192 2230 2305 2370 2388 2483 2518 2576 2607 2669 2743 2799 2849 2886 2937 2972
7 26 88 161 175 225 289 339 420 447 509 575 630 670 731 762 857 916 942 993 1071 1089 1173 1200 1288 1328 1377 1425 1496 1553 1568 1628 1725 1735 1797 1880 1894 1994 2032 2101 2117 2178 2217 2269 2360 2417 2455 2533 2551 2619 2651 2700 2789 2839 2906 2935 3001
4 26 91 148 166 255 316 325 401 471 531 590 612 690 717 786 829 900 926 1005 1028 1109 1187 1198 1242 1346 1393 1456 1483 1556 1587 1661 1695 1740 1789 1840 1908 1960 2004 2084 2143 2168 2261 2279 2336 2388 2462 2507 2573 2640 2679 2703 2778 2836 2888 2968 2984
4 26 93 108 166 262 293 341 381 481 505 550 644 679 745 803 816 916 962 987 1044 1089 1168 1200 1252 1303 1377 1455 1460 1538 1604 1652 1695 1759 1803 1861 1894 1980 2006 2083 2143 2206 2256 2269 2356 2417 2443 2500 2562 2635 2660 2753 2793 2830 2891 2933 3020
7 26 93 130 191 246 270 376 381 457 512 560 645 694 736 801 834 881 950 984 1039 1110 1174 1203 1273 1319 1352 1454 1485 1531 1604 1664 1685 1738 1803 1885 1932 1979 2014 2061 2144 2208 2218 2269 2365 2411 2448 2492 2544 2645 2684 2742 2768 2815 2866 2933 3020
4 26 93 135 164 253 287 376 419 445 495 550 610 690 708 770 854 899 926 1006 1031 1123 1140 1233 1273 1344 1378 1405 1481 1531 1614 1644 1695 1754 1835 1840 1936 1962 2014 2086 2144 2183 2263 2318 2352 2388 2430 2492 2572 2614 2677 2703 2780 2849 2874 2968 3010
7 26 94 155 167 219 272 343 396 475 486 590 595 691 750 802 824 881 934 985 1067 1096 1148 1227 1295 1331 1375 1456 1491 1542 1574 1649 1711 1750 1805 1865 1898 1995 2043 2057 2123 2182 2247 2304 2367 2386 2468 2510 2587 2596 2679 2712 2761 2832 2901 2927 2999
7 26 95 148 177 228 291 376 412 438 534 576 614 677 707 773 829 914 926 998 1073 1122 1155 1203 1272 1310 1353 1405 1502 1537 1612 1657 1693 1767 1814 1847 1921 1995 2037 2052 2143 2193 2216 2279 2331 2380 2438 2537 2562 2638 2653 2744 2778 2836 2896 2933 3021
7 26 97 142 200 256 301 325 394 460 498 575 610 651 727 804 810 915 947 986 1064 1114 1156 1218 1283 1304 1355 1423 1490 1561 1577 1639 1724 1734 1792 1878 1937 1996 2044 2059 2127 2205 2239 2305 2343 2391 2453 2530 2578 2601 2662 2704 2781 2810 2915 2927 3000
4 26 97 161 194 258 307 343 386 435 492 575 612 676 732 779 844 916 942 980 1059 1080 1182 1190 1291 1310 1372 1421 1496 1553 1577 1641 1724 1740 1800 1876 1917 1995 2044 2092 2107 2175 2230 2279 2341 2420 2435 2530 2545 2596 2671 2709 2802 2839 2897 2953 3000
7 26 98 146 173 245 293 343 384 467 514 591 646 658 716 773 813 914 957 1015 1073 1112 1183 1193 1272 1303 1369 1415 1499 1565 1566 1652 1693 1737 1819 1851 1903 1980 2039 2099 2123 2203 2259 2269 2351 2384 2434 2510 2562 2594 2660 2727 2776 2857 2896 2952 2993
7 26 100 125 184 264 301 374 412 472 498 560 630 673 705 797 824 916 965 972 1035 1095 1149 1230 1254 1316 1355 1423 1468 1540 1607 1628 1675 1734 1814 1867 1921 1995 2044 2079 2143 2182 2216 2285 2366 2410 2468 2528 2566 2632 2670 2753 2761 2832 2865 2927 3021
7 26 100 129 179 255 274 375 410 480 497 541 630 679 710 790 836 899 962 996 1031 1108 1154 1208 1255 1339 1359 1423 1495 1518 1607 1623 1695 1757 1816 1861 1914 1994 2042 2066 2158 2176 2221 2279 2369 2417 2440 2529 2553 2632 2676 2753 2756 2808 2894 2933 3021
7 26 100 139 165 240 287 376 412 463 515 541 612 696 746 777 838 914 925 1014 1063 1106 1167 1188 1248 1320 1360 1440 1463 1525 1607 1667 1695 1739 1814 1875 1892 1979 2042 2067 2157 2201 2245 2285 2324 2392 2439 2529 2552 2645 2653 2739 2778 2827 2884 2927 3021
7 26 101 148 192 236 282 333 386 470 491 590 610 681 750 805 814 900 945 974 1067 1088 1155 1227 1295 1342 1381 1439 1502 1537 1590 1626 1693 1742 1811 1859 1906 1995 2033 2052 2107 2163 2241 2320 2357 2396 2473 2516 2584 2606 2690 2707 2766 2817 2901 2937 2988
7 26 102 113 192 246 278 376 392 457 490 556 644 697 749 789 815 900 963 974 1033 1109 1178 1206 1256 1324 1362 1455 1480 1549 1604 1660 1675 1770 1790 1882 1900 1979 2001 2052 2125 2195 2241 2279 2357 2419 2445 2506 2561 2645 2666 2742 2787 2821 2886 2937 3011
7 26 102 129 173 235 284 376 419 464 528 541 614 658 725 773 850 899 918 1015 1050 1115 1146 1220 1256 1330 1379 1415 1464 1549 1605 1625 1691 1732 1835 1862 1939 1980 2001 2098 2125 2189 2260 2319 2351 2378 2439 2506 2585 2600 2677 2716 2780 2853 2868 2967 3010
4 26 103 121 188 240 284 376 421 463 516 550 630 687 743 764 832 915 938 982 1045 1084 1181 1197 1264 1301 1392 1423 1482 1519 1607 1653 1691 1730 1827 1884 1902 1979 2034 2070 2156 2205 2244 2289 2337 2379 2430 2518 2570 2645 2659 2739 2760 2846 2890 2917 3018
4 26 103 133 175 246 298 359 423 457 509 556 630 696 736 759 827 914 933 1009 1068 1112 1178 1193 1271 1305 1369 1423 1458 1514 1607 1660 1685 1735 1825 1875 1903 1996 2032 2075 2157 2208 2220 2269 2343 2384 2455 2520 2542 2645 2658 2739 2784 2818 2876 2937 3018
7 26 103 135 176 264 296 374 423 472 488 550 612 679 723 803 814 899 958 977 1050 1102 1141 1225 1249 1306 1350 1440 1477 1535 1607 1636 1691 1758 1825 1861 1896 1995 2034 2085 2158 2163 2227 2269 2356 2420 2473 2518 2555 2632 2675 2753 2766 2817 2875 2937 3018
7 26 107 110 195 216 315 375 425 454 532 575 610 676 728 775 840 900 921 979 1034 1109 1171 1198 1281 1309 1393 1425 1479 1560 1591 1626 1726 1777 1815 1844 1908 1962 2040 2066 2156 2162 2239 2279 2345 2388 2465 2524 2570 2637 2651 2741 2769 2851 2877 2917 3002
4 26 107 151 183 230 277 360 422 437 525 575 595 672 732 763 814 914 946 1009 1059 1106 1146 1190 1291 1316 1365 1415 1503 1558 1596 1651 1726 1776 1822 1853 1890 1995 2037 2058 2125 2203 2237 2285 2335 2386 2433 2527 2561 2627 2674 2748 2763 2820 2897 2937 2996
4 27 54 121 182 249 308 331 418 481 523 550 629 687 745 761 827 896 943 991 1067 1130 1185 1224 1248 1342 1378 1448 1474 1546 1619 1644 1700 1743 1834 1883 1899 1955 2045 2076 2110 2162 2242 2300 2340 2379 2443 2532 2559 2602 2677 2731 2777 2823 2905 2923 2971
4 27 54 146 205 255 283 356 418 479 520 564 638 682 720 758 831 871 941 1008 1039 1103 1137 1208 1258 1311 1366 1439 1486 1549 1619 1646 1685 1734 1834 1885 1918 1948 2046 2103 2118 2165 2223 2300 2365 2427 2472 2530 2555 2623 2669 2710 2786 2854 2882 2923 2971
7 27 55 116 192 262 294 359 391 470 535 584 602 666 750 761 811 888 944 1019 1067 1097 1162 1222 1284 1342 1401 1415 1508 1548 1578 1658 1707 1738 1804 1855 1904 1976 2033 2055 2110 2160 2241 2280 2362 2400 2483 2528 2559 2608 2677 2721 2806 2849 2867 2923 2988
7 27 55 137 170 253 275 355 399 478 528 572 602 667 741 779 813 868 957 1012 1077 1101 1134 1233 1291 1331 1391 1415 1511 1522 1578 1668 1719 1764 1797 1854 1922 1979 2042 2053 2132 2190 2266 2275 2349 2381 2480 2519 2554 2608 2660 2721 2781 2856 2886 2928 2988
7 27 58 133 177 259 297 333 423 469 505 548 619 696 736 756 827 908 931 1009 1079 1131 1184 1237 1271 1337 1373 1436 1461 1559 1607 1629 1710 1748 1813 1870 1915 1955 2017 2082 2139 2162 2254 2272 2368 2393 2443 2525 2539 2636 2698 2706 2777 2823 2871 2923 2992
4 27 58 161 174 254 293 355 420 456 505 575 598 670 731 770 856 908 919 974 1052 1089 1183 1238 1289 1313 1376 1411 1468 1541 1587 1671 1682 1748 1788 1888 1926 1955 2017 2087 2117 2199 2257 2294 2339 2417 2446 2525 2552 2638 2681 2732 2803 2808 2864 2949 3013
4 27 59 126 213 217 303 348 390 485 529 584 602 685 754 795 837 875 937 975 1071 1098 1163 1210 1263 1346 1352 1408 1497 1517 1614 1630 1706 1764 1799 1851 1905 1954 2041 2100 2140 2201 2241 2275 2351 2389 2439 2527 2562 2592 2697 2747 2778 2827 2893 2952 3006
7 27 62 146 164 269 275 355 396 432 528 564 598 670 732 770 859 871 963 985 1052 1085 1180 1227 1245 1331 1391 1416 1495 1540 1606 1668 1719 1771 1805 1867 1909 1951 2035 2068 2140 2170 2235 2304 2339 2398 2464 2534 2552 2593 2663 2752 2805 2832 2910 2927 2998
7 27 66 108 186 218 289 330 381 444 509 550 598 679 745 777 820 888 919 1010 1067 1089 1149 1224 1248 1315 1376 1435 1504 1560 1580 1640 1707 1779 1829 1888 1940 1955 2015 2090 2143 2195 2244 2312 2367 2417 2479 2520 2543 2610 2686 2723 2785 2861 2905 2924 2997
7 27 66 131 162 228 312 334 425 434 492 572 598 700 722 797 848 899 963 1025 1053 1085 1167 1207 1264 1333 1391 1435 1507 1563 1580 1663 1685 1776 1785 1867 1929 1951 2034 2062 2132 2176 2245 2276 2322 2398 2476 2501 2547 2610 2696 2723 2784 2847 2881 2961 2997
7 27 67 128 163 266 315 334 412 461 517 544 602 678 739 766 837 888 935 972 1060 1121 1171 1230 1244 1320 1371 1448 1473 1525 1592 1658 1706 1780 1799 1875 1896 1979 2021 2099 2113 2169 2262 2301 2375 2381 2471 2502 2587 2595 2697 2748 2778 2827 2906 2927 2984
4 27 67 153 206 245 290 348 412 472 498 571 638 698 755 765 859 875 956 1014 1066 1126 1138 1188 1294 1316 1365 1412 1479 1542 1592 1638 1678 1730 1799 1865 1938 1951 2016 2094 2143 2170 2220 2301 2359 2414 2464 2507 2565 2639 2670 2703 2805 2832 2863 2927 2984
7 27 68 141 166 219 297 333 426 482 505 571 638 693 728 787 840 888 967 1013 1048 1097 1170 1202 1260 1337 1373 1411 1501 1514 1603 1629 1710 1746 1782 1860 1924 1948 2019 2095 2114 2208 2220 2280 2343 2427 2470 2497 2590 2622 2647 2739 2807 2818 2876 2949 3018
4 27 68 147 184 250 313 328 416 438 488 571 605 649 718 797 836 874 947 1002 1053 1129 1175 1239 1261 1333 1383 1436 1463 1530 1612 1662 1710 1745 1811 1889 1915 1952 2011 2074 2132 2174 2259 2275 2374 2386 2445 2505 2547 2640 2696 2700 2757 2856 2885 2961 3009
7 27 70 142 203 225 315 355 397 481 517 547 626 684 732 806 810 899 923 999 1029 1085 1185 1227 1267 1335 1371 1448 1474 1526 1568 1644 1686 1780 1798 1878 1909 1969 2021 2076 2110 2213 2234 2276 2330 2418 2431 2499 2567 2627 2684 2744 2801 2857 2910 2927 2983
7 27 70 148 197 265 317 348 392 441 512 551 626 690 726 798 833 868 926 1020 1047 1109 1187 1226 1272 1336 1353 1448 1459 1564 1568 1649 1681 1741 1802 1872 1927 1976 2013 2052 2143 2211 2260 2279 2327 2426 2447 2507 2543 2627 2665 2744 2774 2835 2908 2924 2983
4 27 71 113 171 256 273 359 389 440 533 584 626 699 754 780 810 895 952 1005 1071 1095 1170 1210 1263 1325 1375 1411 1500 1553 1585 1670 1686 1758 1798 1852 1908 1954 2038 2096 2114 2161 2216 2272 2371 2390 2483 2489 2577 2620 2684 2724 2801 2857 2893 2942 2991
7 27 71 133 205 262 315 355 404 470 507 584 619 650 702 790 845 871 932 1008 1036 1132 1162 1189 1271 1320 1380 1408 1461 1559 1586 1658 1686 1769 1805 1853 1930 1979 2003 2103 2117 2209 2223 2301 2365 2399 2436 2525 2587 2608 2697 2713 2771 2822 2915 2923 2990
7 27 71 150 188 253 323 359 400 478 516 551 619 665 741 778 860 874 961 986 1057 1129 1182 1211 1263 1297 1360 1408 1464 1553 1586 1620 1719 1775 1809 1838 1941 1976 2038 2088 2114 2190 2231 2275 2336 2410 2433 2489 2590 2608 2687 2713 2763 2845 2908 2949 2990
4 27 72 109 175 257 294 359 389 453 537 547 605 695 744 759 858 895 971 987 1076 1114 1164 1231 1251 1335 1399 1448 1510 1552 1584 1665 1707 1744 1798 1866 1892 1952 2022 2075 2117 2166 2232 2294 2348 2386 2465 2512 2567 2597 2684 2740 2801 2808 2899 2920 2991
7 27 72 144 186 245 283 333 392 479 502 547 638 669 755 787 844 871 960 1010 1078 1128 1137 1188 1282 1311 1384 1416 1508 1521 1584 1646 1707 1779 1795 1877 1936 1976 2022 2082 2143 2170 2253 2272 2367 2382 2479 2512 2560 2633 2664 2705 2756 2852 2863 2942 2991
7 27 73 122 201 224 270 333 383 473 532 544 601 699 739 805 813 895 931 1017 1060 1086 1186 1230 1244 1349 1398 1436 1480 1529 1585 1621 1700 1765 1821 1852 1931 1979 2014 2084 2114 2210 2236 2312 2346 2411 2459 2497 2548 2620 2676 2724 2802 2834 2906 2928 2989
7 27 73 146 176 256 313 359 417 440 488 564 601 664 703 791 841 871 941 998 1074 1090 1184 1241 1288 1339 1383 1436 1486 1549 1585 1656 1678 1745 1787 1887 1921 1954 2011 2055 2139 2212 2261 2280 2335 2425 2453 2500 2544 2620 2688 2724 2776 2854 2862 2961 2989
4 27 73 151 162 232 308 331 417 483 523 544 626 688 715 808 816 899 954 1025 1048 1083 1183 1213 1260 1342 1378 1411 1491 1514 1585 1644 1700 1774 1787 1844 1937 1976 2014 2062 2117 2196 2245 2280 2322 2426 2478 2497 2569 2616 2668 2728 2796 2851 2876 2961 2989
7 27 75 141 197 242 273 334 398 440 512 564 626 648 721 802 861 895 927 978 1042 1119 1170 1207 1255 1325 1397 1412 1501 1514 1618 1670 1710 1741 1827 1889 1895 1948 2013 2095 2113 2184 2255 2279 2370 2406 2447 2502 2576 2634 2685 2701 2779 2858 2882 2961 3002
7 27 77 121 206 231 323 368 398 478 495 572 619 698 722 765 827 874 943 1014 1053 1119 1182 1207 1264 1297 1379 1412 1492 1528 1604 1620 1710 1761 1813 1839 1895 1951 2047 2058 2110 2173 2255 2300 2359 2423 2432 2535 2579 2631 2698 2730 2777 2823 2881 2928 3017
7 27 79 161 199 238 308 348 394 483 515 584 626 654 721 798 850 899 918 1015 1031 1096 1183 1209 1281 1342 1387 1415 1468 1541 1579 1644 1682 1778 1804 1884 1903 1955 2001 2087 2113 2188 2216 2300 2364 2422 2439 2531 2559 2609 2677 2736 2806 2809 2880 2920 2985
7 27 80 121 166 269 285 355 414 432 506 550 605 679 712 801 857 896 932 1013 1050 1082 1182 1221 1293 1334 1363 1408 1492 1528 1606 1666 1710 1746 1832 1858 1933 1951 2018 2058 2114 2191 2256 2312 2343 2394 2470 2508 2577 2593 2675 2752 2757 2834 2912 2942 2979
4 27 82 128 193 258 319 330 403 476 510 544 625 688 708 757 815 888 936 994 1026 1097 1136 1222 1288 1306 1401 1436 1470 1527 1616 1653 1685 1773 1829 1863 1904 1952 2037 2070 2151 2202 2229 2280 2374 2400 2452 2523 2591 2630 2676 2709 2794 2826 2911 2952 2973
7 27 82 156 212 242 300 368 425 473 531 544 626 691 721 758 826 871 923 982 1039 1085 1135 1207 1258 1319 1371 1435 1458 1558 1616 1672 1685 1752 1808 1878 1929 1969 2037 2105 2113 2184 2245 2304 2356 2418 2481 2523 2555 2601 2661 2738 2768 2843 2882 2928 2973
7 27 84 147 200 224 321 328 394 459 510 550 602 648 739 804 813 895 947 988 1032 1114 1153 1231 1283 1313 1399 1436 1476 1517 1618 1643 1719 1766 1797 1889 1892 1955 2044 2073 2113 2210 2227 2294 2368 2386 2459 2506 2573 2634 2660 2701 2781 2856 2905 2952 2993
7 27 87 122 204 216 278 368 401 433 522 571 605 687 748 774 845 868 943 993 1046 1109 1186 1225 1255 1323 1400 1412 1480 1529 1575 1660 1700 1770 1833 1883 1928 1979 2042 2084 2140 2209 2259 2279 2326 2379 2436 2486 2557 2645 2670 2731 2771 2822 2877 2923 3021
7 27 87 129 213 238 275 368 407 448 528 564 601 686 721 794 850 899 948 975 1042 1085 1147 1207 1255 1345 1391 1415 1472 1529 1615 1654 1706 1764 1835 1881 1929 1948 2042 2079 2140 2188 2261 2276 2351 2398 2439 2486 2584 2643 2646 2725 2755 2860 2882 2928 2980
7 27 87 158 184 232 290 328 431 455 498 571 601 693 737 777 836 896 946 1024 1067 1126 1160 1236 1284 1315 1365 1415 1467 1548 1615 1639 1700 1745 1812 1874 1890 1988 2000 2093 2143 2174 2215 2280 2353 2414 2445 2528 2543 2643 2686 2725 2802 2811 2867 2924 2980
7 27 88 110 212 236 289 356 378 437 509 575 638 691 733 758 849 875 968 982 1044 1120 1173 1240 1257 1317 1376 1435 1505 1538 1571 1638 1681 1779 1828 1872 1891 1969 2015 2083 2117 2206 2267 2272 2356 2385 2455 2498 2551 2635 2662 2743 2793 2837 2884 2924 3020
7 27 88 127 184 259 273 334 378 469 512 547 625 669 736 801 823 896 935 1024 1050 1110 1142 1198 1293 1325 1397 1448 1484 1535 1571 1670 1710 1742 1828 1841 1943 1954 2012 2093 2132 2162 2215 2272 2353 2416 2448 2501 2577 2636 2684 2742 2770 2828 2912 2924 3020
4 27 88 131 179 217 317 348 420 485 512 575 598 663 743 776 841 896 956 974 1045 1130 1143 1197 1264 1336 1353 1412 1507 1563 1614 1649 1681 1742 1823 1873 1926 1954 2012 2087 2118 2212 2257 2300 2334 2405 2453 2501 2556 2592 2651 2747 2776 2854 2889 2961 2976
7 27 90 109 201 228 296 368 419 449 489 547 598 697 722 807 856 895 971 1017 1049 1119 1155 1207 1268 1310 1397 1439 1510 1552 1609 1635 1682 1757 1788 1845 1895 1977 2048 2084 2132 2176 2236 2279 2346 2406 2468 2493 2554 2594 2681 2735 2803 2808 2881 2928 3014
4 27 90 133 181 265 271 355 419 441 526 548 629 660 726 771 826 908 932 990 1063 1111 1163 1233 1270 1296 1402 1408 1505 1515 1609 1673 1681 1755 1788 1853 1912 1969 2007 2092 2140 2211 2219 2279 2342 2399 2454 2534 2584 2627 2694 2702 2790 2822 2901 2928 3014
7 27 90 146 163 233 289 356 384 444 513 548 598 658 716 786 841 888 941 972 1073 1097 1149 1202 1245 1315 1373 1439 1495 1540 1609 1640 1681 1768 1823 1885 1924 1988 2007 2099 2139 2183 2262 2280 2375 2427 2482 2534 2578 2594 2651 2735 2776 2854 2888 2927 3014
7 27 91 144 193 234 321 328 378 451 510 547 625 665 742 770 851 871 961 1024 1052 1090 1160 1217 1245 1313 1399 1439 1467 1562 1581 1643 1719 1773 1830 1838 1943 1969 2037 2093 2117 2165 2215 2280 2344 2410 2452 2514 2552 2613 2681 2713 2760 2851 2910 2949 3018
4 27 92 108 188 220 306 330 429 474 536 564 605 670 720 773 840 874 919 986 1039 1107 1139 1208 1258 1340 1359 1435 1506 1558 1611 1662 1682 1731 1831 1888 1914 1948 2028 2088 2151 2200 2231 2304 2336 2417 2477 2523 2540 2614 2680 2732 2764 2861 2882 2949 2995
7 27 92 128 199 268 296 368 427 454 489 564 625 689 703 762 837 868 935 1015 1074 1110 1151 1241 1288 1310 1397 1416 1470 1527 1611 1635 1682 1778 1833 1841 1900 1954 2028 2054 2113 2201 2249 2301 2364 2416 2439 2523 2573 2624 2663 2722 2778 2827 2862 2952 2995
4 27 92 156 170 249 317 330 408 441 489 548 626 671 704 775 852 868 952 1012 1046 1095 1187 1206 1258 1336 1375 1439 1458 1558 1590 1649 1700 1778 1803 1852 1913 1954 2028 2053 2151 2204 2266 2300 2349 2390 2467 2523 2556 2641 2651 2751 2796 2814 2874 2928 3017
7 27 93 123 205 229 300 368 386 446 507 571 619 698 718 765 858 899 955 1015 1053 1104 1151 1239 1261 1348 1395 1411 1470 1532 1613 1642 1685 1769 1835 1865 1939 1952 2003 2054 2118 2196 2249 2301 2359 2415 2436 2503 2579 2619 2647 2703 2754 2855 2885 2920 3001
7 27 93 134 167 249 315 334 403 481 507 550 626 648 704 802 847 899 958 1006 1042 1102 1185 1206 1262 1335 1380 1408 1481 1531 1595 1644 1706 1769 1785 1837 1905 1952 2003 2069 2151 2204 2228 2294 2370 2428 2473 2503 2576 2602 2675 2753 2804 2817 2874 2923 3019
7 27 94 137 179 232 315 355 414 483 517 544 629 668 737 771 836 896 957 974 1072 1121 1183 1194 1242 1335 1371 1415 1468 1565 1593 1644 1686 1750 1832 1854 1932 1952 2050 2087 2113 2174 2257 2294 2334 2381 2445 2485 2576 2616 2675 2720 2757 2856 2911 2961 2979
7 27 95 121 170 254 303 355 395 456 529 572 601 700 740 757 813 874 932 999 1026 1093 1185 1204 1290 1306 1352 1408 1474 1546 1587 1669 1700 1764 1821 1858 1911 1955 2041 2076 2151 2190 2234 2276 2363 2394 2480 2490 2591 2638 2676 2732 2802 2834 2909 2952 2975
4 27 95 154 196 237 278 368 417 484 522 572 598 672 716 807 823 875 955 982 1043 1083 1135 1213 1276 1323 1400 1411 1458 1560 1587 1660 1700 1771 1801 1874 1937 1954 2041 2105 2139 2178 2245 2304 2371 2405 2432 2490 2561 2624 2666 2746 2775 2824 2875 2924 2975
7 27 96 108 180 219 315 355 380 461 507 550 602 675 728 779 840 888 919 992 1043 1102 1171 1203 1276 1320 1380 1411 1504 1560 1602 1658 1686 1733 1815 1876 1908 1977 2040 2068 2151 2208 2227 2304 2341 2428 2470 2490 2589 2642 2695 2709 2764 2861 2875 2920 3015
7 27 96 126 162 244 283 356 411 435 520 551 602 688 741 808 825 908 936 1025 1057 1131 1181 1211 1263 1311 1366 1411 1497 1517 1602 1646 1685 1776 1784 1863 1939 1976 2004 2083 2132 2199 2224 2272 2322 2400 2476 2527 2560 2642 2664 2709 2767 2828 2908 2952 3015
7 27 97 161 176 236 290 348 428 437 498 575 605 683 747 772 862 908 918 998 1077 1117 1173 1226 1291 1316 1365 1415 1487 1522 1608 1638 1678 1745 1791 1884 1920 1977 2000 2100 2139 2192 2217 2275 2335 2422 2453 2519 2561 2635 2673 2706 2795 2809 2886 2924 3008
7 27 99 122 180 225 312 333 415 466 527 571 629 671 755 783 857 868 931 992 1066 1128 1136 1188 1294 1333 1356 1436 1475 1534 1590 1663 1686 1733 1811 1852 1936 1951 2020 2065 2151 2191 2230 2276 2341 2411 2470 2516 2547 2641 2696 2751 2757 2834 2863 2942 3010
7 27 99 126 176 249 271 330 406 441 538 551 629 664 745 791 823 908 936 998 1032 1089 1163 1224 1283 1296 1390 1436 1497 1517 1590 1673 1706 1750 1819 1859 1940 1954 2030 2100 2110 2162 2217 2294 2335 2403 2448 2506 2586 2641 2693 2751 2770 2828 2905 2924 3010
4 27 99 150 163 238 284 328 415 448 508 551 626 658 721 786 819 874 961 972 1065 1093 1168 1209 1247 1322 1367 1439 1464 1553 1590 1634 1706 1780 1811 1869 1906 1988 2030 2101 2113 2188 2260 2276 2375 2378 2471 2506 2585 2643 2649 2749 2804 2845 2880 2942 3010
7 27 100 124 215 266 299 328 389 435 539 551 601 693 739 777 837 888 969 994 1067 1114 1159 1231 1248 1336 1360 1448 1471 1546 1603 1667 1707 1729 1802 1860 1892 1954 1998 2067 2114 2169 2232 2300 2353 2425 2471 2532 2543 2622 2665 2739 2774 2831 2905 2952 2986
7 27 100 148 204 218 283 333 416 449 520 551 625 666 736 796 847 868 944 993 1056 1131 1155 1237 1295 1322 1366 1439 1510 1513 1581 1635 1707 1734 1811 1855 1915 1952 2046 2084 2132 2204 2259 2312 2326 2400 2473 2484 2585 2605 2649 2721 2804 2817 2871 2923 3009
7 27 101 116 179 236 304 359 386 474 499 564 625 668 747 771 862 908 944 974 1063 1131 1176 1211 1270 1345 1366 1415 1494 1562 1605 1626 1681 1742 1835 1855 1939 1952 2025 2096 2118 2192 2249 2272 2334 2400 2453 2487 2584 2597 2646 2719 2755 2849 2901 2949 3001
7 27 102 146 192 259 310 334 390 469 487 548 638 653 704 774 859 888 963 1019 1046 1102 1184 1206 1258 1323 1402 1435 1486 1549 1571 1629 1678 1781 1799 1857 1905 1954 1998 2055 2140 2195 2241 2304 2362 2407 2440 2530 2557 2636 2670 2742 2805 2832 2874 2923 3006
7 27 104 113 215 245 289 330 416 472 513 571 605 662 712 773 810 908 952 1002 1028 1131 1138 1237 1285 1317 1373 1439 1499 1554 1569 1638 1707 1768 1819 1849 1915 1969 2007 2074 2114 2213 2259 2272 2344 2393 2431 2522 2551 2639 2662 2727 2801 2857 2896 2927 3000
4 27 104 141 181 229 322 331 415 446 526 571 629 687 737 761 861 888 927 992 1067 1080 1151 1236 1284 1327 1351 1416 1460 1555 1569 1642 1707 1755 1820 1866 1936 1988 2007 2065 2113 2177 2230 2279 2340 2429 2454 2522 2559 2619 2692 2748 2779 2858 2867 2920 3000
7 27 104 160 167 255 303 348 415 462 529 572 605 661 720 772 831 871 939 1020 1049 1093 1187 1209 1268 1346 1352 1439 1459 1552 1569 1630 1706 1770 1820 1850 1906 1951 2035 2052 2151 2165 2260 2279 2357 2394 2472 2493 2589 2639 2671 2727 2800 2839 2881 2920 3000
7 27 106 158 171 220 318 328 394 474 486 572 638 672 720 807 857 895 946 1005 1049 1096 1176 1209 1268 1331 1396 1415 1494 1521 1596 1626 1682 1781 1797 1874 1903 1951 1999 2096 2118 2200 2216 2304 2371 2414 2460 2526 2554 2614 2660 2746 2781 2811 2881 2942 2993
4 27 107 126 206 237 294 356 426 463 535 584 625 657 716 806 823 875 936 1014 1029 1097 1154 1202 1289 1335 1401 1411 1463 1551 1567 1665 1710 1761 1828 1863 1924 1952 2008 2094 2110 2178 2220 2294 2359 2400 2432 2515 2567 2644 2684 2741 2770 2828 2888 2927 2970
4 27 107 131 188 224 288 334 426 459 525 575 601 670 739 773 839 896 963 986 1028 1121 1156 1230 1275 1317 1355 1435 1509 1561 1567 1639 1719 1775 1828 1867 1896 1948 2029 2069 2114 2210 2250 2294 2336 2398 2433 2494 2551 2634 2662 2752 2793 2847 2906 2927 2970
4 27 107 151 180 246 296 331 424 454 533 575 625 675 747 779 851 868 954 992 1077 1109 1151 1226 1291 1310 1353 1411 1460 1545 1567 1635 1719 1767 1830 1844 1927 1977 2029 2065 2118 2182 2230 2279 2341 2426 2435 2494 2554 2644 2681 2741 2760 2851 2886 2942 2970
7 28 56 113 215 258 289 338 415 473 500 576 620 675 724 773 831 910 935 992 1027 1093 1138 1236 1256 1327 1391 1451 1481 1541 1616 1654 1683 1767 1820 1879 1916 1968 2032 2052 2152 2213 2222 2279 2331 2393 2432 2517 2589 2629 2653 2712 2799 2858 2896 2920 2999
7 28 56 141 181 259 322 369 416 459 525 576 641 688 720 761 823 887 939 1002 1049 1101 1151 1237 1271 1317 1352 1430 1459 1526 1616 1630 1683 1742 1819 1878 1934 1990 2032 2104 2122 2177 2221 2272 2357 2429 2472 2517 2538 2604 2654 2737 2780 2857 2867 2927 2999
4 28 56 160 167 256 303 347 416 475 499 549 620 691 737 772 810 909 927 1021 1067 1131 1187 1218 1257 1345 1351 1451 1460 1551 1616 1642 1711 1758 1819 1863 1897 1959 2031 2074 2153 2165 2258 2272 2340 2394 2454 2518 2551 2629 2672 2712 2762 2828 2881 2927 2999
7 28 58 114 173 247 292 349 397 445 528 587 618 666 735 772 838 900 962 999 1067 1082 1135 1227 1261 1345 1403 1413 1509 1542 1589 1653 1720 1763 1790 1885 1942 1948 2039 2070 2153 2163 2224 2284 2365 2398 2480 2520 2551 2623 2672 2706 2793 2847 2876 2927 2970
7 28 58 129 176 234 276 360 397 481 517 585 603 680 745 759 823 889 951 1011 1076 1098 1154 1214 1277 1335 1401 1429 1511 1554 1589 1664 1721 1747 1790 1849 1900 1990 2034 2054 2110 2177 2266 2284 2355 2377 2472 2526 2566 2598 2684 2731 2780 2857 2873 2927 2970
7 28 60 117 203 221 311 369 405 450 505 587 620 701 732 778 810 887 970 1007 1060 1113 1177 1219 1243 1309 1364 1413 1484 1529 1610 1637 1711 1762 1819 1838 1893 1954 2030 2064 2110 2184 2264 2314 2364 2416 2435 2535 2586 2641 2672 2722 2762 2828 2875 2932 3010
7 28 60 148 171 234 283 333 415 438 487 576 620 650 718 796 822 868 960 992 1041 1128 1156 1201 1261 1328 1383 1413 1463 1546 1610 1649 1721 1745 1810 1889 1916 1989 2049 2052 2131 2204 2222 2284 2374 2399 2457 2516 2571 2641 2649 2722 2804 2844 2904 2963 3010
7 28 61 142 189 249 272 338 405 454 538 565 641 664 715 774 861 910 936 984 1032 1113 1176 1219 1264 1318 1389 1413 1498 1517 1591 1673 1711 1738 1820 1877 1893 1948 2019 2089 2117 2161 2264 2293 2365 2391 2448 2484 2587 2640 2691 2713 2761 2839 2892 2962 3009
7 28 61 148 202 260 287 338 389 439 495 576 639 651 751 788 863 868 953 987 1056 1123 1164 1207 1264 1297 1376 1429 1492 1517 1603 1671 1701 1780 1830 1886 1907 1990 2019 2072 2117 2182 2255 2277 2355 2388 2432 2484 2552 2632 2680 2729 2777 2851 2867 2964 2996
7 28 63 121 198 253 286 349 380 457 529 587 640 653 741 791 813 874 947 1014 1057 1129 1182 1232 1293 1338 1368 1408 1491 1513 1586 1633 1699 1739 1821 1859 1912 1980 2026 2075 2122 2189 2267 2313 2363 2382 2480 2502 2557 2600 2661 2700 2788 2840 2868 2925 3023
7 28 63 124 168 220 283 333 380 455 487 563 598 685 743 784 829 889 930 1016 1076 1102 1139 1230 1254 1328 1383 1450 1476 1555 1586 1649 1721 1779 1821 1861 1943 1959 2016 2102 2144 2196 2236 2313 2361 2424 2461 2512 2541 2592 2679 2708 2769 2850 2898 2925 3023
7 28 65 142 200 265 301 338 386 438 489 586 598 660 723 804 817 889 936 980 1048 1119 1156 1190 1284 1310 1382 1413 1463 1552 1609 1649 1720 1756 1800 1877 1942 1991 2048 2052 2131 2205 2235 2279 2347 2391 2469 2521 2572 2611 2647 2717 2805 2839 2915 2953 2998
4 28 66 138 187 234 323 370 381 481 508 550 598 648 745 776 851 887 952 1009 1036 1116 1178 1200 1260 1298 1392 1430 1465 1563 1595 1641 1721 1776 1814 1841 1940 1980 2033 2091 2115 2177 2243 2284 2329 2417 2443 2485 2590 2598 2686 2724 2769 2827 2889 2962 3003
7 28 66 161 189 216 300 347 381 437 537 587 620 666 710 772 862 910 938 984 1039 1118 1174 1225 1290 1316 1357 1408 1500 1534 1595 1654 1685 1745 1814 1885 1919 1953 1999 2089 2144 2181 2264 2284 2365 2420 2440 2519 2580 2616 2661 2706 2794 2810 2887 2962 3003
4 28 67 132 203 245 321 369 380 445 517 587 640 698 708 768 810 872 955 1014 1069 1124 1167 1237 1259 1314 1357 1429 1506 1525 1598 1621 1678 1762 1834 1864 1912 1959 2018 2075 2144 2184 2267 2295 2358 2415 2435 2527 2565 2625 2656 2703 2775 2816 2880 2927 3011
4 28 70 124 162 254 272 360 390 477 538 565 598 683 730 797 835 887 959 995 1061 1113 1183 1191 1254 1349 1389 1449 1476 1555 1617 1641 1690 1748 1815 1855 1923 1991 2008 2058 2117 2199 2245 2314 2326 2391 2438 2512 2581 2599 2669 2732 2803 2821 2913 2925 2971
7 28 70 126 202 237 277 360 408 480 506 555 603 680 744 759 831 911 923 987 1076 1085 1146 1228 1254 1334 1350 1450 1474 1555 1567 1645 1701 1780 1789 1866 1924 1968 2008 2094 2117 2213 2234 2313 2355 2400 2432 2512 2566 2627 2685 2714 2799 2858 2898 2920 3022
7 28 71 122 198 254 287 349 400 439 513 587 639 701 740 778 813 868 957 1012 1074 1100 1164 1196 1255 1297 1360 1415 1477 1553 1615 1671 1690 1739 1812 1838 1890 1953 2042 2088 2131 2189 2219 2314 2364 2428 2480 2501 2572 2637 2660 2722 2787 2841 2887 2953 2976
7 28 71 127 171 229 320 349 398 464 497 555 630 648 736 764 861 872 952 1024 1051 1122 1166 1210 1255 1324 1385 1450 1472 1553 1571 1623 1721 1755 1826 1841 1943 1948 2042 2092 2131 2161 2216 2279 2342 2417 2448 2501 2576 2623 2685 2724 2761 2839 2911 2962 3021
7 28 75 160 197 245 320 371 389 464 521 585 630 699 708 763 810 872 927 991 1070 1123 1166 1207 1263 1324 1362 1429 1497 1514 1599 1623 1701 1768 1807 1853 1907 1954 2041 2067 2153 2184 2255 2272 2353 2403 2435 2537 2577 2606 2684 2701 2762 2828 2912 2932 3020
7 28 76 140 206 240 314 349 418 470 535 563 609 658 750 773 851 910 957 984 1027 1133 1161 1210 1256 1303 1371 1415 1461 1543 1566 1658 1683 1746 1816 1888 1932 1980 2004 2103 2110 2173 2251 2315 2349 2378 2447 2515 2589 2600 2677 2721 2774 2823 2896 2962 2975
7 28 76 151 195 253 303 360 412 457 499 549 609 700 741 758 860 868 944 987 1047 1131 1146 1195 1291 1319 1351 1415 1474 1530 1566 1668 1699 1759 1822 1845 1922 1970 2029 2094 2153 2189 2234 2313 2362 2394 2433 2490 2591 2600 2689 2721 2791 2820 2907 2964 2975
7 28 78 122 163 238 312 333 416 437 508 587 630 658 708 783 842 868 957 1023 1069 1101 1168 1237 1259 1332 1403 1430 1477 1553 1573 1660 1683 1761 1810 1888 1934 1959 2046 2084 2153 2191 2221 2293 2339 2378 2444 2497 2550 2592 2696 2721 2757 2841 2880 2962 3009
7 28 78 151 175 222 323 370 378 477 508 549 618 651 733 789 827 868 929 1001 1041 1120 1183 1222 1283 1298 1392 1449 1476 1528 1603 1641 1721 1761 1802 1886 1895 1959 2046 2058 2117 2211 2238 2305 2354 2412 2431 2497 2578 2632 2698 2729 2764 2835 2881 2943 2978
4 28 80 121 169 256 272 338 393 475 538 550 640 676 737 795 833 911 949 997 1033 1095 1155 1208 1293 1318 1389 1449 1491 1513 1577 1673 1711 1748 1801 1839 1931 1968 2008 2101 2133 2165 2227 2272 2360 2409 2430 2502 2583 2629 2695 2750 2760 2838 2893 2925 3015
4 28 80 141 202 265 270 338 428 438 506 576 603 689 746 775 863 887 966 1004 1057 1117 1163 1226 1293 1301 1358 1408 1471 1513 1609 1643 1685 1780 1817 1848 1919 1991 2008 2085 2133 2182 2217 2313 2336 2401 2432 2502 2573 2611 2687 2717 2797 2830 2868 2963 2982
7 28 80 147 196 221 276 371 413 481 537 550 603 660 725 781 842 889 932 994 1034 1115 1154 1193 1262 1335 1380 1408 1460 1564 1609 1664 1711 1729 1832 1877 1930 1959 2016 2105 2131 2191 2256 2314 2370 2396 2444 2494 2576 2611 2674 2717 2757 2841 2862 2962 2982
7 28 83 115 206 230 291 347 379 472 535 565 609 698 721 792 823 900 955 999 1066 1087 1186 1218 1247 1349 1394 1449 1478 1512 1597 1622 1678 1746 1815 1864 1941 1990 2004 2062 2115 2202 2232 2315 2333 2415 2447 2508 2581 2626 2669 2703 2803 2833 2897 2927 2984
7 28 83 124 203 267 290 370 381 449 486 565 641 670 709 809 829 887 930 1007 1047 1117 1160 1226 1291 1348 1358 1415 1501 1530 1579 1630 1678 1733 1814 1884 1919 1953 2022 2064 2144 2192 2264 2313 2364 2401 2465 2490 2540 2593 2686 2735 2769 2850 2907 2932 3003
7 28 83 151 169 255 304 370 411 446 491 544 609 676 704 795 820 872 929 997 1070 1122 1175 1241 1291 1327 1390 1449 1474 1530 1597 1639 1701 1728 1783 1886 1913 1968 2022 2065 2144 2212 2262 2279 2360 2412 2451 2490 2545 2626 2697 2703 2772 2835 2883 2964 2984
7 28 84 117 212 258 298 328 419 468 524 563 620 671 724 786 812 911 937 990 1040 1105 1145 1236 1243 1299 1387 1450 1484 1529 1600 1670 1685 1772 1797 1836 1903 1980 2005 2096 2152 2213 2231 2277 2327 2384 2452 2535 2570 2634 2679 2705 2794 2860 2896 2932 2990
7 28 84 134 200 248 291 328 383 472 530 550 609 660 734 804 860 900 961 980 1060 1086 1186 1217 1243 1349 1399 1413 1468 1529 1585 1622 1699 1766 1822 1852 1914 1991 2005 2073 2152 2163 2214 2314 2347 2395 2458 2535 2560 2607 2689 2742 2791 2820 2875 2943 3006
4 28 84 135 196 238 279 371 419 432 503 550 640 690 708 809 842 868 968 1020 1047 1123 1141 1207 1286 1348 1376 1430 1495 1550 1600 1640 1699 1729 1797 1871 1907 1989 2049 2078 2144 2191 2227 2277 2344 2388 2444 2491 2540 2597 2686 2741 2788 2811 2912 2932 2990
7 28 84 145 189 255 283 371 418 465 487 563 609 664 704 774 830 909 942 984 1075 1102 1137 1241 1286 1326 1383 1413 1485 1550 1585 1651 1685 1745 1787 1848 1932 1948 2049 2103 2144 2212 2251 2295 2365 2424 2440 2491 2544 2607 2670 2742 2754 2816 2883 2963 3006
7 28 85 119 181 264 272 360 400 454 525 585 641 699 727 763 826 910 944 1006 1064 1100 1176 1196 1269 1318 1402 1415 1493 1562 1579 1673 1690 1742 1788 1853 1890 1968 2032 2093 2115 2173 2219 2272 2353 2386 2472 2487 2583 2627 2695 2701 2773 2852 2900 2943 3001
4 28 85 160 198 234 308 370 411 481 514 585 620 653 718 791 837 872 937 1014 1045 1105 1154 1201 1257 1303 1387 1408 1460 1551 1595 1664 1690 1778 1783 1836 1938 1980 2001 2105 2131 2204 2237 2315 2363 2384 2442 2518 2569 2598 2697 2724 2772 2818 2904 2927 2984
4 28 86 113 198 225 307 369 396 452 514 586 620 701 719 778 853 900 967 1012 1060 1087 1134 1239 1256 1321 1388 1415 1481 1541 1605 1628 1699 1778 1823 1857 1922 1953 2001 2057 2122 2188 2250 2315 2364 2420 2442 2517 2586 2644 2659 2702 2771 2826 2863 2920 2985
4 28 87 140 168 256 297 333 402 468 503 563 639 669 707 805 829 910 957 1010 1032 1100 1184 1188 1271 1340 1360 1430 1461 1543 1588 1632 1711 1779 1795 1838 1898 1953 1999 2081 2154 2196 2253 2272 2366 2428 2461 2498 2556 2636 2663 2753 2796 2823 2885 2932 3020
4 28 88 113 184 255 320 371 429 465 521 586 603 660 754 781 831 900 935 1005 1034 1107 1165 1198 1242 1324 1362 1420 1487 1535 1585 1623 1701 1770 1789 1852 1908 1948 2039 2066 2152 2162 2215 2279 2370 2419 2483 2489 2576 2607 2685 2742 2799 2858 2882 2941 3002
7 28 89 140 179 216 288 371 399 455 529 563 630 679 710 763 862 910 932 973 1064 1093 1163 1212 1269 1346 1366 1408 1489 1515 1606 1626 1690 1755 1835 1855 1938 1989 2010 2066 2133 2181 2249 2279 2373 2418 2440 2534 2583 2597 2668 2736 2756 2848 2900 2925 3014
4 28 89 145 180 235 287 349 431 463 513 563 598 671 716 786 823 909 925 1021 1058 1132 1140 1227 1245 1297 1360 1440 1496 1539 1606 1671 1690 1771 1804 1836 1892 1990 2010 2097 2154 2202 2236 2277 2327 2397 2447 2534 2552 2628 2680 2705 2803 2833 2895 2927 3014
7 28 91 140 212 237 321 328 378 466 493 563 603 664 744 800 812 910 932 978 1038 1115 1147 1228 1292 1314 1380 1451 1489 1515 1591 1621 1720 1772 1802 1877 1895 1959 2037 2083 2117 2213 2238 2295 2340 2396 2452 2513 2565 2640 2656 2713 2806 2848 2898 2953 2978
4 28 92 119 162 218 318 328 408 485 511 586 620 654 742 786 820 909 961 977 1058 1121 1176 1203 1245 1330 1363 1413 1493 1562 1610 1642 1690 1736 1833 1854 1910 1968 2036 2093 2117 2212 2250 2305 2345 2393 2451 2513 2552 2614 2647 2749 2772 2835 2895 2964 2977
4 28 92 140 211 234 270 333 429 438 494 586 603 701 745 799 851 887 957 1005 1061 1090 1163 1214 1292 1301 1370 1430 1489 1515 1610 1643 1690 1753 1813 1838 1908 1989 2036 2066 2110 2177 2215 2315 2344 2428 2443 2513 2579 2641 2681 2722 2774 2823 2873 2953 2977
7 28 93 129 162 243 297 360 396 482 495 565 640 678 741 762 835 909 951 977 1075 1131 1169 1195 1263 1340 1367 1429 1500 1565 1598 1632 1685 1748 1823 1849 1922 1953 2050 2093 2122 2199 2250 2272 2345 2377 2438 2486 2556 2595 2663 2733 2767 2857 2907 2964 2985
7 28 93 134 207 245 292 369 396 445 539 550 618 676 725 794 828 900 929 979 1034 1120 1135 1193 1262 1345 1392 1450 1475 1522 1598 1653 1701 1749 1823 1886 1924 1959 2000 2104 2115 2166 2246 2272 2361 2412 2479 2536 2563 2625 2659 2703 2771 2852 2862 2964 2985
7 28 93 150 179 232 277 360 409 444 506 550 641 679 720 763 822 872 958 973 1070 1103 1182 1194 1263 1334 1350 1408 1480 1565 1580 1645 1701 1738 1785 1870 1921 1989 2050 2087 2122 2204 2228 2293 2373 2381 2457 2486 2577 2635 2674 2720 2804 2844 2912 2963 3004
7 28 94 113 176 264 321 369 428 466 517 576 603 650 727 808 826 910 967 1004 1046 1118 1147 1225 1242 1314 1357 1415 1487 1535 1608 1621 1678 1747 1794 1857 1919 1970 2034 2085 2154 2173 2217 2284 2362 2420 2472 2489 2548 2615 2673 2753 2798 2826 2869 2941 3007
7 28 94 114 192 259 290 370 399 459 486 576 618 651 718 789 859 911 956 986 1041 1105 1151 1201 1261 1348 1358 1420 1509 1542 1601 1630 1678 1751 1835 1864 1938 1989 2003 2053 2133 2179 2249 2277 2354 2414 2436 2520 2578 2604 2648 2750 2776 2853 2904 2927 3014
7 28 96 132 202 242 319 369 412 476 507 549 609 651 719 788 830 911 955 987 1040 1087 1150 1239 1275 1302 1394 1429 1470 1560 1601 1638 1685 1730 1787 1864 1922 1990 2051 2094 2133 2170 2234 2305 2355 2415 2482 2507 2568 2604 2670 2750 2754 2816 2863 2920 3012
7 28 96 157 163 219 295 371 412 460 534 550 618 675 735 766 840 909 935 1023 1078 1121 1172 1203 1244 1304 1363 1420 1502 1533 1601 1657 1683 1761 1787 1879 1910 1970 2021 2059 2153 2193 2246 2305 2339 2393 2444 2537 2558 2642 2646 2712 2778 2814 2902 2920 3012
7 28 96 160 175 246 282 370 428 451 534 549 630 671 709 762 827 909 937 1003 1075 1117 1148 1226 1263 1313 1374 1408 1497 1514 1606 1661 1685 1761 1794 1836 1919 1970 2021 2086 2154 2211 2217 2293 2352 2384 2431 2537 2556 2628 2690 2705 2782 2818 2907 2932 3007
4 28 97 122 207 258 293 347 394 473 492 544 639 676 724 794 812 911 950 979 1051 1094 1168 1221 1255 1296 1379 1450 1477 1553 1577 1625 1683 1777 1792 1839 1891 1959 2017 2084 2133 2213 2265 2279 2361 2408 2452 2501 2546 2629 2667 2750 2806 2848 2911 2953 2998
7 28 97 152 176 256 318 338 386 475 498 549 639 651 707 788 841 889 956 1011 1056 1088 1187 1188 1248 1330 1374 1450 1479 1561 1577 1642 1678 1769 1800 1864 1911 1968 2015 2054 2154 2196 2266 2305 2355 2414 2450 2503 2552 2629 2647 2750 2805 2815 2885 2927 2998
4 28 98 129 206 235 293 347 405 467 492 565 641 665 716 766 823 909 951 984 1078 1112 1174 1220 1244 1296 1379 1440 1500 1565 1572 1625 1683 1746 1819 1837 1893 1954 2047 2089 2110 2202 2264 2284 2349 2390 2447 2506 2558 2624 2654 2751 2780 2857 2902 2963 3010
7 28 98 147 185 217 313 328 415 449 504 565 630 683 736 797 842 874 932 972 1068 1093 1143 1236 1295 1308 1366 1451 1510 1514 1572 1647 1683 1734 1810 1855 1916 1989 2047 2073 2131 2174 2222 2314 2326 2418 2460 2506 2574 2643 2696 2732 2757 2841 2884 2932 3010
7 28 98 150 192 223 286 347 429 457 504 549 640 651 722 789 815 874 953 986 1065 1107 1182 1198 1244 1338 1393 1420 1480 1565 1604 1633 1701 1734 1813 1886 1908 1989 2047 2087 2110 2160 2215 2305 2354 2388 2454 2506 2553 2631 2666 2729 2790 2849 2914 2964 2977
7 28 102 126 182 256 298 333 379 468 523 555 620 650 737 796 833 911 967 982 1041 1087 1145 1218 1283 1299 1388 1449 1501 1528 1588 1670 1678 1736 1796 1857 1941 1953 2024 2080 2153 2165 2232 2305 2374 2420 2430 2497 2571 2636 2678 2753 2785 2814 2881 2941 3005
7 28 102 135 181 218 288 371 379 453 502 544 639 688 754 761 843 874 968 1002 1026 1107 1178 1198 1250 1302 1393 1430 1496 1549 1588 1669 1690 1769 1796 1871 1908 1990 2011 2059 2115 2200 2265 2305 2357 2388 2445 2510 2561 2645 2676 2743 2787 2811 2882 2941 3005
4 28 102 146 206 245 284 371 420 464 527 555 618 665 725 766 859 910 924 984 1046 1115 1137 1193 1250 1336 1369 1440 1485 1549 1599 1652 1678 1744 1835 1887 1930 1954 2011 2103 2115 2166 2251 2295 2349 2407 2449 2510 2590 2606 2648 2701 2776 2853 2862 2962 2993
4 28 102 151 201 247 270 333 431 462 494 544 618 699 735 787 860 872 944 1016 1045 1132 1139 1227 1283 1301 1370 1440 1476 1528 1599 1643 1690 1765 1824 1853 1892 1991 2024 2102 2153 2163 2236 2313 2328 2386 2458 2497 2573 2606 2687 2701 2791 2820 2876 2943 2993
7 28 105 122 200 227 319 333 411 476 530 544 609 668 738 756 813 911 957 997 1031 1133 1150 1230 1276 1302 1371 1430 1499 1531 1583 1638 1720 1766 1796 1888 1913 1980 2005 2065 2131 2210 2262 2314 2329 2378 2458 2516 2561 2620 2676 2710 2787 2841 2903 2925 2971
7 28 105 145 176 259 310 360 390 443 520 585 609 700 720 758 823 887 925 1004 1047 1103 1184 1194 1286 1339 1355 1430 1485 1550 1583 1655 1678 1747 1815 1856 1921 1954 2030 2055 2154 2177 2247 2277 2362 2376 2472 2491 2591 2620 2669 2710 2803 2833 2912 2963 2971
4 28 105 148 212 268 307 347 390 452 524 544 620 691 742 772 863 900 953 978 1067 1083 1134 1220 1261 1321 1377 1420 1463 1546 1583 1628 1720 1772 1815 1847 1923 1991 2005 2076 2117 2162 2245 2277 2340 2426 2452 2516 2551 2602 2694 2728 2777 2851 2876 2963 2971
4 28 106 152 194 227 311 360 378 476 500 549 618 649 738 790 838 889 924 1001 1048 1115 1152 1228 1295 1309 1369 1451 1507 1533 1575 1637 1720 1760 1790 1887 1895 1954 2038 2058 2122 2210 2238 2314 2335 2407 2433 2486 2586 2620 2672 2718 2793 2847 2905 2920 2991
7 28 106 157 181 240 273 360 394 470 519 585 598 653 750 797 826 874 923 1002 1068 1094 1172 1221 1295 1347 1381 1450 1502 1533 1586 1648 1683 1742 1809 1859 1891 1970 2038 2059 2122 2173 2265 2315 2357 2406 2472 2486 2574 2600 2658 2700 2798 2826 2884 2941 2980
7 29 55 161 175 257 289 329 391 439 508 589 594 671 740 762 858 897 925 1003 1050 1093 1173 1218 1286 1318 1388 1430 1485 1522 1600 1645 1707 1743 1824 1882 1940 1948 2049 2100 2109 2178 2225 2287 2351 2417 2475 2521 2547 2613 2663 2738 2806 2820 2906 2917 2998
4 29 59 153 197 240 310 328 422 451 532 545 597 690 742 770 851 913 966 974 1037 1133 1155 1215 1273 1309 1358 1405 1473 1526 1574 1658 1674 1764 1825 1888 1900 1962 2022 2104 2133 2167 2251 2302 2349 2388 2451 2514 2588 2614 2677 2717 2793 2825 2910 2949 2995
4 29 59 155 203 268 304 349 421 475 522 545 595 667 750 778 863 881 957 985 1042 1121 1148 1206 1256 1298 1370 1407 1469 1543 1574 1647 1674 1774 1826 1861 1927 1993 2022 2103 2110 2172 2246 2301 2361 2383 2438 2514 2589 2609 2682 2722 2764 2836 2908 2950 2995
7 29 60 117 178 238 308 327 394 478 505 541 598 675 731 770 834 864 953 1024 1037 1096 1141 1202 1289 1309 1372 1409 1511 1539 1586 1660 1723 1749 1819 1838 1935 1978 2024 2064 2133 2166 2262 2287 2364 2427 2439 2525 2588 2630 2677 2736 2798 2853 2894 2949 3013
7 29 60 139 201 218 286 349 415 459 507 541 599 694 738 764 825 897 946 985 1079 1104 1148 1232 1269 1348 1359 1408 1469 1559 1586 1662 1723 1747 1800 1859 1933 1944 2024 2103 2109 2211 2246 2301 2363 2382 2453 2525 2550 2628 2694 2738 2800 2822 2871 2935 3013
7 29 60 146 194 242 279 324 394 434 514 589 599 671 744 762 860 867 958 986 1035 1092 1185 1240 1263 1341 1403 1408 1480 1531 1586 1655 1675 1775 1819 1882 1938 1970 2038 2068 2141 2175 2259 2287 2351 2384 2441 2510 2562 2628 2690 2738 2786 2821 2878 2949 3013
7 29 61 127 191 260 304 324 426 468 522 545 643 695 745 767 819 896 942 986 1076 1121 1185 1225 1255 1323 1370 1437 1480 1550 1619 1622 1701 1751 1834 1875 1908 1945 2045 2068 2110 2185 2259 2287 2354 2383 2436 2526 2553 2602 2689 2729 2771 2829 2893 2919 2982
7 29 61 136 181 251 300 325 430 477 498 565 643 687 704 763 825 868 949 993 1046 1095 1157 1214 1278 1334 1400 1437 1464 1535 1619 1663 1679 1766 1830 1883 1932 1944 2039 2061 2140 2211 2231 2271 2347 2387 2453 2530 2580 2602 2664 2729 2800 2822 2897 2935 2982
7 29 62 114 173 229 284 328 422 464 528 541 594 694 717 797 827 913 937 1025 1064 1082 1181 1239 1261 1347 1376 1409 1497 1537 1571 1631 1677 1780 1825 1872 1925 1970 2015 2081 2125 2206 2224 2301 2329 2411 2478 2506 2551 2622 2677 2724 2793 2850 2884 2950 2995
7 29 62 129 176 252 281 341 421 478 538 541 599 680 722 803 812 889 933 1022 1065 1098 1174 1229 1266 1349 1398 1404 1496 1531 1571 1628 1677 1770 1826 1849 1927 1993 2015 2065 2110 2196 2246 2302 2332 2421 2457 2506 2566 2616 2656 2730 2791 2859 2868 2949 2995
7 29 62 146 211 225 297 341 406 468 528 543 626 685 730 798 818 913 930 1017 1033 1091 1185 1235 1266 1331 1364 1437 1480 1531 1590 1622 1675 1780 1805 1867 1923 1970 2015 2068 2110 2213 2228 2268 2339 2426 2442 2506 2558 2637 2683 2744 2801 2849 2902 2921 2976
4 29 63 114 203 221 322 356 429 440 497 541 620 679 731 806 847 913 959 1010 1037 1125 1154 1202 1289 1339 1398 1423 1483 1551 1610 1637 1674 1736 1784 1873 1906 1978 2051 2072 2110 2184 2237 2273 2334 2394 2476 2513 2553 2617 2673 2744 2790 2828 2894 2919 3007
4 29 63 154 172 231 295 357 421 454 525 541 599 675 747 799 839 896 954 1022 1078 1121 1172 1206 1254 1318 1357 1407 1498 1520 1601 1639 1674 1775 1806 1870 1927 1948 2027 2065 2155 2174 2246 2287 2336 2397 2462 2537 2554 2643 2655 2702 2760 2831 2911 2943 3016
7 29 66 119 181 266 272 373 384 446 537 543 595 687 733 763 850 881 971 993 1067 1124 1176 1231 1260 1331 1385 1437 1510 1560 1597 1647 1707 1750 1805 1864 1915 1944 2014 2069 2111 2173 2223 2295 2347 2386 2469 2529 2558 2603 2683 2748 2801 2816 2900 2920 3000
7 29 66 145 164 243 289 329 400 472 508 543 627 662 755 799 854 864 948 1006 1078 1120 1140 1196 1290 1318 1388 1405 1499 1529 1597 1645 1707 1779 1788 1886 1936 1962 2014 2073 2155 2170 2252 2272 2349 2389 2466 2529 2554 2639 2655 2711 2779 2852 2873 2943 3000
7 29 66 149 201 224 305 329 387 456 537 572 620 694 718 764 835 881 937 985 1038 1107 1177 1230 1290 1306 1352 1408 1495 1529 1594 1664 1677 1750 1829 1872 1905 1944 2014 2084 2155 2182 2264 2269 2363 2411 2450 2529 2591 2598 2674 2724 2794 2815 2914 2950 3003
7 29 68 118 173 236 311 356 413 457 503 540 595 688 711 802 852 913 968 1025 1049 1123 1173 1211 1270 1317 1387 1430 1505 1543 1588 1627 1693 1776 1784 1848 1934 1949 2044 2081 2109 2177 2224 2272 2329 2407 2482 2498 2575 2612 2681 2739 2782 2823 2867 2950 3022
4 29 68 130 215 225 307 327 396 477 503 558 598 675 730 770 818 913 954 989 1037 1087 1157 1227 1273 1327 1391 1437 1464 1540 1617 1663 1674 1776 1820 1870 1916 1949 2044 2061 2140 2213 2236 2269 2364 2397 2442 2498 2588 2629 2659 2702 2795 2855 2910 2943 2993
4 29 68 149 167 256 280 373 413 444 518 558 620 669 710 772 847 896 924 996 1078 1108 1164 1241 1290 1311 1397 1405 1495 1529 1588 1670 1674 1757 1784 1861 1900 1947 2012 2096 2111 2207 2258 2272 2330 2416 2454 2529 2581 2632 2673 2720 2790 2828 2873 2950 3022
7 29 69 129 185 226 313 328 388 482 510 565 599 683 749 776 824 865 969 1018 1033 1090 1146 1215 1266 1334 1394 1437 1496 1531 1608 1650 1723 1734 1830 1838 1943 1947 2007 2093 2125 2193 2222 2268 2359 2412 2459 2506 2580 2607 2664 2728 2800 2824 2902 2949 3023
7 29 69 130 184 266 309 327 426 442 511 589 599 650 733 792 850 881 954 988 1070 1121 1165 1225 1265 1324 1357 1437 1486 1518 1608 1667 1701 1747 1794 1870 1908 1948 2020 2066 2107 2173 2259 2301 2373 2397 2469 2493 2548 2607 2699 2728 2762 2855 2906 2916 3023
7 29 69 152 201 261 276 325 391 449 511 565 626 656 715 802 861 881 927 985 1049 1127 1171 1219 1248 1317 1389 1404 1501 1536 1618 1661 1723 1747 1809 1889 1901 1948 2020 2084 2109 2176 2264 2273 2363 2404 2453 2493 2575 2640 2681 2712 2756 2844 2891 2950 3014
7 29 70 152 187 247 306 327 430 461 506 565 643 670 713 795 838 881 953 993 1039 1107 1139 1203 1272 1343 1384 1409 1482 1555 1611 1643 1708 1735 1794 1887 1932 1977 2040 2061 2106 2208 2231 2269 2341 2378 2470 2523 2579 2606 2654 2716 2807 2818 2913 2920 3020
7 29 70 158 199 267 295 324 388 454 493 565 599 677 738 762 837 896 928 1018 1050 1108 1172 1198 1285 1318 1389 1453 1470 1542 1611 1639 1708 1748 1834 1868 1943 1962 2040 2093 2109 2162 2222 2272 2345 2423 2465 2523 2547 2608 2663 2714 2797 2823 2907 2917 3020
7 29 72 138 175 268 272 373 417 475 537 545 612 654 714 779 827 865 961 1003 1072 1090 1148 1241 1282 1331 1385 1408 1508 1525 1587 1647 1707 1743 1789 1860 1919 1970 2021 2063 2109 2209 2261 2268 2351 2420 2475 2524 2575 2609 2667 2709 2796 2846 2869 2950 2996
7 29 72 153 209 243 320 349 385 479 498 545 594 668 712 791 822 913 934 995 1028 1123 1165 1232 1293 1311 1380 1437 1471 1527 1591 1631 1707 1768 1799 1877 1915 1947 2037 2082 2107 2213 2220 2272 2359 2414 2438 2507 2565 2633 2689 2707 2806 2857 2898 2935 2992
7 29 72 154 208 263 305 327 393 460 537 572 594 689 713 794 839 865 954 1020 1057 1107 1187 1203 1255 1341 1352 1437 1466 1552 1591 1630 1679 1743 1791 1856 1932 1970 2021 2064 2155 2193 2266 2287 2339 2411 2444 2524 2582 2633 2671 2707 2760 2831 2913 2920 2992
7 29 73 113 214 243 284 327 394 479 513 545 643 667 755 795 854 864 926 988 1066 1132 1165 1200 1288 1347 1392 1405 1486 1535 1572 1631 1678 1730 1819 1857 1938 1970 2034 2066 2141 2170 2259 2301 2344 2393 2466 2522 2551 2633 2677 2726 2798 2832 2869 2935 3013
7 29 73 115 176 236 321 357 415 451 488 545 595 695 711 788 862 889 971 1022 1055 1124 1172 1211 1264 1312 1385 1453 1498 1558 1572 1642 1678 1755 1800 1864 1933 1944 2034 2065 2109 2177 2246 2287 2332 2386 2473 2522 2552 2618 2692 2740 2803 2820 2867 2949 3013
7 29 73 159 167 263 277 349 415 460 532 544 643 669 713 772 824 897 939 996 1068 1093 1143 1238 1268 1308 1390 1405 1493 1514 1572 1673 1679 1751 1800 1855 1922 1947 2035 2097 2106 2193 2257 2287 2330 2415 2459 2520 2590 2633 2694 2726 2800 2824 2876 2949 3013
7 29 74 130 176 267 318 325 417 447 538 558 599 660 738 787 845 913 964 983 1069 1133 1147 1198 1265 1314 1362 1436 1486 1518 1585 1665 1678 1770 1789 1876 1919 1970 2015 2085 2109 2162 2261 2302 2372 2384 2457 2493 2576 2615 2688 2739 2775 2845 2907 2916 2996
7 29 74 151 189 263 281 327 399 460 538 544 627 668 734 793 860 913 955 974 1049 1125 1143 1202 1248 1304 1398 1404 1502 1536 1591 1673 1693 1770 1820 1877 1906 1970 2015 2089 2107 2171 2265 2273 2357 2394 2445 2493 2584 2633 2687 2707 2767 2839 2891 2949 2990
7 29 75 114 213 260 277 329 390 441 526 541 627 675 726 799 848 913 937 983 1043 1103 1161 1194 1263 1308 1396 1408 1497 1537 1617 1673 1701 1740 1827 1870 1920 1947 2037 2100 2140 2204 2247 2287 2336 2413 2461 2504 2590 2629 2694 2702 2772 2850 2870 2916 2986
7 29 75 115 170 242 276 373 390 467 511 565 598 692 716 800 862 869 971 978 1057 1127 1170 1199 1255 1338 1389 1437 1504 1552 1617 1640 1675 1749 1827 1845 1923 1977 2018 2076 2109 2203 2244 2287 2346 2404 2447 2524 2576 2594 2664 2737 2803 2820 2913 2916 2986
7 29 75 138 178 244 309 327 380 464 511 541 612 696 725 768 834 869 955 1014 1034 1100 1144 1224 1282 1324 1357 1404 1508 1525 1581 1667 1701 1749 1817 1853 1924 1977 2018 2067 2155 2166 2242 2272 2374 2418 2439 2524 2591 2606 2656 2746 2799 2852 2909 2950 3022
7 29 75 147 209 264 300 329 380 449 498 565 594 677 754 762 863 867 965 1008 1035 1095 1175 1230 1263 1340 1400 1423 1465 1537 1581 1657 1675 1768 1817 1868 1918 1993 2037 2073 2140 2172 2250 2272 2345 2387 2438 2504 2562 2638 2691 2714 2764 2836 2878 2950 3022
7 29 76 151 177 227 317 329 412 485 518 589 626 686 754 775 827 868 948 1023 1047 1095 1143 1230 1251 1336 1361 1405 1502 1536 1612 1648 1693 1741 1802 1848 1918 1970 2028 2089 2106 2209 2216 2271 2344 2426 2475 2490 2563 2600 2653 2741 2796 2846 2878 2950 3008
7 29 76 153 183 242 314 349 418 434 510 589 597 655 716 796 862 869 934 991 1073 1111 1185 1238 1273 1306 1393 1437 1473 1526 1602 1655 1693 1737 1790 1877 1903 1944 2004 2075 2110 2203 2254 2269 2347 2414 2447 2514 2566 2628 2699 2721 2766 2857 2872 2949 3018
7 29 77 120 164 229 298 328 393 464 495 573 599 684 747 776 832 881 958 999 1067 1092 1144 1236 1279 1336 1403 1404 1508 1542 1571 1667 1707 1763 1803 1882 1942 1970 2043 2067 2155 2176 2256 2271 2357 2384 2481 2528 2545 2622 2672 2724 2774 2847 2879 2917 2979
7 29 77 149 214 258 323 373 406 484 495 572 597 667 716 795 845 881 924 988 1039 1127 1182 1199 1272 1304 1377 1405 1475 1549 1574 1632 1708 1763 1805 1861 1923 1970 2043 2098 2110 2188 2228 2273 2344 2416 2432 2528 2579 2609 2693 2722 2792 2828 2913 2916 2976
4 29 78 139 197 256 307 327 393 444 527 573 599 699 710 792 833 865 931 999 1036 1128 1184 1200 1269 1340 1367 1436 1469 1559 1585 1650 1674 1748 1791 1851 1942 1993 2005 2067 2133 2207 2256 2272 2323 2421 2467 2525 2583 2632 2671 2723 2760 2837 2915 2935 2992
4 29 78 161 200 231 304 349 385 483 506 573 626 660 715 806 858 913 925 1015 1037 1103 1169 1216 1289 1323 1386 1409 1468 1539 1585 1622 1674 1769 1799 1876 1896 1945 2005 2097 2109 2206 2239 2287 2353 2422 2448 2525 2553 2615 2689 2739 2806 2820 2894 2920 2992
7 29 80 139 183 260 281 327 397 441 538 541 643 670 745 795 816 897 931 997 1039 1098 1161 1225 1292 1304 1398 1436 1505 1523 1568 1673 1693 1744 1818 1851 1931 1949 2041 2092 2110 2185 2221 2295 2341 2421 2439 2499 2579 2629 2693 2751 2778 2837 2893 2916 3006
7 29 82 124 203 243 290 329 392 472 522 565 595 698 712 787 822 913 960 1010 1069 1082 1158 1223 1265 1338 1384 1437 1479 1521 1597 1627 1678 1774 1827 1850 1941 1962 2022 2072 2106 2213 2237 2301 2334 2403 2438 2490 2576 2639 2664 2711 2803 2860 2907 2919 2984
7 29 82 152 182 230 310 324 423 482 532 565 627 687 744 781 812 881 927 1013 1047 1092 1164 1240 1251 1335 1358 1405 1501 1536 1597 1633 1678 1764 1798 1864 1938 1993 2022 2090 2111 2188 2232 2271 2328 2429 2465 2490 2557 2603 2669 2748 2805 2844 2878 2949 2984
7 29 85 114 205 267 282 341 384 454 536 541 597 696 738 768 845 913 959 989 1079 1123 1153 1232 1269 1337 1380 1436 1483 1551 1579 1658 1708 1742 1805 1853 1915 1944 2009 2074 2111 2162 2223 2272 2374 2414 2457 2531 2546 2608 2693 2746 2792 2828 2871 2943 3000
7 29 85 161 189 224 300 329 392 456 536 573 598 684 723 776 862 913 925 974 1033 1118 1178 1208 1281 1334 1363 1430 1468 1539 1594 1663 1675 1742 1827 1882 1913 1944 2009 2089 2125 2177 2265 2271 2357 2417 2473 2531 2580 2598 2664 2724 2803 2820 2887 2949 2984
4 29 88 115 187 226 307 327 429 482 527 565 595 664 734 765 838 869 929 991 1032 1125 1146 1202 1264 1340 1367 1423 1498 1558 1593 1650 1674 1735 1817 1888 1906 1948 2019 2091 2141 2208 2237 2317 2343 2424 2470 2522 2562 2607 2691 2743 2764 2861 2891 2949 2972
4 29 88 125 203 225 275 329 391 477 509 565 626 670 730 775 822 897 963 985 1051 1112 1177 1235 1249 1305 1378 1453 1495 1553 1568 1644 1674 1774 1824 1851 1901 1947 2035 2084 2110 2213 2264 2269 2361 2390 2438 2505 2559 2629 2663 2751 2806 2857 2902 2935 2998
4 29 88 136 200 268 295 357 413 448 493 565 612 698 714 769 855 868 949 1015 1066 1108 1142 1241 1288 1316 1389 1405 1464 1535 1593 1641 1674 1769 1833 1846 1900 1949 2019 2077 2109 2209 2258 2301 2353 2423 2448 2522 2577 2636 2669 2715 2770 2822 2869 2966 2972
7 29 88 145 191 232 277 329 429 484 532 540 612 659 723 803 834 867 948 986 1065 1118 1182 1208 1249 1349 1390 1405 1475 1553 1593 1632 1701 1751 1817 1886 1913 1978 2035 2098 2110 2169 2230 2317 2354 2389 2436 2505 2566 2636 2656 2715 2799 2852 2887 2949 2972
4 29 88 147 167 231 310 328 420 454 532 565 643 692 747 800 842 867 945 981 1063 1092 1153 1236 1283 1309 1358 1436 1483 1519 1568 1658 1674 1751 1797 1845 1942 1978 2035 2074 2111 2174 2231 2287 2346 2429 2459 2505 2569 2643 2696 2737 2765 2856 2879 2917 2998
7 29 90 132 176 227 305 329 406 485 488 573 595 660 750 787 826 864 936 983 1063 1096 1161 1233 1283 1341 1401 1436 1497 1519 1612 1630 1677 1755 1788 1874 1904 1970 2034 2100 2110 2212 2247 2287 2372 2399 2473 2505 2582 2600 2671 2741 2763 2829 2879 2966 2994
7 29 90 147 214 239 312 329 418 440 513 543 643 661 745 801 820 889 965 994 1044 1130 1154 1218 1283 1348 1364 1423 1483 1519 1589 1637 1708 1730 1790 1868 1903 1944 2034 2072 2110 2205 2254 2301 2337 2387 2466 2505 2586 2598 2658 2730 2807 2836 2900 2917 3018
7 29 91 123 199 230 309 349 401 442 493 540 599 688 744 764 812 881 939 995 1038 1101 1165 1205 1290 1324 1374 1405 1471 1557 1596 1667 1677 1748 1826 1874 1899 1977 2040 2082 2141 2188 2220 2272 2368 2396 2465 2502 2591 2642 2656 2713 2791 2859 2914 2966 3015
4 29 91 144 177 226 322 356 422 446 534 543 599 686 749 775 839 897 964 1023 1051 1133 1160 1215 1249 1313 1362 1405 1492 1532 1596 1662 1674 1773 1806 1876 1900 1970 2016 2054 2125 2193 2251 2317 2344 2384 2444 2527 2559 2642 2655 2713 2760 2831 2902 2920 3015
7 29 93 125 170 230 308 373 386 482 505 565 612 677 729 779 862 897 963 996 1062 1131 1164 1190 1262 1337 1372 1409 1495 1553 1613 1633 1677 1749 1835 1849 1925 1944 2024 2096 2107 2203 2258 2272 2327 2392 2447 2491 2584 2603 2654 2733 2766 2857 2897 2949 2999
7 29 93 146 197 244 287 357 386 445 527 543 599 662 708 799 856 913 930 974 1043 1123 1149 1211 1263 1345 1387 1423 1480 1531 1613 1665 1701 1748 1835 1886 1934 1945 2005 2104 2106 2184 2251 2272 2349 2407 2467 2510 2590 2625 2658 2711 2762 2849 2870 2949 2999
7 29 94 117 191 236 290 329 428 457 522 540 643 663 718 801 834 865 953 1003 1074 1107 1173 1230 1254 1338 1384 1407 1485 1565 1604 1627 1678 1751 1813 1887 1905 1977 2045 2100 2133 2169 2225 2287 2335 2378 2436 2492 2555 2612 2684 2723 2798 2853 2914 2950 2983
4 29 94 128 215 231 279 325 428 483 539 544 597 669 715 765 827 869 924 1014 1032 1127 1136 1219 1264 1341 1377 1453 1492 1548 1604 1655 1674 1739 1813 1861 1901 1970 2006 2080 2140 2206 2229 2287 2338 2416 2478 2530 2562 2615 2690 2720 2793 2850 2891 2950 2983
7 29 95 120 215 243 283 327 412 479 531 558 595 669 712 765 818 897 956 1014 1050 1131 1144 1223 1285 1325 1365 1453 1508 1542 1572 1651 1707 1776 1818 1855 1892 1970 2016 2067 2106 2213 2242 2272 2338 2399 2442 2523 2544 2633 2670 2726 2801 2849 2907 2921 2991
7 29 95 121 207 236 282 357 412 451 517 572 643 676 718 809 816 867 949 1007 1038 1095 1155 1230 1290 1337 1400 1405 1473 1557 1572 1658 1693 1771 1818 1883 1918 1944 2036 2104 2133 2169 2216 2272 2331 2387 2455 2502 2546 2618 2693 2740 2778 2837 2914 2921 2991
7 29 95 152 175 235 322 324 414 453 534 558 643 695 741 767 861 889 927 1000 1076 1088 1142 1228 1272 1339 1362 1405 1482 1555 1572 1637 1707 1773 1816 1864 1936 1978 2016 2058 2109 2183 2238 2273 2354 2429 2446 2523 2553 2618 2673 2740 2756 2844 2874 2920 2991
7 29 96 120 182 221 305 327 426 456 488 573 620 673 731 796 856 881 956 1013 1073 1096 1177 1202 1253 1306 1401 1453 1488 1562 1582 1664 1679 1762 1794 1855 1935 1945 2026 2090 2110 2184 2232 2268 2328 2399 2467 2499 2566 2601 2699 2722 2762 2849 2894 2949 3023
7 29 99 130 198 258 289 356 415 448 508 589 598 701 716 784 845 881 964 1016 1073 1093 1142 1238 1273 1321 1388 1405 1464 1540 1614 1641 1679 1779 1823 1843 1922 1944 2014 2077 2109 2188 2257 2302 2331 2417 2432 2498 2578 2644 2653 2712 2775 2845 2872 2943 2988
7 29 99 155 164 259 308 327 430 463 508 545 627 668 726 793 820 881 957 999 1049 1101 1184 1197 1270 1337 1369 1430 1469 1543 1583 1633 1723 1779 1794 1842 1907 1944 2014 2067 2140 2205 2256 2272 2357 2401 2466 2498 2584 2631 2654 2742 2807 2836 2867 2917 3020
7 29 100 117 181 229 320 349 397 464 498 541 643 657 747 772 861 864 962 997 1078 1117 1181 1206 1254 1311 1380 1423 1485 1565 1589 1631 1707 1766 1816 1860 1931 1948 2039 2092 2111 2176 2221 2271 2343 2419 2453 2492 2581 2622 2673 2706 2756 2844 2911 2950 3008
7 29 100 129 215 257 298 328 384 439 539 541 597 675 740 770 855 889 969 989 1076 1124 1158 1231 1255 1344 1360 1437 1477 1550 1602 1659 1707 1739 1811 1838 1915 1949 2006 2074 2106 2178 2223 2287 2364 2412 2478 2526 2549 2613 2678 2736 2768 2824 2893 2966 2994
7 29 100 138 190 218 322 324 406 459 497 541 627 655 753 781 854 869 955 1019 1045 1125 1148 1204 1280 1313 1398 1407 1508 1525 1602 1662 1707 1781 1788 1877 1904 1970 2006 2063 2110 2197 2247 2317 2362 2394 2440 2526 2559 2628 2655 2721 2779 2852 2884 2935 2994
7 29 100 156 213 239 289 329 412 440 524 541 612 680 746 803 848 868 963 987 1054 1131 1150 1223 1295 1321 1372 1453 1510 1524 1589 1641 1707 1740 1802 1849 1892 1944 2039 2095 2133 2204 2242 2302 2332 2392 2461 2492 2578 2598 2653 2730 2796 2825 2871 2919 3008
7 29 102 134 203 244 298 356 415 464 539 541 599 670 708 775 847 881 920 985 1047 1124 1144 1211 1259 1336 1360 1453 1472 1554 1611 1667 1678 1736 1823 1887 1933 1947 2010 2103 2106 2184 2246 2295 2361 2412 2476 2536 2563 2606 2653 2716 2775 2843 2870 2950 2988
7 29 102 135 170 237 297 341 415 483 528 544 643 677 741 779 835 896 965 996 1072 1130 1169 1201 1250 1331 1364 1409 1468 1565 1611 1622 1675 1744 1823 1868 1922 1944 2050 2097 2109 2180 2257 2295 2327 2387 2452 2496 2575 2608 2667 2714 2761 2848 2903 2950 2988
7 29 102 154 183 259 284 327 392 463 528 541 620 655 746 796 816 896 954 991 1054 1082 1146 1223 1295 1307 1376 1437 1498 1520 1583 1670 1678 1744 1796 1856 1941 1944 2050 2091 2125 2185 2237 2317 2347 2411 2439 2496 2585 2631 2678 2742 2784 2831 2871 2921 3017
7 29 104 129 186 243 311 341 420 472 523 565 643 677 755 779 846 865 933 981 1072 1128 1158 1200 1282 1317 1367 1404 1477 1550 1576 1627 1707 1771 1809 1849 1942 1949 2030 2074 2141 2170 2231 2272 2327 2421 2474 2497 2575 2639 2681 2733 2756 2859 2869 2919 2985
7 29 104 152 209 268 289 329 409 448 524 565 598 683 750 776 863 881 953 995 1067 1096 1142 1233 1279 1321 1372 1407 1482 1555 1580 1641 1707 1768 1829 1838 1904 1978 2011 2058 2107 2172 2244 2268 2359 2427 2438 2516 2545 2636 2686 2728 2783 2818 2879 2966 2981
7 29 105 151 199 240 312 329 390 453 513 544 620 688 742 764 851 913 948 995 1079 1091 1142 1235 1252 1348 1364 1405 1482 1556 1588 1637 1708 1762 1827 1848 1923 1977 2000 2058 2109 2167 2244 2268 2368 2426 2451 2521 2550 2612 2694 2739 2772 2846 2890 2935 2986
4 29 106 121 203 250 279 325 398 434 539 572 599 698 722 787 833 867 949 1010 1063 1119 1185 1195 1260 1341 1377 1437 1473 1557 1608 1655 1674 1736 1791 1846 1916 1962 2010 2075 2110 2198 2234 2295 2334 2423 2476 2532 2582 2620 2671 2715 2760 2837 2904 2966 2987
7 29 106 123 190 239 316 325 391 438 494 540 643 673 745 763 846 881 939 1019 1067 1093 1162 1218 1260 1333 1390 1430 1471 1557 1582 1643 1707 1781 1809 1855 1940 1947 2010 2085 2110 2205 2225 2302 2362 2415 2440 2532 2558 2601 2681 2722 2756 2859 2900 2921 3014
4 29 106 135 177 221 307 327 404 456 503 572 643 667 725 795 842 868 957 1023 1066 1100 1178 1224 1250 1327 1391 1430 1468 1565 1582 1663 1674 1773 1797 1861 1924 1945 2046 2089 2125 2190 2216 2273 2344 2383 2444 2496 2551 2601 2696 2722 2765 2856 2909 2950 3014
7 29 106 148 175 218 311 341 385 467 503 540 599 659 738 803 832 868 930 1000 1054 1123 1170 1232 1295 1303 1387 1437 1504 1520 1608 1640 1707 1773 1803 1886 1915 1945 2046 2076 2109 2211 2220 2317 2354 2407 2446 2496 2578 2620 2672 2715 2774 2847 2871 2943 2987
7 30 54 119 212 244 282 337 402 451 516 580 638 671 753 758 855 880 949 992 1040 1114 1180 1235 1252 1329 1400 1405 1497 1518 1574 1646 1685 1765 1834 1878 1918 1985 2042 2069 2145 2167 2267 2293 2370 2395 2434 2487 2546 2628 2669 2716 2783 2829 2899 2921 3007
7 30 54 121 165 269 320 362 412 459 516 550 618 676 718 777 858 880 925 979 1038 1106 1181 1234 1248 1315 1363 1409 1494 1522 1601 1653 1715 1765 1798 1858 1910 1985 2042 2104 2121 2181 2244 2312 2367 2409 2479 2487 2570 2618 2689 2752 2778 2810 2902 2917 2979
7 30 54 158 202 243 283 340 412 454 495 580 599 701 747 776 842 902 951 1018 1075 1131 1166 1195 1279 1298 1386 1429 1470 1541 1601 1628 1685 1734 1798 1863 1920 1958 2001 2079 2148 2182 2234 2312 2338 2423 2442 2528 2586 2644 2670 2726 2797 2826 2865 2917 2979
7 30 55 116 165 228 286 347 414 458 506 584 632 676 752 777 853 865 953 979 1058 1107 1153 1221 1284 1336 1403 1409 1492 1527 1573 1666 1689 1777 1792 1888 1937 1985 2046 2082 2147 2191 2265 2279 2367 2401 2468 2508 2550 2626 2652 2723 2757 2808 2880 2934 2984
7 30 55 124 180 243 278 325 414 484 501 554 599 660 747 786 822 887 964 1005 1063 1109 1158 1195 1291 1296 1384 1442 1511 1532 1573 1655 1719 1770 1792 1862 1941 1984 2022 2080 2148 2182 2261 2279 2372 2396 2462 2532 2582 2615 2649 2734 2760 2848 2865 2934 2984
4 30 56 120 177 267 295 365 388 479 521 554 595 650 709 804 829 874 950 1014 1075 1108 1167 1233 1279 1349 1402 1429 1508 1541 1575 1647 1713 1737 1821 1843 1912 1984 1998 2071 2124 2190 2247 2312 2345 2399 2465 2528 2558 2630 2663 2714 2801 2834 2865 2921 2976
7 30 56 123 174 263 274 364 417 483 523 578 595 656 729 778 828 880 940 998 1078 1100 1162 1241 1277 1342 1399 1429 1492 1521 1575 1627 1689 1758 1794 1838 1907 1985 2042 2072 2117 2195 2260 2273 2355 2424 2480 2484 2566 2630 2668 2714 2787 2851 2887 2961 2976
4 30 56 157 197 247 322 340 414 453 521 578 638 694 720 782 833 874 937 1000 1039 1107 1179 1221 1271 1319 1374 1409 1462 1549 1571 1648 1689 1737 1796 1852 1937 1984 1998 2059 2148 2203 2265 2269 2341 2429 2446 2528 2571 2604 2654 2740 2756 2857 2913 2941 2980
7 30 56 160 213 262 319 333 414 448 523 554 599 680 721 799 843 880 945 1005 1042 1087 1187 1216 1251 1345 1354 1448 1483 1547 1571 1640 1713 1758 1796 1857 1941 1985 2042 2080 2147 2187 2261 2269 2340 2421 2443 2484 2561 2633 2648 2712 2762 2830 2897 2941 2980
7 30 57 108 178 263 272 368 398 469 534 580 611 667 736 782 835 874 926 1011 1039 1122 1143 1207 1271 1304 1373 1405 1461 1555 1572 1634 1689 1748 1810 1870 1923 1982 2047 2058 2131 2188 2226 2273 2368 2392 2483 2523 2571 2643 2669 2730 2806 2844 2913 2958 3017
4 30 57 158 164 250 286 347 405 451 506 580 595 684 711 766 852 902 951 980 1029 1105 1159 1223 1285 1336 1403 1422 1470 1541 1572 1666 1689 1776 1803 1883 1942 1954 2047 2086 2151 2176 2237 2309 2335 2403 2454 2523 2544 2622 2658 2751 2787 2826 2862 2921 3017
7 30 57 161 174 247 273 362 406 443 529 580 599 670 744 764 844 908 942 998 1028 1089 1173 1204 1290 1306 1350 1445 1474 1532 1611 1626 1689 1758 1833 1888 1924 1968 2036 2099 2117 2179 2234 2269 2355 2412 2480 2533 2552 2614 2683 2729 2802 2835 2885 2934 2977
7 30 59 128 190 267 288 365 378 479 518 545 618 656 731 789 814 880 966 1024 1052 1096 1160 1222 1288 1347 1392 1405 1511 1528 1575 1653 1719 1749 1825 1838 1899 1984 2010 2078 2117 2167 2251 2307 2344 2400 2475 2525 2551 2630 2676 2714 2793 2858 2881 2931 2973
7 30 60 121 170 247 316 362 415 443 505 557 635 700 720 781 833 874 925 972 1053 1093 1139 1238 1289 1313 1375 1409 1468 1548 1611 1659 1675 1762 1831 1858 1921 1968 2028 2055 2151 2203 2257 2283 2358 2409 2446 2535 2591 2614 2667 2729 2803 2810 2896 2957 2974
7 30 60 134 177 259 296 368 398 462 505 541 608 696 705 758 846 874 971 1014 1040 1119 1184 1194 1278 1329 1396 1444 1491 1559 1570 1633 1692 1762 1810 1856 1902 1968 2028 2071 2145 2160 2247 2309 2345 2393 2439 2535 2546 2631 2669 2749 2806 2833 2871 2921 3017
7 30 61 143 209 267 320 364 426 479 498 545 611 654 709 768 845 887 918 989 1047 1117 1160 1192 1269 1315 1379 1415 1483 1564 1579 1653 1713 1754 1805 1839 1939 1985 2032 2105 2107 2190 2235 2312 2362 2419 2450 2507 2570 2630 2689 2710 2770 2817 2908 2931 2972
4 30 63 114 185 232 302 365 378 478 494 541 638 680 755 774 859 880 963 988 1060 1132 1153 1212 1289 1309 1372 1409 1486 1563 1571 1646 1699 1730 1825 1857 1925 1954 2012 2088 2147 2181 2223 2283 2364 2404 2478 2522 2588 2633 2676 2712 2793 2812 2889 2955 2973
4 30 63 134 195 236 293 364 421 464 488 541 599 694 747 775 862 874 971 985 1055 1129 1152 1192 1293 1312 1398 1448 1491 1559 1571 1662 1699 1736 1782 1852 1927 1961 2012 2103 2148 2189 2245 2307 2348 2397 2453 2522 2573 2604 2655 2740 2791 2833 2868 2931 2973
4 30 65 121 181 266 323 368 423 466 502 557 595 663 732 765 843 874 920 1000 1026 1129 1181 1225 1245 1321 1370 1419 1494 1522 1597 1647 1715 1774 1810 1859 1894 1985 2038 2104 2111 2173 2221 2307 2357 2424 2456 2490 2574 2611 2698 2743 2777 2816 2906 2941 2992
7 30 65 128 199 237 270 333 395 484 489 557 618 655 735 785 812 869 967 1019 1045 1110 1158 1201 1288 1305 1393 1442 1511 1528 1587 1655 1715 1738 1824 1840 1940 1988 2004 2080 2148 2168 2249 2269 2373 2414 2444 2525 2573 2621 2662 2746 2778 2857 2888 2931 3003
4 30 65 144 182 268 296 368 420 454 532 580 618 652 738 794 837 905 969 1020 1069 1115 1141 1197 1245 1309 1369 1442 1471 1522 1587 1652 1692 1744 1801 1842 1906 1954 2038 2054 2111 2186 2238 2283 2371 2405 2483 2490 2568 2621 2696 2746 2789 2856 2862 2917 3003
4 30 65 161 206 231 283 333 423 455 495 580 608 698 737 769 846 908 944 1009 1052 1131 1182 1216 1288 1304 1386 1405 1478 1528 1597 1622 1692 1731 1810 1869 1897 1949 2004 2102 2148 2169 2218 2307 2352 2423 2430 2525 2571 2636 2669 2719 2806 2833 2881 2941 2992
7 30 66 134 173 241 313 365 400 444 489 550 599 676 721 801 826 865 942 1003 1033 1089 1184 1222 1293 1334 1350 1442 1491 1559 1573 1649 1692 1734 1830 1888 1906 1968 2008 2071 2147 2207 2256 2312 2343 2412 2470 2522 2542 2626 2695 2723 2775 2861 2891 2931 2972
4 30 66 136 206 268 281 364 426 460 492 550 632 660 727 806 819 887 936 1009 1060 1097 1179 1241 1289 1328 1389 1409 1465 1563 1573 1641 1692 1731 1805 1862 1911 1945 2008 2056 2148 2197 2263 2283 2352 2422 2430 2522 2556 2615 2689 2734 2770 2843 2889 2961 2972
4 30 68 133 187 236 273 337 426 443 486 557 599 682 747 803 832 908 930 1025 1077 1117 1173 1192 1270 1306 1393 1415 1504 1531 1608 1626 1713 1763 1784 1886 1939 1945 2007 2069 2148 2189 2235 2293 2349 2406 2482 2520 2575 2625 2660 2719 2762 2841 2868 2957 2994
7 30 72 128 213 216 292 325 429 468 519 545 608 690 705 788 848 880 966 1005 1038 1094 1158 1198 1281 1324 1358 1445 1511 1528 1600 1672 1715 1740 1789 1859 1926 1988 2025 2080 2145 2204 2261 2279 2340 2378 2460 2530 2559 2601 2692 2716 2758 2858 2867 2941 3000
7 30 72 129 167 258 290 340 429 455 502 580 635 648 720 800 831 865 970 982 1056 1107 1136 1221 1255 1346 1403 1419 1466 1544 1600 1668 1679 1767 1789 1871 1937 1982 2045 2066 2151 2193 2252 2279 2324 2401 2442 2511 2576 2608 2650 2709 2800 2836 2913 2941 3000
4 30 72 161 169 261 299 325 392 436 498 580 618 684 723 766 862 908 944 974 1032 1099 1183 1219 1281 1340 1400 1415 1478 1528 1594 1657 1679 1760 1791 1883 1932 1961 2025 2101 2145 2189 2238 2309 2335 2410 2453 2530 2541 2599 2646 2751 2791 2833 2873 2931 3006
7 30 73 160 181 245 275 368 400 476 525 557 632 655 752 807 843 878 945 1006 1073 1112 1134 1207 1268 1306 1362 1415 1493 1537 1615 1623 1679 1774 1784 1881 1932 1968 2015 2061 2147 2173 2230 2269 2351 2398 2456 2537 2575 2631 2660 2704 2762 2830 2896 2958 3020
7 30 74 136 187 219 277 329 395 441 508 563 611 664 745 776 819 874 936 999 1075 1093 1170 1217 1246 1298 1382 1444 1509 1519 1577 1634 1713 1780 1824 1882 1940 1988 2027 2100 2148 2160 2249 2283 2375 2402 2466 2529 2586 2598 2670 2740 2770 2843 2900 2917 3003
7 30 74 140 214 231 319 333 384 455 490 563 595 682 711 783 829 905 930 1008 1051 1123 1136 1188 1294 1317 1387 1419 1466 1534 1597 1668 1713 1735 1821 1886 1893 1949 2044 2066 2151 2196 2224 2286 2369 2406 2459 2513 2591 2636 2663 2719 2801 2834 2898 2957 2982
7 30 75 144 209 224 299 329 398 432 498 580 611 701 717 776 839 905 965 1011 1074 1099 1137 1230 1244 1334 1400 1419 1468 1526 1618 1663 1675 1754 1827 1863 1923 1968 2032 2058 2145 2196 2226 2312 2338 2410 2450 2492 2587 2629 2650 2726 2761 2859 2885 2927 2999
7 30 76 140 165 216 323 368 409 468 506 563 632 677 705 807 840 905 943 1017 1062 1119 1186 1194 1256 1323 1366 1422 1480 1520 1581 1645 1715 1777 1801 1855 1902 1945 2046 2081 2121 2204 2236 2279 2328 2422 2468 2486 2585 2601 2680 2736 2804 2821 2871 2921 3014
7 30 76 161 171 244 302 365 409 451 494 580 611 648 709 800 857 908 942 978 1063 1108 1180 1233 1291 1309 1372 1442 1474 1532 1581 1646 1699 1741 1801 1871 1912 1958 2000 2092 2107 2211 2226 2279 2324 2428 2467 2532 2568 2628 2696 2709 2789 2835 2865 2921 3014
7 30 78 123 208 255 302 347 425 478 508 578 638 697 708 794 842 880 940 979 1069 1094 1153 1198 1242 1309 1358 1444 1492 1521 1619 1646 1716 1756 1815 1884 1926 1958 2050 2082 2111 2172 2265 2279 2325 2378 2452 2521 2568 2609 2696 2721 2773 2851 2864 2917 2998
7 30 79 123 167 243 323 364 407 484 502 557 635 661 747 793 842 902 940 975 1077 1129 1169 1192 1270 1323 1370 1429 1467 1546 1598 1645 1719 1767 1832 1838 1927 1945 2045 2052 2111 2182 2257 2279 2331 2424 2442 2504 2585 2615 2680 2708 2773 2851 2868 2931 2983
7 30 79 161 168 229 285 362 407 434 520 584 618 676 712 777 857 904 942 976 1038 1080 1182 1191 1281 1339 1359 1445 1478 1528 1598 1643 1692 1757 1832 1888 1933 1949 2018 2102 2107 2198 2253 2279 2367 2412 2481 2530 2570 2600 2665 2723 2789 2835 2867 2931 2983
7 30 81 150 214 241 307 347 402 444 490 550 595 661 748 766 845 869 940 1019 1032 1100 1184 1205 1254 1340 1399 1444 1476 1543 1588 1649 1719 1735 1817 1838 1943 1985 2044 2087 2145 2180 2242 2286 2359 2424 2459 2506 2541 2626 2646 2708 2763 2824 2902 2931 3023
4 30 81 157 180 224 275 329 410 432 497 550 608 675 737 803 833 902 937 1022 1077 1126 1177 1208 1249 1306 1389 1422 1495 1516 1618 1623 1719 1759 1790 1889 1917 1968 2020 2083 2148 2176 2227 2269 2356 2393 2473 2529 2575 2629 2660 2726 2756 2857 2891 2957 2993
7 30 81 159 205 228 309 365 413 458 497 584 595 650 732 804 844 902 954 988 1075 1083 1153 1231 1246 1313 1356 1444 1486 1519 1588 1666 1685 1759 1807 1849 1890 1968 2020 2088 2111 2210 2223 2283 2345 2386 2449 2529 2558 2626 2699 2708 2782 2856 2900 2934 3023
7 30 82 117 212 228 298 368 392 465 531 563 634 664 752 809 853 865 923 1020 1053 1112 1141 1207 1289 1348 1371 1409 1471 1548 1585 1642 1685 1732 1791 1875 1932 1961 2005 2054 2145 2191 2238 2283 2342 2388 2468 2535 2563 2619 2682 2747 2754 2811 2896 2958 3006
7 30 82 157 171 248 303 340 385 444 533 550 634 687 724 768 812 902 937 975 1047 1105 1163 1240 1287 1315 1376 1409 1495 1516 1585 1670 1699 1764 1798 1852 1925 1988 2049 2096 2107 2168 2214 2309 2327 2429 2444 2491 2570 2619 2689 2747 2778 2857 2890 2931 3006
7 30 85 120 211 225 278 368 423 435 501 554 634 664 739 809 818 874 943 1021 1053 1109 1177 1239 1275 1332 1384 1422 1487 1562 1577 1620 1675 1751 1810 1882 1897 1949 2041 2090 2148 2174 2218 2293 2342 2396 2432 2503 2563 2598 2698 2740 2777 2841 2910 2955 2992
7 30 85 137 197 268 272 368 417 454 509 541 632 655 727 807 810 869 955 991 1073 1100 1166 1241 1275 1310 1398 1429 1470 1562 1587 1628 1689 1743 1788 1840 1907 1954 2041 2079 2148 2197 2260 2286 2351 2425 2439 2503 2575 2621 2656 2746 2757 2852 2889 2957 2982
7 30 89 115 196 244 286 337 421 451 539 545 595 690 709 788 847 902 920 1022 1047 1129 1159 1192 1269 1336 1370 1448 1490 1534 1574 1666 1699 1755 1785 1859 1927 1985 2024 2065 2124 2211 2245 2279 2340 2424 2477 2536 2550 2628 2652 2716 2764 2822 2908 2957 2970
7 30 89 124 208 258 277 362 421 455 508 563 638 677 720 807 822 878 964 976 1073 1093 1182 1238 1268 1310 1382 1405 1478 1565 1574 1622 1679 1756 1785 1855 1921 1961 2050 2102 2148 2193 2253 2279 2328 2402 2452 2510 2575 2608 2656 2736 2760 2848 2896 2957 2970
7 30 89 128 195 225 291 362 412 438 514 545 634 678 739 806 812 880 967 998 1060 1087 1173 1239 1268 1328 1395 1415 1474 1565 1566 1632 1699 1750 1798 1873 1920 1958 2050 2099 2148 2174 2234 2269 2334 2380 2438 2510 2556 2595 2689 2744 2778 2857 2910 2961 2979
4 30 90 129 206 250 309 333 411 451 492 580 632 652 717 805 846 865 945 1001 1074 1112 1159 1230 1244 1313 1362 1448 1490 1520 1617 1666 1716 1731 1809 1881 1909 1968 2008 2065 2124 2169 2264 2283 2360 2398 2430 2498 2558 2622 2699 2707 2780 2860 2885 2921 3019
7 30 90 130 202 261 313 340 404 436 489 580 638 667 730 782 842 887 933 989 1059 1116 1183 1240 1250 1326 1350 1442 1506 1514 1617 1657 1716 1734 1815 1870 1916 1945 2008 2073 2117 2182 2267 2273 2368 2385 2442 2498 2551 2599 2696 2730 2773 2851 2884 2931 3019
7 30 90 151 184 235 293 347 404 467 488 581 632 693 748 777 823 880 955 1024 1038 1100 1142 1205 1248 1339 1398 1448 1458 1515 1617 1636 1715 1736 1815 1840 1943 1954 2012 2089 2107 2187 2240 2273 2350 2425 2463 2494 2570 2622 2665 2707 2804 2838 2902 2931 3019
4 30 93 108 208 248 288 368 397 444 518 550 632 677 710 807 862 904 926 976 1062 1103 1163 1190 1252 1330 1392 1405 1501 1515 1612 1670 1716 1749 1835 1870 1938 1961 2010 2090 2111 2183 2263 2293 2328 2392 2458 2490 2585 2619 2673 2720 2780 2844 2875 2931 2987
7 30 93 126 175 244 270 364 397 467 489 581 595 681 709 778 857 908 968 974 1054 1117 1149 1192 1263 1332 1393 1442 1500 1543 1612 1629 1685 1738 1835 1848 1939 1949 2004 2076 2124 2211 2262 2293 2329 2406 2467 2496 2590 2612 2672 2727 2782 2842 2908 2931 2987
4 30 93 151 205 242 298 368 396 457 507 581 608 696 749 758 860 880 955 988 1040 1087 1169 1239 1252 1319 1395 1429 1458 1515 1582 1672 1685 1759 1808 1885 1920 1984 2010 2061 2111 2195 2250 2269 2345 2380 2449 2490 2546 2645 2679 2721 2767 2838 2899 2955 3018
7 30 97 123 199 248 309 333 382 458 492 557 595 682 724 783 812 902 960 1023 1051 1101 1153 1215 1277 1313 1362 1409 1492 1521 1595 1666 1716 1738 1831 1854 1935 1958 2001 2082 2147 2168 2221 2293 2369 2408 2444 2484 2591 2605 2667 2750 2803 2831 2914 2961 3009
4 30 97 144 177 241 322 337 427 465 521 581 595 666 748 788 839 904 965 995 1038 1133 1141 1205 1248 1324 1374 1409 1471 1522 1595 1642 1692 1737 1786 1869 1911 1954 1998 2054 2145 2180 2262 2312 2364 2403 2465 2487 2559 2605 2692 2750 2761 2859 2902 2941 3009
7 30 99 140 205 263 275 368 427 469 497 581 595 683 729 765 860 887 943 995 1061 1097 1147 1241 1294 1299 1389 1422 1466 1534 1572 1630 1679 1759 1819 1855 1911 1982 2020 2054 2117 2195 2262 2283 2337 2422 2449 2513 2538 2643 2690 2730 2785 2821 2887 2957 2974
7 30 100 115 168 242 278 368 388 457 520 578 618 697 736 794 847 869 920 1017 1056 1122 1186 1207 1255 1296 1365 1419 1480 1544 1582 1655 1675 1757 1788 1884 1923 1984 2018 2081 2124 2208 2236 2279 2325 2400 2481 2511 2582 2645 2649 2721 2764 2822 2913 2958 3011
7 30 100 116 213 265 277 329 388 480 519 541 608 675 706 803 853 908 953 990 1077 1108 1156 1233 1270 1310 1372 1429 1473 1546 1582 1622 1713 1740 1788 1861 1912 1961 2025 2095 2147 2199 2247 2279 2356 2428 2460 2504 2575 2613 2656 2753 2757 2808 2868 2958 3011
7 30 100 129 177 219 321 368 397 441 515 541 635 680 745 774 846 904 945 995 1076 1084 1147 1225 1255 1344 1357 1415 1466 1544 1605 1656 1713 1762 1835 1857 1939 1949 2018 2054 2124 2160 2262 2283 2364 2421 2439 2511 2572 2598 2673 2712 2780 2860 2892 2941 2987
7 30 101 128 194 250 282 333 386 451 536 545 638 693 711 784 833 880 967 984 1078 1123 1180 1188 1266 1329 1379 1442 1474 1565 1617 1646 1689 1746 1796 1840 1893 1968 2033 2092 2107 2176 2220 2309 2343 2414 2473 2512 2560 2622 2654 2707 2756 2857 2898 2957 3008
4 30 101 160 205 221 299 325 406 435 536 554 635 650 742 804 831 880 939 988 1046 1106 1134 1234 1295 1334 1363 1444 1493 1537 1602 1663 1679 1746 1789 1843 1910 1968 2033 2061 2117 2172 2250 2312 2345 2409 2462 2512 2587 2602 2650 2714 2800 2836 2878 2955 3022
7 30 102 117 197 240 288 368 382 459 528 541 611 694 754 782 810 887 923 1000 1059 1101 1181 1215 1250 1347 1381 1409 1494 1526 1586 1653 1716 1743 1819 1875 1935 1984 2022 2104 2121 2197 2221 2307 2341 2388 2439 2486 2551 2645 2676 2717 2798 2811 2884 2927 3021
7 30 102 129 180 255 304 337 415 478 501 541 599 675 708 803 831 904 970 1022 1062 1080 1159 1191 1256 1325 1359 1422 1490 1520 1586 1639 1716 1770 1786 1861 1933 1968 2022 2065 2151 2172 2245 2279 2356 2412 2462 2486 2589 2609 2653 2753 2800 2836 2871 2955 3021
7 30 102 142 171 242 292 364 415 457 494 581 611 687 736 768 861 878 936 975 1058 1093 1169 1238 1284 1324 1382 1409 1467 1527 1586 1672 1675 1741 1786 1882 1921 1988 2000 2052 2131 2208 2257 2279 2327 2402 2467 2508 2559 2645 2692 2717 2761 2837 2880 2955 3021
4 30 103 108 214 262 291 347 380 472 531 550 611 675 728 790 845 904 953 1008 1076 1102 1139 1220 1271 1328 1377 1409 1461 1555 1586 1632 1713 1735 1805 1861 1898 1958 2002 2062 2151 2180 2228 2269 2369 2428 2459 2523 2556 2609 2689 2753 2770 2817 2874 2958 3020
7 30 103 120 183 240 321 368 400 459 493 550 599 687 738 762 832 878 943 1003 1029 1115 1167 1197 1285 1333 1378 1422 1508 1541 1586 1667 1713 1773 1784 1882 1906 1984 2002 2071 2131 2212 2256 2309 2333 2396 2458 2523 2548 2645 2660 2717 2762 2841 2862 2917 3020
7 30 103 136 213 223 273 337 431 445 529 550 595 690 724 788 836 887 952 1005 1047 1116 1170 1240 1287 1302 1350 1445 1509 1519 1614 1630 1713 1758 1799 1851 1916 1988 2036 2100 2147 2194 2242 2273 2340 2385 2443 2488 2550 2594 2686 2724 2801 2827 2890 2934 2991
4 30 103 159 162 255 282 337 400 478 516 578 611 673 714 808 820 908 965 981 1054 1099 1153 1219 1287 1329 1400 1409 1486 1519 1586 1646 1685 1771 1784 1863 1932 1968 2036 2088 2147 2166 2230 2309 2358 2410 2433 2488 2560 2609 2654 2753 2768 2845 2883 2917 3020
7 30 104 108 169 236 316 325 425 443 512 580 635 671 747 804 862 874 926 986 1075 1109 1139 1195 1279 1313 1369 1448 1461 1555 1584 1659 1713 1760 1809 1851 1941 1958 2011 2062 2111 2189 2252 2293 2323 2411 2453 2515 2558 2625 2699 2743 2780 2844 2865 2934 3005
4 30 105 116 183 223 319 333 411 434 490 584 635 654 735 796 862 865 918 1003 1072 1110 1156 1201 1261 1317 1387 1444 1473 1546 1602 1668 1713 1773 1809 1839 1940 1961 2005 2095 2131 2183 2233 2273 2333 2419 2458 2514 2554 2606 2699 2710 2780 2844 2888 2931 3019
7 30 105 133 212 219 291 347 404 438 531 584 634 650 702 779 840 880 950 992 1042 1132 1173 1223 1276 1328 1377 1445 1504 1531 1602 1632 1713 1732 1815 1843 1916 1945 2005 2069 2117 2204 2267 2283 2370 2399 2468 2514 2581 2602 2665 2714 2804 2821 2870 2921 3019
7 30 105 157 188 221 278 325 411 435 520 578 634 656 714 778 826 874 966 985 1054 1122 1177 1219 1287 1332 1365 1445 1495 1516 1602 1620 1719 1747 1809 1838 1909 1968 2028 2083 2124 2200 2264 2273 2355 2400 2476 2491 2590 2602 2672 2714 2807 2828 2883 2931 3019
7 30 106 142 196 229 290 329 398 434 539 554 595 660 712 786 861 905 936 990 1069 1119 1156 1194 1242 1346 1366 1444 1473 1521 1588 1668 1692 1755 1827 1862 1902 1982 2024 2095 2131 2198 2247 2279 2372 2422 2477 2521 2576 2600 2650 2734 2761 2837 2864 2961 2999
7 30 107 119 164 224 307 347 425 432 535 580 635 670 737 789 852 880 938 986 1052 1087 1137 1216 1288 1326 1354 1442 1464 1551 1591 1663 1719 1776 1815 1864 1941 1949 2019 2062 2121 2176 2252 2269 2329 2421 2454 2501 2551 2629 2696 2752 2773 2840 2881 2927 2998
4 30 107 130 188 267 275 329 430 469 525 580 595 698 709 786 845 887 960 1004 1063 1101 1147 1233 1291 1299 1362 1415 1460 1560 1593 1630 1719 1774 1817 1854 1919 1958 2015 2060 2124 2190 2237 2307 2334 2408 2450 2505 2582 2639 2646 2735 2763 2824 2865 2958 2996
4 30 107 133 185 252 274 337 413 483 535 584 595 666 712 788 818 880 930 988 1038 1123 1162 1191 1281 1342 1387 1415 1477 1558 1593 1627 1715 1776 1834 1886 1890 1949 2019 2088 2131 2174 2223 2309 2364 2406 2432 2501 2559 2639 2674 2735 2777 2841 2867 2955 2996
7 31 54 127 209 259 314 351 407 434 520 555 639 686 724 768 823 903 925 975 1047 1106 1142 1192 1282 1339 1398 1428 1494 1564 1615 1661 1680 1765 1793 1852 1904 1978 2051 2086 2107 2181 2244 2318 2346 2427 2466 2491 2569 2618 2665 2710 2759 2835 2879 2931 3019
7 31 54 143 183 229 306 357 386 461 538 555 644 666 728 799 832 891 930 984 1070 1088 1137 1239 1276 1305 1369 1419 1504 1549 1613 1652 1680 1768 1807 1841 1907 1945 2005 2077 2146 2164 2254 2292 2353 2403 2448 2537 2580 2623 2648 2711 2798 2828 2911 2962 3021
7 31 54 144 211 234 305 351 386 437 523 546 608 661 733 760 851 897 950 1023 1044 1104 1160 1200 1282 1317 1396 1454 1477 1564 1613 1633 1690 1762 1807 1865 1928 1983 2051 2060 2107 2203 2231 2292 2348 2379 2474 2491 2560 2603 2690 2731 2756 2817 2883 2962 3021
7 31 54 152 179 254 289 363 407 448 538 546 617 691 726 776 841 891 959 976 1061 1113 1185 1191 1279 1323 1386 1449 1506 1546 1615 1628 1690 1768 1793 1838 1920 1945 2005 2079 2141 2172 2228 2318 2344 2385 2452 2537 2551 2602 2651 2726 2773 2851 2909 2931 3019
7 31 55 110 211 216 288 346 399 479 528 554 622 664 709 764 848 903 941 998 1045 1101 1163 1228 1278 1301 1380 1437 1486 1544 1591 1631 1690 1772 1802 1874 1908 1989 2040 2066 2107 2213 2218 2274 2373 2388 2465 2493 2565 2641 2659 2710 2791 2855 2914 2967 3015
4 31 55 136 193 228 304 346 386 468 530 555 644 665 729 797 821 909 931 984 1078 1131 1180 1196 1278 1349 1398 1410 1461 1544 1609 1657 1689 1770 1831 1840 1907 1983 2040 2077 2107 2165 2254 2302 2343 2402 2449 2493 2545 2613 2646 2723 2802 2838 2881 2945 2996
4 31 55 160 180 254 318 325 397 448 530 554 627 695 726 786 831 909 924 977 1055 1117 1141 1234 1274 1322 1384 1432 1477 1548 1591 1671 1690 1770 1804 1836 1925 1983 2040 2080 2130 2172 2227 2318 2332 2429 2461 2493 2552 2602 2650 2749 2772 2849 2864 2922 3015
4 31 56 118 164 250 322 369 416 485 522 579 595 668 750 778 852 891 922 997 1030 1088 1134 1239 1256 1337 1369 1410 1505 1541 1612 1627 1689 1737 1794 1848 1907 1994 2032 2102 2122 2205 2224 2292 2365 2403 2472 2514 2555 2631 2668 2737 2786 2826 2888 2950 2995
7 31 56 149 165 232 317 374 413 441 516 579 617 669 710 797 858 909 960 994 1078 1085 1158 1214 1278 1296 1361 1437 1460 1521 1590 1669 1689 1741 1819 1867 1903 1959 2028 2096 2135 2211 2235 2274 2339 2395 2456 2518 2545 2632 2699 2712 2790 2853 2881 2917 3018
4 31 57 142 195 227 280 363 421 463 516 554 609 700 741 775 856 886 971 981 1034 1129 1176 1198 1293 1301 1397 1437 1502 1560 1583 1638 1703 1757 1802 1842 1916 1950 2012 2094 2156 2185 2216 2313 2359 2376 2433 2511 2565 2614 2659 2741 2791 2846 2878 2917 2993
4 31 58 145 199 236 286 337 407 443 494 585 609 689 719 758 817 914 952 1004 1069 1106 1157 1192 1262 1306 1401 1428 1504 1547 1584 1658 1680 1747 1829 1880 1904 1945 2026 2055 2141 2201 2244 2308 2330 2424 2482 2497 2563 2624 2695 2743 2754 2861 2884 2945 2981
4 31 58 159 209 216 313 374 408 481 506 585 622 677 709 789 845 897 943 996 1062 1098 1143 1228 1261 1298 1372 1443 1474 1520 1576 1645 1680 1763 1824 1849 1912 1958 2011 2091 2107 2213 2226 2284 2324 2380 2468 2512 2547 2639 2688 2731 2799 2857 2914 2940 2989
7 31 61 152 186 256 319 369 389 439 495 567 609 681 719 785 841 870 959 1018 1040 1123 1187 1210 1267 1344 1374 1443 1492 1560 1585 1620 1698 1766 1787 1844 1911 1958 2015 2090 2141 2182 2251 2318 2324 2378 2442 2535 2568 2644 2657 2738 2773 2851 2865 2917 2998
7 31 62 129 197 223 288 338 381 459 528 541 600 655 718 756 836 909 934 1009 1075 1092 1146 1226 1266 1307 1380 1437 1478 1555 1602 1625 1698 1772 1811 1876 1915 1983 2040 2089 2121 2211 2260 2296 2375 2398 2478 2486 2585 2612 2676 2752 2768 2812 2871 2967 3004
7 31 62 157 211 262 300 337 396 456 528 562 622 661 738 760 863 909 965 1023 1048 1085 1172 1201 1285 1318 1368 1454 1468 1537 1598 1632 1675 1772 1834 1866 1918 1983 2040 2069 2122 2199 2222 2274 2348 2387 2465 2486 2555 2595 2687 2730 2761 2808 2882 2950 3008
4 31 63 114 182 241 311 369 401 480 488 541 600 675 715 761 827 891 970 1007 1037 1113 1168 1216 1289 1339 1359 1419 1511 1512 1582 1664 1714 1771 1794 1855 1893 1978 2024 2090 2130 2164 2260 2318 2334 2413 2453 2533 2556 2643 2677 2708 2776 2849 2892 2932 3010
4 31 63 137 204 235 290 346 388 459 529 541 608 696 754 791 843 897 931 1014 1079 1098 1138 1228 1242 1332 1372 1410 1469 1559 1582 1633 1714 1730 1806 1862 1912 1972 2024 2071 2152 2198 2246 2284 2366 2380 2439 2533 2576 2600 2693 2751 2757 2837 2868 2967 3010
4 31 65 132 191 268 307 374 395 439 532 567 633 652 721 782 819 897 961 1001 1077 1093 1134 1214 1259 1331 1385 1410 1507 1522 1587 1673 1720 1731 1824 1858 1895 1967 2023 2100 2122 2198 2225 2283 2335 2397 2463 2524 2586 2634 2691 2718 2796 2810 2869 2917 3002
7 31 65 159 195 226 305 338 418 437 532 585 608 689 749 758 824 897 966 1008 1051 1133 1160 1188 1252 1317 1387 1405 1466 1528 1596 1633 1703 1731 1800 1880 1897 1967 2023 2072 2156 2191 2266 2308 2330 2411 2459 2524 2582 2611 2669 2743 2758 2834 2912 2922 2992
7 31 66 115 206 262 291 363 425 456 503 562 639 657 740 798 823 891 936 997 1070 1087 1172 1241 1290 1327 1390 1420 1474 1563 1594 1632 1680 1750 1793 1872 1890 1958 2002 2062 2156 2197 2263 2269 2323 2428 2451 2511 2581 2595 2665 2734 2759 2835 2897 2950 3001
4 31 66 142 183 252 313 374 387 440 508 562 609 672 721 795 817 878 955 1002 1043 1093 1175 1214 1293 1321 1370 1449 1502 1560 1594 1622 1680 1745 1829 1882 1895 1972 2002 2095 2146 2212 2233 2302 2333 2412 2471 2511 2548 2626 2695 2703 2754 2861 2869 2917 3001
7 31 69 142 166 259 306 357 388 434 505 554 595 695 724 786 846 886 971 990 1040 1120 1175 1206 1267 1329 1402 1443 1502 1560 1575 1629 1680 1755 1806 1836 1912 1972 2006 2095 2152 2181 2246 2318 2332 2383 2443 2535 2567 2618 2649 2749 2801 2846 2865 2932 3010
7 31 69 152 215 219 282 357 427 478 513 546 609 669 731 773 819 891 960 979 1030 1091 1171 1217 1267 1317 1355 1454 1492 1560 1604 1655 1689 1747 1807 1867 1937 1967 2006 2105 2152 2194 2214 2308 2363 2395 2467 2535 2560 2617 2690 2712 2756 2850 2875 2917 2980
7 31 70 108 186 267 312 374 397 480 517 555 622 677 710 789 820 870 965 1018 1062 1085 1168 1214 1294 1338 1368 1419 1511 1519 1570 1664 1708 1739 1825 1866 1903 1983 2020 2090 2130 2177 2251 2313 2324 2387 2469 2526 2547 2619 2648 2714 2780 2858 2881 2917 2993
7 31 70 144 201 251 288 346 403 444 517 573 639 673 740 805 813 870 926 989 1026 1124 1160 1222 1249 1307 1392 1405 1477 1564 1588 1625 1690 1739 1796 1838 1938 1983 2020 2060 2156 2207 2265 2296 2331 2418 2455 2526 2585 2613 2676 2744 2784 2841 2915 2931 2974
7 31 73 133 170 234 319 369 424 442 511 579 608 667 733 808 854 914 969 1004 1066 1118 1163 1200 1260 1296 1360 1437 1471 1516 1578 1667 1698 1730 1819 1843 1915 1950 2042 2082 2107 2203 2217 2284 2359 2393 2472 2507 2545 2597 2699 2728 2790 2857 2883 2945 3007
7 31 74 128 199 232 270 338 420 441 493 579 639 651 753 785 837 886 953 981 1040 1115 1158 1236 1246 1344 1403 1432 1501 1534 1577 1669 1680 1780 1801 1882 1934 1994 2039 2054 2141 2168 2255 2283 2355 2414 2450 2502 2568 2632 2657 2725 2759 2821 2888 2917 3002
4 31 74 161 206 220 283 346 416 442 490 579 595 689 729 765 846 897 952 997 1062 1131 1181 1196 1294 1325 1375 1419 1458 1519 1596 1649 1680 1750 1806 1880 1907 1959 2016 2102 2156 2173 2224 2313 2323 2424 2451 2526 2571 2611 2649 2743 2801 2846 2881 2945 2982
7 31 75 112 170 264 279 363 418 483 511 585 608 677 737 759 852 870 928 1008 1072 1080 1141 1241 1277 1335 1399 1432 1484 1525 1570 1637 1675 1730 1803 1866 1897 1994 2042 2072 2130 2205 2266 2284 2355 2423 2472 2505 2562 2619 2658 2714 2786 2826 2900 2950 2988
7 31 75 116 166 267 307 374 398 480 521 541 608 678 718 803 829 886 950 990 1075 1104 1178 1226 1266 1349 1396 1432 1499 1514 1570 1654 1720 1740 1822 1865 1902 1983 2019 2095 2112 2168 2246 2302 2332 2379 2457 2528 2538 2619 2653 2714 2806 2845 2871 2932 2988
7 31 75 145 171 245 278 346 398 461 488 585 622 699 713 764 810 914 952 1010 1053 1122 1137 1207 1255 1333 1391 1419 1504 1547 1570 1652 1675 1753 1822 1884 1922 1950 2042 2077 2146 2208 2226 2302 2338 2420 2479 2505 2557 2606 2698 2727 2761 2861 2866 2932 2988
7 31 75 154 204 268 319 346 403 439 511 541 609 679 721 774 843 870 941 1016 1031 1097 1187 1196 1255 1344 1360 1437 1495 1547 1583 1620 1720 1730 1796 1847 1941 1994 2042 2088 2146 2198 2262 2283 2364 2415 2439 2505 2549 2634 2676 2722 2784 2811 2889 2945 2974
4 31 77 115 179 269 312 374 406 467 517 562 600 668 702 800 862 891 944 976 1051 1091 1182 1235 1252 1338 1368 1405 1509 1528 1612 1664 1708 1749 1814 1848 1921 1989 2010 2079 2122 2167 2228 2308 2344 2381 2471 2524 2540 2631 2655 2737 2792 2827 2912 2931 2973
7 31 78 161 173 248 277 346 399 469 502 573 609 690 731 774 856 903 952 993 1037 1106 1186 1202 1289 1323 1401 1419 1465 1512 1568 1639 1703 1766 1802 1880 1894 1945 2008 2093 2152 2163 2232 2318 2353 2424 2455 2533 2543 2601 2659 2742 2791 2846 2892 2922 3015
7 31 79 110 206 242 310 346 422 451 503 579 639 658 707 805 846 878 941 974 1073 1111 1170 1207 1271 1303 1371 1437 1490 1540 1617 1672 1724 1750 1816 1874 1932 1972 2002 2061 2112 2173 2255 2269 2347 2388 2451 2498 2538 2600 2699 2717 2793 2855 2872 2932 3020
7 31 79 140 183 269 290 346 393 470 508 590 609 690 702 774 862 891 926 984 1037 1105 1180 1237 1271 1309 1393 1405 1461 1540 1614 1655 1714 1745 1790 1877 1900 1958 2002 2077 2112 2167 2254 2302 2353 2378 2471 2498 2543 2628 2673 2745 2774 2845 2910 2962 3022
7 31 82 149 201 233 305 351 425 454 532 585 617 699 743 764 841 903 962 982 1045 1133 1177 1195 1278 1309 1387 1410 1460 1521 1579 1640 1690 1752 1793 1884 1890 1958 2001 2078 2156 2182 2263 2302 2338 2411 2442 2518 2565 2596 2651 2727 2773 2851 2914 2917 3001
4 31 82 160 198 264 308 374 387 483 510 585 600 670 746 800 863 878 958 985 1028 1111 1141 1230 1251 1306 1362 1428 1477 1548 1579 1637 1690 1774 1829 1853 1909 1983 2001 2080 2135 2196 2219 2269 2342 2398 2468 2518 2563 2619 2695 2704 2754 2815 2904 2950 3001
4 31 83 132 193 264 297 374 381 483 491 573 617 665 737 797 851 891 961 984 1033 1116 1150 1225 1242 1316 1363 1410 1468 1561 1579 1628 1675 1746 1814 1858 1936 1983 2009 2091 2121 2205 2239 2284 2343 2397 2473 2531 2590 2619 2683 2704 2763 2810 2915 2962 3000
7 31 84 134 164 219 304 346 394 478 530 541 639 658 731 805 847 914 925 1015 1073 1106 1169 1202 1253 1349 1398 1432 1470 1517 1577 1657 1689 1769 1822 1852 1894 1978 2041 2073 2122 2194 2237 2308 2347 2427 2439 2503 2538 2617 2653 2739 2806 2827 2892 2922 2992
4 31 86 133 198 222 281 369 380 473 510 590 600 675 702 761 845 903 969 992 1037 1090 1151 1237 1271 1327 1388 1437 1462 1526 1602 1641 1703 1774 1823 1843 1916 1958 2001 2075 2122 2213 2257 2269 2334 2393 2468 2514 2556 2644 2689 2720 2799 2857 2910 2940 2979
7 31 86 155 173 223 305 338 419 459 532 590 627 688 753 773 820 878 918 1002 1030 1115 1138 1236 1256 1317 1387 1410 1469 1541 1602 1633 1703 1752 1784 1842 1934 1983 2001 2071 2152 2177 2256 2292 2343 2429 2469 2514 2560 2612 2690 2752 2780 2858 2888 2917 2979
7 31 88 115 193 263 272 338 424 481 527 562 627 688 732 773 815 891 936 984 1030 1113 1143 1216 1267 1340 1359 1443 1474 1563 1619 1645 1689 1770 1817 1888 1893 1950 2043 2091 2107 2171 2239 2318 2343 2413 2449 2532 2560 2592 2667 2707 2767 2835 2875 2962 3009
7 31 88 121 164 268 300 325 413 473 528 562 633 697 721 766 843 870 947 1015 1043 1085 1151 1214 1293 1308 1368 1437 1462 1538 1619 1641 1689 1769 1828 1883 1903 1972 2043 2075 2122 2198 2235 2313 2347 2387 2439 2532 2577 2599 2671 2700 2757 2837 2869 2967 3009
4 31 89 136 207 223 276 325 421 451 539 555 608 666 718 787 836 909 947 1013 1038 1129 1170 1198 1265 1337 1350 1437 1490 1515 1578 1672 1703 1762 1804 1846 1916 1994 2036 2061 2112 2211 2216 2292 2364 2423 2478 2530 2559 2620 2664 2705 2758 2822 2901 2956 2991
7 31 90 159 183 259 270 338 381 457 493 573 617 690 722 774 814 909 966 984 1031 1117 1143 1223 1268 1344 1403 1405 1474 1520 1574 1669 1680 1768 1811 1880 1936 1958 2050 2091 2146 2183 2239 2318 2353 2411 2448 2504 2549 2594 2676 2742 2768 2834 2874 2945 3004
7 31 91 112 201 256 302 351 426 484 489 585 627 697 719 781 841 870 928 989 1069 1094 1153 1192 1262 1305 1378 1443 1484 1525 1619 1656 1724 1752 1826 1883 1917 1945 2045 2060 2122 2182 2265 2292 2331 2406 2442 2521 2540 2599 2688 2700 2797 2826 2884 2931 3006
7 31 91 129 195 263 308 338 422 481 510 585 633 700 713 775 824 865 934 981 1053 1111 1158 1207 1255 1313 1362 1437 1501 1532 1619 1630 1724 1731 1830 1876 1932 1950 2045 2054 2135 2191 2255 2283 2359 2398 2459 2521 2546 2592 2697 2707 2781 2812 2866 2940 3006
4 31 92 126 195 241 307 369 402 480 532 555 608 667 706 808 840 886 922 981 1066 1100 1178 1210 1263 1349 1385 1410 1500 1542 1582 1654 1724 1731 1831 1863 1933 1978 2023 2094 2135 2174 2216 2308 2359 2389 2459 2496 2545 2643 2646 2708 2802 2819 2879 2917 2980
4 31 94 128 201 248 312 357 378 440 517 562 639 656 731 807 856 903 930 982 1052 1091 1136 1217 1246 1341 1368 1419 1501 1534 1618 1661 1724 1739 1835 1863 1937 1950 2020 2078 2122 2163 2263 2296 2338 2381 2455 2502 2586 2630 2681 2720 2793 2844 2875 2917 2977
4 31 94 150 175 223 290 363 378 459 508 590 608 681 718 759 858 897 959 1001 1050 1105 1138 1198 1254 1332 1393 1449 1476 1542 1618 1633 1698 1732 1835 1844 1939 1959 2016 2063 2112 2211 2261 2296 2351 2378 2456 2506 2584 2612 2684 2738 2790 2853 2901 2917 2977
7 31 95 128 191 227 322 337 426 453 522 579 644 659 741 803 856 886 930 986 1075 1088 1151 1205 1266 1303 1369 1437 1480 1555 1608 1660 1720 1760 1816 1841 1941 1945 2007 2056 2122 2185 2241 2296 2352 2403 2433 2486 2538 2624 2699 2719 2793 2844 2871 2922 3016
7 31 96 155 179 252 294 346 426 465 497 590 633 691 721 776 817 878 967 976 1039 1097 1162 1196 1247 1343 1388 1449 1487 1523 1607 1623 1708 1749 1816 1861 1941 1945 2030 2066 2122 2212 2241 2274 2344 2386 2471 2503 2574 2601 2684 2702 2807 2808 2889 2945 3016
4 31 97 112 188 248 310 346 386 469 503 546 608 692 705 791 840 909 935 1023 1063 1092 1153 1211 1277 1303 1371 1420 1484 1525 1568 1672 1724 1732 1831 1878 1928 1945 2021 2060 2146 2190 2231 2296 2370 2407 2444 2505 2591 2601 2646 2742 2802 2819 2909 2950 2996
7 31 97 133 166 252 316 325 427 465 521 590 608 690 754 787 818 903 966 983 1047 1133 1162 1195 1260 1320 1387 1420 1471 1516 1568 1623 1680 1740 1792 1880 1890 1967 2019 2083 2152 2180 2261 2302 2340 2411 2457 2507 2550 2601 2685 2742 2771 2859 2903 2945 2996
4 31 97 134 183 216 283 346 419 479 490 590 627 686 755 780 862 865 925 1002 1072 1128 1144 1222 1277 1325 1375 1432 1463 1525 1591 1649 1680 1745 1791 1852 1934 1989 2021 2071 2146 2167 2256 2284 2333 2427 2471 2505 2541 2641 2679 2710 2792 2827 2900 2931 2972
7 31 97 145 175 232 291 363 385 471 503 590 622 695 710 767 858 909 971 1000 1031 1132 1157 1208 1255 1327 1390 1437 1504 1547 1591 1632 1680 1732 1823 1836 1926 1945 2021 2055 2130 2211 2248 2283 2352 2383 2456 2505 2556 2602 2689 2749 2799 2843 2889 2932 2972
4 31 98 114 175 259 286 337 395 457 537 567 633 681 722 759 827 865 970 1001 1072 1107 1183 1201 1279 1335 1358 1449 1458 1565 1607 1630 1680 1754 1813 1872 1895 1959 2046 2100 2130 2183 2225 2318 2351 2396 2434 2520 2562 2594 2658 2709 2776 2849 2898 2950 3014
7 31 98 115 162 236 316 325 380 443 523 567 627 659 719 786 862 886 944 1021 1040 1100 1172 1210 1267 1299 1385 1454 1474 1563 1608 1644 1680 1781 1791 1841 1933 1958 2034 2062 2122 2201 2240 2308 2369 2389 2437 2532 2567 2624 2679 2719 2792 2827 2865 2962 3013
7 31 98 124 198 248 276 325 395 469 539 546 639 691 731 778 834 878 927 985 1030 1127 1153 1217 1267 1337 1350 1443 1466 1563 1607 1672 1703 1765 1813 1861 1901 1967 2034 2080 2122 2163 2219 2318 2342 2425 2476 2532 2555 2601 2668 2702 2766 2847 2875 2950 3014
4 31 98 154 165 226 277 346 380 437 537 546 644 669 749 797 839 865 941 994 1033 1090 1146 1237 1295 1316 1366 1437 1493 1549 1608 1647 1703 1754 1791 1847 1916 1959 2046 2073 2121 2191 2257 2308 2339 2415 2444 2520 2590 2611 2683 2732 2788 2811 2862 2962 3013
7 31 100 129 162 252 314 351 416 440 520 541 633 678 721 767 850 909 921 1021 1031 1131 1136 1196 1255 1339 1398 1419 1501 1532 1569 1661 1680 1781 1794 1849 1907 1994 2036 2078 2122 2212 2224 2302 2369 2402 2437 2521 2556 2626 2677 2730 2776 2825 2889 2940 2995
7 31 100 151 211 246 276 351 406 453 539 546 617 664 720 764 851 914 942 998 1053 1127 1151 1199 1255 1348 1350 1437 1480 1532 1590 1660 1675 1762 1814 1845 1921 1989 2036 2056 2122 2203 2228 2283 2373 2425 2474 2521 2557 2604 2683 2739 2763 2810 2866 2956 2973
4 31 101 140 174 232 300 325 431 471 504 590 639 691 753 778 829 891 926 1007 1030 1124 1157 1236 1256 1318 1392 1428 1461 1540 1615 1632 1689 1733 1789 1838 1924 1983 2009 2099 2141 2168 2253 2274 2342 2418 2457 2515 2555 2602 2687 2726 2806 2845 2888 2932 2970
7 31 102 114 164 244 288 346 393 462 528 541 633 670 705 776 847 891 958 997 1061 1092 1181 1211 1279 1301 1380 1454 1458 1565 1592 1631 1690 1769 1790 1853 1928 1950 2043 2102 2121 2194 2224 2313 2365 2398 2439 2520 2551 2606 2673 2704 2774 2860 2909 2950 3022
7 31 102 143 170 225 300 337 390 471 528 555 639 667 751 808 853 891 930 1004 1033 1091 1157 1235 1295 1318 1368 1437 1504 1549 1617 1632 1675 1769 1786 1863 1921 1950 2043 2055 2130 2186 2244 2308 2359 2381 2432 2520 2579 2609 2664 2708 2777 2828 2862 2967 2997
4 31 103 115 204 244 292 325 431 445 529 562 608 666 705 787 847 891 944 1016 1038 1116 1159 1234 1280 1314 1370 1454 1509 1528 1613 1624 1720 1730 1789 1841 1927 1978 2024 2101 2146 2194 2250 2284 2364 2389 2439 2494 2559 2623 2687 2711 2806 2827 2886 2922 2970
7 31 103 116 173 253 321 357 387 467 502 562 609 688 738 773 813 865 954 1002 1048 1107 1178 1201 1285 1322 1358 1410 1499 1514 1566 1668 1720 1766 1812 1888 1895 1983 2008 2095 2135 2207 2233 2318 2343 2396 2455 2510 2542 2645 2660 2707 2784 2841 2882 2931 3019
4 31 103 129 186 234 277 351 431 437 502 585 644 677 744 789 831 865 921 1018 1035 1128 1146 1232 1244 1316 1401 1419 1478 1555 1613 1647 1698 1766 1789 1849 1924 1983 2008 2089 2141 2192 2253 2284 2324 2402 2442 2510 2575 2603 2698 2731 2795 2825 2904 2922 2970
7 31 103 159 182 256 278 325 387 484 488 585 600 685 723 802 814 897 966 985 1050 1122 1153 1218 1280 1329 1391 1420 1466 1528 1566 1656 1698 1771 1812 1870 1909 1972 2024 2080 2146 2178 2219 2318 2358 2420 2453 2494 2541 2599 2675 2753 2768 2834 2873 2931 3019
7 31 105 132 166 253 322 337 390 485 505 573 595 690 748 787 830 891 920 983 1038 1113 1134 1191 1280 1337 1386 1420 1507 1522 1614 1627 1720 1755 1786 1877 1920 1967 2006 2100 2112 2197 2245 2318 2340 2385 2443 2501 2559 2628 2664 2745 2777 2852 2886 2956 2997
7 31 105 157 199 233 282 337 422 454 513 585 633 677 723 759 817 886 965 981 1050 1099 1177 1218 1280 1332 1355 1454 1483 1522 1592 1640 1708 1747 1816 1866 1932 1972 2006 2054 2112 2201 2255 2284 2355 2387 2482 2501 2584 2596 2684 2714 2807 2808 2873 2917 3020
4 31 105 160 186 258 295 351 390 474 495 585 609 685 720 792 831 878 924 975 1039 1127 1142 1199 1268 1340 1399 1405 1494 1531 1614 1622 1708 1766 1786 1889 1921 1950 2015 2086 2130 2192 2244 2318 2368 2376 2442 2492 2558 2637 2669 2736 2772 2849 2866 2956 2997
4 31 106 159 164 246 273 363 378 443 519 585 617 670 720 776 854 897 943 997 1039 1110 1172 1199 1268 1343 1378 1454 1474 1520 1606 1644 1689 1737 1835 1840 1937 1950 2035 2062 2122 2203 2263 2269 2365 2390 2472 2504 2574 2614 2684 2718 2790 2857 2866 2945 2977
7 31 107 118 199 267 287 338 424 458 526 579 608 689 718 758 837 891 935 1004 1051 1092 1147 1226 1291 1319 1371 1428 1487 1559 1600 1624 1708 1780 1817 1878 1915 1945 2005 2082 2112 2168 2217 2313 2330 2407 2450 2484 2582 2640 2667 2745 2767 2813 2871 2967 3009
7 31 107 144 172 241 279 325 413 483 535 573 608 690 706 787 839 870 926 977 1047 1123 1141 1210 1282 1335 1374 1428 1477 1564 1600 1637 1714 1775 1828 1877 1911 1959 1998 2080 2135 2174 2227 2318 2340 2378 2460 2491 2550 2640 2671 2745 2757 2841 2879 2962 3009
4 32 56 109 172 233 317 374 413 450 525 569 596 648 746 799 841 910 958 1006 1032 1133 1140 1231 1251 1318 1354 1424 1481 1548 1581 1640 1688 1742 1820 1884 1941 1968 2028 2080 2135 2173 2263 2320 2338 2386 2456 2517 2563 2631 2651 2712 2777 2816 2896 2958 3017
4 32 57 126 194 251 280 336 418 481 500 569 640 682 741 762 825 905 934 1008 1051 1111 1160 1210 1263 1313 1375 1456 1465 1532 1619 1654 1703 1757 1830 1880 1898 1963 2038 2076 2156 2206 2215 2293 2330 2389 2433 2531 2581 2643 2646 2744 2766 2846 2866 2918 2980
7 32 58 111 170 228 286 347 423 458 528 569 607 649 719 779 853 891 927 1003 1033 1092 1148 1225 1262 1331 1350 1406 1497 1559 1588 1631 1694 1734 1817 1876 1906 1985 2024 2082 2158 2205 2217 2314 2359 2424 2464 2506 2565 2624 2695 2708 2805 2861 2880 2967 3010
7 32 58 126 178 256 278 376 413 433 492 569 596 674 712 770 822 905 934 1006 1065 1123 1156 1241 1289 1328 1383 1418 1465 1532 1588 1656 1694 1770 1827 1848 1941 1972 2024 2080 2131 2209 2263 2318 2332 2420 2430 2506 2567 2600 2649 2732 2770 2846 2865 2963 3010
7 32 59 120 185 264 273 353 398 443 518 586 596 683 712 805 818 882 943 979 1077 1119 1171 1192 1285 1342 1378 1454 1475 1556 1608 1636 1688 1764 1787 1846 1937 1996 2007 2071 2131 2201 2235 2309 2349 2391 2431 2519 2574 2592 2685 2717 2777 2839 2915 2945 2996
7 32 59 136 179 237 321 342 378 471 529 586 622 668 710 763 836 887 957 1009 1049 1090 1179 1228 1278 1346 1403 1445 1461 1543 1591 1655 1688 1772 1799 1883 1938 1974 2033 2068 2158 2192 2226 2270 2340 2380 2443 2493 2565 2597 2681 2722 2765 2823 2863 2967 3014
4 32 60 132 174 267 285 326 379 468 523 567 646 659 755 770 844 905 960 1002 1065 1128 1172 1198 1289 1299 1362 1454 1463 1533 1593 1665 1694 1745 1818 1852 1930 1974 2017 2075 2153 2204 2222 2282 2348 2376 2474 2505 2567 2641 2678 2736 2763 2814 2865 2941 2994
7 32 60 147 207 223 281 370 427 473 523 559 607 657 724 762 836 905 946 1015 1051 1125 1143 1226 1263 1296 1365 1429 1462 1559 1589 1668 1703 1745 1816 1868 1925 1974 2017 2105 2108 2192 2265 2320 2356 2379 2443 2505 2581 2593 2663 2738 2765 2823 2866 2967 2998
7 32 62 108 174 222 321 336 406 459 529 592 596 656 722 778 848 893 966 998 1031 1084 1168 1235 1266 1332 1403 1445 1474 1554 1602 1669 1694 1772 1785 1876 1929 1968 2033 2063 2153 2179 2229 2296 2353 2386 2448 2490 2577 2616 2692 2701 2770 2820 2883 2967 3003
7 32 62 112 179 230 323 370 400 472 529 559 622 663 713 768 841 893 956 990 1026 1129 1181 1222 1284 1306 1401 1454 1479 1537 1597 1624 1726 1772 1783 1881 1918 1968 2033 2073 2120 2187 2221 2270 2360 2412 2443 2490 2586 2622 2687 2703 2762 2830 2878 2958 3008
7 32 62 125 166 255 286 347 379 446 528 592 622 693 706 792 830 877 955 994 1077 1128 1159 1198 1285 1331 1350 1454 1470 1556 1597 1631 1694 1753 1805 1851 1930 1990 2004 2084 2137 2208 2222 2309 2361 2388 2452 2519 2587 2622 2673 2703 2761 2826 2915 2918 3008
7 32 63 138 205 265 285 342 425 468 497 563 646 682 729 765 821 905 930 997 1062 1099 1172 1195 1243 1299 1387 1450 1480 1520 1619 1665 1676 1728 1821 1880 1911 1957 2046 2057 2156 2196 2236 2298 2327 2394 2447 2526 2570 2643 2675 2744 2769 2834 2885 2945 2974
7 32 64 115 210 267 273 353 420 468 515 567 635 655 745 774 820 916 919 993 1044 1089 1172 1221 1255 1312 1381 1450 1480 1542 1600 1665 1688 1767 1782 1859 1896 1946 2013 2057 2156 2213 2240 2288 2342 2413 2434 2511 2576 2641 2658 2728 2803 2849 2907 2941 2987
4 32 64 125 165 240 301 374 427 438 515 553 613 696 707 797 830 916 955 1025 1034 1125 1167 1226 1272 1333 1353 1429 1502 1525 1582 1629 1703 1767 1809 1847 1925 1946 2013 2096 2137 2182 2265 2309 2331 2392 2477 2511 2539 2636 2670 2700 2761 2826 2884 2963 3006
7 32 64 129 194 227 274 353 404 480 525 553 618 654 740 790 855 866 922 1008 1070 1100 1174 1207 1255 1349 1397 1424 1466 1542 1582 1630 1703 1757 1831 1861 1897 1996 2013 2053 2156 2176 2238 2314 2330 2398 2433 2511 2582 2592 2697 2743 2791 2847 2879 2958 3006
7 32 65 128 198 223 301 374 393 433 489 586 635 701 733 800 815 866 965 1021 1070 1095 1156 1213 1260 1305 1378 1418 1465 1530 1614 1656 1703 1773 1824 1840 1901 1963 2014 2080 2131 2183 2250 2320 2373 2416 2469 2523 2572 2634 2652 2710 2780 2829 2874 2947 2970
4 32 67 125 205 225 319 353 409 485 520 592 613 669 743 761 822 877 935 978 1048 1103 1177 1189 1272 1332 1376 1445 1502 1525 1605 1671 1676 1744 1785 1856 1926 1972 2009 2087 2156 2209 2223 2293 2347 2383 2430 2511 2577 2596 2692 2748 2770 2846 2869 2963 3000
7 32 67 129 162 224 297 374 382 469 520 542 618 663 736 794 835 877 956 1020 1044 1131 1135 1231 1255 1303 1399 1450 1466 1542 1594 1643 1726 1744 1829 1881 1943 1972 2009 2093 2137 2166 2224 2288 2333 2412 2473 2511 2556 2625 2667 2703 2776 2813 2907 2958 3011
7 32 67 152 189 261 270 353 425 447 502 542 640 684 741 757 861 891 951 979 1034 1105 1171 1193 1272 1345 1392 1429 1475 1525 1594 1632 1726 1762 1786 1844 1912 1957 2009 2071 2156 2197 2235 2309 2345 2382 2479 2511 2579 2595 2656 2733 2807 2852 2884 2936 3011
7 32 68 124 207 237 290 370 409 437 504 559 646 699 710 809 836 887 952 1005 1036 1103 1158 1189 1290 1344 1357 1445 1500 1512 1611 1641 1676 1745 1811 1885 1926 1994 2036 2058 2135 2192 2223 2282 2365 2403 2443 2496 2542 2632 2686 2737 2769 2819 2903 2947 2973
7 32 68 128 203 267 286 347 409 481 486 542 635 670 745 787 814 910 938 973 1039 1086 1160 1221 1260 1307 1392 1456 1465 1530 1611 1654 1694 1776 1811 1841 1899 1972 2010 2076 2156 2213 2252 2282 2329 2401 2440 2523 2564 2629 2661 2739 2794 2856 2907 2947 2973
4 32 71 111 197 261 306 326 389 435 509 569 644 648 741 799 861 891 927 983 1051 1088 1162 1210 1263 1305 1351 1429 1497 1559 1603 1651 1716 1755 1826 1884 1922 1963 2005 2067 2153 2197 2241 2320 2338 2417 2479 2505 2544 2608 2680 2712 2798 2861 2866 2930 2988
7 32 73 109 207 230 285 342 402 461 523 586 607 701 713 807 841 893 958 1005 1075 1080 1165 1205 1268 1342 1362 1454 1494 1535 1613 1623 1676 1745 1787 1845 1932 1985 2017 2061 2135 2187 2220 2320 2365 2424 2443 2491 2574 2633 2685 2704 2777 2816 2897 2941 2992
7 32 73 120 212 258 306 365 382 438 509 586 646 686 702 801 821 882 948 1023 1042 1120 1167 1236 1279 1328 1351 1429 1502 1529 1587 1629 1676 1755 1821 1858 1900 1972 2005 2096 2137 2177 2267 2318 2358 2384 2465 2503 2541 2618 2675 2705 2769 2834 2873 2930 3019
4 32 74 115 178 253 303 353 417 449 492 592 596 675 717 805 858 891 919 983 1061 1112 1146 1191 1280 1340 1359 1450 1488 1534 1586 1664 1699 1770 1786 1859 1920 1985 2024 2079 2126 2172 2229 2318 2357 2413 2430 2489 2589 2611 2699 2707 2764 2849 2908 2930 3019
4 32 74 116 193 225 305 351 395 485 524 592 607 662 750 767 811 882 949 985 1043 1096 1177 1200 1284 1346 1395 1454 1491 1518 1613 1671 1699 1750 1789 1865 1927 1974 2003 2097 2148 2201 2232 2270 2348 2379 2438 2510 2573 2596 2673 2740 2778 2845 2862 2963 2991
7 32 74 124 169 233 315 365 382 470 524 563 596 671 746 793 836 882 952 1012 1035 1131 1145 1231 1248 1299 1385 1450 1458 1554 1586 1636 1726 1750 1821 1863 1943 1974 2003 2101 2135 2173 2224 2282 2322 2425 2461 2510 2570 2611 2675 2707 2769 2819 2896 2967 3019
7 32 75 144 179 267 280 351 398 481 512 542 640 663 755 768 844 905 949 990 1074 1119 1160 1192 1282 1313 1364 1454 1481 1513 1604 1654 1688 1740 1807 1839 1937 1968 2030 2059 2158 2204 2235 2288 2360 2405 2474 2492 2538 2629 2689 2746 2760 2817 2871 2947 2975
7 32 78 114 208 259 300 347 378 477 508 567 640 680 755 785 859 882 940 988 1065 1120 1151 1198 1289 1322 1358 1418 1476 1532 1571 1633 1716 1766 1799 1872 1938 1974 2003 2090 2158 2211 2226 2318 2324 2377 2466 2506 2553 2627 2657 2709 2790 2835 2865 2918 3014
7 32 78 147 198 227 277 376 411 480 508 581 644 683 740 783 813 882 932 1023 1033 1093 1143 1206 1262 1297 1380 1406 1462 1559 1608 1660 1703 1766 1791 1846 1934 1974 2003 2105 2131 2176 2257 2314 2371 2402 2475 2506 2561 2592 2683 2717 2787 2837 2880 2930 2976
7 32 79 108 194 254 317 336 422 437 525 569 618 649 738 779 825 916 966 981 1053 1133 1158 1239 1276 1317 1354 1445 1500 1528 1596 1641 1724 1757 1800 1876 1933 1946 2013 2058 2135 2206 2249 2314 2359 2386 2433 2495 2545 2615 2665 2708 2793 2820 2912 2936 2983
7 32 79 157 210 256 301 351 394 433 515 569 635 653 750 781 863 866 953 992 1068 1096 1156 1200 1259 1305 1353 1429 1484 1546 1596 1656 1724 1767 1826 1874 1927 1996 2013 2059 2120 2170 2233 2288 2343 2421 2434 2495 2544 2600 2680 2723 2798 2859 2862 2963 2983
7 32 80 108 206 263 308 370 414 453 521 592 613 665 742 769 820 893 929 1005 1052 1083 1158 1216 1253 1319 1395 1432 1500 1528 1572 1625 1724 1779 1783 1873 1923 1946 2047 2058 2148 2164 2223 2282 2366 2392 2483 2520 2569 2613 2654 2719 2795 2857 2876 2941 2994
7 32 82 119 196 236 293 336 403 452 522 586 613 701 707 807 852 891 966 1016 1061 1088 1152 1210 1287 1323 1351 1445 1495 1527 1605 1627 1699 1737 1793 1845 1922 1994 2031 2070 2137 2186 2227 2320 2365 2417 2436 2487 2587 2639 2681 2704 2771 2808 2901 2918 2985
7 32 84 130 187 255 315 376 422 461 524 563 624 664 706 756 830 877 944 978 1074 1131 1165 1241 1282 1312 1385 1454 1494 1513 1592 1623 1716 1733 1800 1870 1933 1946 2021 2061 2135 2208 2249 2288 2364 2425 2452 2492 2550 2607 2684 2711 2773 2815 2871 2963 2983
4 32 84 132 185 244 279 326 394 472 526 581 624 683 705 805 819 891 960 979 1061 1092 1181 1204 1280 1349 1398 1454 1479 1517 1592 1624 1699 1729 1826 1852 1927 1996 2006 2073 2120 2193 2233 2314 2349 2376 2467 2507 2589 2607 2690 2711 2789 2814 2908 2936 2983
4 32 84 143 199 234 318 336 391 470 526 563 640 682 722 762 837 891 969 1003 1051 1084 1149 1235 1247 1296 1360 1424 1503 1550 1578 1632 1716 1729 1793 1879 1929 1996 2006 2055 2108 2167 2244 2298 2330 2429 2454 2507 2581 2610 2663 2745 2790 2858 2883 2967 2997
7 32 84 144 198 253 291 376 387 450 491 581 640 691 714 809 813 866 926 1021 1036 1122 1140 1188 1282 1344 1374 1424 1481 1513 1578 1640 1699 1766 1797 1869 1907 1957 2021 2080 2135 2176 2250 2318 2373 2382 2475 2492 2542 2610 2686 2745 2784 2840 2911 2947 2997
4 32 85 119 210 259 296 353 400 477 500 567 613 673 753 761 820 910 918 992 1064 1115 1151 1237 1287 1327 1361 1456 1495 1527 1574 1633 1724 1767 1783 1878 1918 1968 2028 2071 2120 2213 2221 2309 2343 2393 2434 2487 2560 2627 2654 2706 2795 2857 2898 2918 3008
7 32 85 143 188 258 317 336 379 457 525 567 646 692 702 773 845 887 969 1002 1063 1090 1138 1236 1258 1317 1354 1424 1496 1557 1574 1641 1724 1742 1805 1879 1930 1990 2028 2075 2137 2177 2222 2270 2334 2429 2441 2487 2556 2598 2653 2735 2782 2858 2873 2958 3008
7 32 87 110 178 225 291 376 389 436 511 569 644 697 743 783 822 877 963 983 1049 1102 1173 1196 1278 1317 1355 1445 1486 1543 1609 1667 1699 1770 1800 1871 1922 1990 2004 2067 2126 2209 2241 2270 2357 2415 2430 2493 2545 2645 2665 2751 2793 2824 2863 2945 3016
7 32 88 128 206 264 315 376 403 443 521 586 613 654 743 765 814 866 938 1016 1062 1102 1171 1196 1264 1299 1388 1429 1476 1519 1582 1636 1716 1779 1797 1861 1922 1974 2047 2070 2156 2170 2227 2282 2356 2381 2483 2512 2570 2592 2675 2743 2794 2856 2863 2945 2981
4 32 90 117 180 240 304 370 381 475 513 542 613 692 707 769 857 887 971 1009 1057 1116 1134 1226 1250 1307 1399 1456 1506 1552 1574 1637 1716 1735 1811 1879 1935 1957 2022 2064 2137 2182 2230 2296 2339 2427 2451 2485 2564 2598 2661 2735 2794 2812 2884 2967 3003
7 32 91 124 201 259 301 351 397 466 489 563 646 679 755 764 859 882 928 977 1066 1119 1139 1192 1290 1333 1378 1418 1500 1512 1583 1629 1724 1773 1789 1862 1937 1946 2014 2078 2153 2211 2236 2309 2344 2391 2466 2496 2539 2637 2670 2713 2782 2843 2871 2947 2989
4 32 91 136 205 242 310 342 422 455 534 563 624 669 751 761 821 910 957 978 1064 1133 1170 1239 1287 1304 1360 1445 1489 1515 1584 1621 1724 1728 1795 1883 1933 1972 2010 2061 2108 2196 2249 2320 2347 2380 2447 2500 2560 2599 2677 2721 2781 2823 2898 2930 2988
7 32 91 139 171 246 286 342 397 458 486 590 607 691 724 807 811 891 926 976 1061 1105 1148 1193 1287 1331 1392 1456 1486 1515 1583 1631 1699 1776 1789 1869 1912 1990 2010 2092 2108 2168 2261 2309 2375 2382 2471 2500 2587 2605 2673 2745 2778 2845 2901 2947 2989
7 32 94 145 202 220 321 336 414 471 539 590 622 674 727 767 830 887 934 1000 1043 1114 1179 1194 1242 1346 1393 1456 1473 1524 1573 1655 1694 1732 1805 1848 1899 1946 2008 2055 2148 2182 2247 2298 2336 2420 2477 2532 2573 2615 2673 2732 2761 2826 2905 2963 2971
4 32 94 155 178 224 285 326 408 464 497 590 624 675 736 805 835 877 937 983 1077 1098 1162 1232 1295 1342 1387 1450 1497 1516 1567 1623 1694 1728 1804 1842 1903 1985 2046 2067 2131 2166 2241 2320 2357 2395 2473 2494 2574 2630 2685 2724 2759 2829 2906 2945 2978
4 32 96 117 189 254 296 353 385 454 496 542 635 668 747 774 861 887 921 995 1063 1109 1141 1191 1254 1309 1364 1432 1498 1560 1591 1650 1724 1762 1815 1883 1923 1963 2015 2053 2158 2197 2252 2314 2328 2416 2479 2484 2555 2597 2691 2722 2798 2861 2877 2930 2976
4 32 96 134 171 237 285 342 411 471 497 590 635 695 733 796 811 916 924 1025 1041 1098 1169 1201 1253 1299 1387 1432 1507 1546 1591 1665 1676 1776 1791 1856 1934 1974 1998 2104 2131 2168 2257 2282 2325 2395 2471 2501 2567 2597 2678 2722 2792 2831 2888 2963 2976
4 32 97 147 189 258 308 370 394 457 521 581 624 684 702 757 821 882 946 979 1066 1096 1154 1200 1252 1319 1395 1429 1505 1516 1599 1625 1724 1777 1795 1868 1927 1957 2049 2073 2158 2177 2233 2270 2345 2379 2465 2537 2546 2598 2677 2709 2781 2823 2911 2945 3016
7 32 97 153 210 241 310 342 384 463 495 581 622 666 713 763 839 916 933 993 1053 1080 1155 1205 1291 1297 1398 1406 1496 1547 1610 1628 1724 1732 1791 1873 1932 1990 2051 2057 2120 2175 2240 2298 2342 2388 2470 2535 2561 2605 2683 2718 2787 2811 2897 2941 3005
7 32 97 155 208 246 304 370 385 458 535 590 622 685 710 768 815 877 937 975 1074 1103 1148 1189 1252 1313 1376 1406 1497 1516 1610 1631 1716 1763 1788 1854 1926 1963 2049 2082 2158 2183 2247 2293 2337 2383 2469 2537 2538 2605 2689 2718 2780 2829 2903 2947 3005
7 32 103 133 199 225 290 370 423 436 493 569 607 682 750 762 818 914 930 1003 1068 1117 1173 1200 1259 1318 1368 1424 1472 1523 1617 1667 1676 1751 1820 1880 1906 1996 2026 2082 2148 2201 2217 2293 2330 2394 2431 2520 2563 2645 2651 2744 2777 2839 2862 2945 3007
4 32 105 113 202 222 310 374 423 455 495 553 624 659 720 782 831 910 960 1000 1039 1092 1170 1225 1286 1304 1398 1406 1467 1545 1615 1621 1694 1732 1820 1852 1906 1996 2051 2085 2148 2181 2217 2296 2336 2376 2477 2528 2569 2620 2669 2736 2759 2833 2879 2941 3007
7 32 105 116 211 237 317 374 412 437 490 559 618 663 733 794 811 916 949 972 1044 1095 1158 1213 1286 1317 1389 1432 1464 1545 1601 1641 1688 1738 1809 1839 1901 1990 2051 2095 2148 2168 2231 2270 2333 2405 2471 2528 2556 2632 2653 2746 2778 2845 2874 2947 3021
7 32 105 156 170 220 282 370 404 454 530 553 618 651 723 785 852 905 929 1008 1065 1099 1141 1209 1246 1322 1367 1432 1498 1522 1601 1650 1694 1761 1816 1851 1897 1994 2042 2053 2158 2186 2238 2298 2354 2414 2436 2537 2553 2632 2657 2746 2771 2808 2910 2918 3021
7 32 107 146 170 216 287 336 417 443 530 586 618 649 718 779 835 914 939 1003 1053 1106 1149 1199 1291 1315 1363 1406 1503 1547 1575 1657 1726 1761 1829 1843 1905 1985 2042 2055 2126 2203 2244 2298 2359 2407 2436 2535 2545 2640 2667 2741 2776 2813 2897 2945 2974
7 33 54 112 201 257 292 335 386 458 501 569 647 651 746 802 841 906 932 984 1035 1082 1179 1231 1248 1325 1354 1435 1474 1564 1605 1668 1700 1768 1793 1856 1919 1968 2020 2060 2157 2210 2263 2305 2345 2412 2449 2504 2552 2631 2647 2736 2802 2835 2895 2934 2977
4 33 55 113 172 250 281 340 399 435 535 576 618 675 740 787 810 895 970 973 1076 1125 1180 1213 1286 1335 1358 1457 1467 1544 1601 1643 1717 1738 1798 1841 1938 1969 2027 2066 2119 2200 2244 2319 2369 2393 2437 2528 2556 2613 2687 2715 2776 2827 2904 2947 2974
7 33 55 119 204 242 275 355 399 437 519 582 647 683 749 796 828 880 940 998 1033 1094 1150 1189 1252 1316 1359 1429 1466 1561 1601 1672 1711 1772 1798 1839 1920 1956 2042 2098 2132 2192 2262 2319 2360 2422 2480 2513 2538 2607 2668 2721 2795 2847 2872 2947 2974
7 33 57 108 175 242 315 355 421 437 534 569 618 651 733 779 821 888 957 981 1064 1121 1186 1238 1282 1304 1375 1457 1477 1533 1601 1637 1725 1757 1810 1870 1934 1956 2021 2058 2124 2208 2248 2305 2368 2414 2431 2500 2550 2607 2695 2721 2764 2815 2880 2959 2972
7 33 58 133 170 218 291 347 425 436 505 569 625 651 730 779 854 880 955 986 1038 1087 1155 1198 1250 1337 1350 1417 1506 1557 1580 1636 1717 1734 1813 1870 1901 1997 2050 2082 2132 2204 2215 2305 2368 2416 2463 2501 2577 2629 2665 2721 2804 2850 2912 2968 2998
7 33 59 109 204 256 272 366 393 447 529 571 645 687 741 791 841 893 928 998 1029 1129 1155 1200 1288 1332 1377 1417 1486 1526 1585 1624 1711 1772 1787 1842 1898 1968 2032 2101 2132 2179 2259 2321 2360 2386 2480 2493 2558 2614 2661 2700 2782 2856 2885 2934 3023
4 33 59 130 164 222 311 348 383 472 530 571 606 663 713 778 859 887 956 1007 1055 1111 1168 1235 1256 1322 1400 1455 1461 1558 1585 1657 1711 1771 1799 1876 1918 1974 2032 2073 2149 2170 2229 2286 2325 2395 2458 2493 2586 2592 2692 2722 2762 2820 2863 2969 3023
7 33 59 135 191 242 273 353 398 446 532 571 611 693 733 782 821 888 967 994 1067 1118 1169 1207 1286 1331 1373 1457 1460 1555 1618 1640 1711 1741 1782 1843 1930 1986 2007 2056 2131 2208 2230 2319 2370 2388 2431 2518 2576 2597 2686 2717 2761 2818 2913 2929 2990
4 33 59 136 190 230 320 366 378 459 530 576 611 656 722 768 814 887 966 982 1049 1117 1181 1222 1288 1315 1391 1457 1459 1526 1618 1650 1706 1771 1803 1881 1929 1974 2032 2063 2132 2197 2221 2281 2371 2402 2432 2493 2577 2597 2687 2717 2770 2830 2864 2968 2990
7 33 62 112 190 237 311 360 400 480 530 582 611 659 717 763 846 893 944 1021 1026 1099 1179 1228 1261 1334 1400 1455 1474 1564 1579 1646 1700 1771 1785 1883 1928 1968 2032 2060 2139 2164 2226 2281 2331 2407 2432 2490 2578 2622 2681 2701 2775 2823 2883 2969 3018
7 33 63 127 191 238 300 340 380 471 533 591 624 693 705 782 819 876 970 994 1063 1095 1174 1209 1281 1347 1376 1457 1479 1512 1615 1638 1699 1729 1825 1852 1925 1986 2009 2068 2144 2207 2218 2300 2370 2381 2444 2491 2580 2604 2691 2708 2788 2814 2897 2942 2999
4 33 66 134 188 227 285 355 410 471 508 591 647 683 751 796 826 900 932 1013 1033 1082 1152 1215 1253 1318 1354 1417 1488 1559 1612 1660 1692 1776 1788 1856 1933 1968 2028 2103 2137 2168 2258 2310 2360 2412 2475 2485 2538 2616 2666 2703 2806 2813 2871 2942 2979
7 33 68 122 175 222 296 353 416 472 534 571 618 654 712 789 857 876 922 1018 1069 1088 1168 1237 1244 1338 1395 1446 1478 1547 1587 1657 1692 1757 1801 1888 1902 1969 2021 2055 2157 2171 2238 2305 2330 2393 2431 2488 2583 2592 2696 2720 2786 2835 2890 2969 3012
4 33 68 135 188 268 283 375 395 438 515 571 636 687 707 791 818 888 927 1013 1046 1127 1166 1214 1277 1343 1351 1429 1501 1514 1587 1629 1692 1776 1820 1842 1922 1956 2021 2097 2137 2177 2264 2321 2360 2387 2475 2488 2541 2612 2670 2700 2766 2858 2876 2953 3012
7 33 71 111 209 253 277 360 425 458 497 569 625 681 742 762 830 915 920 986 1045 1090 1182 1195 1263 1313 1399 1446 1480 1527 1616 1665 1687 1751 1809 1879 1901 1969 2037 2082 2159 2196 2215 2293 2330 2404 2433 2526 2590 2635 2651 2745 2769 2844 2862 2934 3002
4 33 72 126 171 229 304 366 393 478 525 552 630 691 731 758 857 893 968 1021 1030 1106 1156 1236 1258 1317 1387 1435 1496 1552 1571 1623 1725 1735 1787 1880 1935 1969 1998 2064 2131 2161 2222 2286 2350 2418 2441 2506 2574 2601 2661 2734 2782 2839 2884 2969 3023
7 33 72 129 197 260 279 347 383 476 493 552 625 694 752 779 836 888 946 992 1064 1127 1136 1218 1282 1346 1361 1440 1462 1527 1571 1648 1725 1767 1799 1849 1918 1974 1998 2089 2149 2202 2229 2321 2324 2377 2468 2506 2550 2626 2654 2709 2800 2857 2880 2934 3023
7 33 72 146 200 230 280 366 410 459 493 591 647 693 738 804 813 888 929 1013 1048 1108 1164 1190 1258 1297 1360 1422 1476 1552 1618 1667 1687 1767 1791 1843 1933 1974 1998 2103 2131 2181 2258 2300 2348 2425 2465 2506 2567 2597 2660 2717 2801 2831 2865 2953 2976
4 33 73 129 215 227 300 347 417 471 513 564 624 657 751 789 855 876 946 991 1069 1091 1174 1198 1244 1347 1397 1440 1473 1516 1569 1638 1692 1733 1819 1849 1897 1976 2013 2074 2159 2168 2214 2310 2327 2377 2447 2521 2583 2616 2688 2747 2781 2857 2890 2968 3006
4 33 74 118 178 251 302 353 416 434 492 582 611 696 722 782 837 876 919 980 1063 1126 1161 1191 1281 1341 1359 1435 1468 1519 1581 1663 1699 1780 1801 1865 1914 1995 2018 2102 2132 2175 2226 2321 2367 2390 2435 2484 2580 2596 2696 2723 2786 2856 2897 2953 3012
7 33 74 142 195 244 286 348 395 480 538 582 625 650 703 784 856 915 937 1016 1036 1107 1159 1235 1249 1304 1355 1422 1495 1551 1581 1665 1699 1734 1820 1871 1922 1956 2018 2094 2137 2174 2264 2305 2365 2391 2439 2484 2587 2615 2658 2704 2778 2811 2872 2969 3012
7 33 75 122 162 224 308 375 403 478 526 552 618 659 735 766 862 895 944 1011 1054 1130 1137 1232 1244 1308 1368 1440 1478 1547 1594 1643 1700 1749 1827 1883 1931 1961 2014 2088 2137 2166 2253 2310 2328 2407 2450 2488 2587 2606 2654 2701 2771 2813 2906 2969 3020
7 33 75 146 206 226 284 355 403 479 521 564 630 657 709 762 859 915 940 1016 1045 1115 1164 1227 1263 1301 1370 1429 1476 1552 1594 1647 1687 1730 1827 1882 1927 1974 2002 2103 2124 2170 2255 2310 2355 2379 2458 2500 2590 2593 2663 2714 2762 2820 2862 2969 3020
7 33 75 151 201 263 270 353 423 442 507 552 630 694 729 759 860 880 950 984 1046 1132 1143 1193 1277 1336 1369 1429 1485 1514 1594 1627 1700 1768 1808 1844 1907 1976 2014 2102 2157 2192 2222 2321 2345 2382 2449 2488 2573 2593 2684 2714 2796 2853 2876 2959 3020
7 33 76 113 200 225 305 377 395 460 506 571 636 693 713 804 810 900 970 1013 1055 1107 1177 1235 1256 1300 1364 1422 1490 1521 1577 1622 1699 1762 1822 1852 1922 1974 2001 2097 2119 2167 2264 2319 2348 2381 2470 2530 2560 2641 2662 2708 2776 2827 2863 2942 3010
7 33 76 145 167 243 271 353 418 441 499 563 636 664 704 761 854 876 943 991 1041 1102 1140 1192 1262 1344 1378 1422 1497 1546 1577 1631 1706 1737 1801 1881 1906 1997 2045 2052 2144 2204 2236 2294 2374 2424 2463 2487 2565 2641 2677 2708 2804 2850 2898 2968 3010
4 33 79 111 173 222 322 377 428 432 502 569 606 651 713 802 838 915 953 1010 1040 1107 1154 1235 1270 1302 1355 1429 1473 1534 1603 1639 1692 1736 1826 1856 1922 1976 2044 2093 2149 2170 2233 2305 2345 2391 2479 2532 2547 2633 2679 2736 2798 2810 2863 2942 3013
4 33 79 112 177 259 283 375 417 465 515 569 619 666 730 795 846 906 944 993 1038 1091 1139 1198 1250 1343 1351 1440 1510 1528 1607 1629 1692 1750 1816 1867 1897 1997 2046 2072 2139 2162 2214 2281 2363 2423 2434 2529 2561 2637 2649 2750 2775 2823 2912 2941 3009
4 33 80 136 207 250 308 348 430 435 504 576 625 650 742 784 836 887 939 1004 1036 1101 1180 1188 1253 1308 1390 1417 1471 1513 1580 1643 1725 1778 1799 1840 1910 1961 2030 2061 2159 2199 2220 2310 2365 2392 2472 2531 2587 2613 2654 2737 2800 2857 2868 2947 2975
7 33 81 129 213 255 275 360 388 432 519 564 645 695 737 783 836 876 946 990 1041 1126 1154 1191 1277 1348 1359 1429 1473 1516 1575 1639 1706 1772 1790 1837 1914 1961 2042 2093 2149 2199 2254 2321 2353 2390 2472 2486 2543 2599 2663 2711 2800 2857 2882 2947 3021
7 33 82 113 193 251 279 375 403 434 496 576 619 688 722 795 815 895 936 1022 1049 1119 1177 1222 1288 1346 1357 1417 1490 1521 1588 1648 1699 1775 1827 1857 1927 1974 1999 2097 2124 2175 2255 2321 2340 2376 2457 2498 2550 2596 2654 2716 2771 2860 2864 2959 3020
4 33 82 130 189 257 276 340 382 470 496 563 647 664 746 808 828 895 929 987 1032 1108 1168 1231 1251 1296 1360 1446 1461 1558 1614 1659 1711 1775 1798 1843 1892 1974 1999 2073 2157 2210 2251 2294 2326 2425 2461 2498 2557 2619 2668 2746 2795 2847 2895 2929 2993
7 33 84 117 215 241 290 348 418 470 500 563 636 681 750 765 818 915 945 991 1040 1084 1173 1210 1243 1299 1385 1435 1465 1523 1616 1654 1692 1733 1820 1879 1906 1980 2026 2052 2159 2206 2236 2298 2327 2378 2447 2531 2584 2635 2670 2745 2766 2858 2891 2929 2989
7 33 84 136 182 259 322 377 416 465 491 563 625 685 730 796 814 900 966 975 1033 1088 1142 1237 1253 1316 1366 1446 1471 1513 1616 1626 1692 1742 1822 1862 1902 1995 2026 2099 2132 2162 2238 2281 2357 2421 2466 2531 2538 2637 2668 2742 2770 2830 2871 2947 2989
7 33 86 109 183 253 286 348 380 458 538 569 645 666 737 795 817 895 965 988 1049 1095 1182 1209 1288 1304 1355 1457 1486 1526 1610 1665 1699 1747 1810 1867 1925 1980 2004 2075 2149 2200 2218 2281 2363 2403 2430 2493 2550 2635 2695 2750 2764 2819 2864 2934 3015
7 33 86 112 191 225 293 355 419 481 532 569 611 652 709 771 857 906 932 1020 1047 1115 1141 1227 1261 1335 1353 1417 1474 1564 1609 1632 1699 1741 1832 1871 1927 1969 2007 2098 2144 2171 2241 2319 2344 2397 2431 2490 2579 2621 2665 2702 2786 2835 2862 2969 3016
4 33 88 127 213 218 318 377 400 436 512 591 619 675 730 803 843 876 970 990 1037 1088 1149 1237 1249 1325 1395 1422 1479 1512 1586 1642 1717 1769 1828 1841 1902 1968 2036 2093 2139 2204 2254 2305 2353 2393 2474 2525 2539 2629 2660 2715 2763 2814 2871 2947 2973
7 33 89 160 185 244 307 335 405 480 520 593 624 688 703 774 819 880 936 984 1057 1087 1179 1199 1268 1338 1389 1455 1474 1517 1570 1646 1699 1731 1825 1857 1900 1969 2019 2060 2139 2174 2263 2305 2361 2376 2476 2499 2588 2615 2691 2716 2788 2814 2910 2959 2972
4 33 91 143 181 234 280 366 423 463 493 563 619 681 741 765 825 917 920 1024 1072 1129 1160 1200 1245 1297 1360 1440 1472 1532 1607 1667 1687 1728 1830 1879 1898 1976 2038 2057 2157 2201 2231 2298 2327 2404 2452 2520 2552 2642 2675 2745 2777 2812 2885 2934 2997
4 33 92 108 207 261 297 360 424 448 517 564 636 676 750 758 848 893 924 1004 1030 1081 1186 1216 1258 1311 1397 1422 1477 1533 1577 1625 1725 1778 1785 1845 1904 1956 2017 2058 2159 2187 2223 2300 2365 2387 2472 2526 2574 2600 2667 2749 2790 2848 2884 2941 2994
7 33 92 134 184 243 270 353 424 441 507 591 611 693 745 782 846 900 922 1000 1067 1086 1144 1220 1292 1336 1369 1446 1505 1542 1577 1627 1700 1743 1785 1852 1899 1997 2039 2053 2119 2162 2228 2300 2370 2428 2434 2503 2576 2641 2681 2708 2775 2823 2907 2941 2994
7 33 93 156 176 243 293 347 396 481 489 593 611 695 745 787 814 906 946 977 1076 1089 1141 1220 1283 1335 1396 1440 1503 1538 1572 1632 1706 1748 1803 1837 1896 1995 2034 2069 2119 2162 2266 2294 2349 2390 2466 2523 2556 2602 2687 2711 2770 2830 2907 2947 2970
7 33 94 149 209 251 319 353 396 434 497 576 625 677 716 757 845 888 943 981 1073 1097 1177 1193 1272 1306 1358 1422 1502 1562 1581 1648 1727 1751 1782 1884 1942 1995 2037 2086 2119 2181 2220 2293 2335 2421 2433 2503 2549 2596 2653 2723 2794 2846 2889 2959 2992
4 33 95 146 167 244 272 366 417 454 529 564 624 664 703 761 856 915 929 991 1053 1090 1149 1199 1272 1332 1377 1422 1498 1530 1592 1624 1711 1760 1816 1843 1897 1997 2043 2074 2139 2174 2214 2293 2374 2425 2439 2534 2553 2640 2667 2746 2757 2831 2910 2929 3009
4 33 97 119 176 253 292 348 384 458 490 557 647 679 742 803 813 906 956 977 1037 1101 1179 1188 1252 1325 1365 1455 1466 1561 1610 1668 1687 1763 1791 1854 1910 1980 2000 2069 2139 2196 2266 2293 2349 2417 2451 2513 2539 2635 2660 2750 2801 2831 2868 2947 3004
7 33 97 122 173 241 276 360 385 470 495 552 647 666 750 797 826 895 944 995 1042 1081 1168 1216 1246 1296 1361 1455 1478 1547 1610 1659 1692 1777 1788 1867 1904 1969 2027 2055 2149 2206 2260 2298 2361 2423 2438 2486 2559 2635 2666 2750 2806 2813 2884 2941 3004
7 33 97 123 169 262 280 366 419 445 495 557 624 700 705 761 849 895 938 1017 1041 1119 1162 1222 1277 1344 1357 1429 1480 1516 1598 1621 1687 1777 1832 1855 1927 1969 2027 2101 2144 2184 2241 2321 2338 2376 2442 2486 2565 2601 2677 2706 2773 2849 2882 2968 3016
7 33 98 142 203 265 317 348 384 441 517 591 606 652 710 778 833 906 937 993 1074 1085 1140 1205 1267 1297 1376 1422 1497 1549 1609 1631 1727 1746 1791 1871 1942 1976 2048 2052 2144 2172 2234 2298 2337 2391 2469 2527 2567 2621 2660 2702 2801 2811 2908 2941 3004
7 33 99 111 202 238 320 366 430 471 527 591 606 658 748 767 830 893 920 972 1027 1113 1174 1197 1270 1327 1394 1440 1473 1534 1573 1638 1706 1765 1787 1864 1896 1961 2025 2074 2159 2163 2234 2293 2328 2419 2465 2532 2585 2604 2673 2749 2769 2844 2875 2942 2987
7 33 99 147 165 254 283 340 383 455 515 571 606 676 720 800 831 917 924 1007 1070 1127 1137 1218 1283 1305 1351 1440 1492 1549 1573 1666 1725 1750 1834 1845 1918 1986 2046 2073 2137 2201 2229 2294 2323 2387 2446 2511 2571 2604 2652 2749 2774 2808 2913 2941 2987
4 33 100 143 169 226 288 353 384 479 524 593 611 696 709 782 838 887 921 989 1063 1101 1160 1188 1276 1347 1390 1455 1472 1532 1579 1650 1687 1739 1814 1858 1910 1976 2022 2057 2144 2170 2266 2310 2367 2392 2479 2487 2580 2593 2691 2730 2798 2810 2902 2942 2979
7 33 100 147 180 237 277 360 410 480 497 593 645 695 706 783 831 895 924 1022 1041 1108 1159 1190 1262 1313 1399 1422 1495 1546 1579 1665 1687 1766 1788 1846 1933 1968 2022 2094 2137 2176 2258 2294 2353 2386 2471 2487 2543 2622 2698 2701 2774 2808 2898 2959 2979
7 33 101 146 198 255 322 340 406 432 491 564 606 676 740 800 813 915 929 976 1070 1125 1154 1213 1292 1302 1366 1446 1498 1530 1576 1639 1727 1742 1796 1885 1938 1980 2026 2068 2131 2196 2237 2300 2323 2384 2451 2516 2571 2599 2655 2710 2801 2831 2904 2947 2971
7 33 101 148 178 224 290 340 386 478 500 593 624 696 735 782 829 900 933 980 1067 1082 1156 1231 1292 1331 1385 1435 1496 1530 1567 1623 1700 1733 1789 1858 1919 1995 2026 2064 2131 2166 2263 2310 2367 2380 2482 2516 2576 2606 2686 2730 2754 2829 2907 2929 2981
7 33 102 160 197 226 320 355 382 479 527 593 618 694 712 779 810 880 923 992 1038 1123 1160 1215 1250 1315 1394 1440 1463 1528 1594 1650 1717 1765 1798 1844 1892 1974 2025 2067 2157 2167 2251 2281 2324 2409 2470 2529 2577 2593 2687 2714 2776 2827 2912 2942 2993
4 33 103 112 209 255 310 360 421 432 524 569 618 649 740 785 830 906 944 981 1074 1130 1153 1229 1287 1312 1368 1455 1510 1528 1575 1641 1727 1751 1784 1883 1934 1961 2010 2058 2119 2196 2248 2300 2335 2407 2433 2492 2560 2599 2650 2711 2791 2823 2888 2942 2999
4 33 104 156 167 238 298 348 404 443 529 582 624 669 705 756 824 917 939 1024 1065 1116 1141 1209 1279 1306 1352 1417 1503 1538 1584 1669 1706 1760 1829 1851 1905 1995 2043 2069 2144 2207 2219 2293 2341 2380 2439 2527 2545 2632 2657 2741 2755 2837 2897 2934 3002
7 33 106 133 198 262 317 348 398 445 513 557 625 691 725 784 845 893 959 976 1075 1099 1162 1226 1250 1307 1380 1440 1506 1557 1571 1621 1727 1742 1782 1880 1930 1986 2003 2075 2131 2163 2230 2281 2323 2426 2451 2501 2548 2601 2653 2734 2794 2846 2873 2968 2990
7 34 55 156 210 219 282 370 427 466 495 582 620 653 719 785 824 905 923 1017 1057 1123 1171 1226 1258 1320 1371 1404 1489 1556 1595 1659 1689 1750 1814 1840 1942 1967 2017 2105 2113 2186 2264 2304 2363 2384 2442 2485 2557 2613 2657 2738 2771 2836 2870 2968 2998
4 34 56 138 190 242 292 349 415 434 497 554 617 652 751 764 821 905 946 1020 1069 1125 1135 1238 1280 1306 1397 1450 1473 1521 1586 1638 1710 1741 1821 1841 1943 1944 2024 2097 2113 2194 2247 2319 2327 2417 2447 2502 2559 2623 2659 2738 2779 2827 2914 2959 3005
4 34 56 151 178 247 317 330 407 485 497 575 645 672 746 775 816 905 938 1004 1057 1099 1184 1189 1251 1337 1372 1446 1510 1550 1599 1665 1689 1741 1818 1848 1892 1944 2024 2102 2133 2209 2242 2292 2332 2386 2458 2502 2567 2631 2651 2740 2758 2816 2877 2963 2991
7 34 57 117 178 219 301 346 406 466 534 591 601 675 719 805 822 864 935 983 1078 1096 1173 1197 1285 1349 1394 1445 1470 1533 1602 1657 1689 1756 1822 1838 1922 1990 2004 2077 2133 2186 2234 2304 2355 2377 2444 2492 2588 2613 2692 2731 2802 2830 2901 2959 2975
4 34 58 116 184 243 323 370 407 480 531 582 608 669 718 769 835 886 956 990 1050 1129 1178 1220 1261 1334 1400 1455 1473 1542 1570 1651 1710 1775 1802 1879 1918 1944 2039 2053 2133 2174 2216 2275 2331 2428 2442 2514 2578 2598 2680 2708 2757 2825 2872 2958 3008
4 34 58 131 173 218 320 349 384 459 531 575 601 651 703 773 820 886 957 986 1035 1112 1166 1232 1272 1348 1403 1445 1469 1531 1602 1669 1717 1775 1790 1869 1938 1944 2039 2069 2153 2179 2243 2283 2347 2414 2453 2514 2577 2623 2690 2721 2776 2821 2877 2968 2974
7 34 59 120 203 231 299 349 390 433 522 586 636 701 711 806 829 878 957 1019 1078 1083 1152 1206 1285 1323 1370 1445 1468 1533 1614 1622 1674 1733 1799 1873 1916 1995 2002 2075 2130 2192 2226 2304 2367 2410 2459 2492 2587 2637 2679 2733 2765 2832 2901 2923 2999
7 34 61 121 191 266 299 324 389 481 522 562 629 657 755 771 857 915 942 991 1070 1114 1166 1225 1290 1298 1370 1445 1474 1539 1609 1647 1701 1733 1792 1853 1929 1958 2002 2063 2153 2206 2239 2310 2353 2379 2471 2490 2539 2644 2665 2739 2777 2820 2894 2923 2992
4 34 61 128 178 237 314 375 430 450 534 562 601 672 749 775 835 910 951 1004 1055 1133 1136 1233 1247 1312 1381 1446 1487 1548 1587 1621 1701 1756 1820 1875 1940 1944 2004 2080 2121 2172 2263 2304 2332 2414 2444 2488 2569 2602 2655 2713 2772 2811 2903 2958 3015
4 34 61 136 175 265 301 337 386 482 534 565 629 665 729 759 821 910 948 984 1046 1081 1179 1190 1278 1334 1394 1445 1498 1517 1609 1673 1698 1756 1795 1844 1909 1944 2004 2100 2157 2194 2237 2275 2347 2392 2447 2488 2572 2644 2686 2739 2779 2827 2892 2959 2992
7 34 61 152 203 239 290 370 430 472 522 565 636 670 713 768 841 915 919 1017 1040 1107 1171 1220 1269 1299 1379 1411 1489 1560 1587 1653 1698 1733 1820 1854 1939 1958 2002 2105 2106 2180 2264 2304 2369 2378 2459 2490 2563 2605 2664 2710 2763 2824 2878 2958 3015
4 34 62 112 194 229 288 365 430 443 487 582 620 682 718 796 816 899 954 1025 1050 1107 1181 1220 1261 1306 1352 1411 1498 1540 1583 1642 1698 1772 1825 1856 1939 1944 2014 2098 2121 2189 2264 2319 2360 2406 2478 2516 2551 2618 2668 2703 2762 2812 2872 2963 3010
7 34 63 111 200 240 280 366 379 445 510 591 620 693 719 806 830 878 922 1003 1078 1111 1161 1197 1285 1329 1369 1439 1464 1520 1588 1637 1674 1767 1784 1876 1906 1990 2011 2101 2113 2163 2258 2309 2375 2405 2464 2506 2587 2604 2673 2748 2785 2845 2901 2940 2989
7 34 63 141 215 231 275 370 425 477 494 591 635 675 733 789 827 906 937 1022 1037 1085 1165 1216 1265 1324 1354 1428 1495 1551 1584 1668 1674 1771 1794 1866 1930 1951 2020 2105 2121 2169 2259 2304 2371 2413 2469 2497 2554 2593 2660 2702 2780 2811 2881 2943 2993
7 34 64 112 171 268 307 330 390 482 525 582 640 650 741 757 818 899 954 994 1042 1083 1179 1206 1272 1328 1383 1445 1498 1540 1598 1673 1674 1740 1810 1866 1916 1967 2023 2100 2157 2204 2226 2283 2340 2397 2452 2504 2583 2641 2694 2728 2760 2812 2870 2943 2987
7 34 64 116 200 245 279 375 405 434 498 582 635 698 739 801 813 886 956 1003 1066 1088 1135 1192 1270 1319 1371 1450 1473 1542 1598 1638 1674 1767 1796 1888 1896 1979 2023 2097 2113 2181 2262 2295 2375 2419 2464 2504 2585 2620 2658 2749 2780 2825 2866 2931 2987
7 34 64 117 166 266 278 346 405 484 517 540 640 678 755 776 857 915 935 976 1060 1124 1177 1219 1281 1314 1365 1445 1479 1525 1598 1658 1717 1757 1796 1838 1938 1951 2018 2060 2143 2206 2220 2295 2359 2377 2471 2509 2541 2641 2672 2728 2766 2830 2900 2931 2987
7 34 64 123 183 227 303 375 427 457 525 540 608 654 749 760 828 899 962 1015 1031 1133 1151 1233 1270 1317 1387 1430 1467 1542 1582 1623 1717 1740 1809 1884 1940 1967 2023 2091 2113 2183 2266 2314 2329 2408 2440 2504 2575 2606 2676 2729 2756 2809 2903 2958 3004
7 34 65 136 183 249 272 337 405 452 504 586 594 686 740 808 834 889 948 980 1076 1124 1170 1219 1287 1323 1351 1445 1463 1552 1591 1649 1717 1738 1799 1844 1938 1979 2021 2056 2113 2200 2220 2319 2365 2392 2443 2531 2587 2595 2679 2718 2765 2827 2915 2940 2984
7 34 65 161 164 224 291 330 393 471 495 586 635 668 733 793 854 899 955 999 1031 1104 1186 1208 1282 1304 1363 1404 1508 1557 1591 1663 1717 1746 1810 1869 1901 1970 2021 2102 2121 2176 2248 2292 2352 2416 2431 2531 2542 2610 2652 2703 2803 2840 2891 2968 2984
7 34 69 110 207 266 277 346 396 484 492 554 635 650 747 774 848 899 937 988 1048 1085 1172 1228 1254 1318 1354 1450 1475 1537 1598 1663 1701 1776 1806 1866 1920 1951 2027 2061 2157 2213 2246 2310 2322 2413 2462 2498 2548 2641 2659 2728 2794 2842 2910 2916 2981
7 34 69 111 179 255 292 359 427 444 497 554 594 679 740 771 830 915 922 1010 1070 1125 1154 1241 1290 1315 1397 1446 1466 1518 1576 1630 1701 1753 1809 1865 1940 1967 2012 2096 2113 2195 2266 2309 2330 2417 2433 2513 2539 2617 2648 2720 2785 2845 2894 2963 3004
7 34 69 115 210 218 273 359 396 462 511 565 640 698 703 809 820 886 961 1012 1058 1089 1170 1204 1290 1330 1367 1445 1462 1518 1598 1640 1689 1739 1806 1888 1922 1995 2012 2057 2113 2179 2244 2310 2367 2415 2453 2513 2576 2620 2686 2749 2767 2829 2907 2916 2981
7 34 69 129 194 246 274 375 427 461 492 565 636 687 711 790 811 899 927 1025 1029 1123 1174 1226 1266 1333 1358 1404 1505 1524 1576 1625 1689 1776 1809 1848 1942 1951 2027 2098 2130 2176 2264 2309 2360 2398 2474 2498 2558 2612 2676 2725 2756 2826 2879 2963 3004
7 34 69 139 184 244 287 330 404 463 511 554 636 660 707 777 855 886 955 990 1034 1100 1149 1224 1248 1335 1353 1404 1502 1560 1576 1629 1701 1739 1831 1875 1921 1995 2012 2053 2143 2201 2216 2314 2331 2410 2477 2513 2582 2612 2698 2725 2804 2861 2865 2958 3004
4 34 70 144 184 266 286 337 392 481 499 547 640 669 755 769 850 905 921 990 1065 1128 1160 1219 1275 1307 1377 1455 1487 1532 1604 1652 1701 1739 1813 1843 1934 1944 2024 2054 2143 2206 2215 2310 2331 2382 2477 2487 2562 2644 2666 2744 2784 2813 2900 2940 2979
4 34 70 147 210 217 298 359 430 477 499 565 636 677 704 761 820 905 941 1017 1062 1113 1165 1214 1262 1302 1366 1428 1495 1545 1574 1668 1681 1739 1825 1855 1939 1944 2024 2105 2121 2179 2264 2314 2363 2387 2453 2487 2542 2608 2654 2732 2776 2821 2892 2968 3010
7 34 70 155 202 260 299 324 421 433 506 547 636 667 750 767 863 878 958 985 1043 1084 1152 1194 1256 1323 1386 1428 1480 1524 1574 1622 1701 1761 1834 1865 1898 1979 2001 2062 2148 2193 2236 2319 2346 2381 2468 2510 2571 2608 2695 2732 2804 2854 2890 2963 3010
7 34 71 138 212 229 290 370 398 457 516 581 629 693 730 809 821 878 946 1024 1058 1084 1151 1194 1286 1330 1386 1430 1467 1527 1588 1623 1698 1755 1795 1876 1898 1986 2000 2091 2113 2177 2257 2319 2372 2381 2463 2485 2576 2604 2686 2748 2779 2827 2911 2916 2980
7 34 72 121 183 217 307 324 383 477 525 591 608 686 704 808 832 886 942 980 1075 1100 1182 1217 1274 1349 1383 1445 1485 1528 1596 1651 1681 1740 1822 1853 1926 1979 2023 2058 2149 2179 2218 2314 2365 2379 2440 2495 2588 2608 2692 2709 2802 2820 2889 2943 3000
7 34 72 134 200 233 291 366 418 471 498 591 635 692 727 804 830 899 920 1025 1054 1102 1186 1200 1259 1304 1360 1419 1507 1544 1596 1663 1681 1767 1787 1837 1937 1967 2023 2103 2106 2163 2259 2295 2354 2395 2464 2495 2544 2601 2650 2716 2792 2838 2875 2963 3000
7 34 72 135 196 261 279 324 385 479 498 547 620 684 752 786 842 899 923 975 1053 1123 1145 1240 1274 1315 1371 1450 1471 1528 1594 1642 1725 1767 1798 1840 1928 1967 2023 2078 2149 2213 2232 2309 2342 2384 2468 2495 2540 2634 2647 2705 2799 2857 2912 2931 3002
4 34 73 136 180 247 319 330 402 485 513 586 636 660 750 777 825 889 936 994 1034 1097 1179 1215 1246 1348 1382 1455 1498 1517 1599 1670 1698 1730 1800 1860 1904 1944 2029 2100 2148 2205 2226 2283 2331 2387 2431 2522 2582 2631 2685 2740 2763 2839 2867 2952 2973
4 34 74 127 164 264 281 370 430 460 508 547 617 684 734 776 825 915 946 999 1060 1125 1150 1241 1281 1321 1397 1430 1469 1536 1573 1634 1717 1746 1820 1841 1940 1944 2008 2086 2121 2205 2263 2309 2352 2417 2431 2497 2541 2598 2664 2704 2763 2839 2900 2952 3015
7 34 75 112 178 260 287 330 389 447 511 575 617 675 734 805 816 906 954 983 1076 1114 1164 1225 1287 1335 1353 1445 1486 1552 1584 1629 1701 1741 1803 1866 1929 1990 2010 2072 2121 2209 2239 2319 2355 2397 2458 2531 2590 2593 2690 2702 2762 2812 2915 2916 2980
7 34 75 158 190 239 273 337 379 472 511 565 645 656 721 760 843 906 970 1020 1031 1089 1171 1218 1282 1317 1367 1404 1511 1557 1575 1653 1710 1741 1784 1879 1906 1990 2010 2085 2113 2171 2258 2292 2327 2415 2447 2531 2575 2605 2676 2722 2782 2858 2891 2958 2989
4 34 77 112 212 234 283 375 415 454 502 575 640 691 703 795 840 906 921 1022 1035 1128 1181 1232 1272 1321 1377 1419 1498 1540 1578 1632 1698 1760 1815 1843 1923 1944 2009 2098 2113 2162 2267 2309 2374 2382 2457 2504 2555 2602 2649 2722 2775 2845 2877 2943 3011
7 34 80 131 208 260 308 370 414 447 538 575 636 670 750 768 848 886 930 1012 1040 1088 1164 1194 1259 1314 1393 1419 1477 1523 1568 1629 1725 1778 1802 1845 1894 1951 2047 2082 2148 2193 2219 2295 2369 2398 2483 2518 2563 2593 2649 2719 2789 2848 2890 2916 3001
7 34 80 146 190 237 294 346 414 441 496 591 608 692 749 788 835 910 926 978 1079 1109 1154 1228 1292 1336 1369 1446 1501 1564 1568 1633 1710 1744 1802 1851 1895 1985 2032 2060 2113 2172 2218 2295 2370 2407 2444 2533 2576 2611 2680 2701 2757 2825 2908 2916 3001
7 34 82 113 184 233 320 366 401 471 531 586 608 649 705 758 824 864 966 982 1056 1117 1177 1221 1278 1346 1403 1445 1466 1516 1596 1672 1701 1775 1793 1880 1929 1967 2039 2074 2143 2186 2227 2275 2340 2408 2442 2489 2565 2601 2679 2716 2771 2836 2882 2968 2990
7 34 82 119 192 255 277 346 392 444 490 586 601 681 740 805 813 906 931 974 1076 1128 1143 1219 1287 1340 1356 1455 1480 1559 1585 1641 1701 1764 1791 1852 1934 1979 2003 2071 2106 2195 2215 2309 2349 2404 2451 2526 2590 2617 2685 2711 2772 2833 2915 2931 3002
7 34 83 113 202 266 287 330 395 484 489 540 645 659 747 775 842 910 945 985 1055 1092 1177 1235 1247 1305 1374 1439 1466 1516 1593 1658 1701 1761 1783 1852 1913 1967 2019 2074 2148 2213 2224 2310 2346 2390 2468 2522 2569 2641 2662 2734 2799 2857 2903 2931 2972
7 34 83 136 200 225 295 365 427 454 489 565 636 692 723 804 834 910 948 1025 1032 1118 1181 1231 1246 1310 1367 1419 1498 1517 1568 1632 1674 1761 1814 1851 1942 1967 2019 2098 2113 2173 2264 2319 2354 2385 2470 2522 2566 2611 2663 2701 2765 2827 2869 2952 2998
4 34 84 110 180 248 318 366 418 448 530 554 601 660 751 777 840 899 951 994 1069 1133 1147 1238 1280 1302 1381 1455 1483 1529 1585 1648 1716 1729 1787 1875 1935 1944 2014 2064 2130 2188 2261 2314 2331 2414 2432 2493 2546 2603 2650 2725 2792 2828 2914 2943 3000
7 34 86 161 199 240 288 346 396 443 488 586 620 654 719 764 844 899 949 977 1069 1096 1181 1197 1294 1306 1351 1419 1503 1562 1582 1642 1716 1758 1806 1884 1922 1995 2026 2093 2113 2163 2244 2268 2325 2420 2451 2533 2559 2606 2659 2729 2794 2846 2901 2959 2981
7 34 87 117 211 224 320 349 414 471 539 591 608 661 733 772 811 864 939 978 1037 1120 1177 1216 1265 1346 1395 1439 1479 1525 1569 1672 1717 1759 1812 1847 1895 1951 2036 2060 2148 2176 2218 2292 2350 2423 2474 2525 2571 2610 2673 2726 2756 2826 2881 2963 2991
7 34 87 152 172 220 291 330 402 436 498 591 617 675 743 805 841 889 919 989 1076 1102 1139 1235 1295 1340 1360 1450 1506 1543 1586 1628 1717 1752 1800 1838 1902 1985 2038 2081 2106 2190 2228 2304 2355 2395 2450 2523 2590 2630 2685 2731 2763 2824 2908 2931 2973
7 34 87 158 181 229 279 324 414 443 498 582 629 657 730 771 843 889 970 1000 1070 1088 1181 1194 1273 1315 1371 1419 1503 1565 1569 1642 1725 1752 1812 1874 1894 1985 2038 2093 2113 2177 2219 2292 2353 2419 2441 2523 2539 2618 2648 2718 2782 2858 2911 2963 2991
4 34 90 147 212 243 271 370 418 480 488 581 645 691 715 795 821 889 930 1022 1044 1102 1165 1200 1245 1312 1368 1419 1495 1545 1570 1664 1681 1755 1811 1857 1937 1944 2029 2105 2130 2177 2259 2304 2374 2386 2463 2505 2547 2598 2677 2708 2774 2832 2887 2959 2975
7 34 91 132 181 265 291 366 422 484 498 540 629 688 729 761 826 905 929 1002 1062 1099 1172 1190 1262 1304 1360 1450 1475 1515 1619 1663 1681 1752 1830 1883 1891 1970 2038 2061 2157 2194 2230 2292 2351 2399 2441 2519 2542 2642 2652 2746 2783 2822 2892 2931 3003
4 34 92 120 189 229 315 365 392 443 536 586 601 668 730 793 821 878 957 974 1030 1112 1155 1236 1250 1337 1403 1430 1468 1533 1583 1667 1725 1777 1813 1869 1934 1944 2050 2071 2143 2177 2215 2292 2352 2414 2463 2528 2543 2618 2675 2703 2774 2832 2867 2959 2979
7 34 93 132 213 244 314 375 398 463 518 581 629 681 707 783 857 864 931 1024 1056 1086 1142 1192 1262 1297 1398 1428 1475 1515 1590 1636 1701 1781 1792 1852 1898 1951 2036 2091 2149 2201 2257 2314 2371 2404 2475 2519 2540 2612 2665 2711 2777 2820 2899 2931 2983
7 34 93 152 199 248 295 324 398 448 489 565 617 677 751 797 812 915 933 976 1071 1118 1161 1240 1295 1308 1367 1439 1506 1543 1590 1634 1716 1748 1792 1867 1933 1986 2033 2058 2113 2188 2222 2314 2326 2385 2460 2523 2585 2603 2669 2720 2773 2809 2913 2931 2983
7 34 94 115 172 253 285 359 388 464 517 562 645 697 736 783 823 889 961 989 1056 1098 1182 1191 1278 1297 1359 1445 1464 1516 1611 1664 1674 1747 1804 1888 1916 1990 2028 2081 2149 2200 2228 2275 2355 2415 2455 2489 2540 2645 2665 2750 2764 2829 2882 2931 3019
7 34 94 123 182 265 277 349 388 484 490 540 635 685 735 796 812 899 962 975 1050 1108 1172 1205 1261 1318 1356 1455 1467 1542 1611 1663 1698 1764 1804 1868 1904 1986 2003 2070 2153 2188 2240 2275 2356 2424 2460 2514 2551 2642 2656 2753 2773 2809 2872 2931 3019
7 34 94 131 192 240 275 370 428 445 490 562 601 666 719 757 844 899 930 999 1042 1123 1150 1226 1272 1345 1358 1419 1469 1531 1613 1648 1674 1764 1835 1845 1942 1986 2003 2086 2133 2163 2263 2309 2323 2398 2451 2514 2583 2604 2678 2723 2793 2848 2870 2968 3017
4 34 97 110 208 264 302 370 386 460 535 575 620 653 746 785 848 878 937 1019 1057 1082 1147 1189 1251 1307 1376 1428 1483 1529 1573 1637 1716 1778 1795 1872 1909 1944 2050 2064 2157 2193 2237 2310 2363 2406 2483 2524 2557 2598 2671 2704 2794 2842 2877 2923 2992
7 34 97 132 189 239 323 370 382 472 536 581 601 666 721 757 826 864 929 1001 1042 1120 1167 1216 1251 1328 1395 1446 1461 1529 1587 1657 1710 1777 1788 1858 1895 1958 2050 2073 2157 2171 2252 2292 2323 2423 2463 2524 2583 2605 2694 2710 2783 2822 2893 2943 2978
7 34 97 161 193 234 295 324 382 454 503 575 636 672 704 767 854 910 955 1000 1059 1100 1181 1217 1291 1310 1353 1411 1503 1562 1587 1632 1716 1737 1788 1875 1926 1995 2037 2093 2121 2161 2219 2292 2341 2410 2446 2536 2554 2602 2674 2713 2803 2840 2889 2943 2978
7 34 98 111 213 237 309 365 385 441 523 591 640 675 714 789 850 878 954 1024 1043 1083 1154 1212 1269 1320 1383 1411 1466 1518 1567 1633 1701 1781 1813 1866 1908 1967 2031 2096 2149 2208 2254 2304 2371 2397 2475 2532 2549 2611 2666 2702 2784 2813 2875 2916 2986
7 34 98 121 202 245 320 366 408 459 539 591 601 658 739 777 813 886 929 996 1034 1120 1166 1193 1248 1348 1395 1450 1474 1539 1567 1669 1701 1765 1791 1858 1920 1958 2031 2063 2148 2181 2234 2268 2334 2423 2464 2532 2582 2594 2685 2719 2772 2833 2865 2952 2986
7 34 99 146 202 252 318 366 399 436 518 591 594 667 732 767 813 910 926 985 1059 1081 1141 1190 1291 1324 1394 1428 1501 1564 1606 1626 1716 1765 1794 1867 1909 1979 2051 2074 2133 2181 2224 2275 2346 2392 2464 2534 2554 2597 2660 2730 2780 2825 2889 2931 3019
7 34 99 151 207 229 303 366 406 457 523 581 608 666 718 758 816 899 938 988 1053 1104 1151 1199 1291 1317 1389 1411 1496 1564 1613 1623 1725 1759 1787 1845 1910 1990 2051 2061 2133 2189 2246 2292 2322 2389 2478 2534 2568 2604 2683 2723 2758 2816 2895 2916 3012
7 34 99 152 206 240 302 370 383 445 535 591 608 658 705 769 819 889 919 980 1065 1110 1161 1209 1279 1307 1376 1411 1506 1543 1613 1637 1716 1780 1811 1854 1926 1986 2048 2058 2143 2178 2218 2268 2343 2378 2469 2537 2562 2604 2666 2723 2786 2824 2896 2940 3012
7 34 99 156 189 235 308 370 399 463 538 581 617 684 726 776 826 906 923 974 1060 1101 1149 1201 1279 1314 1393 1404 1502 1543 1606 1629 1725 1777 1794 1840 1900 1970 2048 2053 2143 2171 2233 2275 2352 2384 2463 2537 2541 2622 2672 2705 2768 2836 2902 2931 3019
7 34 101 125 164 247 282 370 383 470 495 547 635 697 750 789 825 889 956 1001 1043 1088 1167 1194 1256 1320 1371 1455 1461 1537 1611 1659 1689 1746 1811 1888 1894 1979 2021 2073 2149 2205 2252 2292 2349 2419 2431 2496 2549 2645 2666 2750 2786 2817 2890 2916 3012
7 34 101 135 174 268 272 366 406 481 504 547 645 685 741 790 818 899 966 996 1029 1096 1166 1197 1266 1326 1351 1445 1474 1526 1611 1647 1689 1738 1787 1868 1922 1970 2021 2063 2153 2204 2234 2268 2362 2420 2452 2496 2558 2642 2683 2753 2758 2814 2879 2940 3012
7 34 103 121 199 253 271 370 421 464 488 562 620 688 742 785 813 915 929 976 1045 1090 1182 1201 1253 1312 1368 1446 1485 1528 1616 1664 1681 1758 1820 1883 1912 1979 2026 2058 2148 2195 2222 2268 2326 2399 2451 2518 2569 2645 2655 2746 2772 2833 2886 2931 3023
7 34 103 131 163 263 306 365 416 473 516 562 636 680 714 804 820 899 957 988 1054 1083 1162 1212 1259 1300 1370 1430 1477 1523 1616 1625 1681 1730 1825 1873 1908 1995 2026 2084 2153 2183 2223 2283 2366 2410 2449 2518 2544 2638 2654 2753 2776 2821 2875 2916 3023
7 34 104 112 202 233 314 375 410 440 518 582 594 669 727 766 830 899 921 996 1048 1108 1164 1202 1289 1297 1398 1419 1486 1552 1618 1636 1701 1765 1809 1843 1907 1990 2051 2072 2148 2163 2225 2275 2334 2382 2464 2529 2556 2632 2648 2744 2785 2845 2873 2940 3021
7 34 104 147 166 224 281 370 404 449 533 565 594 656 717 762 829 905 930 1008 1074 1099 1137 1189 1273 1310 1372 1419 1491 1549 1618 1645 1717 1768 1814 1857 1892 1995 2044 2073 2143 2192 2245 2292 2325 2386 2459 2537 2566 2632 2663 2744 2765 2832 2907 2923 3021
7 34 104 156 191 245 292 359 416 434 533 582 617 659 722 780 814 905 945 1002 1065 1105 1135 1191 1279 1306 1362 1411 1502 1543 1615 1638 1701 1768 1825 1852 1908 1995 2044 2068 2153 2198 2223 2268 2341 2390 2435 2537 2551 2620 2668 2734 2762 2814 2896 2931 3023
7 34 106 117 193 247 273 359 410 470 503 540 636 688 750 761 811 915 939 991 1030 1094 1173 1215 1250 1317 1374 1430 1470 1533 1616 1653 1689 1737 1809 1883 1907 1990 2037 2077 2148 2205 2225 2292 2351 2388 2446 2528 2575 2645 2676 2746 2756 2826 2867 2923 3021
7 34 107 146 166 239 292 349 426 444 533 586 594 668 713 786 841 915 934 976 1053 1094 1154 1205 1291 1315 1362 1411 1501 1564 1603 1630 1710 1768 1826 1839 1919 1985 2044 2060 2149 2180 2220 2292 2359 2401 2459 2534 2540 2633 2647 2735 2770 2817 2895 2931 3003
4 35 54 156 214 230 296 345 387 449 495 555 599 686 722 801 814 917 938 1021 1072 1119 1150 1201 1279 1308 1368 1429 1465 1518 1596 1667 1709 1758 1822 1877 1914 1972 2043 2066 2134 2195 2234 2271 2355 2384 2432 2485 2588 2618 2675 2752 2797 2845 2894 2960 2979
7 35 55 108 175 228 315 329 414 464 519 555 647 665 742 803 821 898 948 979 1052 1121 1171 1196 1252 1347 1388 1429 1459 1556 1599 1666 1697 1777 1824 1861 1912 1971 2049 2058 2109 2184 2262 2311 2338 2428 2450 2515 2550 2613 2675 2715 2795 2817 2880 2945 2974
7 35 57 149 173 247 280 350 407 444 526 583 618 665 740 772 855 898 970 998 1033 1080 1173 1189 1290 1316 1359 1457 1466 1533 1599 1643 1703 1757 1833 1861 1934 1949 2041 2071 2109 2207 2224 2284 2369 2407 2480 2522 2552 2613 2695 2715 2788 2847 2867 2939 2972
7 35 59 149 181 245 317 377 409 441 502 583 616 657 704 797 843 898 970 995 1068 1095 1152 1221 1278 1308 1367 1431 1466 1533 1567 1646 1679 1741 1828 1867 1911 1972 2005 2092 2122 2211 2227 2271 2332 2401 2479 2532 2567 2637 2696 2700 2800 2847 2865 2941 3009
7 35 59 150 212 228 287 338 422 452 502 545 597 693 742 795 821 898 946 1023 1067 1106 1167 1207 1263 1321 1397 1429 1462 1548 1603 1635 1718 1741 1782 1886 1900 1972 2005 2054 2159 2184 2245 2291 2355 2388 2450 2532 2590 2625 2677 2747 2763 2849 2869 2944 2971
7 35 60 111 162 241 316 377 396 443 523 567 621 673 720 808 840 907 951 981 1067 1093 1162 1227 1263 1342 1381 1429 1500 1548 1582 1670 1709 1729 1831 1850 1914 1949 2004 2093 2122 2170 2225 2291 2353 2397 2474 2532 2577 2639 2679 2718 2805 2810 2869 2919 2984
4 35 61 138 168 247 274 367 403 452 522 545 647 667 748 805 811 887 926 989 1059 1109 1148 1238 1280 1298 1392 1407 1483 1564 1605 1653 1703 1776 1792 1846 1902 1966 2020 2070 2142 2199 2261 2284 2335 2417 2436 2527 2589 2605 2676 2724 2799 2808 2908 2944 2989
7 35 61 150 187 260 302 347 389 462 524 545 621 695 703 772 819 898 946 987 1033 1126 1136 1225 1290 1346 1395 1420 1462 1548 1584 1671 1703 1780 1805 1847 1923 1987 2040 2087 2129 2160 2235 2321 2339 2426 2461 2506 2552 2602 2666 2727 2765 2849 2867 2919 3011
7 35 62 111 175 254 309 377 379 474 509 583 599 665 747 803 861 891 951 979 1038 1112 1154 1234 1270 1315 1363 1429 1494 1554 1596 1628 1677 1747 1826 1850 1927 1971 2009 2101 2129 2194 2220 2284 2338 2397 2479 2526 2564 2644 2656 2726 2785 2810 2913 2951 2970
7 35 62 120 199 245 281 351 430 441 515 583 628 654 753 763 844 885 949 993 1040 1125 1152 1220 1261 1344 1400 1420 1497 1535 1566 1646 1677 1770 1807 1873 1928 1997 2039 2060 2134 2162 2255 2273 2370 2422 2434 2495 2554 2637 2664 2701 2769 2828 2912 2941 3002
7 35 64 109 173 248 274 367 417 483 528 566 609 664 741 773 856 885 923 998 1051 1101 1163 1229 1272 1330 1386 1409 1502 1512 1585 1622 1703 1757 1795 1842 1898 1997 2039 2062 2109 2206 2233 2293 2369 2424 2480 2493 2553 2641 2667 2714 2787 2846 2914 2951 2994
4 35 64 119 163 267 322 377 389 465 517 567 609 655 704 804 820 867 965 1009 1062 1095 1179 1221 1284 1338 1374 1409 1508 1540 1585 1658 1702 1728 1821 1852 1911 1987 2007 2099 2129 2191 2247 2303 2327 2394 2474 2526 2559 2641 2654 2714 2773 2834 2865 2941 2994
7 35 65 140 199 230 278 367 395 457 526 567 599 655 722 762 812 887 967 993 1063 1103 1186 1201 1288 1296 1361 1457 1496 1557 1613 1650 1677 1770 1792 1849 1929 1959 2028 2094 2134 2195 2222 2303 2370 2396 2434 2534 2539 2610 2691 2717 2785 2859 2894 2939 2997
4 35 65 144 195 240 301 338 386 446 532 543 599 661 733 775 851 890 966 1023 1037 1081 1167 1188 1282 1309 1387 1457 1462 1554 1613 1640 1703 1773 1801 1842 1934 1987 2048 2054 2131 2212 2245 2291 2371 2382 2469 2514 2561 2610 2686 2717 2762 2829 2870 2951 2997
7 35 66 116 208 236 272 338 425 469 537 543 622 685 710 788 862 907 918 1022 1039 1090 1176 1207 1264 1330 1379 1438 1498 1523 1572 1624 1697 1760 1800 1837 1917 1997 2047 2082 2111 2202 2226 2293 2368 2420 2469 2504 2558 2640 2661 2706 2780 2839 2902 2944 2987
4 35 67 130 192 254 306 350 425 474 490 574 616 648 747 757 859 887 928 982 1063 1109 1141 1238 1273 1345 1392 1432 1497 1525 1591 1641 1677 1730 1799 1844 1902 1997 2033 2071 2111 2194 2241 2284 2366 2417 2481 2505 2544 2644 2653 2732 2768 2827 2909 2960 2988
4 35 67 137 185 257 316 377 393 471 518 543 616 657 723 797 828 869 962 991 1068 1086 1166 1236 1246 1347 1387 1432 1509 1514 1591 1665 1709 1740 1829 1836 1897 1971 2019 2102 2131 2168 2228 2311 2332 2377 2470 2519 2567 2644 2658 2732 2781 2818 2899 2932 2988
7 35 67 144 209 216 293 347 425 440 498 543 622 686 746 789 816 890 938 1022 1077 1099 1174 1198 1244 1316 1389 1427 1500 1516 1591 1631 1709 1759 1799 1877 1917 1949 2019 2082 2159 2161 2226 2284 2367 2384 2468 2519 2587 2624 2660 2752 2761 2857 2892 2960 2988
7 35 70 117 211 247 289 329 430 444 499 583 628 652 748 799 811 887 947 993 1055 1113 1173 1233 1254 1307 1399 1407 1476 1538 1580 1643 1690 1735 1813 1838 1928 1971 2015 2060 2159 2199 2255 2296 2359 2427 2436 2531 2579 2613 2655 2735 2754 2853 2913 2939 2996
7 35 71 124 164 254 270 358 389 484 530 566 599 684 747 799 859 887 924 1005 1055 1117 1158 1234 1254 1305 1351 1432 1475 1559 1573 1650 1690 1758 1805 1884 1923 1987 2008 2067 2129 2194 2235 2271 2325 2382 2481 2511 2579 2635 2657 2722 2774 2822 2913 2969 3011
7 35 71 158 162 264 272 345 400 469 516 566 622 700 709 781 848 907 963 981 1044 1129 1176 1202 1289 1330 1401 1409 1486 1524 1573 1624 1690 1772 1795 1874 1910 1968 2008 2093 2142 2166 2225 2321 2353 2409 2431 2511 2553 2614 2667 2742 2787 2855 2878 2919 3011
4 35 72 153 211 216 287 367 417 463 502 545 622 690 746 760 848 885 968 993 1028 1106 1186 1198 1293 1311 1397 1431 1496 1544 1576 1645 1690 1735 1795 1865 1909 1947 2012 2094 2159 2161 2222 2303 2359 2388 2436 2533 2572 2601 2667 2741 2787 2855 2892 2941 2994
4 35 72 156 208 246 299 327 389 432 537 555 622 677 727 768 851 917 954 1018 1073 1114 1135 1203 1259 1306 1352 1431 1464 1519 1576 1664 1679 1760 1821 1878 1911 1987 2047 2090 2129 2212 2247 2293 2372 2380 2469 2498 2564 2601 2665 2741 2762 2829 2879 2951 2994
7 35 73 155 214 217 306 327 400 438 490 545 609 693 702 795 820 917 929 1021 1078 1120 1140 1197 1266 1318 1392 1432 1474 1529 1597 1668 1702 1730 1821 1886 1901 1968 2033 2066 2142 2205 2234 2291 2355 2405 2460 2499 2580 2631 2654 2747 2773 2834 2893 2960 2983
4 35 74 138 174 229 296 358 382 448 504 563 647 685 751 802 821 869 918 992 1071 1110 1151 1239 1280 1308 1360 1420 1483 1564 1614 1667 1697 1767 1824 1837 1892 1972 2006 2067 2150 2180 2249 2271 2354 2420 2454 2527 2588 2599 2675 2706 2795 2817 2895 2944 3008
4 35 76 145 204 258 296 345 427 461 504 563 622 679 706 781 858 867 919 1010 1041 1110 1184 1190 1262 1344 1360 1431 1504 1543 1576 1632 1709 1736 1796 1836 1941 1997 2038 2098 2150 2198 2248 2273 2374 2420 2452 2497 2555 2634 2663 2709 2761 2814 2896 2932 2990
4 35 78 140 203 228 271 350 425 464 486 567 597 652 742 793 829 887 969 1000 1047 1090 1180 1207 1283 1302 1394 1438 1503 1550 1580 1657 1697 1737 1799 1838 1917 1949 2030 2103 2159 2184 2226 2311 2364 2406 2441 2536 2586 2613 2653 2735 2768 2858 2869 2932 2988
7 35 82 125 195 236 307 327 387 480 532 555 599 650 710 786 862 907 932 1021 1036 1093 1140 1227 1267 1297 1381 1438 1474 1559 1608 1626 1699 1773 1791 1869 1914 1971 2048 2066 2135 2202 2234 2291 2373 2397 2469 2496 2583 2630 2646 2704 2786 2833 2880 2969 3012
4 35 82 126 200 249 302 351 385 434 531 555 628 696 716 763 823 890 925 973 1043 1132 1163 1212 1289 1346 1388 1409 1468 1538 1608 1671 1699 1774 1793 1857 1922 1987 2048 2097 2109 2181 2214 2321 2327 2418 2462 2496 2552 2596 2666 2738 2778 2848 2879 2939 3012
7 35 84 140 182 258 317 377 379 461 503 563 597 671 739 796 812 891 967 1003 1034 1087 1184 1236 1283 1322 1366 1447 1503 1550 1574 1632 1679 1742 1826 1855 1896 1966 2024 2099 2134 2164 2253 2303 2334 2390 2464 2536 2556 2634 2656 2711 2785 2859 2883 2932 2970
7 35 85 119 211 235 270 358 411 442 487 567 637 656 751 798 826 867 943 1008 1064 1110 1174 1239 1287 1327 1394 1427 1486 1562 1578 1629 1690 1734 1797 1854 1892 1968 2036 2095 2159 2174 2218 2273 2343 2386 2437 2530 2590 2616 2672 2740 2772 2856 2895 2944 2991
7 35 87 130 215 260 317 329 414 441 503 563 616 681 703 801 819 898 936 1013 1072 1087 1152 1194 1273 1308 1366 1420 1497 1525 1568 1646 1727 1753 1824 1885 1938 1947 2013 2060 2134 2160 2236 2296 2361 2390 2461 2505 2588 2623 2675 2751 2795 2819 2900 2960 2974
7 35 87 154 193 236 286 350 407 480 503 593 622 688 710 767 849 898 968 972 1049 1106 1139 1207 1255 1310 1397 1447 1495 1543 1570 1627 1699 1753 1833 1865 1900 1947 2013 2053 2111 2202 2258 2291 2330 2388 2482 2505 2557 2630 2695 2743 2788 2854 2902 2932 2972
4 35 87 155 200 248 293 358 414 481 498 593 609 692 741 756 860 869 943 978 1057 1088 1147 1229 1266 1307 1389 1427 1474 1529 1568 1639 1699 1759 1824 1845 1912 1971 2019 2059 2109 2206 2262 2296 2322 2395 2476 2499 2547 2643 2687 2731 2784 2820 2914 2960 2974
7 35 91 122 191 225 302 351 426 462 531 543 621 657 720 767 857 898 942 1014 1049 1121 1136 1196 1255 1346 1388 1427 1491 1532 1567 1671 1699 1778 1789 1867 1912 1997 2045 2056 2122 2187 2252 2311 2363 2428 2442 2517 2557 2637 2660 2700 2771 2825 2902 2921 2976
7 35 91 140 202 224 284 358 426 463 506 563 616 658 743 782 829 891 969 980 1038 1084 1186 1230 1292 1314 1383 1431 1496 1557 1567 1645 1677 1740 1789 1866 1926 1959 2031 2094 2159 2171 2236 2311 2340 2378 2454 2530 2585 2592 2663 2745 2768 2858 2891 2921 2976
4 35 93 116 196 263 316 358 398 443 518 543 621 678 718 807 835 907 918 976 1075 1086 1162 1195 1261 1342 1387 1420 1498 1523 1584 1670 1727 1748 1823 1880 1938 1966 2011 2095 2131 2178 2252 2273 2323 2377 2445 2508 2571 2619 2685 2710 2806 2839 2875 2945 2978
7 35 94 160 175 218 282 367 388 466 509 593 599 696 732 762 843 890 959 989 1027 1099 1148 1198 1242 1328 1389 1438 1483 1542 1608 1640 1697 1747 1832 1857 1917 1972 2009 2070 2109 2211 2261 2284 2328 2384 2479 2493 2576 2596 2693 2738 2800 2847 2907 2941 3000
7 35 95 133 167 265 274 351 408 483 522 574 609 694 721 788 826 885 929 973 1039 1120 1163 1199 1281 1330 1392 1407 1468 1530 1604 1622 1718 1776 1807 1886 1899 1968 2020 2097 2111 2174 2214 2321 2360 2405 2437 2492 2558 2626 2661 2746 2772 2856 2885 2944 3023
4 35 96 149 182 263 299 327 387 458 488 574 618 694 718 794 835 907 956 985 1032 1129 1152 1202 1290 1341 1401 1420 1466 1533 1594 1630 1679 1761 1791 1881 1910 1972 2002 2092 2134 2178 2238 2321 2354 2409 2445 2522 2539 2604 2646 2750 2786 2860 2868 2939 3012
7 35 96 159 169 246 275 367 388 432 534 574 616 671 727 769 849 890 967 990 1046 1097 1178 1206 1275 1334 1357 1457 1487 1514 1606 1621 1679 1749 1832 1855 1937 1947 2035 2062 2135 2212 2241 2293 2362 2390 2472 2488 2570 2601 2693 2711 2800 2841 2876 2932 3000
4 35 98 118 209 249 318 338 403 436 492 567 597 681 716 795 823 890 936 1022 1078 1097 1176 1206 1272 1318 1357 1409 1498 1521 1595 1656 1727 1765 1801 1885 1937 1966 1999 2082 2142 2181 2226 2293 2367 2390 2462 2484 2580 2594 2654 2751 2794 2831 2887 2960 2980
7 35 99 138 164 241 283 327 409 479 535 545 621 690 720 793 854 887 926 1005 1047 1103 1151 1227 1283 1303 1369 1447 1483 1564 1616 1637 1697 1779 1819 1876 1903 1972 2032 2067 2122 2170 2235 2303 2325 2387 2460 2524 2586 2604 2652 2730 2755 2808 2869 2969 3018
7 35 102 125 209 255 314 351 420 450 487 555 618 686 725 789 830 907 942 1022 1075 1089 1159 1199 1256 1326 1350 1427 1505 1528 1587 1630 1727 1765 1786 1888 1930 1949 2004 2064 2142 2173 2244 2271 2367 2407 2462 2491 2589 2600 2648 2742 2789 2823 2881 2944 3008
7 35 102 155 162 218 301 351 419 466 523 593 621 688 753 767 820 869 929 1002 1045 1125 1148 1220 1256 1309 1396 1407 1475 1528 1602 1640 1690 1729 1790 1865 1928 1987 2004 2078 2142 2191 2266 2291 2330 2426 2474 2491 2561 2596 2686 2743 2773 2834 2912 2941 2992
7 35 103 113 202 249 310 345 416 436 496 583 628 658 716 782 842 869 919 980 1073 1111 1170 1212 1259 1325 1359 1431 1506 1519 1617 1662 1727 1751 1827 1880 1942 1959 2018 2074 2109 2181 2255 2293 2340 2376 2443 2498 2550 2594 2696 2731 2801 2846 2879 2945 3004
4 35 103 148 179 225 275 329 416 477 493 593 621 682 720 776 822 885 960 997 1039 1101 1134 1196 1264 1334 1398 1438 1467 1523 1617 1621 1718 1744 1827 1840 1931 1947 2012 2084 2122 2187 2266 2293 2336 2413 2477 2504 2570 2623 2693 2702 2804 2837 2902 2945 3004
7 35 103 155 174 257 278 327 380 484 496 593 618 694 723 794 828 869 929 992 1032 1122 1158 1224 1249 1296 1390 1432 1475 1528 1598 1650 1718 1751 1812 1886 1894 1959 2018 2067 2129 2168 2249 2303 2354 2405 2470 2498 2539 2632 2691 2746 2764 2834 2911 2944 3022
4 35 104 111 180 217 286 347 416 438 533 583 628 660 702 779 840 891 951 980 1037 1105 1182 1218 1282 1310 1367 1457 1494 1554 1612 1627 1702 1754 1814 1856 1942 1947 2010 2074 2122 2205 2255 2291 2362 2391 2440 2514 2557 2631 2695 2733 2805 2810 2870 2921 3017
7 35 105 122 180 266 271 345 396 478 530 574 618 689 731 777 857 867 942 1011 1062 1089 1165 1228 1246 1302 1350 1432 1478 1545 1598 1657 1702 1738 1796 1888 1901 1949 2029 2065 2122 2172 2238 2311 2329 2407 2456 2486 2586 2638 2653 2739 2771 2825 2905 2969 3021
7 35 106 109 196 255 317 329 410 450 503 566 628 684 725 799 842 885 923 974 1066 1094 1143 1208 1251 1308 1366 1447 1502 1512 1607 1646 1727 1742 1827 1884 1939 1972 2024 2083 2131 2173 2265 2271 2325 2383 2451 2516 2567 2600 2696 2722 2801 2846 2872 2932 3010
7 35 106 152 178 266 290 329 398 478 500 593 609 697 731 775 836 891 947 979 1037 1084 1171 1230 1251 1309 1383 1407 1459 1512 1604 1651 1702 1745 1790 1887 1926 1966 2024 2058 2131 2172 2262 2311 2335 2378 2477 2516 2561 2638 2686 2734 2773 2818 2903 2951 3013
4 35 106 155 172 252 271 345 410 480 486 593 637 687 706 769 839 869 943 991 1046 1110 1140 1190 1257 1334 1394 1438 1474 1529 1607 1626 1702 1737 1827 1854 1941 1968 2030 2066 2135 2203 2263 2271 2345 2386 2471 2510 2570 2614 2693 2708 2804 2820 2896 2932 3010
4 36 54 139 193 237 281 327 412 448 496 546 602 692 750 795 811 897 926 1023 1079 1122 1179 1223 1258 1346 1393 1433 1477 1564 1592 1633 1715 1738 1812 1886 1894 1951 2016 2067 2148 2185 2219 2270 2369 2404 2444 2525 2556 2631 2693 2726 2778 2841 2883 2944 2991
7 36 54 161 175 220 313 365 415 436 496 580 596 671 716 789 857 897 935 996 1058 1093 1169 1233 1294 1324 1362 1431 1479 1527 1586 1662 1680 1738 1807 1882 1907 1951 2016 2101 2109 2211 2237 2276 2322 2425 2461 2525 2547 2628 2696 2731 2799 2847 2881 2946 2997
4 36 57 123 213 238 281 327 429 478 529 568 601 674 703 794 842 866 957 1016 1048 1090 1152 1202 1290 1309 1361 1445 1511 1533 1600 1669 1715 1756 1797 1836 1922 1978 2041 2091 2134 2194 2261 2276 2347 2394 2439 2521 2554 2623 2692 2721 2774 2860 2886 2922 2975
7 36 58 120 207 236 283 327 397 480 517 548 623 676 717 765 828 897 929 997 1058 1098 1155 1227 1261 1297 1360 1444 1474 1557 1570 1644 1680 1775 1812 1879 1890 1971 2049 2090 2108 2213 2241 2275 2372 2387 2469 2499 2571 2629 2670 2743 2801 2858 2914 2958 3006
4 36 58 121 215 243 282 357 397 476 531 546 634 669 752 809 843 867 941 1011 1064 1117 1144 1212 1289 1346 1366 1433 1468 1542 1570 1632 1682 1747 1812 1884 1917 1946 2013 2070 2134 2169 2214 2275 2337 2399 2462 2535 2556 2636 2693 2737 2778 2809 2907 2958 3006
7 36 58 152 174 264 322 350 407 453 505 546 623 691 726 767 848 866 968 1021 1036 1113 1187 1189 1272 1336 1381 1444 1496 1559 1570 1636 1682 1773 1802 1864 1914 1947 2013 2071 2141 2183 2260 2309 2333 2385 2447 2535 2555 2629 2646 2743 2781 2833 2875 2923 3006
7 36 62 119 210 231 296 331 379 472 511 543 600 662 723 761 828 904 930 1002 1030 1102 1151 1236 1284 1317 1387 1437 1469 1555 1597 1620 1704 1772 1805 1881 1915 1971 2048 2062 2113 2213 2228 2270 2373 2393 2469 2513 2573 2644 2676 2720 2801 2858 2898 2958 3004
7 36 62 146 165 239 280 350 396 445 529 543 596 678 724 776 831 871 935 977 1052 1093 1164 1205 1266 1314 1362 1445 1505 1556 1598 1630 1704 1770 1834 1882 1935 1951 2027 2104 2147 2209 2229 2302 2357 2425 2466 2534 2538 2593 2686 2724 2770 2861 2900 2922 3003
7 36 63 122 211 241 293 364 421 452 487 542 627 663 727 809 826 867 936 1007 1064 1089 1168 1238 1289 1343 1382 1411 1463 1563 1583 1649 1682 1752 1794 1888 1919 1950 2012 2056 2148 2199 2256 2297 2343 2408 2453 2516 2556 2592 2695 2740 2767 2854 2907 2944 2981
7 36 63 140 166 228 308 327 378 481 533 542 621 690 718 792 829 905 926 1006 1074 1105 1180 1225 1265 1349 1394 1433 1481 1513 1576 1638 1682 1779 1821 1864 1917 1984 2030 2083 2112 2206 2235 2302 2325 2426 2445 2498 2559 2604 2662 2744 2806 2840 2884 2923 2988
4 36 64 124 165 231 278 327 408 484 514 566 627 668 755 786 858 870 955 977 1072 1124 1153 1226 1291 1329 1400 1411 1503 1525 1583 1651 1704 1770 1796 1862 1937 1985 2042 2067 2147 2182 2265 2270 2357 2401 2466 2496 2561 2633 2647 2700 2779 2830 2880 2924 2980
7 36 64 126 170 241 274 364 390 452 528 566 601 700 740 775 854 905 971 1004 1071 1128 1163 1210 1255 1301 1385 1437 1504 1561 1583 1654 1704 1756 1813 1851 1915 1950 2042 2076 2109 2186 2215 2276 2354 2398 2480 2496 2553 2592 2697 2740 2802 2847 2878 2918 2980
7 36 65 121 213 235 274 352 395 446 528 543 602 685 754 782 843 870 941 1016 1026 1101 1185 1204 1260 1331 1385 1437 1488 1522 1578 1625 1715 1756 1828 1858 1943 1985 2042 2100 2134 2193 2254 2275 2347 2424 2439 2495 2558 2638 2676 2717 2778 2809 2902 2918 3021
4 36 65 147 165 237 320 350 424 470 514 543 627 662 726 807 831 905 970 1006 1057 1113 1159 1189 1252 1341 1359 1412 1458 1529 1578 1645 1715 1770 1801 1855 1914 1950 2042 2073 2136 2209 2245 2270 2326 2408 2466 2495 2585 2609 2685 2746 2807 2824 2875 2923 3021
4 36 66 119 166 247 314 326 426 440 533 543 621 678 754 776 855 904 967 976 1026 1133 1161 1204 1260 1321 1388 1411 1501 1523 1567 1670 1680 1779 1804 1882 1912 1985 2030 2095 2114 2180 2251 2302 2357 2395 2445 2494 2564 2626 2684 2724 2771 2821 2902 2946 2995
4 36 67 117 192 253 305 350 409 454 490 542 635 697 727 774 810 871 928 995 1064 1108 1157 1238 1289 1318 1392 1433 1471 1542 1611 1668 1677 1762 1834 1847 1899 1950 2003 2053 2141 2187 2248 2275 2368 2419 2451 2535 2591 2609 2662 2713 2794 2825 2907 2957 2990
7 36 71 151 163 268 290 326 425 472 516 581 634 696 721 778 819 870 960 986 1043 1085 1151 1203 1255 1322 1384 1437 1469 1524 1619 1620 1702 1751 1826 1871 1941 1973 2045 2062 2113 2193 2246 2276 2346 2380 2463 2533 2576 2608 2672 2722 2804 2836 2908 2919 3010
7 36 73 150 180 232 271 330 417 454 509 542 623 692 747 803 822 897 945 1025 1077 1112 1182 1208 1247 1310 1382 1412 1493 1516 1592 1644 1702 1774 1800 1886 1942 1947 2029 2074 2148 2173 2230 2274 2361 2385 2479 2520 2569 2631 2656 2726 2765 2852 2876 2957 2970
4 36 73 159 212 231 302 365 415 484 509 566 600 659 723 800 849 897 948 985 1068 1104 1153 1236 1246 1305 1351 1444 1472 1517 1566 1651 1676 1774 1807 1845 1913 1947 2029 2098 2113 2213 2231 2297 2333 2390 2449 2520 2566 2633 2696 2718 2799 2856 2898 2924 2997
4 36 74 127 207 229 316 352 420 433 504 547 602 685 712 782 861 904 963 1022 1026 1092 1166 1199 1281 1326 1399 1445 1489 1564 1614 1643 1680 1766 1786 1852 1933 1978 2051 2061 2108 2192 2243 2271 2347 2389 2477 2500 2558 2617 2681 2723 2759 2823 2879 2944 3007
7 36 74 139 212 250 317 352 399 437 524 546 621 691 722 767 833 897 926 985 1044 1105 1148 1213 1281 1327 1394 1407 1477 1564 1601 1671 1681 1746 1806 1864 1927 1984 2051 2098 2108 2191 2231 2309 2333 2426 2476 2500 2548 2596 2660 2743 2755 2841 2862 2924 3020
7 36 74 154 179 253 289 364 420 448 538 546 635 661 727 787 830 892 940 983 1073 1089 1146 1238 1280 1311 1381 1412 1507 1530 1614 1665 1681 1767 1786 1837 1919 1946 2014 2064 2141 2187 2257 2271 2331 2409 2430 2537 2589 2615 2651 2725 2790 2838 2907 2944 3007
7 36 74 157 194 220 270 364 401 467 525 547 621 676 753 806 855 866 929 1004 1070 1090 1163 1218 1280 1322 1367 1407 1504 1530 1601 1640 1680 1780 1804 1879 1904 1973 2014 2076 2141 2175 2215 2276 2330 2387 2450 2537 2563 2596 2684 2743 2771 2821 2910 2958 3020
7 36 75 111 171 260 302 365 389 482 487 580 597 648 741 796 861 892 952 983 1042 1126 1161 1207 1263 1328 1373 1411 1500 1547 1603 1629 1676 1741 1827 1856 1939 1978 2023 2096 2114 2208 2226 2274 2339 2406 2461 2532 2590 2618 2666 2727 2769 2813 2915 2944 2987
7 36 75 123 193 227 293 331 402 481 487 542 600 662 745 761 827 892 970 1019 1030 1089 1152 1215 1277 1326 1382 1431 1511 1533 1582 1666 1715 1741 1808 1855 1940 1978 2023 2091 2148 2171 2258 2271 2373 2408 2440 2532 2573 2605 2667 2746 2754 2848 2905 2923 3009
4 36 75 138 177 265 312 357 403 443 521 580 600 667 748 788 849 905 969 1011 1059 1115 1144 1217 1243 1324 1354 1431 1468 1526 1582 1663 1676 1749 1807 1850 1911 1952 2046 2070 2136 2179 2214 2275 2374 2381 2483 2509 2547 2605 2696 2746 2799 2856 2885 2919 3009
7 36 75 150 185 235 300 365 403 446 499 542 621 697 754 774 819 897 961 1001 1079 1098 1138 1227 1263 1344 1360 1410 1462 1547 1582 1671 1715 1729 1807 1847 1890 1973 2023 2088 2114 2193 2235 2275 2368 2387 2463 2532 2577 2638 2691 2713 2804 2836 2877 2919 3009
7 36 76 156 213 227 289 330 397 444 518 548 623 686 713 803 852 905 938 997 1057 1119 1150 1206 1256 1311 1402 1410 1480 1536 1612 1665 1715 1737 1816 1889 1890 1946 2032 2090 2134 2204 2241 2271 2366 2392 2458 2485 2589 2641 2651 2719 2758 2844 2871 2950 3001
4 36 76 158 211 228 279 326 412 443 499 580 623 701 747 771 848 890 962 1007 1078 1131 1177 1203 1273 1314 1380 1410 1485 1521 1612 1631 1682 1752 1802 1874 1895 1951 1999 2095 2148 2177 2218 2302 2343 2423 2453 2518 2578 2641 2646 2719 2781 2833 2881 2919 3001
7 36 78 147 186 258 282 331 425 476 502 581 634 681 706 779 831 867 970 986 1056 1095 1144 1193 1262 1346 1395 1431 1475 1512 1616 1632 1708 1750 1820 1868 1941 1951 2036 2062 2136 2197 2246 2270 2322 2396 2478 2511 2584 2621 2665 2709 2807 2824 2897 2922 3016
7 36 81 109 201 220 296 352 388 467 511 547 596 669 716 771 841 890 941 990 1078 1097 1163 1233 1273 1296 1387 1437 1481 1544 1608 1640 1682 1772 1793 1884 1903 1984 2048 2099 2109 2211 2263 2274 2375 2399 2477 2493 2578 2596 2664 2737 2764 2822 2881 2958 3015
4 36 81 127 188 264 308 327 387 453 530 547 627 683 726 786 826 904 932 972 1049 1111 1149 1202 1274 1315 1397 1406 1510 1543 1608 1673 1682 1753 1794 1841 1900 1971 2048 2092 2136 2183 2232 2309 2342 2427 2468 2493 2584 2629 2695 2704 2767 2854 2863 2922 3015
7 36 83 143 179 247 295 365 427 440 512 543 634 661 721 787 825 890 966 983 1077 1097 1161 1233 1247 1341 1387 1412 1500 1516 1589 1670 1708 1728 1801 1860 1903 1946 2019 2096 2113 2212 2226 2274 2331 2399 2470 2520 2585 2626 2685 2701 2807 2829 2876 2946 3018
7 36 85 108 174 239 321 350 405 445 500 546 635 694 750 774 848 904 937 984 1079 1084 1143 1223 1258 1344 1355 1406 1475 1551 1598 1650 1708 1773 1832 1866 1932 1951 2018 2063 2114 2183 2257 2297 2371 2411 2447 2536 2577 2593 2691 2724 2780 2834 2883 2919 2979
4 36 86 117 180 261 304 330 428 446 516 542 600 663 718 777 822 871 934 1010 1074 1106 1185 1225 1265 1300 1370 1437 1488 1526 1597 1625 1716 1774 1810 1875 1916 1984 2022 2100 2134 2173 2258 2297 2375 2376 2479 2485 2574 2612 2689 2752 2798 2819 2884 2919 2979
7 36 88 140 179 236 307 327 429 480 512 581 634 691 755 768 862 866 926 982 1075 1124 1157 1226 1288 1313 1374 1433 1459 1535 1570 1642 1681 1728 1797 1864 1937 1971 2019 2066 2141 2176 2246 2274 2332 2426 2470 2515 2551 2629 2692 2743 2774 2840 2880 2924 2975
7 36 91 116 197 265 287 357 426 443 486 543 621 662 720 807 833 892 949 976 1073 1096 1177 1241 1286 1306 1389 1410 1485 1562 1582 1631 1681 1748 1806 1855 1912 1952 2025 2095 2148 2207 2251 2270 2326 2428 2460 2510 2569 2605 2660 2746 2755 2841 2901 2957 2993
7 36 91 125 201 230 278 352 426 451 536 547 600 697 707 802 841 897 928 1025 1056 1122 1186 1192 1262 1329 1377 1431 1497 1512 1582 1651 1677 1772 1806 1847 1925 1985 2024 2068 2114 2211 2236 2270 2340 2419 2477 2511 2561 2638 2647 2713 2768 2818 2897 2957 2993
4 36 97 154 193 264 309 327 428 453 503 546 596 653 724 770 811 892 947 1019 1071 1106 1187 1225 1255 1348 1350 1437 1476 1561 1608 1636 1716 1738 1791 1870 1916 1971 2009 2091 2147 2185 2258 2276 2373 2397 2444 2496 2557 2629 2678 2704 2788 2831 2878 2923 2999
7 36 100 118 207 220 291 330 410 436 539 568 597 674 716 794 841 890 934 1022 1043 1132 1176 1208 1255 1345 1365 1437 1501 1524 1595 1655 1680 1766 1783 1836 1923 1985 2017 2081 2108 2211 2223 2276 2347 2416 2477 2533 2560 2628 2671 2721 2768 2818 2908 2957 2994
7 36 100 124 210 224 285 326 412 464 539 546 602 661 730 766 835 890 939 1023 1037 1116 1153 1230 1254 1336 1371 1444 1503 1525 1589 1672 1704 1766 1802 1860 1894 1985 2017 2067 2113 2210 2219 2271 2353 2424 2474 2533 2555 2626 2646 2701 2781 2846 2906 2950 3001
7 36 102 117 187 250 315 352 431 437 502 548 597 676 732 765 810 866 928 1016 1059 1129 1185 1234 1243 1316 1363 1431 1488 1526 1601 1635 1716 1765 1798 1879 1909 1984 2021 2100 2141 2181 2254 2275 2372 2388 2456 2509 2570 2596 2698 2743 2794 2825 2885 2922 2992
7 36 102 130 208 259 295 357 392 460 523 548 621 653 713 807 859 904 947 991 1057 1080 1142 1206 1256 1341 1375 1407 1490 1513 1601 1670 1716 1744 1835 1870 1929 1946 2021 2085 2136 2172 2266 2274 2336 2397 2443 2509 2585 2636 2685 2704 2773 2855 2871 2923 2992
7 36 102 153 185 243 279 326 431 476 499 581 621 683 752 776 842 892 932 1018 1052 1127 1145 1232 1279 1314 1380 1407 1470 1528 1601 1631 1682 1729 1798 1841 1928 1978 2023 2102 2147 2169 2233 2275 2352 2427 2463 2507 2538 2636 2686 2704 2806 2827 2887 2922 2992
4 36 103 142 207 225 285 352 393 449 539 547 597 676 715 765 861 905 921 997 1059 1128 1134 1211 1264 1348 1371 1444 1478 1541 1577 1659 1676 1766 1827 1878 1913 1971 2017 2079 2112 2192 2253 2276 2372 2412 2477 2530 2570 2603 2666 2744 2769 2813 2863 2950 2983
7 36 103 152 197 233 271 350 423 441 509 542 597 690 742 792 836 870 968 977 1047 1112 1164 1240 1295 1320 1382 1444 1505 1550 1577 1634 1681 1758 1799 1864 1910 1973 2045 2104 2148 2160 2229 2302 2325 2385 2451 2503 2586 2603 2669 2744 2793 2833 2877 2924 2983
4 36 104 111 163 234 322 331 415 485 518 580 596 679 751 766 840 892 922 996 1037 1125 1154 1201 1285 1336 1369 1410 1493 1554 1610 1636 1702 1760 1808 1887 1907 1947 2007 2101 2113 2207 2237 2309 2335 2391 2454 2513 2555 2632 2646 2748 2775 2843 2873 2950 2996
4 36 104 119 215 267 271 330 403 463 519 580 600 701 707 777 855 867 967 1011 1061 1110 1143 1222 1284 1320 1373 1406 1469 1555 1610 1634 1702 1759 1819 1854 1911 1973 2007 2070 2114 2175 2214 2302 2337 2422 2450 2513 2586 2639 2669 2739 2771 2821 2865 2958 2996
7 36 104 160 173 246 274 352 415 483 528 566 600 666 715 802 827 871 933 985 1049 1128 1148 1211 1274 1331 1385 1406 1477 1543 1610 1625 1715 1771 1808 1889 1913 1951 2027 2098 2109 2170 2231 2309 2371 2398 2441 2493 2568 2639 2667 2739 2754 2848 2863 2950 2996
7 36 105 124 192 233 312 326 416 442 490 566 635 649 742 789 836 870 939 1018 1058 1101 1145 1204 1261 1324 1385 1444 1470 1557 1596 1663 1708 1762 1826 1860 1943 1952 2003 2102 2109 2160 2233 2275 2345 2424 2451 2499 2547 2602 2696 2714 2780 2846 2914 2946 3019
4 36 105 137 178 226 322 331 422 449 505 573 635 672 745 804 859 867 940 1009 1061 1089 1134 1215 1246 1312 1381 1444 1478 1546 1596 1659 1702 1773 1820 1837 1940 1946 2013 2079 2112 2172 2240 2297 2344 2409 2443 2489 2559 2602 2699 2714 2773 2855 2905 2923 3019
4 36 105 139 182 234 305 327 386 485 490 573 601 673 751 794 833 870 926 972 1043 1123 1149 1200 1287 1345 1392 1433 1510 1531 1613 1641 1702 1762 1796 1886 1901 1952 2003 2092 2108 2207 2232 2309 2348 2404 2460 2499 2560 2632 2671 2745 2755 2841 2874 2957 3002
7 36 107 150 162 246 289 330 424 483 538 573 597 673 715 794 821 866 945 992 1048 1113 1138 1189 1290 1342 1381 1412 1462 1547 1604 1635 1715 1767 1831 1886 1914 1973 2014 2088 2112 2170 2245 2309 2348 2385 2448 2506 2554 2639 2659 2745 2766 2852 2886 2944 2989
7 37 55 113 185 255 274 372 410 483 535 584 606 657 736 764 842 864 919 1024 1051 1110 1154 1229 1278 1335 1380 1411 1484 1534 1585 1631 1695 1742 1798 1841 1908 1994 2039 2066 2131 2196 2233 2271 2369 2419 2483 2501 2567 2636 2674 2710 2801 2844 2888 2962 2982
7 37 57 149 185 262 272 368 398 447 526 588 597 656 738 765 845 909 943 1024 1031 1102 1166 1194 1285 1316 1366 1454 1475 1541 1604 1632 1695 1742 1833 1861 1918 1951 2047 2071 2131 2193 2228 2281 2369 2413 2483 2516 2548 2621 2689 2730 2794 2842 2863 2916 2981
7 37 58 111 184 268 301 374 396 455 521 560 638 673 720 782 831 912 956 989 1067 1096 1148 1220 1271 1331 1396 1407 1507 1542 1574 1673 1720 1734 1824 1865 1902 1951 1999 2093 2119 2174 2216 2268 2359 2404 2457 2528 2572 2639 2686 2708 2805 2819 2879 2941 2980
7 37 58 149 189 218 316 335 425 443 521 585 594 699 743 767 847 912 951 986 1030 1133 1166 1203 1272 1324 1381 1429 1475 1541 1575 1636 1695 1734 1790 1875 1914 1951 1999 2071 2156 2177 2266 2312 2343 2411 2453 2528 2577 2612 2675 2743 2780 2834 2912 2919 2979
7 37 61 126 205 232 271 330 416 454 491 552 594 682 743 791 822 908 934 1023 1079 1111 1160 1237 1264 1332 1393 1425 1471 1564 1591 1626 1722 1738 1810 1877 1894 1947 2007 2074 2156 2162 2225 2293 2362 2406 2450 2531 2570 2630 2693 2727 2770 2841 2876 2962 3000
7 37 62 126 199 255 308 374 379 483 515 584 594 650 737 797 851 876 950 994 1041 1126 1154 1219 1264 1300 1377 1429 1471 1564 1575 1631 1677 1753 1825 1847 1925 1992 2006 2080 2113 2195 2220 2289 2338 2392 2456 2531 2587 2636 2677 2720 2785 2825 2915 2962 2975
7 37 62 161 201 227 306 330 421 434 511 584 618 699 735 777 856 912 952 976 1040 1121 1174 1206 1294 1319 1375 1404 1472 1535 1575 1637 1677 1757 1783 1875 1921 1956 2006 2102 2156 2176 2246 2313 2332 2410 2458 2531 2565 2612 2652 2743 2791 2840 2880 2937 2975
7 37 63 123 196 238 291 330 421 484 537 540 597 673 716 793 842 912 945 1013 1043 1084 1152 1237 1244 1323 1361 1448 1490 1524 1574 1634 1699 1767 1783 1865 1922 1994 2041 2070 2119 2213 2245 2289 2348 2415 2465 2504 2560 2639 2652 2708 2791 2855 2903 2962 2975
7 37 64 141 167 256 322 369 405 446 499 552 614 691 704 761 847 887 959 1007 1036 1113 1187 1200 1284 1344 1368 1452 1492 1551 1570 1643 1674 1755 1811 1866 1906 1951 2020 2085 2151 2177 2260 2318 2322 2394 2453 2535 2547 2641 2654 2732 2780 2834 2881 2919 3010
7 37 64 160 181 259 303 347 405 462 525 540 642 688 703 772 819 909 940 984 1048 1112 1151 1223 1268 1322 1384 1425 1476 1526 1570 1661 1687 1770 1811 1850 1936 1988 2049 2086 2113 2165 2230 2318 2323 2429 2440 2506 2575 2624 2672 2749 2762 2856 2867 2919 3010
4 37 65 136 192 255 283 372 418 483 504 585 601 653 737 757 836 887 925 1002 1061 1103 1144 1241 1288 1323 1402 1417 1496 1539 1585 1641 1677 1745 1799 1844 1905 1994 2032 2056 2106 2195 2263 2289 2365 2423 2472 2500 2544 2636 2669 2710 2792 2833 2894 2961 2972
4 37 65 146 215 237 311 372 386 469 503 543 638 662 708 809 831 914 921 1019 1058 1123 1158 1189 1288 1330 1379 1425 1486 1539 1568 1646 1720 1746 1824 1885 1895 1968 2032 2060 2106 2188 2223 2281 2345 2407 2444 2500 2573 2609 2686 2741 2805 2819 2898 2923 2990
7 37 65 160 201 252 305 347 420 454 532 585 638 697 728 787 818 864 940 983 1056 1115 1160 1221 1260 1297 1381 1425 1471 1530 1568 1626 1677 1756 1792 1850 1929 1992 2014 2074 2156 2186 2265 2275 2325 2429 2459 2518 2582 2609 2651 2741 2763 2856 2904 2929 2990
7 37 66 119 169 217 323 368 387 468 509 543 644 684 745 782 820 909 920 1000 1067 1129 1180 1218 1260 1331 1364 1425 1473 1544 1593 1651 1722 1775 1833 1852 1894 1944 2050 2081 2119 2165 2254 2275 2347 2417 2439 2503 2572 2598 2686 2723 2797 2827 2892 2941 2992
4 37 66 122 177 258 311 369 384 472 503 543 618 686 712 785 812 876 967 1018 1034 1123 1168 1193 1289 1322 1379 1411 1511 1535 1587 1653 1722 1760 1804 1840 1891 1988 2017 2085 2106 2180 2251 2318 2350 2407 2442 2536 2563 2643 2683 2711 2771 2849 2870 2937 2998
7 37 66 149 170 254 284 335 384 436 509 588 601 690 730 775 835 909 951 977 1038 1112 1164 1234 1274 1337 1403 1429 1487 1529 1587 1669 1677 1775 1804 1875 1925 1944 2050 2096 2151 2190 2215 2318 2331 2411 2438 2503 2540 2603 2663 2751 2792 2834 2877 2937 2998
4 37 66 161 192 252 281 369 387 448 519 588 614 649 727 761 844 908 949 1002 1035 1108 1174 1216 1289 1316 1365 1454 1472 1535 1593 1622 1677 1745 1833 1871 1928 1956 2017 2102 2106 2187 2218 2275 2365 2422 2472 2536 2548 2615 2689 2706 2794 2843 2869 2941 2992
7 37 67 115 202 245 305 347 380 476 518 552 601 659 719 777 836 912 946 1014 1040 1096 1138 1220 1294 1302 1396 1449 1467 1559 1615 1621 1677 1762 1799 1874 1902 1988 2051 2062 2127 2202 2234 2268 2373 2404 2464 2508 2565 2624 2669 2704 2792 2833 2880 2967 3012
7 37 67 121 196 235 316 343 408 443 518 543 594 684 712 781 861 912 944 1013 1034 1081 1166 1193 1289 1324 1385 1454 1476 1564 1606 1636 1687 1762 1786 1858 1933 1988 2051 2070 2131 2203 2245 2275 2348 2382 2470 2508 2567 2594 2685 2717 2765 2829 2870 2962 3021
7 37 67 126 198 254 309 343 393 442 520 552 639 691 731 761 825 908 934 978 1035 1106 1154 1212 1289 1339 1383 1411 1471 1564 1615 1671 1677 1759 1784 1866 1926 1992 2051 2080 2131 2189 2237 2318 2322 2418 2476 2508 2548 2596 2666 2732 2766 2841 2869 2916 3012
7 37 68 117 175 269 311 369 416 467 503 540 606 654 716 778 857 887 922 993 1043 1111 1173 1237 1244 1322 1379 1425 1500 1531 1612 1653 1722 1746 1811 1837 1894 1994 2032 2104 2109 2184 2225 2312 2349 2419 2482 2496 2575 2625 2672 2737 2762 2817 2903 2923 2999
7 37 69 117 165 257 323 368 404 466 500 563 601 677 719 784 853 864 926 983 1042 1132 1173 1207 1254 1328 1373 1407 1500 1531 1602 1654 1722 1777 1788 1843 1904 1994 2039 2104 2127 2191 2236 2313 2361 2423 2461 2486 2584 2619 2682 2726 2755 2813 2895 2929 2993
7 37 69 150 185 251 300 368 402 433 535 588 606 661 748 774 845 914 969 1019 1059 1118 1138 1215 1254 1326 1354 1449 1468 1531 1588 1663 1699 1742 1808 1857 1920 1944 2039 2061 2127 2193 2222 2271 2374 2387 2483 2486 2555 2598 2688 2728 2789 2848 2877 2923 3008
7 37 70 109 202 238 295 324 388 479 512 547 606 669 716 767 842 912 923 1014 1030 1097 1142 1228 1272 1325 1386 1448 1463 1555 1584 1628 1695 1761 1798 1863 1892 1989 2040 2062 2109 2213 2234 2293 2373 2399 2465 2515 2577 2644 2674 2714 2801 2844 2912 2967 3004
4 37 70 111 197 235 306 327 430 434 512 560 618 694 712 792 861 912 956 1025 1027 1088 1174 1197 1285 1319 1374 1454 1507 1542 1598 1637 1681 1761 1796 1864 1937 1989 2040 2067 2106 2203 2238 2281 2354 2405 2470 2515 2544 2604 2673 2716 2776 2819 2866 2961 2989
4 37 71 115 167 218 321 369 407 451 507 552 644 694 743 788 847 912 946 973 1079 1084 1143 1237 1264 1336 1361 1429 1467 1559 1598 1662 1719 1755 1823 1864 1922 1947 2012 2057 2106 2177 2257 2289 2358 2415 2453 2536 2573 2604 2680 2716 2781 2833 2876 2923 2988
4 37 71 116 172 249 292 369 392 458 513 584 601 679 737 805 852 867 922 1010 1041 1116 1158 1219 1264 1313 1356 1425 1466 1559 1583 1656 1687 1749 1794 1879 1936 1992 2012 2082 2106 2200 2243 2293 2325 2377 2481 2536 2579 2635 2648 2731 2774 2818 2915 2967 3004
7 37 71 118 170 241 323 372 388 466 509 552 601 691 739 757 839 864 921 982 1032 1120 1173 1205 1268 1328 1364 1425 1509 1533 1583 1654 1719 1775 1798 1867 1892 1989 2050 2095 2109 2186 2234 2318 2326 2425 2438 2498 2574 2635 2693 2731 2783 2847 2884 2941 3004
7 37 71 161 184 259 280 324 388 463 507 584 614 674 707 781 846 912 952 989 1034 1122 1183 1198 1289 1335 1401 1411 1472 1535 1583 1624 1687 1755 1798 1869 1910 1947 2012 2093 2152 2161 2216 2318 2359 2416 2436 2536 2567 2623 2674 2742 2801 2840 2870 2941 3004
4 37 72 151 197 252 291 347 392 454 537 552 614 662 727 779 851 914 948 1003 1073 1118 1139 1216 1251 1310 1361 1448 1459 1517 1568 1647 1681 1767 1814 1885 1919 1992 2041 2089 2106 2187 2260 2271 2375 2380 2464 2494 2590 2609 2665 2741 2772 2838 2869 2962 2982
4 37 74 135 171 232 303 335 430 469 525 547 644 649 743 800 822 908 964 981 1057 1133 1158 1203 1246 1338 1384 1425 1486 1550 1593 1646 1699 1770 1801 1871 1914 1989 2049 2060 2106 2162 2261 2316 2326 2408 2450 2495 2568 2615 2664 2706 2788 2824 2912 2919 2984
4 37 74 136 197 233 289 335 384 465 528 563 597 671 732 770 836 909 925 1003 1075 1085 1149 1231 1246 1298 1360 1452 1485 1550 1579 1632 1681 1767 1804 1883 1891 1988 2049 2099 2106 2202 2251 2289 2375 2385 2464 2495 2579 2611 2663 2752 2792 2833 2893 2967 2998
7 37 74 138 181 263 304 324 399 455 525 563 642 681 710 771 815 908 947 974 1054 1106 1148 1212 1280 1328 1383 1407 1507 1516 1579 1673 1681 1770 1788 1853 1926 1989 2049 2093 2119 2169 2231 2318 2333 2418 2440 2495 2584 2644 2682 2719 2755 2852 2891 2937 2998
7 37 74 141 212 217 298 368 430 468 524 563 614 664 707 758 840 876 943 987 1045 1088 1165 1197 1284 1312 1378 1454 1492 1551 1593 1666 1681 1732 1801 1872 1937 1944 2009 2105 2152 2204 2238 2316 2363 2401 2461 2535 2550 2598 2679 2723 2772 2850 2871 2919 2984
7 37 74 142 191 248 300 368 399 449 490 547 597 695 714 765 856 864 971 997 1036 1120 1175 1190 1284 1340 1399 1452 1491 1551 1579 1649 1699 1766 1788 1859 1907 1956 2009 2079 2152 2176 2252 2318 2329 2391 2458 2535 2543 2611 2647 2752 2791 2840 2881 2937 2998
4 37 75 154 215 257 321 368 418 466 507 552 597 656 732 765 843 883 945 995 1031 1084 1168 1218 1243 1339 1361 1411 1489 1547 1602 1659 1720 1741 1784 1865 1939 1994 2026 2105 2106 2178 2229 2316 2369 2415 2449 2490 2548 2619 2666 2726 2766 2824 2906 2941 2987
7 37 76 138 202 240 316 335 390 461 518 563 601 658 739 775 851 908 961 1023 1028 1086 1172 1210 1282 1312 1385 1454 1462 1561 1613 1648 1695 1762 1801 1841 1918 1992 2051 2063 2109 2187 2236 2268 2364 2377 2464 2499 2550 2600 2679 2709 2772 2838 2878 2962 3023
7 37 76 141 164 242 274 372 385 453 535 563 594 681 708 771 847 876 959 991 1072 1123 1185 1189 1273 1335 1380 1449 1497 1546 1618 1631 1695 1768 1790 1853 1895 1947 2013 2095 2151 2183 2224 2318 2333 2406 2447 2537 2566 2606 2675 2719 2780 2834 2898 2923 3019
7 37 78 137 164 238 297 374 405 484 508 540 642 658 755 799 859 867 961 984 1065 1116 1152 1219 1275 1318 1356 1417 1475 1553 1573 1634 1695 1744 1820 1841 1936 1951 2035 2086 2151 2175 2230 2293 2341 2377 2471 2511 2589 2639 2657 2709 2758 2839 2897 2962 3000
7 37 78 147 203 231 275 368 425 478 508 560 618 652 735 787 829 867 969 987 1056 1094 1165 1207 1283 1297 1376 1449 1492 1545 1594 1655 1674 1744 1791 1846 1942 1951 2035 2105 2156 2172 2238 2316 2371 2398 2432 2511 2582 2621 2651 2739 2764 2851 2879 2929 2978
7 37 79 134 170 269 298 330 407 464 515 590 606 690 716 775 862 883 938 977 1028 1084 1169 1237 1259 1312 1388 1429 1464 1534 1599 1666 1719 1736 1800 1887 1922 1944 2024 2053 2109 2184 2257 2316 2331 2387 2477 2522 2550 2628 2679 2740 2773 2822 2903 2962 3013
4 37 80 112 203 248 296 368 387 449 522 560 642 671 717 809 829 909 926 1021 1058 1109 1163 1215 1277 1330 1374 1407 1501 1513 1579 1661 1724 1744 1833 1883 1928 1956 2021 2084 2106 2172 2218 2293 2336 2384 2432 2490 2573 2611 2686 2752 2797 2818 2909 2923 2992
7 37 81 159 210 217 306 327 410 438 511 584 606 701 745 770 820 909 957 1024 1075 1121 1160 1217 1246 1313 1375 1425 1479 1523 1612 1642 1681 1736 1794 1870 1908 1968 2028 2066 2156 2165 2233 2316 2345 2410 2439 2524 2579 2629 2648 2733 2774 2851 2893 2916 2986
7 37 82 138 194 237 281 327 425 448 501 563 614 682 729 796 811 908 947 1025 1077 1099 1174 1202 1253 1316 1382 1404 1507 1516 1591 1622 1720 1774 1791 1877 1942 1951 2027 2067 2156 2166 2238 2281 2357 2394 2466 2524 2581 2630 2656 2727 2759 2852 2883 2965 2978
7 37 82 159 198 238 302 374 414 484 501 585 606 653 716 800 845 908 960 978 1057 1082 1147 1228 1246 1314 1362 1452 1479 1523 1573 1638 1699 1774 1808 1845 1907 1951 2027 2080 2109 2213 2237 2289 2322 2396 2462 2524 2568 2639 2688 2709 2789 2848 2912 2916 2996
7 37 83 147 215 221 285 372 427 468 519 543 606 657 724 764 831 883 960 995 1051 1082 1165 1205 1267 1324 1362 1454 1492 1545 1609 1666 1674 1746 1786 1845 1930 1951 2016 2105 2152 2188 2229 2312 2369 2396 2444 2527 2567 2593 2685 2705 2765 2859 2899 2941 3002
7 37 83 160 202 251 306 330 382 438 512 540 606 658 748 775 863 909 965 1023 1038 1109 1160 1215 1274 1313 1374 1454 1471 1530 1609 1642 1677 1761 1831 1844 1928 1992 2040 2074 2127 2193 2225 2293 2364 2384 2465 2502 2540 2593 2687 2705 2769 2831 2877 2961 3002
7 37 84 136 164 221 323 372 394 468 500 563 644 658 729 799 847 909 925 984 1077 1132 1180 1202 1253 1331 1373 1417 1485 1550 1609 1651 1719 1768 1823 1844 1909 1951 2047 2068 2127 2183 2248 2268 2341 2423 2447 2488 2578 2593 2680 2705 2781 2833 2883 2919 3001
7 37 86 117 194 242 308 327 419 453 514 563 606 671 724 770 811 864 926 1006 1066 1105 1185 1224 1244 1300 1378 1448 1500 1531 1584 1631 1724 1774 1812 1883 1917 1992 2014 2092 2152 2166 2249 2289 2375 2384 2466 2496 2587 2606 2677 2752 2798 2813 2878 2923 2988
7 37 86 124 201 263 301 369 407 455 532 563 638 669 711 807 835 912 939 976 1068 1081 1148 1193 1261 1331 1385 1417 1498 1514 1584 1673 1724 1756 1823 1863 1933 1944 2014 2102 2109 2168 2246 2275 2332 2382 2459 2496 2578 2644 2680 2714 2781 2845 2871 2937 2988
7 37 86 150 191 246 305 327 430 476 532 590 601 674 751 793 821 912 957 980 1043 1133 1138 1203 1244 1302 1381 1425 1468 1531 1583 1621 1699 1756 1796 1869 1914 1944 2014 2061 2152 2164 2261 2312 2347 2411 2469 2496 2560 2623 2673 2742 2776 2859 2903 2929 2989
7 37 87 117 176 234 316 343 414 465 518 563 642 679 715 760 857 864 922 1012 1037 1086 1145 1214 1293 1324 1385 1449 1477 1554 1607 1636 1687 1781 1807 1879 1913 1951 2034 2054 2109 2212 2231 2312 2371 2377 2454 2525 2577 2610 2675 2731 2762 2817 2883 2967 2997
4 37 87 122 171 248 291 330 402 450 537 552 642 691 717 757 812 867 967 981 1061 1118 1186 1215 1273 1323 1361 1449 1481 1565 1607 1634 1699 1770 1818 1867 1920 1964 2038 2100 2106 2172 2222 2318 2326 2380 2450 2520 2544 2610 2669 2731 2771 2849 2909 2961 2997
7 37 87 143 181 223 280 324 394 461 537 563 644 664 749 797 815 867 923 984 1041 1094 1161 1240 1295 1300 1371 1448 1504 1543 1592 1658 1687 1770 1812 1858 1909 1964 2038 2068 2113 2169 2248 2316 2323 2403 2440 2520 2587 2618 2677 2738 2798 2809 2885 2962 3013
7 37 88 125 171 256 280 335 413 481 537 547 642 695 718 764 822 883 935 977 1051 1107 1164 1210 1267 1335 1371 1448 1487 1553 1619 1624 1674 1770 1828 1888 1896 1947 2038 2096 2131 2162 2215 2318 2330 2390 2450 2519 2567 2607 2674 2724 2770 2841 2899 2962 3003
7 37 89 136 176 229 309 343 421 453 520 563 638 664 720 758 857 909 942 1021 1038 1121 1144 1206 1258 1339 1383 1404 1496 1539 1571 1671 1677 1781 1787 1872 1921 1994 2031 2056 2119 2212 2246 2316 2363 2402 2454 2530 2557 2620 2656 2723 2763 2816 2895 2923 2971
7 37 89 141 201 224 281 369 404 441 501 563 601 679 749 805 835 876 959 983 1041 1099 1176 1240 1295 1298 1382 1452 1497 1546 1567 1639 1677 1756 1804 1866 1904 1964 2045 2104 2156 2168 2236 2312 2325 2394 2459 2517 2579 2597 2663 2744 2792 2834 2885 2916 2976
7 37 90 125 201 251 278 368 418 433 494 547 639 669 734 807 825 883 935 976 1065 1103 1177 1241 1275 1306 1397 1417 1487 1553 1588 1625 1677 1757 1784 1849 1905 1944 2024 2084 2156 2207 2263 2293 2332 2428 2458 2511 2581 2598 2666 2728 2766 2841 2897 2965 2987
7 37 90 142 170 229 308 374 380 453 515 547 606 649 720 800 833 864 949 982 1056 1096 1185 1220 1283 1300 1377 1449 1497 1545 1588 1631 1677 1736 1822 1871 1902 1964 2024 2095 2151 2212 2234 2316 2326 2422 2477 2511 2569 2620 2695 2706 2769 2861 2879 2941 2987
7 37 92 139 199 245 278 368 398 476 494 590 614 688 719 758 844 909 971 994 1038 1132 1135 1207 1258 1306 1397 1452 1493 1558 1570 1625 1677 1753 1833 1850 1904 1968 2028 2058 2113 2202 2242 2268 2338 2400 2456 2513 2557 2624 2689 2749 2794 2843 2895 2929 2981
7 37 92 143 210 258 296 368 427 472 511 543 606 661 721 774 815 887 923 995 1059 1097 1168 1190 1258 1338 1386 1404 1489 1558 1576 1653 1724 1736 1813 1863 1930 1989 2028 2105 2113 2170 2229 2316 2374 2399 2439 2513 2555 2643 2676 2722 2798 2809 2873 2937 2974
7 37 93 137 209 242 293 347 396 445 539 543 639 686 724 785 811 864 948 988 1051 1120 1152 1205 1267 1344 1364 1448 1475 1553 1617 1672 1695 1759 1792 1840 1892 1951 2034 2086 2119 2166 2226 2318 2350 2425 2466 2519 2546 2614 2655 2711 2759 2852 2899 2965 3014
4 37 93 143 187 218 287 330 387 443 527 543 644 657 743 803 832 887 919 1000 1049 1111 1149 1237 1295 1315 1379 1452 1504 1543 1608 1652 1695 1754 1803 1841 1894 1956 2033 2081 2106 2177 2254 2312 2329 2419 2467 2520 2590 2612 2660 2710 2782 2814 2876 2962 3022
7 37 94 123 189 259 296 368 400 462 522 540 639 659 707 807 846 912 945 986 1068 1088 1151 1197 1261 1330 1374 1411 1490 1524 1615 1661 1724 1750 1835 1874 1937 1968 2015 2071 2127 2161 2266 2281 2343 2405 2436 2486 2578 2624 2681 2704 2787 2855 2871 2919 2985
7 37 94 140 187 250 275 368 382 464 508 590 597 695 742 765 851 887 935 1000 1036 1101 1180 1239 1261 1297 1376 1417 1473 1524 1580 1655 1674 1764 1813 1888 1901 1992 2015 2081 2127 2195 2254 2275 2329 2390 2456 2486 2543 2645 2690 2724 2785 2825 2905 2962 3021
7 37 94 150 167 268 295 343 408 479 522 590 606 680 720 802 831 912 957 973 1042 1121 1142 1206 1254 1325 1375 1407 1468 1531 1580 1628 1674 1750 1786 1870 1921 1968 2015 2057 2151 2174 2257 2313 2358 2410 2457 2486 2566 2616 2685 2753 2765 2859 2895 2923 3021
4 37 95 112 177 232 283 327 412 454 504 585 644 677 743 795 829 883 926 1018 1030 1103 1139 1203 1272 1318 1402 1448 1459 1555 1592 1647 1722 1760 1821 1843 1943 1951 2016 2089 2106 2162 2247 2293 2350 2423 2442 2515 2549 2630 2697 2726 2797 2818 2912 2929 3005
7 37 95 160 163 258 274 343 414 483 517 585 606 680 721 802 819 864 940 978 1042 1120 1154 1190 1274 1335 1399 1429 1471 1530 1599 1631 1722 1771 1807 1889 1907 1947 2029 2080 2113 2170 2237 2318 2358 2391 2435 2502 2566 2633 2675 2736 2762 2856 2873 2961 2997
4 37 96 115 203 242 302 347 412 445 497 588 638 652 708 787 847 876 946 987 1069 1126 1186 1223 1247 1314 1365 1449 1505 1521 1617 1638 1724 1730 1815 1874 1923 1951 2018 2076 2106 2183 2267 2289 2371 2404 2447 2494 2568 2614 2688 2711 2781 2833 2863 2919 3011
7 37 96 151 178 269 285 324 398 464 497 590 614 674 725 781 859 876 947 994 1034 1099 1169 1240 1251 1324 1382 1407 1459 1517 1605 1666 1722 1730 1793 1877 1904 1951 2018 2058 2131 2175 2242 2312 2359 2394 2471 2494 2567 2628 2685 2735 2758 2839 2910 2962 3022
7 37 101 127 201 247 296 368 390 467 511 547 618 697 738 787 825 876 920 983 1069 1102 1173 1194 1247 1338 1386 1425 1500 1522 1589 1653 1724 1757 1801 1876 1918 1992 2006 2104 2109 2207 2236 2313 2325 2393 2458 2493 2568 2645 2664 2715 2788 2820 2863 2916 3023
7 37 101 146 181 250 271 372 395 464 491 590 618 688 736 772 861 867 921 984 1062 1110 1180 1229 1266 1302 1393 1425 1485 1540 1589 1655 1681 1738 1796 1885 1908 1988 2007 2068 2119 2200 2248 2268 2323 2407 2473 2492 2560 2645 2673 2715 2776 2819 2888 2962 3023
7 37 103 109 191 227 321 368 400 451 496 547 644 684 735 782 856 912 923 980 1067 1094 1143 1207 1271 1336 1371 1404 1463 1555 1606 1662 1720 1766 1835 1858 1942 1964 2002 2061 2131 2176 2261 2271 2347 2403 2458 2516 2572 2594 2681 2717 2787 2844 2879 2929 2985
7 37 103 149 190 263 291 347 380 484 496 585 597 680 711 792 835 912 951 988 1027 1122 1152 1198 1285 1323 1401 1417 1475 1541 1580 1634 1681 1766 1799 1870 1910 1964 2002 2086 2151 2168 2226 2318 2368 2416 2459 2516 2544 2616 2669 2753 2792 2834 2866 2916 3012
7 37 105 136 180 269 275 324 396 464 513 585 597 689 716 786 857 887 942 1004 1057 1097 1180 1228 1246 1297 1372 1425 1485 1550 1605 1655 1719 1741 1792 1862 1892 1951 2020 2068 2119 2184 2226 2316 2339 2413 2482 2495 2582 2628 2651 2735 2763 2816 2912 2967 3014
7 37 107 121 164 241 300 347 424 474 535 588 594 690 727 766 832 867 938 984 1035 1118 1151 1216 1289 1340 1354 1411 1476 1564 1600 1649 1719 1768 1817 1887 1919 1956 2013 2086 2127 2198 2230 2318 2341 2387 2447 2508 2543 2627 2647 2740 2760 2835 2869 2962 3003
4 38 54 135 180 233 289 375 384 440 516 564 644 689 744 783 822 871 963 1008 1074 1085 1140 1202 1253 1297 1372 1453 1486 1549 1609 1646 1690 1768 1792 1871 1892 1990 2011 2097 2128 2184 2261 2299 2375 2409 2464 2488 2578 2628 2663 2752 2787 2832 2882 2919 2985
7 38 55 118 198 247 289 375 414 448 508 589 640 691 714 791 838 894 921 1013 1044 1120 1173 1221 1284 1322 1379 1426 1506 1532 1571 1621 1690 1760 1826 1836 1909 1952 2003 2080 2109 2185 2267 2318 2374 2389 2475 2498 2547 2602 2653 2715 2784 2846 2885 2942 3019
7 38 55 127 185 259 280 354 414 432 506 555 615 680 754 780 819 915 919 1005 1071 1107 1146 1229 1274 1334 1398 1450 1487 1534 1571 1624 1723 1770 1826 1852 1943 1947 2012 2093 2114 2196 2233 2318 2333 2416 2448 2489 2566 2607 2675 2710 2761 2834 2898 2942 3019
7 38 55 137 211 244 287 354 386 439 528 589 619 701 730 798 814 867 958 1011 1061 1092 1159 1211 1274 1331 1373 1454 1477 1534 1613 1629 1690 1748 1797 1854 1923 1995 2012 2053 2114 2199 2231 2314 2349 2410 2441 2489 2590 2637 2690 2738 2754 2821 2908 2938 2976
7 38 55 156 192 222 315 375 391 461 519 555 619 666 711 790 811 871 944 985 1049 1132 1171 1222 1284 1320 1385 1454 1469 1532 1613 1648 1723 1750 1792 1889 1933 1975 2003 2056 2109 2187 2214 2290 2363 2418 2450 2498 2550 2637 2678 2738 2771 2848 2879 2963 2976
4 38 58 118 171 268 306 327 396 474 533 570 640 672 737 768 810 913 955 989 1049 1087 1160 1197 1284 1315 1394 1454 1506 1532 1598 1673 1682 1734 1812 1864 1917 1959 2000 2092 2157 2204 2215 2290 2354 2405 2445 2498 2572 2629 2687 2746 2767 2812 2879 2942 2993
7 38 58 144 179 239 280 373 396 460 506 548 644 700 734 800 844 867 971 981 1041 1119 1162 1205 1248 1300 1398 1450 1502 1559 1598 1657 1705 1770 1812 1877 1891 1995 2012 2059 2122 2172 2241 2290 2357 2403 2454 2486 2538 2638 2659 2737 2795 2826 2871 2942 2993
4 38 58 152 211 228 293 373 413 473 528 570 619 649 702 772 848 915 924 999 1036 1115 1152 1231 1248 1308 1367 1426 1494 1559 1588 1653 1682 1748 1827 1862 1942 1947 2012 2105 2122 2164 2255 2314 2362 2385 2441 2486 2570 2623 2671 2720 2783 2837 2876 2967 3004
7 38 59 142 202 237 294 354 414 465 518 586 643 668 732 767 836 915 934 999 1030 1114 1169 1228 1242 1324 1362 1420 1510 1555 1568 1665 1696 1744 1826 1878 1909 1952 2008 2094 2109 2180 2267 2294 2370 2400 2431 2499 2576 2597 2675 2714 2761 2817 2874 2967 3019
7 38 60 129 206 269 293 331 415 450 503 561 645 654 729 766 846 888 922 972 1043 1100 1174 1236 1243 1308 1392 1434 1487 1531 1610 1653 1723 1762 1810 1838 1901 1947 2007 2065 2156 2202 2218 2314 2336 2390 2482 2511 2570 2630 2671 2748 2800 2841 2902 2932 3000
7 38 60 160 178 226 299 327 425 436 505 561 640 672 722 768 837 871 953 982 1049 1085 1134 1202 1260 1337 1372 1420 1501 1546 1594 1633 1723 1729 1818 1881 1892 1994 2025 2067 2132 2209 2220 2299 2354 2409 2470 2493 2572 2631 2665 2729 2807 2850 2905 2968 3016
7 38 62 124 200 251 306 331 420 474 530 564 640 648 735 769 834 913 927 983 1056 1082 1160 1193 1261 1315 1397 1455 1497 1513 1600 1673 1677 1757 1805 1850 1904 1965 2005 2101 2156 2206 2235 2284 2325 2382 2458 2511 2579 2644 2680 2744 2766 2840 2884 2948 2988
4 38 62 135 192 229 309 344 421 452 487 564 609 682 704 774 843 871 941 985 1062 1090 1144 1194 1286 1323 1366 1434 1495 1540 1583 1668 1677 1747 1834 1847 1905 1994 2025 2056 2155 2165 2214 2319 2363 2408 2453 2491 2591 2636 2688 2724 2791 2854 2910 2963 3006
7 38 63 144 165 235 304 370 401 458 529 548 619 696 724 776 850 867 971 1009 1040 1116 1140 1220 1244 1314 1402 1453 1502 1559 1582 1629 1725 1728 1794 1863 1935 1975 2013 2082 2128 2191 2243 2284 2332 2418 2443 2490 2581 2593 2670 2740 2789 2826 2866 2967 3003
7 38 63 152 215 238 282 370 417 466 486 591 644 693 744 789 819 894 946 1013 1031 1091 1152 1209 1244 1326 1354 1420 1494 1559 1597 1660 1682 1771 1783 1864 1938 1947 2013 2105 2128 2178 2242 2317 2358 2414 2465 2490 2560 2604 2666 2725 2781 2815 2875 2942 2987
7 38 63 160 207 249 283 327 379 455 488 548 644 676 743 794 863 884 953 979 1030 1102 1151 1217 1242 1317 1355 1420 1492 1555 1597 1662 1725 1775 1821 1881 1910 1990 2004 2061 2138 2179 2241 2294 2351 2409 2467 2499 2549 2604 2694 2725 2782 2850 2874 2966 2987
4 38 64 109 164 261 293 331 378 456 528 570 597 692 738 793 832 910 943 978 1079 1115 1165 1240 1268 1330 1367 1454 1474 1551 1603 1632 1723 1741 1795 1842 1933 1969 2019 2062 2122 2194 2229 2319 2369 2385 2435 2532 2556 2621 2687 2730 2785 2827 2904 2938 2974
7 38 65 109 198 229 307 374 395 452 514 586 643 683 704 800 832 894 943 1013 1041 1124 1182 1235 1252 1300 1378 1412 1497 1528 1589 1631 1677 1773 1822 1844 1926 1965 2023 2080 2122 2165 2267 2319 2374 2383 2463 2517 2538 2636 2659 2718 2785 2827 2867 2942 3005
7 38 65 113 200 224 305 338 418 467 531 586 602 668 728 804 854 884 920 976 1065 1102 1177 1208 1259 1338 1382 1453 1472 1522 1589 1672 1677 1756 1801 1849 1921 1975 2023 2052 2156 2167 2227 2294 2332 2381 2459 2517 2565 2610 2699 2743 2792 2856 2863 2968 3005
4 38 66 152 192 255 305 338 400 459 519 591 619 652 718 756 836 894 946 1012 1041 1104 1187 1219 1248 1348 1395 1450 1494 1559 1586 1661 1677 1750 1800 1873 1902 1952 2003 2071 2155 2161 2249 2290 2334 2404 2450 2486 2582 2640 2681 2711 2763 2815 2871 2967 3014
7 38 67 109 199 253 283 375 430 442 488 570 619 688 730 790 817 910 936 1025 1038 1113 1182 1233 1273 1339 1355 1420 1497 1528 1566 1640 1677 1775 1816 1866 1925 1965 2004 2080 2114 2190 2255 2318 2340 2399 2474 2494 2561 2596 2664 2713 2763 2834 2886 2966 3015
7 38 67 144 163 226 294 344 412 470 518 543 619 678 722 778 837 871 935 998 1031 1103 1162 1230 1244 1342 1362 1420 1502 1559 1566 1648 1705 1744 1834 1876 1908 1995 2008 2059 2153 2209 2223 2317 2341 2410 2470 2490 2571 2596 2682 2713 2796 2861 2875 2967 3015
4 38 69 137 204 263 290 370 401 434 534 589 645 691 746 791 828 867 930 1007 1035 1117 1138 1216 1267 1339 1361 1412 1480 1531 1575 1634 1700 1755 1794 1836 1919 1965 2038 2086 2138 2198 2259 2318 2374 2380 2483 2485 2555 2598 2670 2715 2789 2849 2868 2932 3003
4 38 71 111 194 251 287 354 425 484 509 561 640 687 735 757 838 915 928 982 1045 1094 1177 1193 1271 1305 1392 1453 1458 1525 1619 1654 1690 1739 1826 1884 1892 1969 2033 2067 2156 2206 2220 2271 2338 2397 2455 2526 2564 2635 2653 2728 2784 2846 2884 2924 3008
4 38 75 114 196 257 270 338 390 484 498 561 644 672 729 788 847 913 946 995 1043 1091 1168 1236 1243 1311 1354 1450 1467 1538 1598 1663 1700 1768 1784 1864 1911 1947 2029 2070 2157 2213 2256 2299 2333 2414 2449 2504 2548 2629 2652 2746 2802 2853 2902 2924 2975
7 38 77 122 180 237 312 374 406 437 509 570 645 689 721 783 823 867 961 1008 1065 1089 1136 1213 1259 1317 1367 1453 1464 1522 1611 1634 1696 1761 1819 1888 1897 1990 2010 2100 2122 2191 2258 2294 2375 2411 2471 2517 2586 2626 2657 2737 2758 2808 2863 2924 2999
4 38 77 150 163 257 284 327 406 484 495 561 643 670 755 786 858 914 931 998 1066 1127 1168 1224 1275 1296 1356 1455 1475 1535 1611 1663 1705 1744 1819 1841 1934 1959 2031 2061 2153 2188 2221 2294 2341 2378 2470 2496 2551 2629 2650 2734 2765 2828 2880 2924 2999
4 38 79 150 190 228 306 327 393 473 530 590 609 681 702 792 821 884 931 996 1078 1086 1167 1203 1276 1349 1397 1455 1481 1529 1585 1638 1682 1757 1821 1841 1900 1993 2005 2064 2132 2164 2247 2314 2367 2378 2468 2493 2580 2623 2673 2723 2803 2828 2906 2948 2971
7 38 79 151 199 220 298 348 417 465 515 590 645 688 715 790 816 913 918 1025 1049 1091 1169 1209 1260 1320 1387 1420 1510 1546 1585 1665 1682 1772 1799 1848 1938 1965 2005 2094 2109 2162 2242 2299 2340 2380 2477 2493 2550 2615 2678 2731 2764 2823 2905 2963 2971
4 38 79 160 200 247 317 348 407 441 530 548 640 696 714 776 855 884 959 976 1068 1099 1148 1221 1260 1298 1386 1434 1501 1546 1567 1626 1724 1757 1804 1863 1930 1993 2005 2052 2109 2185 2227 2284 2332 2429 2458 2493 2552 2609 2651 2740 2788 2844 2885 2968 2990
7 38 80 142 210 253 310 354 393 436 504 591 602 661 730 761 817 910 934 978 1059 1092 1134 1211 1277 1326 1383 1420 1501 1564 1614 1633 1724 1764 1783 1878 1923 1993 2051 2067 2132 2190 2224 2271 2323 2400 2474 2527 2560 2603 2666 2721 2781 2817 2908 2938 3011
7 38 80 151 196 235 314 354 397 458 522 590 615 680 724 780 823 913 932 995 1071 1082 1142 1193 1277 1325 1397 1407 1492 1564 1605 1627 1725 1746 1793 1845 1904 1990 2051 2070 2132 2191 2256 2284 2333 2382 2471 2527 2566 2593 2684 2717 2758 2808 2895 2924 3020
7 38 80 153 203 258 317 348 379 445 522 591 609 652 719 756 822 913 945 1001 1069 1087 1138 1197 1294 1302 1394 1412 1490 1547 1614 1622 1724 1746 1799 1873 1917 1990 2051 2075 2138 2184 2234 2290 2334 2405 2464 2527 2553 2613 2656 2711 2787 2832 2897 2919 3011
7 38 81 133 162 249 290 370 413 455 496 548 615 658 720 762 840 914 919 1015 1073 1107 1151 1241 1286 1310 1398 1434 1467 1519 1590 1662 1700 1732 1814 1852 1931 1947 2036 2088 2122 2201 2266 2319 2336 2416 2443 2514 2540 2604 2651 2733 2777 2827 2899 2966 3017
7 38 83 116 164 226 315 375 395 470 519 543 602 662 750 766 852 888 952 1019 1043 1121 1162 1214 1243 1320 1385 1450 1465 1538 1578 1648 1723 1733 1815 1879 1943 1965 2021 2097 2122 2181 2252 2299 2327 2428 2444 2504 2570 2596 2658 2700 2778 2825 2902 2967 3012
4 38 85 125 200 263 302 370 417 434 531 555 602 648 739 769 817 894 952 983 1066 1121 1147 1241 1275 1319 1385 1455 1500 1535 1575 1625 1724 1756 1783 1879 1918 1965 2023 2073 2109 2205 2262 2294 2325 2428 2459 2496 2568 2598 2666 2715 2781 2817 2880 2966 2987
4 38 86 161 200 241 301 338 390 433 510 586 619 660 711 756 854 913 935 983 1069 1103 1173 1206 1294 1306 1362 1426 1484 1553 1588 1637 1724 1756 1784 1876 1932 1995 2044 2101 2109 2167 2235 2276 2325 2410 2459 2521 2553 2612 2652 2731 2802 2845 2897 2948 2975
7 38 87 111 204 232 317 374 394 441 522 591 640 693 703 789 858 884 955 1024 1048 1087 1148 1213 1271 1298 1394 1407 1458 1525 1577 1626 1700 1781 1824 1864 1899 1959 2017 2096 2138 2200 2250 2317 2358 2405 2457 2526 2543 2625 2660 2725 2775 2819 2881 2924 2994
7 38 87 129 189 250 314 354 409 440 522 564 643 668 745 767 846 884 922 1011 1030 1086 1159 1203 1255 1325 1397 1412 1477 1541 1589 1627 1725 1781 1806 1849 1900 1959 2017 2053 2156 2212 2231 2314 2370 2378 2472 2526 2576 2610 2674 2743 2800 2841 2862 2919 2982
4 38 87 149 165 225 289 338 420 448 516 564 640 676 708 785 853 894 953 983 1070 1085 1173 1190 1278 1322 1372 1407 1484 1565 1577 1621 1725 1740 1800 1881 1904 1994 2039 2101 2128 2175 2235 2276 2360 2409 2430 2503 2545 2625 2655 2725 2790 2860 2910 2966 2994
7 38 87 155 181 261 274 344 394 460 498 564 597 664 738 796 815 914 923 998 1053 1123 1162 1240 1295 1307 1350 1450 1502 1548 1577 1657 1725 1758 1824 1845 1924 1975 2039 2059 2122 2194 2223 2317 2322 2391 2453 2503 2586 2617 2667 2733 2768 2810 2904 2924 2994
7 38 88 120 189 260 315 373 420 461 521 586 619 649 749 772 828 871 947 1020 1036 1085 1171 1190 1257 1320 1382 1407 1462 1512 1574 1648 1725 1769 1805 1855 1904 1965 2050 2063 2156 2198 2235 2299 2362 2399 2483 2528 2570 2599 2658 2727 2789 2849 2867 2932 2988
7 38 90 121 188 268 298 348 418 468 515 543 643 687 745 772 827 915 937 991 1036 1084 1166 1188 1248 1320 1387 1450 1463 1514 1619 1665 1682 1735 1815 1884 1903 1975 2043 2075 2156 2196 2245 2290 2322 2387 2439 2531 2570 2635 2658 2728 2778 2851 2876 2932 2989
7 38 91 133 173 230 305 338 397 476 531 590 615 688 708 774 826 871 936 995 1062 1085 1168 1190 1286 1338 1382 1455 1467 1519 1570 1672 1677 1752 1830 1866 1904 1969 2027 2070 2153 2170 2256 2299 2356 2399 2462 2514 2591 2592 2673 2713 2794 2809 2910 2966 2981
4 38 93 113 192 251 278 348 387 484 512 561 645 666 747 790 815 910 965 985 1038 1109 1177 1215 1273 1314 1357 1454 1472 1522 1593 1654 1677 1747 1802 1872 1927 1975 1999 2052 2155 2194 2218 2284 2363 2420 2453 2501 2561 2635 2689 2753 2768 2810 2886 2924 3020
7 38 93 129 173 253 284 354 431 436 495 561 609 690 731 773 855 888 922 1005 1035 1127 1146 1232 1267 1340 1356 1412 1487 1531 1614 1620 1677 1759 1823 1849 1926 1993 2015 2093 2153 2189 2233 2318 2345 2378 2455 2485 2573 2603 2698 2721 2791 2841 2868 2968 2998
7 38 94 149 194 253 312 344 396 442 509 570 640 662 731 762 855 888 970 989 1073 1089 1182 1195 1278 1310 1367 1412 1484 1565 1578 1640 1724 1739 1804 1879 1917 1995 2033 2092 2122 2189 2215 2271 2331 2411 2455 2503 2540 2596 2651 2700 2788 2844 2907 2966 3001
4 38 95 118 210 224 303 375 410 449 504 570 602 662 728 766 839 913 921 974 1043 1110 1176 1208 1281 1308 1390 1426 1478 1560 1618 1643 1700 1764 1827 1836 1913 1990 2051 2066 2156 2167 2219 2271 2327 2389 2474 2512 2570 2628 2671 2744 2783 2846 2863 2932 3007
7 38 95 124 207 220 310 374 412 454 504 564 597 676 715 794 816 913 949 979 1037 1103 1153 1230 1290 1309 1383 1420 1459 1551 1601 1649 1705 1764 1825 1860 1908 1990 2051 2079 2157 2162 2223 2276 2351 2388 2477 2512 2542 2626 2646 2746 2769 2818 2882 2938 3023
7 38 95 148 182 243 286 373 412 456 525 570 609 653 731 758 814 914 947 1014 1073 1106 1145 1195 1278 1306 1351 1407 1491 1530 1601 1651 1700 1776 1825 1858 1899 1995 2026 2076 2153 2199 2232 2276 2335 2396 2441 2537 2544 2638 2661 2734 2754 2821 2907 2938 3023
7 38 97 153 188 263 312 344 389 434 503 589 597 664 739 796 839 915 941 991 1053 1114 1138 1207 1283 1317 1373 1434 1490 1547 1580 1634 1724 1737 1786 1868 1930 1990 2034 2075 2114 2205 2245 2294 2322 2388 2437 2536 2586 2598 2657 2710 2793 2836 2915 2932 2970
4 38 98 121 204 217 310 374 405 451 504 591 643 683 718 800 858 867 960 1007 1041 1092 1155 1219 1248 1309 1383 1426 1463 1514 1572 1649 1705 1781 1819 1853 1915 1952 2035 2086 2132 2200 2259 2314 2374 2400 2457 2531 2538 2619 2650 2709 2765 2828 2871 2932 3000
4 38 101 141 200 248 296 331 391 454 493 564 609 668 738 804 834 915 940 976 1053 1115 1163 1240 1295 1297 1359 1453 1498 1530 1568 1639 1724 1757 1792 1878 1933 1975 2043 2065 2109 2206 2214 2314 2332 2394 2458 2522 2578 2597 2663 2714 2787 2820 2904 2938 2976
4 38 102 120 179 247 272 373 419 441 499 548 615 674 726 763 844 910 947 1006 1055 1113 1148 1233 1279 1344 1355 1407 1458 1516 1605 1626 1690 1770 1835 1855 1925 1969 2019 2096 2138 2172 2266 2318 2330 2399 2454 2495 2583 2609 2683 2701 2773 2849 2890 2968 2998
7 38 102 130 191 251 270 348 379 484 490 548 644 684 735 803 834 913 951 979 1028 1110 1168 1210 1256 1311 1363 1455 1475 1554 1593 1663 1690 1765 1799 1854 1910 1975 2009 2061 2153 2206 2241 2271 2366 2417 2458 2505 2544 2635 2656 2753 2787 2820 2866 2938 3011
7 38 102 135 164 235 287 354 431 458 528 548 597 658 732 770 843 888 941 1019 1026 1114 1140 1228 1246 1331 1373 1426 1486 1549 1605 1629 1690 1741 1823 1868 1909 1990 2019 2097 2155 2183 2252 2319 2327 2388 2435 2495 2582 2593 2698 2717 2791 2854 2874 2967 2998
7 38 106 120 168 255 312 374 423 480 503 548 619 684 718 803 829 910 958 1000 1032 1092 1144 1219 1257 1310 1373 1434 1462 1512 1607 1640 1696 1737 1814 1854 1915 1995 2034 2090 2155 2161 2243 2271 2366 2410 2456 2528 2540 2620 2651 2753 2777 2838 2871 2932 3007
7 38 106 130 165 237 275 370 404 437 500 548 609 676 721 785 850 913 929 983 1033 1097 1147 1189 1251 1344 1360 1407 1500 1529 1601 1622 1696 1728 1835 1860 1929 1994 2042 2073 2157 2191 2262 2294 2360 2408 2443 2520 2583 2626 2683 2746 2773 2842 2888 2948 3013
4 38 107 140 178 222 280 354 411 461 534 586 597 654 711 770 829 914 922 1003 1069 1122 1161 1206 1294 1300 1370 1412 1503 1547 1602 1657 1723 1767 1822 1838 1914 1995 2026 2077 2132 2187 2226 2290 2331 2390 2431 2527 2538 2637 2659 2748 2785 2830 2897 2932 2989
7 39 55 125 210 267 294 344 427 470 500 560 635 653 750 774 824 889 923 1001 1034 1097 1167 1226 1258 1309 1396 1435 1458 1548 1611 1654 1684 1760 1804 1847 1891 1954 2028 2059 2159 2210 2240 2288 2350 2407 2434 2536 2574 2636 2670 2745 2798 2849 2889 2919 2979
7 39 55 134 186 227 317 377 399 437 519 560 625 685 708 790 826 874 966 985 1026 1094 1152 1228 1278 1326 1354 1445 1466 1527 1611 1648 1684 1742 1831 1887 1933 1970 2028 2089 2128 2192 2238 2271 2357 2426 2476 2536 2545 2637 2672 2743 2755 2847 2879 2936 2979
4 39 58 111 174 224 285 355 408 434 494 560 647 685 751 790 853 884 968 996 1033 1118 1162 1189 1271 1333 1376 1430 1490 1559 1610 1672 1694 1763 1788 1887 1907 1985 2017 2067 2117 2183 2260 2271 2357 2424 2454 2513 2538 2638 2664 2743 2795 2822 2887 2926 2982
7 39 58 123 187 253 274 344 408 483 533 559 620 657 737 778 810 895 970 973 1049 1095 1182 1211 1277 1310 1382 1457 1484 1520 1610 1670 1695 1758 1788 1838 1936 1954 2027 2091 2148 2195 2231 2271 2371 2405 2437 2503 2582 2636 2687 2746 2772 2845 2874 2926 2982
4 39 58 132 177 267 282 333 384 470 521 560 620 650 752 785 849 905 967 1008 1059 1123 1167 1202 1289 1320 1373 1457 1465 1541 1610 1654 1694 1736 1813 1844 1930 1965 2017 2052 2139 2209 2232 2278 2374 2399 2457 2513 2553 2636 2693 2746 2771 2809 2865 2919 2982
7 39 59 131 190 231 315 365 390 484 530 561 614 655 729 781 846 873 952 1019 1027 1131 1162 1236 1259 1305 1392 1430 1472 1558 1583 1622 1706 1733 1825 1869 1940 1947 2010 2086 2117 2168 2218 2288 2352 2414 2449 2516 2587 2630 2669 2700 2778 2821 2901 2969 3012
4 39 59 135 186 268 308 327 421 447 502 571 614 682 704 794 843 874 947 985 1068 1129 1141 1197 1286 1345 1351 1430 1476 1517 1583 1647 1696 1774 1796 1842 1913 1985 2030 2089 2116 2190 2238 2321 2357 2401 2445 2496 2589 2630 2696 2700 2758 2856 2908 2936 3012
7 39 61 136 214 259 271 355 383 454 524 565 647 683 743 790 814 874 932 1014 1026 1111 1142 1194 1278 1321 1366 1407 1460 1564 1601 1669 1684 1776 1810 1860 1902 1964 2026 2098 2126 2174 2258 2309 2360 2422 2480 2500 2545 2616 2676 2713 2802 2841 2879 2938 2989
7 39 61 158 162 227 272 343 389 477 538 565 635 678 733 781 850 895 921 1005 1027 1095 1176 1234 1280 1305 1378 1426 1509 1560 1584 1665 1684 1764 1805 1883 1915 1963 2014 2090 2117 2166 2250 2271 2328 2409 2448 2512 2587 2597 2669 2729 2798 2822 2878 2969 3007
7 39 62 114 175 227 305 377 406 437 509 559 635 699 733 804 827 884 951 976 1064 1104 1161 1234 1243 1304 1363 1435 1487 1537 1611 1638 1677 1771 1834 1873 1905 1970 2021 2100 2117 2166 2248 2278 2372 2411 2471 2533 2565 2637 2662 2743 2792 2808 2878 2937 2972
4 39 62 121 168 220 286 349 430 443 487 543 635 685 720 791 857 874 968 972 1039 1107 1139 1196 1264 1343 1388 1435 1498 1555 1611 1650 1694 1753 1811 1887 1906 1997 2047 2070 2128 2189 2252 2289 2356 2424 2460 2507 2562 2637 2661 2743 2788 2812 2898 2926 2972
7 39 62 124 198 253 283 333 430 483 529 559 625 653 736 784 834 889 948 980 1056 1098 1182 1188 1266 1300 1390 1445 1496 1513 1611 1670 1677 1751 1811 1847 1926 1965 2021 2080 2159 2196 2230 2289 2340 2382 2443 2533 2585 2636 2679 2745 2769 2855 2868 2926 2972
7 39 65 122 206 267 270 333 395 470 503 543 647 657 750 805 814 895 946 995 1027 1096 1168 1214 1259 1303 1386 1430 1482 1558 1610 1653 1684 1768 1810 1838 1898 1965 2004 2065 2148 2210 2251 2288 2344 2428 2444 2516 2563 2636 2676 2746 2802 2841 2901 2937 2975
4 39 66 119 174 242 319 377 410 471 508 543 625 685 717 790 828 873 962 996 1026 1082 1150 1240 1260 1321 1359 1430 1488 1518 1616 1621 1685 1751 1829 1878 1920 1985 2042 2099 2126 2168 2229 2289 2357 2421 2466 2526 2545 2640 2676 2751 2783 2813 2899 2938 2974
4 39 67 119 196 266 293 343 430 445 498 543 635 678 750 781 852 873 922 972 1027 1088 1174 1214 1259 1319 1385 1424 1464 1542 1598 1663 1706 1762 1784 1864 1906 1965 2023 2070 2159 2211 2252 2295 2328 2395 2468 2530 2587 2596 2655 2748 2800 2853 2901 2927 3000
7 39 67 130 201 245 281 332 430 460 517 571 613 698 709 807 859 883 961 999 1063 1098 1152 1188 1276 1341 1356 1445 1493 1525 1598 1625 1677 1744 1784 1849 1926 1997 2045 2060 2128 2186 2230 2295 2370 2417 2431 2509 2581 2639 2692 2704 2763 2830 2896 2927 3000
4 39 69 114 169 244 320 355 388 465 534 559 614 660 704 779 847 884 951 990 1048 1122 1181 1233 1291 1310 1401 1457 1487 1537 1612 1624 1701 1755 1788 1870 1934 1947 2037 2081 2116 2212 2219 2279 2358 2414 2446 2485 2582 2607 2687 2725 2772 2808 2870 2958 3002
4 39 70 115 200 262 295 365 390 448 493 565 625 692 716 801 823 873 935 1023 1028 1127 1172 1220 1294 1346 1379 1426 1484 1527 1571 1621 1695 1761 1825 1841 1894 1954 1998 2101 2109 2185 2264 2321 2364 2404 2465 2522 2547 2624 2669 2712 2778 2844 2891 2936 3012
7 39 71 113 195 264 295 343 389 471 516 561 604 700 753 758 824 895 934 987 1071 1114 1150 1225 1286 1346 1357 1430 1488 1524 1573 1621 1716 1775 1805 1872 1924 1954 2027 2099 2126 2210 2239 2321 2351 2376 2434 2489 2547 2620 2669 2716 2798 2849 2905 2919 3007
7 39 71 114 193 259 315 355 404 454 530 561 597 672 715 770 827 882 951 989 1059 1131 1183 1238 1289 1298 1392 1457 1483 1541 1601 1629 1716 1739 1798 1870 1938 1964 2003 2053 2117 2201 2254 2278 2368 2414 2436 2513 2567 2616 2698 2713 2792 2808 2865 2943 2978
7 39 71 140 167 254 312 333 400 480 530 581 604 684 703 756 856 882 946 1012 1033 1089 1184 1237 1271 1334 1395 1430 1462 1559 1573 1671 1696 1739 1795 1888 1913 1964 2003 2066 2139 2177 2257 2271 2339 2378 2461 2513 2572 2620 2681 2716 2779 2823 2887 2969 3007
4 39 71 153 165 239 276 342 404 467 516 581 647 691 748 797 839 895 926 1022 1032 1081 1171 1205 1254 1296 1374 1407 1500 1556 1601 1653 1696 1775 1798 1858 1928 1954 2027 2104 2127 2175 2262 2278 2335 2425 2463 2489 2555 2605 2683 2724 2806 2810 2893 2943 2978
7 39 75 136 201 221 276 342 413 449 511 565 604 698 714 807 856 874 950 999 1068 1108 1170 1193 1287 1330 1379 1445 1510 1514 1609 1620 1696 1729 1795 1840 1909 1997 2047 2068 2109 2192 2222 2300 2370 2423 2447 2493 2576 2634 2681 2714 2779 2823 2907 2937 2994
7 39 75 150 178 223 299 327 418 450 511 561 625 672 717 770 858 874 955 1002 1055 1080 1138 1224 1244 1344 1357 1425 1502 1557 1589 1648 1701 1729 1796 1870 1908 1997 2047 2064 2126 2188 2220 2278 2368 2410 2469 2493 2571 2629 2650 2713 2804 2859 2914 2958 3015
7 39 75 160 192 250 286 342 390 456 487 561 614 666 740 761 810 917 933 1019 1070 1128 1148 1239 1287 1327 1388 1435 1486 1514 1589 1666 1701 1753 1822 1843 1940 1954 2047 2086 2109 2195 2218 2309 2350 2403 2437 2493 2550 2605 2652 2737 2772 2845 2905 2926 3015
4 39 76 135 200 233 316 377 385 438 510 571 635 698 739 804 817 874 965 1014 1053 1109 1145 1240 1250 1313 1364 1414 1463 1530 1609 1650 1695 1762 1831 1840 1892 1963 2011 2097 2109 2160 2259 2295 2373 2409 2464 2521 2577 2634 2647 2714 2780 2838 2877 2938 2993
4 39 77 160 163 267 281 327 400 475 517 561 620 655 752 786 837 917 954 1021 1073 1120 1179 1202 1274 1301 1356 1445 1460 1540 1600 1664 1684 1744 1817 1836 1933 1964 2045 2061 2139 2209 2237 2288 2347 2394 2469 2499 2566 2631 2665 2735 2762 2824 2865 2927 2983
7 39 78 112 197 264 306 327 399 459 486 560 625 694 752 770 852 882 929 985 1059 1120 1141 1202 1289 1348 1367 1414 1476 1539 1567 1636 1716 1761 1791 1867 1933 1965 2005 2089 2133 2211 2238 2321 2346 2382 2468 2515 2567 2632 2648 2717 2800 2853 2865 2927 3021
7 39 78 142 166 242 274 344 385 480 533 581 625 679 717 762 846 889 941 1016 1044 1109 1185 1240 1242 1310 1382 1414 1495 1545 1567 1670 1695 1756 1804 1882 1892 1947 2029 2095 2126 2168 2259 2279 2333 2391 2449 2491 2579 2632 2690 2717 2778 2821 2899 2969 3021
7 39 80 135 164 262 287 349 429 463 522 550 615 697 726 778 843 895 947 1017 1049 1114 1145 1222 1277 1337 1350 1407 1463 1530 1604 1626 1695 1780 1832 1861 1927 1963 2014 2097 2116 2175 2256 2321 2330 2383 2459 2492 2582 2609 2660 2701 2758 2856 2874 2958 3020
7 39 81 113 189 244 282 342 402 446 521 571 604 698 704 807 847 884 958 1010 1068 1102 1180 1197 1286 1331 1373 1457 1488 1524 1613 1644 1685 1736 1789 1849 1939 1985 2017 2069 2127 2212 2215 2295 2370 2419 2446 2489 2576 2626 2680 2704 2754 2825 2908 2919 3001
7 39 81 120 208 266 275 344 402 445 497 550 647 677 750 808 848 882 941 981 1042 1097 1177 1226 1250 1314 1380 1414 1481 1547 1613 1660 1706 1772 1789 1850 1891 1964 2003 2075 2148 2211 2263 2295 2323 2422 2473 2503 2575 2596 2646 2734 2789 2843 2889 2919 3001
7 39 81 123 205 265 300 365 382 433 497 571 620 682 724 791 812 882 954 1023 1039 1120 1172 1231 1277 1343 1356 1407 1484 1520 1595 1637 1685 1772 1814 1836 1904 1964 2003 2101 2128 2169 2264 2321 2360 2394 2475 2503 2562 2618 2661 2707 2784 2860 2885 2926 3019
4 39 82 152 189 228 270 332 382 467 522 565 625 664 725 757 828 917 929 1020 1075 1120 1171 1231 1251 1303 1367 1407 1500 1557 1580 1653 1685 1743 1829 1867 1904 1965 2050 2104 2127 2197 2264 2288 2361 2382 2438 2486 2563 2617 2676 2747 2783 2813 2884 2958 3004
7 39 82 157 169 266 287 343 401 445 522 550 613 676 753 761 849 917 942 1007 1070 1114 1177 1225 1287 1302 1350 1445 1480 1521 1598 1660 1701 1743 1828 1866 1924 1965 2050 2076 2116 2209 2227 2300 2340 2383 2457 2486 2550 2596 2677 2748 2771 2809 2905 2919 2985
7 39 83 129 200 230 306 365 383 461 486 565 647 698 748 804 823 884 961 1014 1064 1086 1136 1218 1243 1312 1367 1414 1467 1561 1613 1672 1677 1761 1801 1849 1902 1963 2005 2098 2127 2185 2258 2300 2373 2417 2465 2510 2565 2626 2654 2704 2791 2831 2878 2927 2999
7 39 84 153 162 242 283 327 401 480 526 581 620 673 710 786 862 895 926 1005 1054 1103 1185 1223 1247 1300 1393 1424 1500 1556 1582 1670 1685 1745 1797 1885 1903 1965 2004 2090 2116 2176 2250 2289 2328 2399 2467 2496 2585 2632 2679 2701 2784 2810 2880 2969 3018
7 39 87 122 211 256 314 349 402 438 528 571 604 663 745 764 814 867 946 1010 1061 1089 1164 1210 1255 1301 1395 1415 1504 1536 1566 1632 1727 1779 1812 1888 1939 1964 2036 2069 2148 2174 2215 2288 2349 2378 2480 2520 2556 2610 2674 2738 2802 2841 2885 2938 2977
7 39 87 153 209 263 305 327 394 460 498 571 615 649 706 795 839 905 926 1002 1074 1123 1138 1202 1293 1304 1373 1424 1502 1554 1572 1638 1727 1752 1818 1885 1930 1970 2034 2064 2127 2194 2220 2278 2338 2399 2445 2523 2565 2623 2662 2726 2806 2810 2913 2927 2970
7 39 87 156 176 221 293 343 407 473 498 593 604 700 714 758 826 905 944 1004 1071 1099 1147 1193 1284 1319 1385 1415 1508 1563 1566 1663 1706 1752 1807 1851 1919 1970 2034 2056 2109 2192 2261 2290 2351 2384 2476 2523 2547 2610 2695 2738 2755 2847 2907 2936 2977
7 39 87 158 198 265 316 343 414 433 510 571 613 676 711 761 853 889 921 980 1070 1109 1172 1190 1284 1327 1364 1426 1506 1563 1572 1637 1727 1740 1800 1883 1942 1985 2034 2080 2109 2183 2230 2279 2340 2409 2454 2523 2550 2618 2652 2731 2795 2822 2908 2926 2970
7 39 88 125 211 248 315 355 413 461 528 565 604 664 749 757 824 883 923 999 1051 1085 1186 1215 1249 1305 1394 1426 1494 1512 1590 1622 1716 1779 1805 1867 1909 1947 2036 2068 2159 2164 2222 2288 2361 2388 2480 2519 2587 2607 2669 2747 2798 2849 2892 2927 2983
4 39 88 132 213 223 314 377 391 450 528 581 613 691 717 797 849 883 967 976 1044 1082 1161 1240 1242 1308 1395 1415 1487 1519 1578 1625 1701 1779 1828 1858 1920 1947 2036 2100 2139 2188 2248 2278 2335 2385 2478 2519 2544 2629 2677 2724 2771 2809 2899 2938 2995
7 39 91 122 179 242 295 365 422 471 493 543 604 661 710 800 862 895 950 978 1049 1108 1150 1207 1255 1346 1379 1424 1504 1536 1617 1621 1695 1728 1827 1840 1895 1997 2033 2084 2133 2176 2226 2279 2363 2423 2467 2520 2560 2640 2655 2750 2756 2837 2898 2938 3014
7 39 94 155 170 232 282 333 414 478 509 593 615 692 741 799 835 873 945 974 1077 1088 1148 1214 1292 1331 1385 1435 1490 1516 1571 1644 1694 1750 1782 1841 1906 1985 2042 2082 2109 2161 2266 2295 2367 2395 2479 2498 2576 2624 2680 2712 2761 2838 2911 2937 2988
4 39 96 129 190 242 300 365 411 471 497 561 613 652 717 789 846 889 961 1001 1055 1098 1135 1224 1244 1343 1356 1414 1507 1521 1617 1637 1685 1733 1816 1849 1890 1997 2043 2078 2139 2168 2221 2289 2369 2417 2449 2529 2553 2640 2671 2750 2767 2831 2914 2919 3009
7 39 97 140 162 223 281 327 427 450 492 581 614 683 729 794 862 882 932 979 1077 1097 1161 1226 1292 1341 1380 1435 1505 1516 1589 1625 1684 1745 1791 1860 1891 1997 2039 2083 2117 2176 2240 2295 2356 2422 2467 2498 2581 2629 2692 2713 2756 2837 2911 2938 2993
7 39 97 156 173 239 270 333 385 467 503 581 625 666 716 784 826 917 944 1016 1073 1132 1171 1216 1246 1303 1386 1425 1509 1562 1589 1653 1684 1734 1831 1843 1892 1963 2039 2095 2109 2207 2259 2290 2326 2392 2461 2498 2568 2605 2672 2737 2755 2847 2895 2943 2993
7 39 100 141 165 220 272 332 416 477 515 593 635 688 720 800 840 895 918 1022 1049 1096 1176 1196 1255 1305 1402 1415 1495 1546 1596 1665 1695 1760 1783 1853 1918 1947 2013 2104 2128 2189 2262 2288 2335 2413 2477 2509 2560 2604 2695 2706 2780 2815 2898 2943 2987
4 39 100 145 215 265 317 332 384 457 519 560 620 675 724 764 855 867 969 1008 1061 1094 1140 1231 1255 1324 1354 1424 1491 1546 1582 1649 1727 1757 1794 1884 1930 1976 2013 2052 2128 2169 2232 2279 2337 2426 2432 2509 2556 2593 2651 2739 2799 2851 2885 2958 3002
4 39 101 148 186 217 272 343 395 481 515 593 597 682 741 794 841 882 934 985 1077 1096 1155 1214 1292 1342 1402 1430 1501 1526 1595 1629 1684 1742 1787 1836 1898 1985 2032 2076 2128 2177 2251 2300 2357 2413 2476 2488 2581 2618 2691 2707 2766 2814 2911 2927 2999
4 39 102 151 196 262 314 349 392 463 528 581 597 673 716 786 823 873 939 972 1073 1082 1139 1216 1246 1301 1395 1426 1498 1526 1604 1632 1727 1765 1790 1885 1942 1963 2049 2070 2139 2185 2252 2289 2328 2385 2465 2534 2566 2609 2665 2701 2791 2831 2895 2927 2998
7 39 103 148 191 242 312 344 407 480 531 593 604 694 710 780 847 882 923 1004 1039 1085 1184 1207 1264 1334 1394 1435 1471 1555 1567 1671 1685 1730 1789 1867 1919 1947 2007 2056 2133 2176 2261 2289 2336 2388 2482 2507 2573 2632 2680 2717 2754 2825 2898 2958 2996
7 39 103 160 174 243 283 327 393 479 529 593 614 682 707 794 818 884 954 996 1068 1086 1166 1200 1287 1347 1390 1445 1486 1514 1591 1624 1685 1751 1820 1836 1922 1970 2021 2067 2126 2179 2260 2300 2357 2394 2466 2493 2589 2623 2694 2707 2782 2824 2907 2926 2971
7 39 104 109 207 244 304 365 418 446 523 571 615 676 754 774 819 873 942 984 1034 1080 1180 1224 1268 1309 1383 1425 1474 1550 1570 1644 1701 1770 1825 1866 1908 1963 2049 2084 2159 2162 2220 2279 2326 2383 2475 2532 2574 2626 2670 2748 2777 2858 2877 2919 2984
4 39 104 142 177 243 271 332 418 462 524 565 614 677 707 758 846 905 941 1008 1071 1111 1140 1200 1284 1346 1366 1426 1491 1549 1570 1645 1706 1755 1825 1850 1896 1997 2046 2052 2126 2179 2232 2279 2374 2422 2438 2535 2547 2639 2669 2734 2778 2821 2907 2919 2984
7 39 104 152 163 230 285 342 421 461 513 565 615 678 726 763 841 917 922 1021 1060 1116 1136 1201 1279 1333 1358 1425 1503 1554 1570 1672 1706 1766 1822 1864 1914 1985 2046 2061 2116 2207 2237 2271 2347 2395 2447 2535 2538 2626 2664 2748 2760 2820 2897 2927 2984
4 39 105 124 206 216 317 377 423 439 490 559 597 660 739 792 816 889 964 994 1034 1109 1158 1240 1268 1324 1382 1425 1459 1550 1603 1649 1684 1741 1826 1860 1892 1976 2048 2102 2148 2178 2223 2279 2345 2391 2471 2532 2556 2627 2651 2736 2766 2839 2877 2938 3014
7 39 106 129 209 249 317 332 404 439 519 561 597 654 740 768 823 889 961 989 1070 1130 1158 1239 1287 1324 1354 1445 1507 1521 1602 1649 1727 1742 1790 1876 1938 1954 2028 2053 2127 2196 2254 2300 2353 2390 2455 2486 2543 2592 2665 2718 2791 2831 2905 2936 2986
4 40 56 141 178 225 315 345 385 474 500 576 644 654 735 782 834 917 938 1016 1072 1132 1185 1189 1271 1331 1357 1408 1476 1550 1609 1667 1686 1765 1817 1853 1919 1967 2047 2078 2126 2209 2242 2268 2342 2408 2432 2497 2543 2606 2675 2740 2797 2824 2869 2948 2981
7 40 56 154 164 242 276 342 390 460 500 551 594 690 727 771 830 917 922 1020 1060 1127 1135 1239 1280 1328 1395 1434 1466 1541 1576 1672 1711 1765 1821 1865 1931 1967 2047 2086 2129 2205 2224 2318 2346 2411 2447 2497 2559 2601 2664 2737 2760 2834 2880 2920 3015
7 40 58 116 176 233 311 360 407 472 533 559 616 664 723 758 862 886 944 1021 1050 1099 1177 1221 1284 1306 1401 1454 1469 1547 1592 1634 1705 1773 1790 1880 1928 1944 2034 2055 2110 2193 2227 2280 2360 2401 2437 2514 2586 2598 2679 2721 2755 2836 2877 2969 3018
7 40 58 149 177 232 278 346 407 477 521 570 644 665 740 788 858 900 931 1005 1033 1083 1158 1237 1287 1324 1361 1427 1509 1559 1592 1647 1694 1770 1790 1875 1903 1948 2028 2071 2106 2162 2254 2280 2343 2419 2455 2520 2590 2613 2647 2706 2788 2818 2876 2969 3018
4 40 60 159 164 221 273 334 379 472 535 559 644 663 728 799 854 868 935 1020 1055 1110 1147 1234 1276 1307 1363 1428 1499 1559 1597 1663 1711 1765 1810 1869 1898 1975 2013 2062 2129 2181 2248 2268 2346 2415 2447 2529 2574 2610 2655 2722 2782 2833 2866 2969 3023
7 40 63 135 200 221 285 342 425 449 510 551 616 651 728 769 854 868 926 987 1056 1109 1165 1193 1250 1330 1392 1428 1510 1513 1579 1641 1674 1730 1833 1846 1924 1997 2046 2059 2156 2181 2259 2305 2371 2412 2447 2518 2577 2633 2665 2744 2780 2835 2909 2948 3013
7 40 64 123 163 230 314 377 390 470 513 540 605 678 747 802 842 882 951 1004 1031 1131 1136 1235 1270 1317 1374 1440 1482 1554 1569 1637 1705 1756 1821 1874 1931 1967 2007 2101 2129 2167 2224 2272 2329 2395 2482 2521 2564 2641 2652 2713 2772 2829 2897 2967 3015
4 40 66 157 188 240 291 328 410 450 503 562 630 683 729 785 826 917 932 1018 1061 1132 1172 1215 1253 1312 1381 1434 1470 1515 1607 1653 1697 1734 1830 1881 1891 1963 2038 2083 2156 2205 2222 2268 2326 2383 2451 2528 2581 2643 2671 2748 2756 2846 2870 2928 2980
7 40 67 112 183 259 298 334 380 442 538 570 617 686 715 774 816 882 964 988 1077 1113 1169 1198 1289 1323 1351 1457 1486 1546 1615 1629 1678 1759 1799 1866 1938 1980 2005 2095 2129 2200 2239 2318 2356 2384 2448 2529 2563 2595 2691 2713 2775 2834 2904 2916 3009
4 40 67 149 190 245 291 345 393 471 518 570 647 659 748 792 843 900 931 999 1055 1086 1152 1213 1276 1312 1367 1428 1509 1559 1615 1653 1678 1780 1784 1879 1911 1963 2005 2078 2118 2168 2258 2268 2330 2416 2431 2529 2581 2605 2671 2703 2803 2818 2866 2967 3009
7 40 68 140 197 221 280 354 395 472 521 559 598 655 722 770 856 914 919 1019 1063 1107 1147 1232 1244 1299 1359 1427 1468 1560 1587 1663 1674 1757 1820 1888 1916 1955 2041 2094 2130 2187 2265 2305 2367 2404 2435 2509 2587 2610 2659 2733 2785 2816 2878 2969 3005
7 40 69 110 195 267 285 324 403 450 510 551 647 676 749 808 824 900 928 980 1033 1109 1172 1222 1257 1318 1392 1434 1470 1561 1610 1653 1694 1776 1788 1844 1895 1966 2000 2083 2156 2202 2260 2272 2322 2412 2440 2523 2570 2618 2664 2728 2794 2852 2908 2940 2991
7 40 69 117 168 220 282 345 404 478 535 551 598 665 731 777 857 864 931 1024 1042 1091 1141 1223 1265 1335 1353 1428 1490 1560 1586 1649 1694 1742 1807 1875 1899 1994 2036 2053 2144 2196 2243 2299 2354 2419 2475 2486 2572 2619 2665 2706 2805 2850 2905 2969 3016
7 40 69 120 205 233 279 324 404 472 534 559 617 653 734 791 844 885 947 1007 1071 1081 1177 1240 1257 1338 1382 1408 1461 1561 1586 1634 1686 1752 1807 1882 1919 1980 2000 2063 2156 2182 2223 2299 2351 2384 2446 2523 2585 2598 2697 2727 2773 2847 2868 2969 3016
7 40 69 150 174 255 276 360 402 449 500 551 617 694 715 764 821 914 946 1010 1059 1127 1154 1229 1290 1348 1395 1408 1473 1536 1586 1651 1694 1777 1809 1841 1941 1944 2036 2087 2129 2204 2233 2321 2352 2411 2433 2486 2539 2598 2674 2727 2763 2844 2871 2948 3016
7 40 70 146 208 232 298 328 390 477 538 570 630 653 704 785 859 914 947 1019 1068 1113 1158 1236 1258 1305 1351 1404 1476 1545 1571 1647 1686 1735 1825 1882 1900 1967 2031 2104 2129 2199 2255 2288 2357 2384 2445 2506 2574 2613 2657 2727 2757 2821 2886 2969 3011
7 40 70 150 176 257 271 345 397 441 538 551 613 651 753 769 845 914 953 1009 1064 1107 1182 1212 1275 1304 1377 1457 1482 1527 1605 1652 1705 1735 1808 1846 1934 1967 2031 2054 2110 2208 2231 2305 2371 2385 2475 2506 2568 2606 2693 2744 2759 2837 2880 2916 2976
7 40 70 153 201 260 294 346 421 448 501 551 630 694 729 764 861 885 952 985 1027 1116 1171 1197 1294 1345 1392 1404 1472 1519 1571 1622 1705 1761 1796 1841 1901 1948 2020 2102 2156 2186 2217 2321 2352 2405 2449 2517 2571 2613 2656 2727 2796 2856 2890 2936 3011
7 40 71 115 205 232 287 354 425 452 507 562 594 657 740 767 858 900 919 1000 1029 1087 1159 1203 1255 1336 1381 1427 1504 1541 1591 1626 1686 1743 1823 1864 1935 1997 2033 2057 2156 2162 2250 2288 2358 2428 2455 2524 2582 2637 2660 2728 2764 2841 2912 2920 3022
7 40 71 125 212 224 277 360 425 460 516 551 616 664 738 758 853 894 923 987 1050 1085 1186 1216 1258 1329 1396 1404 1489 1533 1591 1621 1698 1740 1823 1856 1924 1994 2037 2059 2159 2171 2259 2288 2360 2402 2433 2519 2586 2620 2656 2745 2768 2848 2905 2920 3022
4 40 71 139 209 225 273 360 422 445 498 562 598 683 750 785 811 914 924 998 1068 1117 1173 1190 1258 1307 1399 1424 1475 1533 1617 1663 1686 1758 1809 1881 1907 1975 2037 2058 2159 2194 2235 2268 2326 2391 2438 2519 2574 2635 2655 2748 2783 2860 2886 2939 2996
7 40 71 154 194 229 294 354 404 441 501 551 598 693 745 770 816 917 922 1024 1075 1116 1166 1199 1255 1298 1392 1424 1466 1541 1617 1668 1698 1749 1826 1870 1899 1980 2033 2053 2156 2200 2243 2291 2328 2405 2448 2524 2576 2635 2663 2748 2775 2834 2864 2916 2996
7 40 74 135 188 218 283 346 416 480 525 544 594 677 740 791 854 875 926 1018 1071 1083 1166 1237 1249 1338 1393 1424 1459 1564 1581 1630 1697 1734 1801 1871 1903 1975 2016 2060 2156 2177 2245 2305 2326 2387 2451 2517 2585 2617 2697 2743 2780 2835 2876 2969 3005
7 40 77 126 166 230 280 324 410 481 521 562 630 668 709 762 857 875 942 1018 1044 1108 1146 1240 1263 1340 1359 1427 1496 1545 1568 1623 1705 1757 1792 1880 1891 1994 2041 2083 2126 2206 2222 2272 2348 2403 2465 2500 2578 2631 2660 2717 2796 2859 2894 2969 3020
7 40 81 125 192 244 318 377 402 475 519 551 617 651 737 805 836 894 957 1010 1041 1121 1149 1235 1249 1298 1360 1424 1479 1543 1574 1644 1678 1736 1826 1879 1941 1966 1999 2087 2106 2165 2233 2305 2334 2390 2476 2536 2576 2629 2663 2711 2775 2814 2908 2967 2998
7 40 81 153 211 259 299 324 422 435 494 551 613 690 742 771 851 885 952 974 1047 1106 1183 1194 1273 1335 1396 1428 1472 1519 1574 1633 1678 1760 1807 1865 1911 1975 1999 2090 2159 2174 2231 2318 2346 2381 2440 2536 2572 2603 2665 2737 2805 2856 2879 2953 2998
7 40 82 113 176 243 321 342 401 459 533 576 616 651 703 769 842 864 957 1009 1056 1090 1178 1220 1288 1315 1391 1457 1478 1538 1601 1645 1678 1773 1798 1879 1938 1967 2034 2069 2138 2212 2216 2280 2371 2390 2437 2489 2577 2601 2680 2711 2776 2825 2869 2967 3014
7 40 82 114 192 264 290 346 387 434 512 576 605 682 712 774 811 882 949 985 1077 1119 1171 1202 1289 1341 1356 1454 1472 1557 1608 1637 1678 1774 1791 1857 1933 1975 2003 2102 2106 2194 2217 2321 2361 2394 2438 2520 2563 2617 2673 2716 2783 2860 2904 2939 3007
7 40 82 137 168 218 311 354 385 480 533 544 605 669 718 773 859 864 956 1024 1032 1105 1166 1232 1267 1310 1401 1454 1466 1558 1608 1630 1711 1773 1793 1869 1918 1967 2034 2053 2126 2199 2243 2291 2354 2395 2445 2489 2578 2617 2690 2716 2757 2821 2882 2969 3007
7 40 82 159 169 219 275 324 401 476 512 544 647 676 751 808 849 882 942 1004 1033 1097 1147 1225 1287 1314 1370 1427 1499 1559 1601 1659 1711 1774 1798 1863 1892 1975 2003 2062 2130 2173 2262 2280 2322 2420 2460 2520 2570 2603 2668 2709 2789 2826 2876 2967 3014
7 40 83 113 211 267 298 334 427 457 487 540 644 663 749 799 824 900 934 974 1055 1087 1178 1233 1247 1305 1402 1434 1478 1538 1604 1647 1678 1760 1785 1857 1905 1967 2006 2069 2159 2202 2253 2288 2346 2408 2440 2530 2574 2611 2657 2735 2798 2848 2897 2939 2983
7 40 83 117 191 230 290 346 411 470 512 540 613 659 709 765 857 875 931 1014 1054 1098 1136 1219 1243 1341 1356 1427 1506 1544 1578 1637 1678 1733 1801 1879 1912 1997 2045 2077 2144 2206 2230 2299 2358 2416 2465 2492 2565 2641 2672 2703 2805 2850 2914 2967 3010
7 40 83 136 171 253 322 377 395 446 487 544 613 691 718 796 834 900 953 1013 1032 1107 1179 1232 1267 1328 1377 1427 1492 1517 1578 1627 1674 1760 1815 1846 1916 1967 2006 2100 2118 2162 2265 2318 2335 2385 2478 2530 2555 2641 2668 2703 2770 2851 2882 2948 3010
4 40 85 146 182 250 283 345 405 479 525 590 630 685 731 758 856 894 930 1016 1050 1091 1185 1223 1258 1306 1393 1424 1476 1545 1572 1661 1698 1734 1783 1885 1899 1955 2016 2078 2110 2165 2242 2268 2338 2379 2456 2506 2586 2638 2679 2715 2762 2838 2905 2969 3023
7 40 87 110 210 264 314 354 409 434 511 576 613 677 735 761 824 875 928 1017 1072 1108 1171 1189 1271 1317 1376 1404 1507 1525 1581 1637 1727 1779 1800 1871 1942 1967 2017 2067 2156 2170 2221 2272 2357 2385 2472 2524 2564 2617 2652 2743 2794 2852 2869 2939 2992
4 40 87 149 209 268 319 346 420 439 498 576 598 654 730 776 843 894 931 977 1070 1091 1179 1197 1266 1334 1353 1427 1505 1563 1587 1635 1727 1758 1806 1875 1925 1994 2037 2088 2118 2161 2244 2268 2348 2419 2438 2503 2554 2625 2648 2718 2803 2818 2889 2936 2986
4 40 87 157 189 221 311 354 420 472 537 593 616 700 728 757 826 886 932 981 1034 1115 1177 1193 1271 1306 1397 1408 1461 1525 1587 1634 1711 1753 1806 1842 1920 1955 2017 2063 2156 2181 2251 2268 2350 2421 2474 2524 2571 2610 2694 2733 2756 2846 2909 2936 2986
7 40 88 116 167 253 299 328 419 481 532 562 616 680 704 777 854 882 945 1011 1042 1113 1137 1236 1284 1335 1358 1416 1469 1547 1611 1633 1674 1754 1833 1888 1900 1975 2003 2096 2144 2177 2228 2318 2339 2377 2451 2514 2572 2607 2665 2707 2780 2835 2886 2969 3019
7 40 88 123 182 229 277 360 391 441 532 540 644 673 745 783 827 882 951 989 1035 1093 1182 1191 1277 1297 1379 1457 1482 1554 1613 1652 1698 1754 1789 1854 1939 1975 2003 2054 2110 2200 2253 2291 2366 2415 2436 2514 2566 2635 2698 2751 2787 2829 2872 2928 3017
7 40 88 137 186 247 278 342 419 484 521 540 605 685 719 772 844 868 930 1020 1046 1123 1135 1227 1267 1323 1361 1427 1466 1558 1611 1648 1698 1770 1833 1885 1904 1980 2028 2086 2138 2182 2224 2318 2323 2379 2446 2489 2583 2599 2672 2715 2773 2847 2867 2969 3019
7 40 89 147 187 218 271 354 412 480 514 593 644 682 740 795 830 882 934 1023 1039 1087 1143 1203 1245 1304 1402 1416 1471 1555 1608 1652 1697 1755 1787 1857 1935 1967 2007 2094 2106 2177 2261 2305 2340 2408 2474 2495 2568 2617 2693 2716 2781 2814 2912 2920 3000
7 40 91 140 187 226 275 360 423 476 506 590 647 686 738 790 838 882 925 1023 1042 1085 1147 1216 1265 1314 1375 1428 1468 1560 1615 1659 1674 1772 1789 1866 1924 1955 2015 2094 2129 2169 2261 2299 2340 2422 2457 2486 2559 2595 2678 2713 2806 2809 2905 2920 2985
7 40 92 131 210 259 297 360 424 442 511 570 613 662 742 763 820 886 920 1006 1058 1100 1169 1194 1263 1324 1394 1427 1500 1527 1578 1629 1724 1779 1790 1873 1917 1955 2017 2082 2159 2174 2219 2272 2367 2393 2472 2519 2590 2595 2647 2749 2788 2857 2879 2916 3001
7 40 92 150 207 217 311 360 427 465 537 590 594 674 754 762 819 875 946 989 1044 1125 1182 1195 1263 1310 1397 1408 1482 1527 1595 1630 1705 1753 1785 1841 1905 1967 2017 2054 2159 2189 2253 2291 2342 2411 2457 2519 2578 2600 2690 2747 2765 2844 2894 2936 2983
4 40 93 120 211 268 317 374 397 439 527 559 605 663 730 799 818 885 956 974 1061 1105 1148 1214 1253 1331 1401 1434 1507 1515 1583 1665 1727 1738 1808 1869 1934 1967 2012 2090 2110 2161 2231 2268 2346 2395 2463 2528 2567 2625 2651 2722 2801 2838 2870 2953 2976
7 40 93 143 195 232 321 328 409 477 527 593 594 694 740 786 834 885 946 973 1039 1125 1160 1203 1245 1315 1397 1440 1467 1523 1571 1645 1694 1738 1803 1841 1897 1967 2012 2081 2156 2162 2266 2280 2329 2411 2478 2528 2577 2613 2680 2727 2770 2851 2912 2948 2988
7 40 95 112 189 218 303 377 421 456 504 570 594 649 740 808 830 882 964 981 1033 1093 1176 1237 1287 1318 1388 1416 1486 1546 1575 1636 1711 1753 1821 1843 1893 1948 2049 2089 2156 2177 2225 2291 2350 2406 2474 2531 2570 2640 2664 2734 2760 2834 2876 2940 2984
7 40 95 136 201 233 314 377 410 438 511 576 617 651 734 805 825 868 953 1001 1041 1108 1159 1240 1287 1313 1376 1427 1463 1546 1579 1640 1705 1746 1830 1846 1891 1963 2049 2099 2156 2182 2222 2280 2334 2385 2464 2531 2576 2633 2648 2744 2779 2851 2868 2916 2980
7 40 96 117 201 242 301 346 383 460 507 551 647 651 746 805 861 864 931 1001 1063 1086 1135 1209 1244 1303 1367 1427 1490 1560 1601 1672 1724 1761 1816 1879 1917 1963 2014 2060 2138 2186 2260 2305 2334 2416 2449 2509 2553 2601 2692 2711 2802 2850 2878 2920 3000
7 40 96 126 200 241 302 342 387 478 534 551 630 693 708 763 854 886 969 1021 1058 1094 1163 1227 1263 1297 1360 1408 1496 1545 1594 1628 1724 1730 1791 1883 1933 1975 2023 2065 2106 2181 2217 2291 2336 2418 2447 2500 2590 2597 2674 2736 2782 2833 2879 2969 3007
4 40 97 139 211 245 321 342 413 471 527 590 605 685 748 772 811 886 924 996 1046 1115 1167 1193 1248 1321 1397 1440 1479 1529 1569 1638 1678 1738 1791 1850 1920 1966 2012 2068 2159 2168 2256 2268 2323 2421 2463 2525 2583 2605 2673 2749 2783 2860 2888 2948 2981
7 40 97 140 182 244 291 345 427 475 503 590 594 675 737 781 856 882 919 989 1077 1087 1157 1233 1283 1330 1381 1434 1506 1522 1576 1636 1678 1734 1795 1864 1905 1997 2038 2054 2130 2165 2253 2305 2366 2428 2456 2498 2556 2629 2685 2709 2785 2816 2910 2928 2973
4 40 97 159 188 253 301 346 413 446 503 544 630 678 704 764 854 882 935 977 1059 1096 1179 1211 1252 1348 1371 1416 1505 1553 1569 1627 1724 1734 1791 1874 1932 1997 2038 2088 2129 2177 2244 2268 2368 2410 2451 2498 2539 2641 2674 2713 2782 2833 2911 2948 2981
7 40 98 109 210 255 303 360 415 449 504 570 598 653 745 785 820 885 925 1017 1061 1093 1165 1191 1251 1312 1388 1428 1510 1539 1586 1641 1727 1779 1784 1882 1939 1944 2024 2059 2156 2174 2229 2288 2357 2406 2472 2512 2581 2598 2671 2727 2803 2841 2872 2928 2987
7 40 99 124 163 251 291 328 419 475 518 551 594 694 713 786 837 882 937 1004 1039 1119 1157 1231 1291 1330 1367 1428 1460 1549 1600 1636 1697 1780 1833 1862 1904 1980 2005 2101 2138 2169 2224 2321 2329 2382 2458 2499 2577 2622 2665 2705 2780 2853 2864 2967 3019
4 40 99 125 164 240 282 342 406 450 535 551 644 658 729 789 830 894 957 996 1027 1091 1167 1197 1294 1326 1353 1457 1479 1543 1613 1658 1697 1765 1787 1849 1925 1948 2013 2068 2144 2205 2256 2268 2370 2419 2447 2491 2546 2643 2693 2742 2781 2814 2890 2940 3006
7 40 100 126 211 255 322 324 406 449 487 551 644 664 745 794 851 886 942 996 1075 1089 1154 1199 1255 1303 1377 1427 1491 1550 1592 1651 1727 1760 1816 1880 1925 1980 2006 2068 2110 2174 2256 2288 2323 2403 2440 2515 2553 2598 2692 2721 2802 2859 2864 2948 2975
7 40 100 156 180 233 273 360 412 472 498 593 644 692 734 783 825 868 920 1023 1054 1095 1147 1195 1243 1307 1399 1427 1468 1544 1592 1663 1686 1766 1811 1852 1935 1944 2029 2094 2130 2182 2261 2299 2347 2414 2464 2492 2547 2598 2682 2721 2797 2832 2914 2936 2975
4 40 101 141 195 253 313 328 383 481 499 593 605 700 718 784 834 900 938 980 1053 1086 1146 1209 1266 1307 1389 1427 1496 1530 1611 1623 1724 1738 1811 1868 1917 1975 2040 2083 2126 2162 2260 2268 2322 2394 2478 2535 2547 2607 2682 2707 2797 2824 2907 2940 3006
7 40 101 147 201 258 297 360 391 468 511 593 617 694 726 764 831 882 923 985 1059 1097 1144 1190 1252 1324 1394 1404 1501 1526 1600 1629 1724 1746 1789 1862 1927 1948 2049 2055 2138 2176 2263 2280 2352 2397 2464 2527 2539 2622 2698 2705 2787 2825 2911 2939 3017
7 40 102 147 190 230 299 324 420 481 494 593 616 692 747 781 842 882 923 981 1077 1085 1137 1222 1283 1335 1396 1440 1501 1526 1568 1633 1678 1729 1798 1856 1920 1994 2032 2063 2118 2167 2251 2299 2349 2402 2482 2494 2556 2631 2680 2717 2776 2825 2910 2940 2995
7 40 103 116 209 264 303 360 423 456 524 562 594 668 712 762 811 882 944 977 1065 1131 1176 1229 1285 1318 1368 1454 1493 1523 1603 1636 1727 1758 1789 1880 1937 1966 2011 2082 2118 2194 2250 2272 2348 2401 2438 2487 2555 2594 2678 2717 2806 2836 2875 2948 2985
4 40 103 147 169 250 288 334 380 479 524 593 598 700 731 784 836 882 934 1004 1035 1096 1175 1230 1253 1321 1383 1434 1471 1555 1580 1671 1698 1758 1799 1868 1915 1966 2011 2062 2144 2165 2262 2268 2322 2398 2476 2487 2565 2638 2691 2707 2775 2814 2898 2967 3009
7 40 105 112 211 243 313 374 411 440 499 559 594 664 754 794 818 894 943 996 1041 1098 1169 1219 1287 1299 1389 1427 1486 1546 1591 1631 1678 1738 1820 1856 1912 1980 2040 2095 2159 2161 2230 2280 2323 2382 2463 2531 2587 2620 2659 2745 2785 2855 2868 2940 2989
7 41 55 141 215 229 289 363 427 473 500 576 612 656 714 777 827 888 943 1010 1054 1097 1185 1199 1284 1300 1378 1438 1508 1556 1589 1667 1707 1743 1802 1860 1936 1987 2007 2105 2152 2160 2242 2316 2358 2389 2433 2517 2543 2602 2653 2723 2785 2846 2867 2948 2971
7 41 55 160 196 256 275 367 397 445 528 572 612 672 749 769 863 909 953 1009 1055 1085 1134 1192 1257 1307 1377 1438 1461 1527 1589 1632 1711 1772 1831 1843 1897 1983 2031 2070 2132 2211 2245 2299 2348 2398 2480 2493 2554 2602 2693 2723 2782 2847 2881 2965 2971
4 41 57 109 167 266 305 358 406 485 507 588 619 661 736 756 842 894 940 983 1044 1104 1160 1213 1271 1348 1358 1423 1507 1532 1613 1658 1718 1756 1797 1845 1903 1989 2003 2099 2144 2205 2231 2301 2333 2399 2473 2491 2541 2643 2662 2741 2763 2810 2900 2956 2990
4 41 57 150 179 228 319 369 418 448 506 588 626 663 726 808 844 898 949 972 1061 1103 1144 1210 1263 1323 1351 1443 1464 1539 1585 1666 1718 1758 1833 1844 1900 1980 2005 2064 2138 2187 2228 2287 2324 2378 2468 2489 2577 2622 2699 2715 2804 2853 2869 2942 3019
7 41 57 157 169 231 312 358 418 440 514 583 633 660 705 782 849 909 964 994 1063 1092 1136 1188 1271 1341 1356 1436 1459 1532 1585 1651 1722 1749 1833 1852 1904 1975 2003 2076 2144 2212 2224 2287 2346 2387 2466 2491 2572 2607 2696 2730 2807 2835 2879 2942 3019
4 41 58 122 212 237 307 372 384 456 516 570 633 686 712 809 812 898 933 1018 1077 1080 1146 1202 1289 1330 1367 1423 1486 1531 1587 1646 1720 1748 1824 1888 1902 1980 2005 2069 2150 2184 2225 2294 2349 2379 2431 2488 2588 2600 2691 2737 2787 2817 2903 2949 2999
7 41 58 145 203 254 284 358 384 484 505 585 612 670 729 779 860 912 943 986 1027 1097 1137 1234 1262 1305 1378 1443 1475 1541 1587 1636 1705 1775 1824 1860 1901 1987 2002 2052 2144 2213 2226 2294 2331 2389 2481 2491 2540 2629 2678 2708 2799 2842 2912 2949 2999
7 41 58 157 176 239 310 360 420 454 533 585 633 700 728 759 826 907 944 981 1044 1130 1156 1221 1271 1310 1401 1423 1459 1532 1587 1630 1705 1747 1788 1874 1934 1992 2002 2054 2142 2173 2247 2301 2337 2429 2459 2491 2538 2600 2658 2737 2765 2855 2900 2942 2999
7 41 59 143 164 244 303 348 390 444 530 583 633 697 721 776 825 898 956 995 1033 1131 1157 1235 1247 1334 1400 1434 1466 1533 1576 1646 1711 1759 1782 1863 1930 1992 2041 2075 2140 2175 2224 2313 2322 2429 2439 2513 2568 2609 2664 2747 2757 2860 2865 2935 2982
7 41 60 113 214 238 284 354 415 434 505 576 619 675 724 795 824 907 928 1022 1061 1093 1165 1211 1263 1312 1378 1443 1500 1539 1586 1629 1709 1775 1800 1882 1917 1992 2002 2097 2152 2170 2249 2287 2375 2393 2471 2489 2590 2593 2649 2749 2754 2820 2869 2949 3001
7 41 61 123 167 249 276 358 386 470 491 588 626 664 752 802 842 881 932 984 1053 1127 1151 1239 1280 1317 1354 1434 1461 1564 1590 1649 1711 1756 1805 1865 1930 1983 2020 2052 2150 2205 2228 2294 2332 2396 2473 2521 2587 2619 2647 2713 2756 2817 2915 2962 2993
4 41 61 134 205 229 274 367 403 473 491 576 619 650 702 765 821 881 967 1016 1042 1110 1185 1206 1294 1316 1357 1449 1511 1550 1588 1667 1722 1756 1795 1837 1927 1983 2020 2103 2142 2172 2249 2301 2354 2397 2436 2521 2553 2602 2675 2724 2771 2855 2864 2948 2995
4 41 62 113 184 263 290 363 430 436 487 583 628 660 753 782 824 900 928 980 1060 1107 1138 1241 1286 1326 1399 1434 1485 1554 1580 1627 1700 1751 1785 1852 1928 1977 2000 2074 2152 2201 2251 2287 2346 2422 2440 2517 2576 2612 2664 2730 2754 2820 2913 2965 2986
4 41 62 141 171 251 319 369 396 471 487 564 612 648 723 768 834 900 955 1012 1032 1087 1187 1193 1284 1343 1370 1452 1508 1556 1581 1647 1718 1751 1811 1853 1894 1977 2000 2104 2146 2168 2261 2303 2335 2406 2453 2517 2549 2644 2663 2703 2767 2834 2890 2948 2985
7 41 63 128 198 221 282 341 429 442 510 579 642 651 744 771 815 888 947 1010 1035 1114 1180 1232 1244 1325 1375 1436 1507 1513 1579 1637 1718 1736 1829 1853 1940 1989 2021 2080 2142 2189 2267 2305 2374 2414 2452 2508 2553 2604 2666 2700 2758 2815 2894 2948 3012
7 41 63 143 182 226 301 369 425 438 488 583 642 665 718 794 837 898 970 979 1052 1095 1161 1216 1265 1341 1359 1436 1479 1520 1579 1662 1714 1729 1833 1839 1910 1962 2022 2057 2132 2207 2218 2299 2352 2392 2479 2507 2572 2604 2696 2700 2807 2847 2874 2953 3012
4 41 64 128 186 260 284 358 390 464 515 579 637 669 752 792 848 888 924 994 1064 1127 1136 1239 1268 1312 1369 1440 1459 1561 1571 1629 1705 1740 1782 1841 1930 1992 2015 2076 2140 2195 2224 2287 2329 2380 2456 2530 2590 2636 2649 2729 2772 2838 2915 2962 2982
7 41 64 133 201 256 271 372 405 441 535 579 612 651 749 771 860 898 955 1007 1041 1087 1155 1192 1270 1298 1370 1449 1482 1525 1577 1643 1705 1755 1824 1853 1895 1977 2045 2060 2132 2211 2236 2305 2374 2406 2483 2501 2547 2606 2678 2700 2799 2842 2881 2960 2976
7 41 65 145 185 236 317 348 424 437 526 585 637 680 738 765 834 912 951 973 1042 1133 1140 1226 1245 1316 1401 1440 1487 1529 1571 1624 1693 1738 1799 1880 1918 1977 2012 2073 2142 2168 2263 2308 2323 2426 2453 2484 2553 2621 2675 2743 2767 2834 2914 2948 2981
4 41 65 160 210 260 293 358 393 464 495 585 630 653 736 763 863 896 953 991 1056 1104 1142 1213 1260 1297 1372 1447 1473 1515 1571 1622 1693 1768 1828 1857 1903 1992 2012 2067 2132 2210 2244 2299 2325 2384 2481 2484 2558 2636 2695 2729 2782 2847 2900 2956 2981
7 41 66 150 215 235 299 341 399 436 503 588 630 701 731 783 819 898 962 1007 1072 1106 1138 1201 1253 1317 1387 1434 1485 1518 1606 1627 1707 1731 1805 1886 1915 1969 1998 2074 2152 2175 2222 2308 2361 2410 2446 2496 2587 2639 2647 2751 2756 2840 2878 2960 2980
7 41 66 154 177 223 307 369 425 456 503 572 633 650 723 788 849 898 967 987 1068 1087 1146 1193 1248 1330 1379 1447 1474 1523 1575 1646 1722 1731 1833 1837 1894 1969 1998 2082 2125 2197 2234 2305 2330 2397 2482 2496 2583 2615 2696 2724 2807 2835 2890 2948 3012
4 41 72 133 164 243 322 369 418 453 501 579 637 668 708 805 854 898 955 995 1072 1080 1141 1200 1259 1335 1353 1452 1482 1525 1570 1655 1707 1737 1833 1866 1904 1975 2013 2075 2144 2203 2224 2294 2322 2394 2462 2514 2565 2597 2699 2707 2804 2842 2872 2935 3019
4 41 72 154 194 225 273 360 383 445 501 572 619 698 724 790 811 898 944 1014 1052 1116 1145 1196 1255 1314 1402 1423 1469 1528 1613 1620 1714 1737 1789 1889 1912 1975 2013 2058 2152 2184 2243 2311 2366 2415 2432 2514 2576 2634 2676 2751 2775 2858 2886 2965 2974
7 41 73 118 170 249 292 369 382 458 509 579 626 651 752 808 852 894 929 987 1064 1120 1146 1239 1268 1304 1360 1423 1474 1558 1595 1644 1700 1730 1787 1836 1937 1992 1999 2082 2150 2205 2234 2305 2337 2390 2462 2533 2574 2631 2668 2718 2783 2814 2915 2951 2977
7 41 73 124 171 236 301 369 394 460 488 564 628 695 738 807 834 912 946 986 1079 1096 1139 1240 1268 1341 1359 1440 1469 1558 1572 1662 1714 1751 1819 1855 1893 1975 1999 2064 2150 2168 2214 2287 2363 2391 2453 2533 2588 2597 2680 2704 2781 2821 2901 2949 3001
4 41 75 116 214 220 281 341 403 460 499 564 630 686 709 783 829 907 933 1022 1075 1098 1176 1217 1243 1307 1350 1452 1489 1514 1573 1626 1720 1768 1795 1888 1927 1983 2008 2097 2142 2164 2249 2299 2375 2379 2477 2508 2584 2614 2663 2737 2784 2823 2882 2949 2995
4 41 75 139 162 232 317 341 413 461 526 585 626 685 748 786 816 903 962 975 1046 1133 1148 1214 1243 1300 1401 1434 1467 1514 1590 1639 1700 1741 1803 1869 1928 1987 2008 2068 2142 2171 2266 2316 2339 2426 2442 2508 2545 2605 2651 2727 2783 2851 2912 2953 2978
7 41 76 143 173 245 317 348 409 439 526 574 642 694 740 772 813 907 956 978 1039 1130 1138 1221 1265 1316 1401 1434 1479 1520 1567 1624 1693 1741 1791 1863 1934 1983 2008 2081 2152 2178 2256 2301 2332 2429 2430 2507 2567 2613 2661 2749 2770 2860 2888 2953 2972
7 41 79 117 176 222 316 356 422 452 502 579 639 651 707 808 857 907 931 981 1061 1086 1135 1215 1250 1323 1361 1452 1481 1534 1603 1669 1709 1757 1832 1836 1932 1962 2011 2054 2138 2164 2247 2305 2337 2388 2450 2509 2577 2623 2699 2718 2805 2849 2883 2942 3005
7 41 79 130 172 269 289 356 394 483 515 574 619 690 741 784 859 881 920 984 1047 1096 1174 1240 1250 1300 1364 1440 1468 1534 1599 1667 1714 1744 1812 1868 1893 1987 2011 2066 2138 2188 2214 2316 2327 2385 2476 2509 2543 2642 2653 2745 2775 2809 2898 2962 3009
7 41 80 110 207 228 317 348 379 461 537 576 626 654 726 784 848 903 918 1003 1047 1090 1148 1210 1277 1300 1390 1438 1473 1564 1612 1639 1693 1778 1802 1847 1914 1992 2051 2061 2138 2187 2216 2311 2364 2390 2464 2524 2543 2609 2653 2711 2785 2825 2869 2962 3021
7 41 80 115 210 227 314 354 397 438 536 576 628 677 702 770 820 912 941 976 1042 1117 1161 1206 1294 1328 1383 1436 1479 1547 1612 1662 1693 1779 1783 1848 1921 1983 2051 2057 2132 2174 2221 2313 2341 2402 2471 2524 2547 2603 2648 2717 2778 2830 2864 2960 3021
7 41 80 123 203 222 303 348 387 462 536 558 639 671 707 778 829 912 926 986 1034 1122 1151 1215 1277 1322 1394 1447 1461 1564 1615 1657 1711 1779 1799 1838 1896 1983 2051 2052 2138 2164 2226 2303 2331 2408 2477 2524 2562 2613 2659 2701 2784 2823 2883 2949 3018
7 41 83 123 213 243 294 354 427 453 512 558 630 695 708 797 842 912 932 1025 1040 1097 1169 1199 1242 1319 1363 1438 1510 1515 1572 1628 1707 1761 1783 1855 1936 1989 2036 2091 2150 2203 2242 2294 2373 2405 2474 2502 2548 2597 2670 2704 2756 2817 2873 2956 2991
7 41 83 131 173 263 285 372 427 451 489 572 628 676 753 799 820 894 925 983 1070 1118 1162 1241 1275 1305 1402 1440 1470 1538 1572 1635 1693 1728 1783 1857 1918 1987 2016 2069 2152 2201 2260 2294 2327 2412 2444 2523 2570 2596 2648 2705 2778 2830 2913 2956 2991
7 41 85 129 181 226 273 360 428 443 501 585 628 653 748 763 823 888 925 1019 1046 1118 1147 1214 1243 1314 1402 1452 1468 1535 1608 1620 1714 1742 1815 1857 1943 1987 2007 2093 2140 2177 2265 2299 2325 2412 2459 2486 2568 2598 2684 2729 2781 2832 2912 2935 3016
4 41 87 148 190 232 278 367 407 461 518 576 628 656 748 792 822 894 927 977 1064 1081 1153 1237 1295 1312 1352 1443 1505 1563 1592 1635 1700 1770 1800 1858 1911 1962 2043 2056 2140 2171 2221 2316 2343 2400 2436 2534 2590 2605 2649 2725 2754 2822 2889 2962 3009
4 41 89 111 185 216 296 363 404 449 510 583 639 657 714 788 850 912 936 973 1068 1097 1163 1199 1269 1330 1363 1436 1465 1517 1618 1657 1709 1750 1835 1850 1936 1980 2006 2073 2125 2174 2263 2294 2323 2405 2440 2506 2583 2595 2696 2716 2805 2856 2867 2948 3010
7 41 89 113 188 230 293 341 431 440 508 583 626 665 721 786 826 900 929 1005 1033 1120 1165 1235 1247 1297 1360 1449 1500 1539 1618 1622 1709 1752 1809 1836 1941 1992 2006 2097 2146 2190 2264 2299 2360 2390 2443 2506 2558 2608 2695 2703 2801 2819 2865 2942 3010
7 41 89 150 171 265 282 341 381 478 510 574 619 699 722 803 812 912 962 986 1030 1117 1144 1217 1247 1325 1375 1434 1464 1539 1604 1637 1718 1750 1798 1886 1908 1980 2006 2064 2146 2161 2214 2313 2363 2410 2454 2506 2557 2620 2661 2753 2763 2840 2868 2949 3023
4 41 91 119 165 223 271 354 428 454 506 585 628 677 738 770 838 881 928 1019 1042 1107 1143 1226 1245 1298 1399 1443 1471 1512 1592 1643 1722 1735 1826 1852 1943 1977 2029 2093 2150 2182 2265 2305 2341 2422 2435 2502 2547 2617 2678 2713 2797 2814 2914 2942 3005
7 41 91 160 163 232 274 367 422 461 493 585 633 670 713 766 837 896 953 974 1040 1108 1148 1194 1242 1344 1355 1438 1473 1515 1592 1639 1722 1748 1832 1843 1932 1962 2029 2061 2138 2207 2247 2294 2345 2398 2479 2502 2579 2605 2697 2725 2807 2847 2873 2953 3005
7 41 92 109 196 243 317 341 381 437 537 570 637 672 708 769 842 912 940 1009 1043 1094 1140 1200 1288 1316 1390 1438 1478 1561 1601 1624 1700 1778 1798 1858 1890 1983 2051 2083 2144 2203 2232 2301 2348 2386 2474 2512 2567 2614 2661 2708 2763 2810 2872 2962 3023
4 41 92 124 207 233 310 360 398 432 537 564 626 657 732 758 836 912 946 1014 1027 1084 1145 1195 1291 1306 1397 1449 1469 1558 1618 1634 1705 1778 1790 1850 1895 1983 2051 2058 2125 2199 2243 2311 2354 2396 2464 2512 2561 2595 2669 2716 2779 2821 2882 2951 3007
7 41 92 155 172 239 271 372 381 454 535 564 628 676 728 799 839 881 921 984 1070 1110 1143 1225 1292 1298 1370 1447 1498 1563 1601 1643 1705 1774 1798 1841 1908 1980 2026 2066 2146 2173 2214 2301 2327 2383 2447 2537 2570 2600 2655 2722 2769 2827 2896 2962 3023
7 41 96 121 168 230 305 367 411 447 507 588 639 649 731 805 857 896 927 1001 1072 1104 1137 1201 1253 1335 1358 1443 1458 1524 1597 1672 1709 1733 1832 1859 1917 1969 2027 2070 2144 2180 2253 2299 2342 2399 2434 2490 2565 2601 2699 2702 2805 2849 2878 2935 3016
7 41 96 124 198 238 276 360 428 433 491 588 633 663 712 759 834 888 946 1010 1026 1127 1183 1228 1254 1326 1354 1449 1504 1523 1597 1640 1709 1749 1815 1850 1941 1977 2027 2080 2150 2183 2267 2287 2374 2396 2438 2490 2555 2594 2684 2709 2781 2821 2875 2948 3016
4 41 98 131 189 231 317 348 384 446 537 570 633 649 705 776 846 896 939 1018 1056 1094 1162 1188 1279 1300 1390 1449 1470 1538 1597 1639 1693 1781 1810 1859 1902 1987 2048 2069 2144 2212 2225 2316 2371 2386 2469 2519 2545 2601 2651 2702 2776 2816 2879 2951 3014
7 41 98 134 186 230 287 367 405 447 523 558 633 671 721 766 826 900 967 980 1066 1087 1186 1192 1293 1296 1379 1449 1496 1565 1597 1623 1705 1754 1788 1837 1895 1969 2033 2089 2140 2190 2236 2303 2344 2397 2443 2534 2552 2601 2658 2702 2765 2855 2910 2965 3014
4 41 98 155 179 217 294 356 384 455 512 558 639 663 751 808 817 888 936 972 1064 1097 1143 1234 1295 1304 1363 1443 1498 1563 1597 1642 1705 1765 1810 1850 1901 1980 2033 2066 2150 2181 2226 2316 2324 2405 2460 2534 2574 2594 2668 2709 2759 2812 2889 2951 3014
4 41 100 108 181 218 294 354 431 455 498 574 639 655 734 761 825 888 934 1019 1054 1114 1143 1232 1248 1304 1375 1447 1471 1524 1615 1642 1707 1757 1820 1866 1940 1992 2015 2093 2146 2169 2265 2305 2325 2414 2445 2495 2559 2593 2682 2721 2806 2811 2905 2935 2998
4 41 100 127 162 238 312 372 416 434 492 572 639 678 724 794 850 903 921 975 1052 1101 1142 1196 1255 1341 1377 1447 1472 1540 1615 1651 1709 1739 1835 1842 1925 1975 2009 2068 2132 2170 2266 2287 2339 2381 2444 2501 2572 2593 2696 2721 2805 2856 2886 2953 2998
7 41 100 150 186 245 289 363 416 439 515 574 637 671 719 766 844 912 949 980 1040 1096 1138 1191 1254 1344 1364 1449 1485 1518 1615 1624 1707 1740 1835 1838 1942 1969 2015 2074 2138 2199 2251 2287 2344 2385 2456 2495 2579 2613 2697 2701 2804 2853 2862 2953 2998
7 41 101 130 201 232 303 360 383 444 536 558 633 663 713 759 859 898 920 1007 1026 1122 1157 1194 1256 1334 1394 1436 1480 1522 1585 1646 1700 1781 1789 1844 1919 1989 2049 2060 2138 2207 2236 2316 2374 2408 2457 2526 2555 2622 2676 2715 2775 2809 2873 2960 2974
7 41 103 117 166 244 307 372 416 444 516 583 628 654 716 799 857 903 931 993 1058 1083 1157 1204 1244 1330 1367 1436 1480 1535 1612 1646 1720 1735 1835 1847 1942 1969 2019 2060 2138 2180 2251 2305 2350 2376 2434 2485 2583 2609 2696 2711 2805 2849 2870 2935 2998
4 41 103 129 179 266 274 372 387 483 493 585 612 700 746 771 836 888 925 972 1035 1108 1174 1230 1244 1316 1355 1440 1468 1535 1593 1667 1718 1758 1799 1871 1896 1983 2019 2066 2138 2195 2226 2301 2324 2398 2468 2485 2553 2645 2675 2739 2767 2832 2894 2951 3018
7 41 104 131 170 265 275 360 425 478 528 572 633 700 722 759 833 894 925 987 1044 1085 1150 1195 1279 1308 1377 1452 1470 1538 1619 1631 1718 1759 1822 1871 1894 1962 2043 2082 2132 2161 2234 2313 2337 2398 2432 2519 2538 2620 2660 2739 2764 2830 2892 2951 3022
7 41 104 137 167 251 278 348 418 484 518 572 642 694 710 772 815 881 937 984 1039 1103 1137 1210 1267 1311 1352 1443 1475 1549 1619 1636 1718 1770 1829 1885 1900 1975 2043 2052 2144 2182 2228 2303 2332 2377 2458 2519 2567 2632 2666 2728 2758 2815 2886 2962 3022
4 42 54 121 176 251 296 374 386 461 538 550 627 679 739 788 813 912 956 973 1067 1088 1155 1231 1248 1342 1399 1426 1504 1537 1590 1673 1709 1758 1819 1859 1897 1955 2015 2100 2108 2164 2227 2273 2340 2394 2457 2518 2583 2634 2686 2716 2805 2828 2890 2925 2990
7 42 56 117 187 244 293 358 407 473 524 551 642 676 755 798 857 866 924 1004 1070 1129 1157 1213 1281 1327 1367 1426 1477 1549 1570 1636 1683 1741 1797 1879 1942 1949 2019 2052 2141 2183 2231 2279 2327 2384 2476 2535 2570 2629 2665 2738 2755 2821 2908 2967 2998
4 42 56 127 179 234 316 358 414 433 499 549 644 700 734 782 825 869 918 980 1071 1086 1146 1229 1281 1319 1374 1415 1468 1549 1593 1667 1686 1766 1817 1852 1919 1946 2019 2059 2141 2192 2257 2290 2371 2409 2454 2535 2591 2607 2675 2731 2795 2832 2907 2965 2974
7 42 56 153 185 259 295 357 391 460 499 551 615 688 709 780 859 869 971 1002 1045 1127 1175 1201 1279 1329 1396 1452 1502 1551 1570 1626 1683 1766 1812 1865 1891 1946 2019 2085 2142 2168 2233 2318 2337 2399 2448 2535 2538 2630 2663 2737 2806 2834 2871 2927 2998
7 42 57 129 169 253 311 358 407 472 514 561 603 686 721 779 823 866 964 1021 1042 1113 1179 1188 1282 1328 1356 1416 1511 1540 1569 1664 1722 1771 1797 1849 1907 1978 2035 2079 2111 2170 2266 2318 2339 2401 2437 2521 2569 2643 2665 2721 2755 2856 2886 2927 2998
7 42 59 147 198 245 277 372 424 484 529 561 596 672 716 771 813 874 955 1000 1057 1093 1159 1189 1273 1314 1357 1454 1503 1556 1598 1669 1679 1764 1796 1855 1937 1955 2027 2105 2142 2188 2237 2302 2363 2386 2434 2527 2561 2609 2685 2700 2775 2859 2880 2925 2996
4 42 60 113 185 267 296 374 379 472 535 561 605 672 705 797 824 869 950 1002 1061 1110 1178 1214 1278 1349 1402 1406 1499 1539 1575 1665 1709 1745 1829 1836 1905 1992 2006 2085 2115 2181 2233 2302 2337 2393 2469 2528 2567 2631 2669 2720 2801 2833 2865 2927 2983
7 42 61 145 167 246 305 358 430 447 522 588 605 661 720 802 854 914 969 1004 1073 1107 1157 1203 1255 1325 1354 1437 1477 1522 1583 1660 1679 1756 1808 1856 1921 1953 2042 2052 2128 2193 2231 2279 2347 2379 2472 2491 2560 2616 2699 2739 2800 2848 2863 2918 3021
7 42 63 152 203 233 286 372 425 481 486 542 615 684 741 760 841 872 959 1000 1029 1105 1159 1202 1293 1326 1382 1438 1503 1551 1572 1672 1686 1752 1783 1864 1936 1949 2018 2105 2156 2184 2237 2302 2358 2382 2446 2523 2565 2600 2661 2744 2773 2840 2882 2927 2983
7 42 67 128 188 222 270 333 409 441 502 542 603 670 745 785 827 869 931 1017 1061 1086 1171 1215 1246 1320 1382 1452 1509 1515 1567 1639 1709 1780 1813 1882 1931 1978 2029 2092 2156 2168 2258 2290 2375 2401 2479 2512 2579 2605 2662 2748 2778 2847 2899 2928 2989
7 42 68 144 200 217 286 334 416 446 486 542 599 692 749 801 817 897 945 1023 1079 1105 1160 1234 1270 1348 1382 1415 1462 1547 1596 1649 1722 1747 1800 1877 1904 1965 2023 2055 2156 2173 2235 2277 2362 2382 2440 2526 2564 2611 2695 2733 2762 2852 2884 2951 2994
7 42 68 145 199 230 292 344 394 433 515 588 599 689 732 762 813 914 957 1015 1059 1106 1146 1240 1242 1343 1403 1415 1468 1531 1596 1667 1676 1763 1820 1880 1939 1955 2039 2059 2141 2188 2222 2303 2350 2421 2434 2509 2563 2611 2660 2733 2775 2859 2878 2925 2994
4 42 70 159 203 232 288 344 421 462 517 573 596 701 735 778 829 898 957 1007 1072 1121 1160 1194 1256 1297 1381 1415 1461 1532 1615 1635 1686 1743 1789 1881 1919 1953 2022 2056 2156 2160 2252 2316 2351 2420 2455 2524 2585 2644 2659 2727 2764 2846 2887 2921 2978
4 42 71 131 208 219 298 333 425 436 527 561 596 700 722 805 848 897 918 1025 1044 1105 1169 1202 1264 1340 1356 1438 1498 1527 1580 1656 1686 1772 1795 1852 1936 1994 2031 2082 2111 2211 2237 2277 2348 2409 2470 2516 2546 2620 2653 2731 2764 2827 2901 2965 2971
7 42 71 146 190 232 315 329 389 484 530 561 628 652 702 792 835 914 937 1015 1066 1117 1183 1208 1258 1349 1389 1406 1475 1535 1580 1646 1686 1769 1829 1839 1900 1978 2031 2060 2117 2194 2221 2316 2359 2427 2436 2516 2567 2623 2669 2728 2801 2822 2886 2925 2971
4 42 72 115 207 244 273 334 410 468 537 545 615 679 724 774 836 912 934 1013 1027 1094 1170 1234 1255 1323 1370 1437 1501 1519 1590 1624 1683 1767 1799 1859 1916 1994 2036 2081 2108 2213 2220 2279 2354 2415 2475 2494 2553 2634 2676 2716 2806 2858 2910 2951 2970
7 42 78 130 174 245 323 372 405 484 508 549 644 667 729 794 828 898 933 979 1077 1116 1183 1192 1262 1342 1378 1406 1475 1550 1598 1646 1708 1775 1823 1860 1926 1955 2045 2060 2117 2175 2257 2273 2331 2417 2431 2498 2578 2609 2691 2700 2787 2839 2864 2938 2976
4 42 78 136 179 247 321 358 393 477 506 549 615 691 720 763 825 874 953 1021 1039 1107 1179 1203 1289 1334 1353 1409 1511 1534 1571 1659 1708 1766 1782 1872 1921 1992 2012 2079 2118 2192 2266 2318 2329 2380 2454 2530 2548 2635 2666 2729 2779 2849 2863 2918 3004
4 42 79 134 185 262 276 344 422 479 494 590 627 688 727 780 830 874 921 1002 1026 1108 1135 1194 1259 1306 1393 1452 1472 1541 1619 1633 1709 1745 1821 1871 1931 1946 2047 2071 2115 2174 2247 2280 2337 2413 2469 2536 2557 2615 2684 2730 2805 2811 2895 2921 3017
7 42 80 133 174 229 300 329 414 471 504 590 603 685 727 775 832 898 963 979 1026 1121 1151 1194 1259 1312 1381 1416 1507 1564 1569 1643 1685 1729 1817 1875 1919 1946 2013 2060 2141 2207 2257 2316 2331 2420 2477 2515 2562 2613 2687 2751 2784 2861 2895 2938 2974
7 42 80 138 195 253 296 358 414 472 538 550 605 661 712 802 834 869 940 978 1073 1088 1178 1195 1243 1349 1399 1413 1489 1530 1569 1665 1724 1744 1817 1874 1933 1978 2029 2094 2108 2180 2243 2316 2347 2394 2430 2499 2560 2643 2675 2721 2795 2824 2874 2938 2974
7 42 81 108 180 233 315 329 382 481 530 550 644 660 741 803 825 898 936 987 1072 1131 1186 1209 1266 1349 1389 1413 1474 1544 1609 1646 1686 1759 1817 1845 1893 1992 2040 2083 2128 2184 2242 2302 2322 2414 2461 2490 2560 2600 2675 2707 2795 2832 2875 2918 3008
7 42 82 121 215 259 314 326 401 460 531 550 628 675 709 770 827 912 937 989 1027 1117 1139 1198 1289 1328 1389 1409 1483 1558 1601 1661 1683 1754 1798 1839 1910 1978 2051 2086 2128 2168 2214 2318 2352 2427 2479 2507 2556 2630 2677 2704 2778 2847 2874 2928 3012
7 42 82 152 174 242 283 372 401 435 532 549 599 691 732 764 828 866 959 982 1075 1113 1185 1205 1267 1335 1374 1438 1497 1557 1601 1640 1685 1775 1798 1864 1890 1965 2021 2090 2141 2175 2234 2318 2328 2382 2431 2537 2555 2596 2670 2738 2786 2840 2914 2928 3012
7 42 83 138 214 240 306 326 403 438 490 545 605 667 748 766 849 874 933 1011 1039 1109 1175 1210 1243 1340 1385 1452 1489 1530 1582 1648 1708 1731 1831 1860 1943 1994 2026 2097 2142 2174 2259 2277 2360 2417 2451 2499 2545 2626 2654 2700 2772 2831 2910 2938 3023
7 42 83 139 198 223 290 326 378 449 489 573 615 701 709 778 838 914 962 1012 1073 1117 1156 1198 1243 1310 1401 1413 1488 1530 1618 1658 1679 1732 1814 1881 1910 1954 2026 2068 2142 2204 2239 2316 2351 2416 2467 2499 2584 2641 2672 2727 2760 2850 2874 2928 2987
7 42 83 159 193 221 317 374 427 457 487 573 605 672 730 797 854 898 955 995 1061 1087 1147 1231 1246 1319 1363 1452 1478 1515 1582 1666 1679 1746 1808 1855 1898 1946 2013 2091 2117 2202 2232 2290 2337 2386 2462 2512 2567 2626 2699 2700 2800 2848 2899 2925 3023
4 42 84 113 174 244 297 374 394 468 500 545 642 667 755 794 856 884 950 979 1065 1132 1170 1213 1286 1299 1379 1406 1485 1553 1581 1624 1685 1729 1820 1836 1939 1955 2017 2096 2141 2183 2222 2277 2331 2393 2477 2517 2589 2634 2667 2725 2768 2833 2908 2951 2994
7 42 84 120 167 251 315 334 416 461 530 550 642 648 706 772 853 897 927 997 1056 1131 1155 1191 1257 1322 1389 1406 1505 1513 1581 1673 1679 1769 1800 1855 1911 1994 2031 2099 2128 2198 2228 2303 2355 2414 2458 2503 2590 2634 2695 2725 2762 2815 2889 2925 2994
4 42 84 147 210 223 299 357 418 481 500 550 603 661 745 781 820 884 969 994 1032 1084 1159 1224 1283 1313 1376 1438 1503 1556 1589 1672 1679 1729 1806 1856 1925 1955 2017 2105 2156 2167 2244 2316 2368 2379 2443 2517 2571 2610 2646 2739 2774 2846 2890 2918 2986
7 42 85 120 203 248 308 344 423 457 509 573 642 684 718 760 829 874 924 1000 1053 1129 1180 1240 1257 1317 1367 1438 1505 1513 1607 1634 1724 1743 1821 1879 1917 1949 2030 2075 2118 2160 2267 2270 2358 2384 2455 2503 2541 2598 2697 2729 2793 2818 2892 2925 3016
7 42 85 131 189 241 317 329 405 485 487 573 596 699 751 776 826 884 936 976 1064 1087 1162 1196 1264 1343 1363 1413 1498 1527 1610 1642 1724 1742 1788 1873 1933 1955 2017 2089 2117 2212 2252 2303 2324 2386 2460 2516 2552 2638 2672 2740 2788 2808 2879 2965 3013
7 42 85 146 192 252 282 333 423 476 487 590 628 681 738 756 813 884 931 1024 1050 1102 1141 1216 1258 1306 1397 1452 1475 1535 1607 1627 1708 1742 1821 1861 1943 1955 2017 2102 2111 2164 2241 2270 2338 2422 2457 2516 2557 2621 2684 2706 2805 2828 2903 2925 3016
7 42 85 155 179 267 294 344 405 470 501 590 603 674 705 808 824 869 939 980 1056 1116 1143 1192 1257 1296 1390 1406 1470 1513 1610 1639 1708 1751 1788 1889 1926 1954 2030 2059 2118 2181 2257 2303 2371 2405 2469 2503 2554 2633 2679 2746 2780 2855 2889 2965 3013
7 42 89 114 192 246 290 326 431 455 489 574 644 648 734 789 811 884 927 1024 1032 1119 1151 1232 1269 1310 1401 1416 1466 1555 1606 1658 1679 1755 1804 1855 1935 1992 2002 2102 2141 2179 2241 2279 2338 2414 2445 2522 2563 2608 2693 2725 2802 2821 2904 2925 3000
7 42 91 151 178 229 285 326 423 471 510 590 628 675 748 770 816 872 954 1024 1027 1109 1151 1210 1255 1327 1390 1437 1466 1519 1617 1643 1722 1728 1826 1840 1943 1949 2018 2102 2118 2186 2241 2279 2352 2412 2463 2494 2556 2613 2678 2703 2796 2836 2910 2938 3011
4 42 95 114 175 269 286 334 408 458 519 574 603 699 731 759 857 884 927 1010 1030 1104 1183 1228 1278 1326 1350 1406 1466 1555 1610 1672 1722 1753 1801 1873 1906 1949 2004 2070 2117 2183 2238 2302 2342 2396 2476 2513 2565 2638 2661 2740 2755 2821 2898 2967 3003
7 42 95 124 198 267 276 344 408 470 529 588 596 701 722 778 837 875 970 1012 1072 1098 1153 1226 1266 1309 1358 1413 1458 1544 1610 1630 1709 1764 1801 1862 1914 1954 2027 2077 2111 2163 2230 2302 2351 2425 2434 2490 2585 2633 2647 2746 2769 2838 2875 2967 3003
4 42 95 143 178 253 283 333 395 483 511 574 596 674 712 805 834 869 946 1001 1034 1127 1137 1201 1285 1335 1396 1413 1462 1548 1610 1640 1722 1760 1813 1889 1891 1965 2004 2080 2118 2180 2229 2318 2374 2399 2430 2513 2555 2633 2670 2746 2770 2849 2868 2950 3003
7 42 97 127 188 242 308 344 419 435 503 549 596 677 716 778 826 869 941 1017 1073 1111 1185 1207 1255 1310 1373 1437 1495 1522 1602 1640 1724 1777 1788 1876 1923 1992 2006 2092 2142 2191 2258 2279 2375 2392 2482 2491 2584 2596 2672 2737 2788 2808 2863 2928 2999
4 42 101 151 193 261 299 357 390 458 500 590 615 688 742 780 851 872 954 995 1045 1083 1183 1239 1252 1313 1376 1406 1466 1519 1588 1672 1679 1746 1807 1871 1911 1992 1999 2070 2117 2205 2254 2280 2337 2380 2462 2497 2538 2645 2679 2730 2760 2836 2900 2951 3018
7 42 103 129 189 246 270 358 421 447 502 542 627 668 734 807 811 884 964 976 1065 1086 1174 1229 1287 1316 1382 1416 1486 1565 1583 1644 1685 1758 1789 1849 1919 1953 2050 2089 2156 2179 2252 2273 2324 2401 2445 2511 2576 2616 2656 2739 2767 2856 2907 2965 2978
7 42 103 136 195 225 284 358 416 444 516 550 642 676 740 798 834 872 953 997 1070 1083 1181 1239 1287 1315 1376 1409 1480 1565 1573 1621 1676 1744 1805 1872 1911 1965 2050 2099 2156 2180 2228 2280 2327 2380 2430 2511 2570 2599 2677 2744 2770 2849 2902 2950 2988
7 42 105 125 176 216 305 329 422 456 490 573 644 660 735 803 862 875 925 990 1072 1108 1149 1194 1256 1325 1386 1452 1481 1550 1603 1660 1709 1755 1827 1842 1931 1953 2001 2084 2108 2177 2247 2279 2322 2419 2460 2505 2560 2612 2699 2710 2781 2858 2887 2938 3011
4 42 105 132 198 222 284 326 423 444 513 573 642 672 710 771 838 872 950 1000 1049 1132 1181 1237 1280 1315 1379 1454 1504 1526 1603 1621 1709 1732 1826 1836 1917 1955 2001 2075 2111 2204 2267 2290 2363 2393 2467 2505 2569 2602 2678 2720 2796 2814 2879 2927 3011
7 42 106 129 185 219 313 374 378 436 494 561 627 666 753 788 824 866 965 988 1070 1090 1169 1225 1287 1324 1357 1409 1486 1565 1595 1656 1683 1745 1814 1837 1910 1954 2047 2093 2142 2181 2239 2280 2353 2389 2469 2511 2580 2620 2652 2715 2780 2855 2902 2965 2987
4 42 107 123 187 267 282 333 430 470 533 588 605 689 705 784 849 866 948 1004 1062 1095 1153 1214 1277 1303 1351 1409 1482 1552 1611 1630 1708 1774 1831 1868 1921 1965 2021 2052 2115 2181 2231 2303 2327 2395 2444 2514 2582 2633 2654 2745 2772 2831 2865 2967 2997
4 42 107 131 163 223 283 333 422 449 532 573 644 678 745 783 820 884 918 990 1030 1086 1156 1215 1277 1317 1374 1438 1473 1552 1592 1658 1722 1775 1821 1852 1931 1946 2021 2084 2115 2167 2247 2273 2336 2409 2443 2514 2541 2641 2697 2752 2793 2827 2899 2928 3017
7 43 55 114 214 255 294 359 391 455 530 589 644 693 743 783 829 880 922 1024 1038 1111 1154 1191 1278 1315 1379 1410 1466 1554 1597 1646 1684 1760 1798 1837 1890 1956 2033 2088 2110 2174 2254 2309 2368 2414 2483 2513 2567 2615 2663 2721 2802 2857 2872 2925 2996
7 43 55 161 173 216 277 335 397 471 528 589 635 664 733 774 850 899 936 999 1050 1085 1186 1225 1286 1318 1357 1413 1509 1544 1591 1654 1684 1764 1804 1883 1891 1948 2027 2099 2124 2163 2259 2274 2351 2424 2441 2519 2564 2607 2670 2716 2794 2822 2892 2967 3003
7 43 56 142 207 244 271 332 390 459 523 575 643 676 718 758 836 905 925 1004 1051 1128 1180 1235 1257 1317 1355 1417 1510 1550 1576 1665 1683 1758 1821 1878 1910 1961 2030 2104 2112 2179 2267 2272 2356 2383 2455 2484 2570 2604 2669 2738 2778 2829 2877 2967 3012
7 43 56 160 166 237 294 332 414 455 516 549 644 667 734 803 855 880 969 979 1042 1114 1154 1190 1257 1315 1394 1408 1492 1550 1606 1646 1710 1765 1794 1889 1919 1985 2030 2060 2112 2181 2256 2281 2370 2409 2431 2484 2554 2633 2675 2714 2782 2855 2887 2966 2981
7 43 58 129 207 232 270 332 420 447 517 575 598 701 731 807 836 876 957 1005 1072 1091 1158 1200 1287 1335 1353 1445 1489 1532 1614 1635 1680 1758 1790 1849 1926 1994 2036 2054 2115 2179 2243 2317 2355 2417 2455 2485 2590 2639 2681 2720 2776 2831 2889 2934 2977
7 43 58 131 209 252 301 374 396 460 506 575 643 683 713 795 839 873 943 1023 1026 1119 1167 1228 1272 1321 1372 1422 1502 1541 1572 1622 1680 1773 1829 1857 1904 1953 1999 2086 2119 2172 2267 2309 2374 2400 2457 2523 2553 2636 2662 2708 2771 2826 2864 2920 3020
4 43 60 133 164 269 280 335 379 445 522 557 598 663 753 770 854 914 935 1003 1064 1107 1173 1234 1276 1299 1362 1445 1481 1533 1614 1660 1723 1756 1819 1852 1935 1953 2041 2075 2116 2194 2235 2304 2347 2405 2464 2492 2538 2612 2677 2748 2785 2832 2914 2922 2975
7 43 60 160 172 232 272 332 415 447 514 557 635 661 720 796 837 872 969 975 1049 1124 1148 1211 1263 1328 1383 1408 1496 1546 1614 1645 1723 1764 1783 1889 1921 1994 2041 2052 2119 2190 2246 2274 2363 2409 2442 2492 2560 2639 2667 2720 2800 2855 2888 2952 2975
7 43 64 124 196 237 277 332 408 455 528 589 598 701 722 807 835 870 965 1016 1072 1085 1159 1189 1268 1331 1357 1454 1476 1540 1606 1641 1687 1756 1782 1855 1927 1985 2035 2077 2124 2193 2245 2304 2355 2424 2432 2496 2590 2633 2685 2714 2769 2824 2908 2925 2973
7 43 64 126 168 254 272 332 390 446 514 552 603 685 754 757 831 905 941 1020 1071 1113 1149 1239 1268 1328 1383 1439 1474 1540 1569 1645 1723 1770 1821 1866 1943 1950 2035 2100 2124 2196 2234 2318 2326 2420 2438 2496 2558 2592 2669 2732 2778 2834 2909 2920 3012
4 43 65 121 169 217 272 373 395 452 514 557 644 700 740 795 858 870 971 993 1026 1124 1155 1217 1245 1321 1383 1439 1497 1552 1593 1651 1684 1770 1799 1887 1915 1985 2035 2076 2119 2165 2241 2277 2357 2409 2437 2495 2553 2638 2662 2747 2802 2827 2893 2920 3000
7 43 66 108 182 249 296 374 426 477 509 546 629 694 730 783 835 873 956 973 1038 1088 1163 1230 1253 1315 1371 1453 1488 1515 1619 1644 1692 1750 1829 1888 1897 1985 2038 2090 2110 2162 2219 2281 2367 2411 2462 2526 2567 2626 2663 2751 2770 2823 2899 2925 2990
4 43 66 128 162 260 306 365 425 466 496 557 629 700 726 791 848 868 963 987 1047 1109 1136 1207 1264 1339 1362 1453 1489 1534 1619 1648 1680 1731 1830 1882 1907 1994 2039 2078 2116 2191 2230 2277 2361 2403 2461 2525 2546 2626 2653 2751 2759 2809 2888 2929 2990
7 43 67 126 190 267 290 340 381 478 518 552 643 656 755 763 854 905 943 1008 1074 1119 1160 1202 1289 1297 1372 1454 1486 1528 1604 1665 1678 1730 1813 1857 1930 1953 2024 2064 2143 2194 2225 2278 2364 2400 2464 2500 2543 2644 2684 2736 2785 2832 2881 2922 2970
4 43 67 129 191 245 318 365 430 470 533 552 600 659 746 793 836 899 957 999 1054 1133 1135 1220 1244 1303 1369 1414 1478 1543 1566 1625 1678 1744 1816 1876 1941 1961 2014 2098 2115 2185 2260 2317 2333 2390 2449 2510 2581 2624 2654 2703 2776 2831 2896 2967 3010
7 43 68 135 215 241 300 365 396 456 486 575 643 675 725 801 818 868 954 1023 1046 1120 1178 1227 1273 1334 1353 1410 1491 1514 1582 1649 1692 1766 1830 1847 1904 1956 2013 2086 2115 2182 2267 2318 2368 2387 2465 2510 2539 2611 2651 2730 2761 2851 2884 2926 3019
4 43 69 130 209 220 306 365 391 439 497 589 644 701 740 789 830 872 957 1024 1070 1083 1141 1218 1265 1324 1361 1414 1479 1538 1613 1662 1680 1755 1807 1849 1890 1948 2028 2088 2119 2161 2254 2304 2373 2417 2475 2503 2572 2640 2648 2720 2787 2830 2892 2934 2986
4 43 72 136 169 249 307 374 417 477 491 549 643 700 704 795 847 868 944 993 1041 1100 1157 1219 1258 1327 1351 1439 1476 1528 1619 1649 1687 1735 1822 1882 1913 1985 2046 2079 2116 2189 2238 2286 2357 2421 2473 2531 2538 2626 2649 2751 2765 2820 2887 2922 2984
4 43 73 121 190 245 284 335 404 463 511 557 604 655 726 764 843 870 936 1008 1047 1097 1137 1207 1264 1335 1365 1413 1498 1551 1567 1620 1678 1730 1828 1884 1920 1994 2031 2063 2143 2205 2226 2317 2364 2423 2464 2507 2573 2631 2698 2705 2805 2861 2888 2958 3017
7 43 73 135 175 246 296 374 424 462 509 544 604 696 702 803 821 899 960 1025 1042 1115 1178 1226 1266 1315 1371 1413 1491 1514 1567 1644 1692 1767 1809 1842 1942 1956 2021 2086 2112 2163 2265 2309 2341 2384 2471 2517 2554 2631 2675 2705 2766 2845 2876 2966 3017
4 43 75 134 196 223 284 328 390 467 511 575 643 672 709 786 847 914 946 1004 1063 1127 1186 1236 1243 1296 1365 1413 1504 1557 1589 1658 1687 1730 1822 1854 1910 1950 2031 2104 2124 2203 2267 2278 2366 2393 2458 2505 2569 2614 2649 2727 2765 2820 2866 2958 3011
7 43 75 145 190 269 285 340 398 451 511 552 604 659 753 768 854 914 948 1014 1053 1118 1182 1240 1287 1313 1364 1445 1463 1513 1605 1667 1710 1730 1808 1839 1924 1950 2031 2059 2110 2194 2222 2317 2359 2376 2464 2505 2567 2606 2665 2741 2779 2838 2909 2925 2994
4 43 75 154 177 219 298 328 403 442 488 552 635 667 733 804 849 870 969 989 1031 1124 1145 1217 1243 1339 1383 1414 1484 1557 1605 1656 1710 1753 1803 1889 1915 1994 2031 2082 2124 2160 2233 2277 2369 2409 2445 2505 2545 2634 2654 2714 2790 2860 2900 2966 2994
7 43 76 150 178 261 299 328 390 433 510 549 606 673 748 770 822 914 945 1019 1064 1113 1138 1239 1276 1327 1394 1439 1465 1520 1588 1657 1723 1746 1822 1838 1943 1961 2025 2101 2112 2188 2234 2309 2337 2410 2459 2506 2538 2613 2649 2733 2765 2845 2914 2926 3011
4 43 77 112 164 227 321 328 400 459 519 575 606 663 713 770 852 870 966 1003 1026 1094 1179 1228 1272 1348 1403 1445 1459 1549 1584 1666 1684 1761 1803 1883 1929 1953 2043 2073 2155 2198 2237 2286 2347 2396 2458 2515 2577 2622 2681 2717 2762 2815 2864 2967 2997
7 43 78 126 215 258 273 359 397 469 486 581 643 681 709 809 831 876 941 1018 1045 1117 1145 1193 1289 1337 1380 1414 1486 1528 1568 1631 1683 1766 1804 1880 1891 1948 2013 2080 2124 2168 2259 2318 2373 2406 2465 2500 2552 2621 2686 2735 2778 2834 2911 2922 3003
7 43 78 138 191 238 289 335 405 472 533 581 600 693 723 802 834 880 955 984 1078 1087 1174 1196 1280 1349 1398 1454 1461 1512 1597 1634 1683 1744 1815 1837 1932 1979 2014 2063 2110 2187 2252 2317 2349 2381 2449 2499 2589 2615 2679 2721 2799 2838 2897 2926 2972
4 43 80 145 197 231 323 373 414 479 537 590 603 674 727 779 810 876 947 980 1048 1114 1182 1190 1262 1310 1382 1408 1463 1513 1594 1639 1710 1780 1793 1860 1919 1950 2045 2059 2148 2175 2256 2286 2343 2420 2469 2529 2578 2609 2687 2719 2757 2839 2894 2926 2982
7 43 82 122 207 217 293 373 414 452 512 544 629 699 707 809 841 876 956 1005 1045 1088 1165 1195 1289 1336 1371 1454 1483 1527 1593 1642 1683 1752 1793 1888 1932 1985 2017 2054 2112 2199 2243 2278 2355 2411 2460 2501 2552 2638 2687 2747 2757 2808 2911 2934 2982
7 43 82 132 183 256 299 373 424 435 510 549 611 690 715 763 832 905 920 1006 1074 1113 1134 1241 1289 1334 1394 1414 1472 1527 1577 1650 1678 1754 1827 1864 1941 1956 2017 2091 2112 2200 2266 2318 2329 2410 2454 2501 2543 2603 2647 2738 2775 2840 2881 2952 2998
7 43 82 137 181 258 295 365 424 460 501 544 604 688 710 796 815 913 948 1025 1049 1118 1167 1222 1267 1328 1364 1422 1502 1536 1577 1622 1683 1775 1827 1839 1942 1950 2015 2086 2119 2167 2265 2318 2335 2376 2478 2503 2560 2630 2667 2711 2755 2846 2883 2952 2998
7 43 83 136 164 222 323 359 378 480 519 544 606 668 710 778 847 872 944 997 1049 1132 1181 1222 1267 1310 1401 1454 1474 1530 1603 1639 1723 1761 1785 1881 1928 1950 2043 2068 2116 2203 2229 2286 2354 2422 2458 2509 2578 2597 2687 2701 2765 2820 2883 2958 3002
7 43 85 154 203 263 296 340 405 448 509 546 635 648 750 787 863 876 970 983 1063 1088 1162 1195 1243 1320 1371 1413 1484 1557 1591 1638 1724 1767 1815 1874 1932 1979 2021 2064 2110 2180 2252 2278 2324 2411 2444 2505 2568 2608 2691 2715 2788 2859 2866 2966 2972
7 43 86 142 203 247 317 332 407 457 505 581 611 684 722 768 833 899 925 975 1053 1085 1148 1189 1288 1313 1398 1417 1496 1564 1599 1636 1724 1741 1806 1878 1927 1993 2051 2052 2110 2183 2246 2274 2332 2383 2470 2535 2567 2594 2665 2729 2781 2829 2908 2925 3016
7 43 86 146 211 234 309 332 405 458 499 590 603 685 731 757 825 913 918 979 1071 1091 1154 1200 1288 1319 1390 1410 1492 1564 1610 1643 1716 1747 1784 1867 1926 1979 2051 2060 2110 2177 2256 2281 2326 2379 2477 2535 2558 2617 2678 2731 2780 2823 2889 2934 3005
4 43 87 115 177 246 290 328 431 470 518 552 603 666 705 785 849 873 938 1019 1038 1119 1138 1228 1278 1342 1372 1410 1465 1554 1610 1621 1692 1753 1833 1862 1904 1993 2000 2101 2143 2160 2234 2309 2338 2400 2445 2513 2565 2623 2693 2725 2806 2843 2872 2967 3004
7 43 87 128 172 234 277 332 431 458 528 557 600 679 718 756 837 868 919 1012 1041 1128 1156 1235 1266 1331 1357 1413 1480 1543 1610 1641 1687 1764 1833 1873 1910 1979 2027 2092 2155 2190 2228 2309 2324 2381 2442 2486 2577 2617 2698 2731 2801 2854 2877 2967 3004
7 43 87 129 168 268 281 332 407 478 522 552 644 667 741 803 831 899 957 977 1042 1083 1179 1188 1266 1325 1361 1445 1478 1543 1598 1647 1692 1770 1806 1849 1922 1948 2027 2053 2155 2196 2253 2277 2370 2417 2438 2486 2554 2643 2665 2753 2781 2831 2876 2922 3016
7 43 88 134 187 264 300 340 400 437 486 575 606 676 721 790 826 914 929 1003 1059 1120 1135 1202 1293 1326 1353 1414 1503 1558 1573 1657 1716 1742 1808 1872 1929 1993 2037 2073 2115 2208 2237 2272 2323 2387 2446 2536 2583 2599 2671 2743 2773 2837 2915 2922 2992
4 43 90 126 162 220 283 340 380 480 526 581 603 683 703 808 840 876 943 987 1072 1102 1181 1209 1268 1349 1389 1454 1474 1540 1608 1639 1680 1731 1815 1857 1923 1993 2009 2068 2116 2199 2240 2304 2361 2400 2461 2496 2589 2599 2679 2708 2799 2832 2908 2920 2999
4 43 93 138 210 223 321 328 409 467 539 581 603 666 744 785 815 880 947 988 1038 1114 1172 1215 1253 1343 1382 1453 1458 1515 1589 1672 1684 1747 1802 1860 1892 1950 2012 2067 2156 2167 2240 2281 2338 2420 2478 2526 2565 2614 2692 2727 2755 2846 2899 2952 2993
7 43 94 128 195 254 317 332 414 446 505 544 629 678 737 780 856 880 919 1005 1052 1087 1158 1196 1264 1313 1398 1413 1489 1534 1569 1636 1724 1781 1794 1873 1932 1950 2012 2054 2148 2212 2243 2317 2366 2381 2481 2525 2556 2592 2675 2732 2782 2854 2883 2929 2981
7 43 94 139 211 244 321 332 408 459 539 590 606 690 720 764 825 870 920 977 1047 1124 1179 1211 1264 1348 1382 1453 1478 1534 1576 1666 1678 1747 1782 1864 1921 1961 2012 2053 2148 2177 2253 2277 2328 2410 2477 2525 2573 2604 2685 2738 2769 2833 2888 2952 2973
4 43 96 160 210 256 307 335 380 435 491 549 635 677 742 774 863 880 964 988 1052 1100 1134 1210 1263 1326 1351 1410 1496 1546 1602 1650 1724 1776 1815 1863 1923 1993 2005 2067 2116 2174 2240 2272 2338 2421 2450 2492 2562 2603 2691 2712 2788 2859 2885 2952 2999
7 43 98 109 183 229 286 373 405 451 504 549 644 700 743 795 832 873 963 980 1026 1092 1182 1199 1272 1312 1378 1445 1463 1549 1598 1667 1680 1754 1784 1882 1926 1979 2023 2059 2110 2200 2256 2286 2357 2403 2454 2515 2553 2645 2672 2751 2787 2828 2864 2929 3005
7 43 98 136 166 247 270 332 431 457 517 549 606 690 724 764 855 868 929 1020 1047 1120 1149 1227 1267 1335 1353 1422 1474 1530 1599 1635 1680 1765 1833 1872 1904 1993 2029 2100 2143 2181 2234 2318 2328 2387 2431 2509 2573 2594 2698 2729 2801 2835 2885 2958 3004
7 43 99 144 201 238 323 359 415 472 537 581 611 673 728 771 818 870 945 972 1043 1124 1174 1211 1270 1316 1382 1408 1469 1524 1586 1634 1723 1780 1787 1838 1921 1956 2045 2055 2156 2182 2246 2277 2336 2410 2465 2512 2585 2615 2694 2733 2761 2851 2880 2926 2971
7 43 99 146 199 255 288 335 383 455 515 589 611 650 715 790 813 914 932 1014 1059 1127 1154 1208 1293 1320 1366 1408 1492 1564 1586 1646 1716 1739 1819 1861 1938 1979 2026 2060 2112 2201 2221 2278 2350 2392 2441 2530 2583 2615 2676 2733 2786 2808 2915 2925 2971
7 43 100 112 172 249 288 365 416 477 515 546 604 661 704 796 852 899 966 975 1048 1096 1163 1212 1262 1322 1366 1408 1495 1513 1617 1644 1687 1739 1816 1855 1905 1994 2026 2084 2155 2189 2214 2286 2363 2423 2467 2529 2561 2626 2668 2753 2762 2815 2894 2925 3023
7 43 100 139 180 235 280 373 412 445 497 546 598 692 750 786 825 914 920 998 1063 1122 1173 1195 1243 1299 1386 1414 1480 1532 1617 1660 1687 1757 1820 1869 1898 1979 2026 2076 2148 2208 2236 2277 2346 2404 2447 2529 2569 2645 2646 2734 2769 2833 2866 2934 3023
7 43 101 148 163 239 277 335 402 458 493 590 600 675 746 802 841 868 928 992 1077 1108 1156 1221 1295 1331 1392 1453 1497 1526 1582 1641 1684 1733 1797 1847 1892 1985 2046 2075 2115 2191 2247 2304 2367 2413 2468 2504 2590 2611 2685 2730 2754 2811 2895 2934 2986
7 43 102 136 195 250 309 332 415 453 499 544 643 676 741 758 856 872 929 1016 1051 1083 1159 1188 1258 1319 1390 1422 1476 1528 1572 1643 1716 1781 1783 1872 1922 1956 2018 2077 2156 2212 2245 2304 2356 2387 2481 2531 2570 2600 2667 2743 2800 2835 2876 2922 2975
7 43 105 137 202 227 317 374 412 461 505 544 600 668 739 788 813 913 955 995 1028 1087 1152 1230 1275 1312 1398 1417 1482 1556 1612 1637 1684 1741 1820 1837 1898 1979 2051 2079 2148 2171 2236 2286 2344 2381 2471 2518 2563 2620 2661 2746 2754 2839 2890 2925 3023
7 43 106 114 187 244 273 359 410 443 486 557 606 668 720 778 857 913 922 974 1049 1110 1170 1211 1263 1337 1380 1410 1500 1520 1612 1631 1683 1742 1835 1837 1934 1994 2037 2081 2148 2177 2249 2272 2354 2414 2446 2520 2578 2620 2660 2746 2774 2857 2888 2926 3022
4 43 106 150 193 229 285 359 423 451 500 549 604 692 742 780 821 914 945 1009 1052 1112 1182 1210 1263 1313 1374 1408 1465 1520 1617 1667 1692 1728 1809 1869 1911 1993 2037 2057 2148 2201 2215 2274 2352 2378 2433 2520 2556 2645 2675 2734 2766 2845 2885 2929 3018
7 43 107 131 201 222 315 365 418 437 532 575 603 663 744 781 831 873 935 972 1028 1092 1171 1224 1275 1317 1376 1417 1487 1556 1585 1621 1723 1780 1821 1852 1901 1948 2049 2084 2156 2168 2217 2286 2336 2405 2465 2518 2570 2640 2669 2748 2778 2834 2890 2922 2984
4 44 54 112 211 266 276 351 430 469 501 546 645 664 736 760 852 894 929 987 1050 1098 1181 1220 1271 1325 1396 1423 1461 1522 1593 1658 1712 1762 1793 1856 1903 1953 1999 2060 2159 2202 2228 2295 2345 2396 2462 2521 2587 2618 2668 2741 2800 2848 2906 2918 2993
7 44 56 109 182 228 315 375 414 484 525 549 622 671 735 760 856 894 952 1012 1050 1121 1155 1221 1271 1318 1392 1430 1458 1547 1573 1631 1712 1739 1820 1884 1940 1950 2003 2080 2108 2178 2240 2287 2338 2408 2450 2494 2587 2606 2675 2715 2761 2824 2906 2969 3019
7 44 56 150 162 222 294 354 390 461 516 549 647 673 748 797 845 866 959 994 1046 1113 1154 1206 1254 1300 1393 1423 1503 1551 1613 1669 1712 1763 1797 1886 1903 1995 2008 2063 2112 2176 2266 2296 2349 2410 2431 2489 2554 2632 2670 2738 2803 2840 2881 2943 2978
7 44 56 153 206 238 271 354 414 480 521 577 620 660 718 773 859 915 928 1005 1045 1107 1165 1228 1254 1312 1350 1432 1500 1551 1573 1654 1683 1758 1820 1888 1916 1946 2008 2094 2112 2164 2264 2287 2355 2399 2455 2489 2584 2607 2653 2714 2784 2829 2882 2969 3019
7 44 58 109 175 232 306 326 423 473 533 570 622 665 706 789 858 872 933 1024 1069 1109 1160 1237 1271 1347 1388 1423 1458 1547 1577 1645 1680 1736 1824 1882 1912 1981 2001 2075 2157 2184 2225 2295 2334 2383 2445 2494 2572 2613 2688 2720 2787 2843 2886 2969 3011
7 44 58 121 163 256 294 361 420 448 516 546 622 694 727 763 832 915 930 1006 1064 1114 1156 1238 1289 1346 1393 1423 1472 1520 1577 1624 1705 1763 1827 1853 1931 1946 2008 2101 2115 2188 2247 2321 2337 2409 2430 2487 2567 2613 2668 2720 2765 2860 2899 2943 3011
7 44 58 131 199 262 283 375 420 449 494 570 612 688 717 783 839 901 921 1022 1026 1128 1166 1222 1277 1348 1364 1432 1501 1541 1577 1633 1680 1775 1827 1852 1923 1953 2001 2087 2108 2167 2255 2321 2347 2400 2469 2494 2560 2612 2657 2721 2776 2858 2863 2943 3011
4 44 61 124 195 222 280 354 386 461 538 565 612 698 717 798 829 870 958 1015 1058 1080 1183 1189 1290 1342 1372 1457 1462 1535 1613 1641 1703 1740 1787 1861 1925 1995 2012 2077 2108 2207 2245 2306 2356 2403 2448 2499 2581 2632 2686 2738 2766 2828 2897 2925 2973
7 44 61 125 194 251 274 375 414 462 509 565 631 687 702 801 825 894 936 1013 1037 1120 1177 1214 1294 1346 1366 1413 1490 1525 1569 1644 1703 1776 1820 1847 1916 1946 2013 2087 2112 2161 2264 2321 2364 2397 2465 2498 2559 2602 2675 2705 2761 2855 2884 2935 3019
4 44 64 109 195 227 277 349 427 437 499 570 631 689 722 806 856 872 952 1015 1051 1103 1143 1205 1268 1344 1364 1455 1493 1512 1611 1623 1703 1740 1811 1868 1894 1997 2050 2083 2108 2180 2239 2287 2356 2424 2448 2507 2575 2633 2685 2743 2761 2824 2903 2922 2992
4 44 64 143 176 254 287 349 420 439 498 567 600 652 739 772 813 917 947 1020 1066 1114 1149 1238 1268 1316 1382 1423 1459 1512 1587 1666 1705 1741 1821 1860 1931 1953 2050 2088 2108 2208 2247 2319 2345 2419 2438 2507 2558 2622 2658 2749 2759 2818 2887 2954 3017
4 44 65 123 187 226 274 375 381 453 502 558 647 689 754 790 810 866 952 1008 1059 1095 1162 1202 1260 1320 1373 1430 1465 1558 1605 1669 1703 1768 1792 1868 1898 1981 2019 2091 2115 2183 2261 2299 2372 2424 2457 2504 2582 2638 2676 2743 2791 2809 2874 2922 2975
7 44 65 132 177 236 282 361 386 442 503 567 647 680 751 804 849 872 968 973 1049 1123 1155 1211 1259 1310 1382 1430 1484 1552 1605 1672 1693 1774 1785 1877 1921 1995 2018 2052 2108 2190 2251 2274 2357 2410 2437 2505 2553 2638 2654 2743 2802 2845 2865 2948 2975
7 44 66 111 166 216 306 326 394 459 533 591 603 693 703 799 840 891 967 984 1058 1087 1174 1204 1290 1347 1388 1457 1474 1535 1618 1645 1680 1731 1814 1857 1936 1970 2006 2073 2138 2197 2234 2306 2362 2405 2440 2499 2580 2615 2680 2711 2798 2832 2897 2935 2983
4 44 66 146 178 259 301 351 399 466 534 591 612 667 732 768 859 894 924 1012 1031 1081 1184 1223 1245 1339 1384 1441 1494 1559 1578 1661 1680 1751 1793 1882 1890 1946 2013 2078 2133 2185 2242 2277 2342 2392 2434 2492 2578 2626 2692 2718 2776 2837 2871 2969 3023
4 44 67 117 179 257 280 351 393 475 538 542 631 663 752 763 853 915 953 991 1064 1107 1173 1212 1289 1318 1372 1457 1463 1515 1614 1665 1705 1740 1786 1837 1930 1950 2012 2064 2133 2195 2235 2287 2368 2376 2463 2492 2567 2625 2695 2736 2779 2838 2899 2925 2994
7 44 67 144 172 217 287 349 382 447 498 542 647 690 738 796 837 870 968 993 1031 1123 1140 1217 1245 1316 1382 1441 1496 1559 1614 1666 1705 1780 1799 1877 1915 1995 2012 2082 2135 2160 2263 2277 2367 2410 2453 2492 2550 2628 2667 2733 2795 2833 2871 2935 2994
7 44 68 157 173 242 282 361 409 454 503 542 603 658 727 759 826 917 941 1011 1073 1114 1144 1238 1280 1310 1382 1434 1479 1540 1567 1672 1693 1747 1830 1866 1931 1950 2045 2098 2135 2201 2256 2319 2326 2419 2451 2491 2546 2592 2661 2737 2778 2812 2899 2943 3006
7 44 69 139 191 237 299 341 396 432 510 546 647 684 754 803 855 891 959 979 1034 1113 1135 1201 1257 1306 1393 1434 1492 1560 1606 1655 1701 1777 1794 1886 1908 1995 2002 2068 2115 2171 2260 2270 2361 2410 2452 2508 2541 2620 2651 2726 2794 2851 2875 2954 2991
7 44 69 142 206 220 291 341 402 472 535 565 631 665 705 769 846 915 933 1005 1040 1118 1176 1235 1257 1307 1378 1406 1489 1560 1586 1665 1680 1752 1809 1882 1926 1972 2002 2094 2115 2170 2264 2299 2355 2383 2460 2508 2590 2604 2669 2720 2754 2809 2869 2969 3012
4 44 70 131 169 250 292 326 388 433 538 570 600 686 734 793 833 901 967 975 1076 1125 1169 1230 1275 1323 1361 1457 1487 1555 1612 1620 1701 1741 1802 1865 1929 1962 2011 2062 2135 2209 2219 2319 2369 2398 2445 2518 2563 2608 2687 2707 2771 2812 2904 2925 2990
4 44 72 153 187 217 293 341 410 467 502 591 647 686 738 803 832 901 938 1022 1029 1104 1165 1217 1247 1311 1354 1410 1500 1551 1612 1668 1683 1768 1795 1865 1933 1946 2019 2094 2135 2160 2249 2299 2359 2425 2457 2496 2546 2608 2660 2707 2806 2819 2871 2943 2988
4 44 73 117 168 264 282 341 402 446 503 542 600 697 734 777 811 915 947 1010 1071 1114 1141 1229 1281 1348 1382 1430 1461 1517 1582 1634 1712 1774 1809 1860 1940 1953 2018 2100 2135 2196 2252 2321 2351 2419 2446 2496 2549 2616 2669 2704 2754 2844 2905 2948 3012
4 44 73 120 205 265 279 375 402 456 491 577 620 696 731 791 821 881 931 1013 1042 1127 1177 1226 1288 1332 1353 1410 1490 1529 1582 1649 1676 1767 1809 1850 1926 1972 2010 2087 2115 2182 2264 2321 2354 2384 2475 2504 2539 2596 2646 2724 2777 2860 2868 2948 3012
4 44 74 124 177 228 317 377 420 445 524 546 622 648 735 792 829 889 958 1006 1056 1130 1148 1221 1265 1299 1386 1434 1481 1516 1576 1628 1693 1735 1821 1863 1931 1953 2028 2101 2108 2178 2247 2306 2322 2401 2476 2533 2548 2644 2651 2723 2766 2828 2906 2968 3017
7 44 74 144 185 227 299 349 430 437 510 546 645 680 721 791 850 866 968 987 1042 1113 1137 1206 1249 1332 1393 1441 1505 1550 1611 1630 1693 1732 1804 1877 1903 1997 2047 2060 2115 2181 2228 2296 2370 2410 2447 2514 2539 2633 2646 2743 2782 2833 2909 2948 2981
7 44 75 122 191 245 309 377 402 441 531 542 600 663 745 802 814 894 966 1010 1044 1121 1137 1221 1255 1308 1392 1441 1466 1526 1566 1625 1701 1749 1822 1870 1940 1972 2009 2100 2115 2185 2252 2287 2328 2408 2479 2536 2557 2629 2667 2701 2771 2831 2895 2968 2998
7 44 75 150 169 232 287 354 413 452 498 542 645 684 706 795 858 872 959 975 1055 1123 1145 1211 1263 1343 1382 1423 1497 1557 1593 1639 1701 1741 1783 1886 1921 1997 2050 2057 2135 2184 2224 2274 2369 2410 2445 2495 2545 2634 2662 2726 2790 2840 2912 2954 2970
7 44 78 130 172 248 305 377 416 476 486 549 620 690 719 796 824 881 966 993 1038 1096 1157 1234 1262 1306 1351 1441 1462 1528 1616 1649 1703 1750 1829 1868 1897 1995 2026 2102 2138 2173 2244 2270 2367 2411 2482 2526 2543 2627 2649 2742 2762 2823 2881 2922 3008
7 44 80 111 210 231 311 354 430 467 536 591 600 658 748 761 839 891 941 980 1038 1113 1182 1206 1262 1339 1383 1441 1481 1528 1566 1651 1693 1764 1793 1866 1903 1953 2024 2067 2159 2167 2228 2270 2324 2419 2469 2526 2578 2593 2692 2737 2776 2858 2881 2943 2993
7 44 82 130 202 266 292 326 424 457 496 549 645 651 736 766 842 881 932 984 1056 1093 1174 1220 1265 1296 1402 1434 1474 1516 1604 1647 1701 1773 1798 1843 1908 1950 2020 2073 2159 2202 2234 2306 2326 2390 2473 2533 2574 2630 2647 2748 2790 2857 2906 2945 2977
7 44 85 114 175 220 286 349 411 443 509 567 596 659 712 778 857 901 946 985 1026 1104 1153 1217 1243 1337 1354 1413 1504 1527 1608 1640 1680 1742 1832 1857 1933 1997 2046 2070 2157 2163 2248 2299 2374 2425 2438 2520 2565 2633 2672 2746 2792 2847 2898 2935 3013
4 44 86 119 176 252 292 349 401 457 538 567 645 680 741 791 813 881 957 995 1042 1101 1174 1216 1288 1296 1361 1457 1478 1531 1599 1647 1676 1741 1812 1878 1939 1981 2011 2069 2138 2208 2218 2274 2370 2421 2438 2502 2539 2642 2682 2742 2764 2813 2868 2925 3015
7 44 86 122 173 240 276 361 407 469 532 542 645 690 729 801 826 894 966 977 1037 1081 1181 1188 1294 1325 1365 1457 1466 1526 1599 1658 1703 1747 1806 1868 1925 1970 2016 2055 2125 2201 2224 2277 2362 2411 2451 2497 2559 2642 2695 2742 2758 2831 2884 2922 3015
7 44 87 134 202 265 318 361 394 436 518 591 603 658 731 759 821 881 918 984 1073 1096 1150 1195 1278 1311 1384 1410 1498 1537 1609 1643 1727 1770 1795 1871 1936 1975 2040 2073 2133 2182 2234 2270 2326 2377 2475 2534 2546 2617 2660 2731 2806 2830 2901 2945 3004
4 44 87 156 201 225 297 341 394 468 511 593 600 697 707 777 818 901 940 979 1071 1100 1135 1200 1284 1319 1390 1413 1492 1543 1609 1620 1725 1764 1795 1840 1910 1970 2048 2068 2138 2163 2260 2270 2351 2393 2477 2527 2549 2623 2698 2725 2768 2823 2902 2945 3004
7 44 88 147 175 254 274 351 378 461 509 565 596 665 739 789 813 917 929 1024 1060 1120 1154 1212 1283 1320 1366 1423 1503 1554 1581 1669 1725 1742 1817 1855 1918 1981 2046 2063 2112 2208 2237 2299 2334 2397 2438 2517 2582 2599 2676 2747 2764 2813 2913 2925 2971
4 44 92 121 204 239 310 377 392 436 511 591 620 693 732 796 843 870 970 1003 1031 1080 1156 1223 1245 1317 1376 1413 1472 1520 1594 1637 1705 1778 1828 1846 1891 1946 2035 2101 2125 2204 2250 2306 2364 2399 2464 2531 2550 2641 2666 2722 2772 2821 2871 2945 2977
4 44 94 118 196 264 317 341 396 446 522 570 620 672 737 786 852 891 938 1004 1061 1087 1147 1204 1242 1299 1388 1410 1510 1534 1582 1628 1727 1778 1794 1885 1936 1953 2024 2065 2157 2193 2232 2306 2365 2405 2472 2512 2548 2616 2651 2704 2794 2854 2863 2918 2991
7 44 94 155 163 239 280 351 396 481 508 593 600 696 745 788 820 881 925 988 1067 1093 1162 1220 1292 1342 1402 1430 1496 1548 1582 1641 1705 1728 1794 1850 1908 1995 2026 2059 2115 2191 2260 2306 2357 2390 2466 2510 2581 2596 2686 2724 2759 2811 2896 2918 2991
4 44 94 160 201 220 311 341 382 472 536 593 596 694 712 771 818 872 930 1000 1027 1123 1179 1217 1242 1328 1383 1441 1469 1534 1586 1662 1705 1764 1805 1853 1915 1972 2024 2074 2157 2163 2263 2274 2328 2409 2477 2512 2573 2604 2694 2720 2769 2822 2898 2943 2987
4 44 95 125 210 236 297 375 426 442 511 570 596 653 751 766 817 889 936 980 1056 1097 1186 1192 1285 1296 1390 1413 1470 1544 1608 1642 1693 1764 1816 1847 1914 1981 2048 2066 2159 2190 2229 2274 2324 2397 2469 2519 2574 2638 2647 2740 2770 2855 2886 2945 3003
7 44 95 131 189 227 317 377 412 437 522 570 603 659 721 808 826 901 967 972 1039 1087 1143 1234 1274 1304 1388 1406 1487 1555 1608 1623 1693 1753 1830 1857 1906 1970 2048 2089 2157 2181 2215 2296 2344 2405 2471 2519 2552 2633 2661 2746 2778 2812 2879 2922 3003
7 44 97 112 191 268 293 341 428 445 490 546 596 694 724 771 855 894 929 1010 1027 1120 1141 1214 1277 1345 1366 1432 1461 1522 1598 1635 1683 1777 1823 1855 1916 1981 2023 2100 2133 2171 2252 2321 2328 2397 2452 2515 2573 2605 2678 2718 2797 2848 2862 2968 3005
7 44 97 136 166 229 270 361 419 484 521 549 596 667 716 776 857 889 924 1011 1043 1115 1144 1236 1246 1323 1351 1432 1479 1561 1598 1642 1680 1738 1832 1882 1923 1962 2029 2098 2138 2168 2256 2319 2333 2392 2433 2509 2579 2605 2672 2718 2792 2847 2885 2969 3005
4 44 99 127 211 216 320 349 427 459 527 591 622 661 738 764 825 872 934 995 1029 1123 1174 1217 1247 1333 1383 1434 1478 1524 1576 1645 1712 1759 1811 1848 1915 1946 2041 2069 2159 2161 2218 2274 2336 2409 2465 2525 2585 2615 2685 2752 2761 2855 2871 2935 2992
7 44 100 139 210 256 319 326 389 448 515 546 645 653 729 766 860 891 960 980 1061 1091 1156 1210 1243 1320 1371 1413 1506 1546 1585 1624 1727 1766 1814 1875 1942 1981 2005 2067 2125 2186 2228 2299 2324 2421 2467 2500 2568 2613 2690 2712 2789 2850 2862 2943 2988
4 44 101 123 196 255 310 354 390 443 511 558 631 678 747 780 842 866 919 1004 1075 1102 1153 1199 1270 1313 1376 1413 1504 1519 1569 1640 1727 1778 1797 1871 1942 1950 2035 2070 2157 2203 2227 2295 2365 2376 2472 2524 2542 2597 2670 2710 2803 2843 2883 2945 2978
7 44 101 134 209 264 319 326 383 455 515 558 622 660 734 789 811 915 939 991 1060 1125 1150 1230 1292 1320 1371 1430 1498 1537 1573 1624 1727 1735 1792 1888 1929 1975 2037 2073 2112 2196 2226 2306 2339 2387 2446 2522 2582 2607 2676 2714 2791 2808 2904 2925 2973
7 44 103 150 209 251 317 341 393 441 524 542 631 681 702 769 845 872 959 991 1078 1105 1138 1214 1253 1304 1386 1434 1497 1557 1590 1623 1727 1735 1805 1869 1930 1970 2028 2064 2112 2161 2235 2296 2339 2426 2446 2506 2552 2623 2661 2744 2803 2840 2884 2968 2974
4 44 104 131 202 237 304 375 425 432 518 577 603 668 754 775 831 894 921 977 1044 1095 1169 1202 1274 1312 1398 1432 1487 1555 1591 1621 1701 1770 1820 1852 1898 1962 2040 2062 2159 2171 2217 2270 2333 2400 2475 2519 2584 2620 2653 2741 2784 2858 2874 2922 3008
4 44 104 147 186 216 282 341 416 454 519 565 603 664 703 779 820 917 929 1021 1074 1126 1144 1204 1273 1310 1367 1432 1503 1554 1591 1672 1712 1771 1829 1856 1897 1995 2033 2074 2138 2197 2244 2274 2325 2396 2460 2527 2553 2620 2654 2741 2757 2813 2897 2918 3008
4 44 106 143 191 238 312 326 394 480 531 593 600 695 718 793 834 891 927 979 1051 1092 1168 1209 1268 1338 1389 1455 1459 1512 1579 1651 1683 1749 1814 1839 1910 1975 2009 2068 2133 2164 2260 2287 2361 2381 2479 2507 2588 2607 2680 2708 2798 2838 2903 2954 2983
4 45 54 158 169 236 278 352 407 477 495 577 635 660 733 793 849 895 964 1005 1041 1081 1176 1192 1282 1298 1370 1416 1511 1546 1584 1659 1726 1753 1798 1863 1908 1993 2022 2079 2111 2189 2262 2291 2338 2419 2455 2531 2557 2603 2649 2706 2788 2844 2868 2968 2984
4 45 55 124 198 236 283 375 397 442 501 589 635 701 733 791 834 875 951 1018 1066 1098 1139 1192 1257 1296 1379 1435 1470 1548 1605 1638 1697 1760 1792 1862 1891 1981 2001 2080 2111 2189 2257 2320 2372 2424 2469 2504 2585 2637 2670 2743 2780 2816 2868 2946 2979
4 45 55 146 203 217 282 361 420 476 522 589 646 671 719 756 841 915 941 1006 1040 1114 1180 1236 1258 1302 1366 1433 1493 1544 1574 1647 1697 1742 1826 1861 1917 1949 2018 2103 2118 2164 2267 2300 2369 2384 2437 2487 2556 2613 2657 2710 2776 2836 2892 2958 3011
7 45 56 120 171 233 312 329 416 480 525 577 623 648 706 803 853 885 923 997 1066 1101 1167 1218 1257 1349 1394 1435 1474 1548 1581 1646 1686 1737 1817 1854 1919 1993 2000 2060 2157 2161 2239 2320 2345 2387 2451 2504 2573 2623 2696 2714 2801 2835 2868 2958 3004
7 45 56 128 203 243 286 373 390 456 522 577 646 698 723 809 814 869 961 1019 1068 1086 1158 1199 1281 1330 1363 1445 1468 1521 1598 1628 1686 1742 1812 1882 1909 1995 2018 2076 2129 2192 2214 2300 2357 2403 2437 2486 2564 2632 2694 2737 2772 2809 2907 2946 2986
7 45 56 150 168 216 282 345 416 450 522 551 625 665 725 757 845 869 943 1002 1046 1088 1144 1212 1251 1323 1366 1433 1502 1551 1581 1626 1712 1742 1817 1884 1915 1995 2018 2074 2155 2208 2243 2320 2325 2410 2471 2486 2582 2606 2693 2731 2804 2861 2871 2958 3004
7 45 57 121 170 239 316 334 391 471 529 591 599 692 710 799 833 885 935 974 1052 1093 1166 1205 1290 1347 1376 1445 1473 1541 1596 1655 1704 1748 1822 1846 1926 1976 1999 2055 2158 2186 2234 2306 2362 2382 2440 2502 2591 2621 2681 2722 2802 2808 2896 2966 2977
4 45 57 134 177 263 296 345 405 467 534 591 643 667 725 758 828 916 930 1004 1035 1088 1184 1212 1262 1339 1383 1441 1504 1555 1572 1673 1704 1758 1803 1872 1915 1955 2016 2089 2139 2160 2254 2273 2324 2393 2444 2485 2578 2634 2691 2715 2765 2814 2871 2958 3002
7 45 59 150 185 230 285 352 421 451 499 545 631 656 709 780 845 875 943 982 1054 1098 1136 1192 1263 1329 1379 1427 1497 1556 1578 1623 1706 1728 1828 1869 1891 1985 2017 2061 2155 2201 2235 2320 2347 2424 2477 2495 2577 2630 2682 2717 2804 2861 2893 2968 2998
7 45 60 108 178 259 272 345 405 452 505 577 623 696 748 782 816 916 931 980 1079 1113 1143 1223 1276 1336 1353 1455 1481 1559 1570 1629 1723 1764 1803 1866 1928 1976 2013 2078 2118 2188 2239 2309 2356 2392 2443 2526 2581 2593 2691 2718 2765 2826 2913 2921 3002
4 45 60 110 185 226 323 376 379 477 520 577 599 672 708 764 824 875 950 982 1043 1126 1173 1214 1278 1322 1400 1445 1460 1531 1596 1662 1723 1775 1800 1874 1933 1966 2039 2061 2139 2179 2235 2297 2347 2412 2430 2499 2572 2614 2694 2729 2785 2824 2874 2968 2974
4 45 60 161 174 239 273 334 379 471 505 589 635 659 727 774 844 916 960 999 1026 1089 1169 1198 1289 1312 1352 1409 1508 1546 1596 1652 1712 1764 1800 1880 1911 1976 2013 2099 2129 2168 2257 2297 2327 2416 2447 2526 2552 2621 2676 2722 2803 2834 2885 2968 2974
7 45 61 116 198 245 300 365 389 449 514 592 645 701 715 791 813 892 957 1018 1073 1091 1135 1207 1264 1303 1371 1435 1478 1522 1599 1624 1679 1766 1818 1878 1896 1981 2023 2096 2129 2176 2242 2317 2372 2420 2463 2510 2579 2640 2661 2727 2774 2810 2862 2928 2987
4 45 61 128 183 230 302 365 403 451 524 545 605 654 743 774 814 901 961 1016 1026 1130 1136 1222 1264 1312 1385 1453 1467 1522 1582 1623 1726 1756 1830 1863 1943 1973 2023 2092 2129 2167 2256 2300 2332 2422 2461 2510 2552 2630 2676 2713 2772 2809 2910 2968 3005
7 45 62 125 210 226 294 361 396 453 511 592 625 701 708 806 824 875 966 1012 1072 1097 1164 1201 1285 1335 1358 1445 1462 1513 1605 1648 1704 1751 1785 1862 1926 1995 2008 2059 2111 2179 2229 2317 2357 2410 2430 2505 2574 2637 2679 2743 2770 2838 2889 2939 2972
4 45 62 131 189 269 287 334 396 458 487 568 635 659 737 774 846 901 945 985 1026 1087 1167 1228 1264 1326 1354 1435 1466 1537 1605 1668 1726 1771 1785 1857 1905 1949 2019 2069 2157 2210 2252 2317 2327 2407 2476 2494 2552 2636 2662 2745 2788 2847 2910 2939 2972
7 45 63 134 205 243 273 361 425 471 488 591 635 682 733 804 821 916 930 1025 1044 1095 1169 1195 1243 1312 1369 1427 1504 1555 1591 1652 1686 1767 1782 1852 1930 1973 2007 2103 2111 2182 2250 2300 2348 2413 2474 2505 2568 2617 2660 2708 2773 2814 2865 2966 2994
7 45 64 123 178 222 313 365 420 436 513 568 616 672 743 781 829 895 950 1005 1049 1130 1151 1222 1242 1317 1396 1456 1487 1526 1587 1621 1723 1740 1821 1874 1943 1949 2004 2101 2118 2175 2241 2306 2329 2412 2467 2503 2548 2624 2655 2729 2756 2811 2910 2968 3016
7 45 64 144 185 269 299 329 405 458 499 568 631 657 752 776 850 905 936 997 1069 1113 1167 1223 1268 1314 1365 1455 1474 1525 1610 1668 1723 1728 1813 1838 1928 1955 2017 2060 2139 2196 2239 2320 2331 2379 2477 2490 2539 2636 2650 2740 2761 2823 2909 2939 2992
7 45 66 127 163 236 296 352 400 477 534 591 605 675 730 802 817 869 954 992 1061 1088 1173 1211 1274 1349 1383 1445 1460 1515 1584 1662 1697 1745 1829 1848 1916 1993 2029 2061 2139 2192 2224 2320 2365 2393 2434 2500 2588 2603 2681 2706 2795 2823 2901 2954 2970
7 45 68 133 167 243 293 373 396 456 486 568 635 694 733 800 854 885 971 985 1027 1120 1141 1195 1260 1306 1397 1456 1491 1560 1598 1645 1706 1746 1784 1886 1905 1995 2012 2069 2111 2182 2252 2280 2349 2411 2441 2515 2558 2632 2655 2737 2794 2851 2865 2954 2973
4 45 69 118 203 233 273 361 402 462 505 589 625 701 703 806 841 892 962 1019 1072 1089 1147 1209 1268 1329 1352 1455 1476 1518 1599 1636 1686 1742 1806 1878 1900 1985 2035 2052 2129 2164 2238 2320 2357 2416 2437 2497 2574 2640 2685 2727 2783 2829 2906 2921 2978
4 45 70 122 171 258 316 352 390 485 529 592 631 656 746 780 812 895 954 995 1054 1086 1168 1199 1272 1332 1376 1445 1498 1519 1614 1670 1686 1748 1798 1852 1909 1966 1999 2100 2157 2200 2214 2273 2347 2389 2439 2488 2577 2619 2679 2735 2757 2827 2883 2966 3001
7 45 70 134 203 219 298 355 403 465 517 592 643 648 704 779 847 915 923 1006 1036 1124 1169 1227 1262 1320 1371 1409 1504 1555 1595 1658 1686 1735 1815 1854 1932 1973 2002 2103 2129 2180 2267 2306 2369 2387 2445 2485 2563 2608 2654 2714 2771 2821 2870 2958 3020
4 45 71 135 206 250 306 352 407 473 498 551 646 658 755 765 846 895 941 973 1065 1114 1140 1213 1286 1316 1366 1441 1488 1533 1566 1635 1716 1755 1798 1861 1938 1949 2004 2056 2155 2210 2232 2319 2342 2384 2476 2495 2540 2639 2649 2724 2788 2847 2905 2939 2984
7 45 71 144 205 225 298 355 407 457 507 581 631 683 722 806 812 892 932 998 1072 1084 1141 1189 1268 1335 1380 1456 1474 1525 1566 1644 1686 1772 1798 1876 1908 1993 2009 2087 2111 2169 2262 2319 2375 2383 2470 2490 2574 2616 2679 2748 2757 2827 2906 2939 2984
7 45 73 131 205 221 289 375 394 444 488 577 635 698 720 791 831 892 956 998 1073 1096 1150 1202 1264 1311 1353 1453 1466 1537 1609 1656 1679 1767 1786 1871 1921 1996 2007 2087 2118 2171 2262 2300 2375 2409 2474 2494 2579 2620 2653 2747 2786 2836 2862 2939 2971
7 45 74 122 198 229 295 365 420 432 510 592 643 675 732 800 813 895 954 1022 1027 1114 1181 1236 1246 1306 1358 1433 1498 1519 1576 1643 1697 1766 1821 1848 1917 1955 2027 2088 2111 2176 2267 2319 2368 2393 2463 2516 2558 2611 2655 2706 2756 2827 2879 2954 3016
7 45 74 125 187 228 305 329 417 459 524 592 623 648 739 803 844 875 947 982 1066 1083 1177 1208 1249 1347 1382 1453 1459 1516 1576 1666 1697 1752 1824 1849 1892 1976 2027 2073 2148 2177 2223 2306 2345 2392 2438 2516 2573 2598 2699 2719 2781 2857 2876 2968 3016
4 45 76 161 177 217 275 329 401 476 504 589 645 650 706 775 858 916 960 1004 1041 1101 1180 1218 1282 1309 1361 1416 1508 1546 1575 1647 1706 1741 1790 1875 1919 1981 1998 2089 2136 2178 2254 2291 2324 2420 2460 2531 2575 2613 2663 2709 2789 2834 2868 2958 2996
4 45 77 120 210 231 278 376 408 435 495 577 643 698 732 809 828 885 944 1012 1052 1081 1153 1206 1275 1336 1370 1455 1494 1528 1604 1622 1704 1751 1803 1882 1894 1985 2024 2067 2111 2174 2221 2300 2357 2419 2430 2492 2581 2626 2691 2737 2765 2814 2911 2928 2999
7 45 78 144 183 217 305 329 378 476 524 581 605 687 719 799 817 892 936 983 1052 1096 1160 1217 1275 1347 1382 1455 1470 1528 1575 1666 1697 1756 1829 1838 1904 1981 2023 2058 2158 2164 2233 2300 2366 2379 2461 2492 2591 2613 2681 2709 2795 2823 2911 2966 2994
7 45 79 131 163 256 283 375 417 479 516 568 646 694 716 783 841 901 956 992 1039 1083 1156 1208 1259 1315 1365 1453 1483 1520 1619 1620 1697 1745 1826 1871 1892 1985 2046 2062 2139 2167 2223 2280 2365 2409 2434 2519 2544 2628 2657 2750 2776 2836 2899 2921 3014
7 45 80 117 195 236 323 373 414 477 536 591 599 661 733 786 834 875 940 975 1044 1120 1173 1195 1243 1322 1384 1435 1467 1532 1571 1662 1726 1763 1799 1836 1905 1973 2045 2054 2148 2189 2234 2291 2337 2423 2469 2528 2586 2603 2680 2719 2762 2833 2865 2954 2983
7 45 80 146 179 230 278 352 395 451 506 591 616 682 743 782 841 913 941 1001 1079 1103 1137 1235 1292 1336 1360 1441 1490 1547 1578 1622 1726 1729 1793 1843 1890 1985 2042 2068 2118 2167 2228 2300 2370 2401 2434 2530 2581 2630 2691 2717 2776 2836 2897 2921 2976
7 45 80 161 165 229 279 334 414 432 506 592 625 669 717 784 858 913 960 979 1064 1082 1181 1191 1277 1321 1359 1409 1492 1562 1571 1643 1725 1729 1799 1880 1910 1985 2042 2093 2136 2191 2229 2291 2353 2416 2448 2530 2562 2611 2654 2711 2789 2834 2895 2954 2983
4 45 81 148 202 249 275 329 410 448 496 551 631 658 750 776 863 885 965 974 1027 1094 1170 1217 1246 1323 1368 1433 1472 1519 1590 1633 1706 1772 1817 1859 1906 1996 2020 2072 2148 2187 2217 2319 2330 2376 2473 2516 2582 2600 2693 2726 2804 2843 2879 2966 3010
7 45 81 150 163 231 284 376 402 435 493 551 645 694 715 783 858 869 971 992 1032 1127 1136 1188 1253 1333 1390 1453 1497 1556 1604 1639 1706 1732 1790 1886 1914 1985 2030 2061 2129 2191 2224 2297 2365 2411 2448 2506 2551 2626 2663 2737 2789 2834 2880 2954 2995
7 45 83 127 172 259 293 355 403 452 486 545 605 679 748 784 823 915 932 1016 1064 1115 1142 1238 1274 1321 1397 1456 1460 1515 1583 1630 1723 1746 1815 1842 1943 1966 2012 2092 2136 2188 2256 2309 2343 2417 2436 2500 2562 2593 2654 2704 2771 2845 2898 2954 3020
7 45 84 113 187 264 302 376 418 462 524 545 623 668 728 765 826 895 944 995 1065 1130 1147 1241 1286 1299 1385 1455 1476 1523 1570 1636 1716 1752 1797 1879 1924 1955 2027 2052 2129 2195 2261 2306 2331 2422 2438 2506 2540 2610 2666 2701 2792 2821 2905 2966 2977
7 45 84 126 198 235 277 376 379 469 510 581 643 683 704 809 825 875 918 1018 1068 1090 1146 1197 1286 1330 1374 1441 1464 1523 1572 1637 1679 1766 1800 1883 1911 1976 2027 2080 2129 2163 2257 2319 2372 2400 2463 2506 2564 2607 2694 2741 2785 2822 2902 2946 2974
4 45 87 109 197 254 314 361 414 460 528 571 646 671 735 756 856 885 937 1012 1040 1082 1164 1191 1271 1307 1389 1409 1462 1529 1573 1641 1725 1781 1795 1845 1910 1973 2025 2059 2148 2197 2229 2317 2369 2385 2480 2532 2556 2617 2652 2726 2782 2852 2877 2928 2987
7 45 87 152 177 238 271 345 414 441 503 591 599 686 749 792 828 901 938 975 1076 1087 1142 1228 1295 1340 1354 1456 1497 1554 1573 1640 1706 1758 1795 1864 1905 1985 2046 2054 2136 2160 2234 2317 2355 2407 2444 2511 2584 2618 2673 2725 2760 2819 2897 2928 2987
7 45 88 146 202 234 318 361 391 445 512 591 599 658 708 776 831 913 941 974 1069 1097 1149 1201 1288 1314 1383 1433 1490 1547 1613 1649 1716 1770 1789 1861 1926 1996 2051 2055 2139 2171 2234 2280 2330 2384 2474 2534 2539 2592 2650 2724 2786 2836 2889 2939 3012
7 45 88 152 206 252 302 376 400 451 521 591 605 652 718 773 816 901 938 992 1074 1104 1136 1196 1267 1312 1388 1427 1497 1554 1606 1623 1716 1774 1782 1867 1916 1976 2048 2061 2155 2173 2224 2297 2322 2404 2457 2537 2568 2607 2660 2707 2773 2819 2896 2921 3019
4 45 89 127 187 241 291 376 421 475 514 545 631 695 750 756 826 915 932 982 1040 1084 1173 1206 1258 1307 1380 1435 1460 1515 1616 1664 1697 1752 1809 1876 1891 1993 2037 2061 2148 2195 2235 2297 2345 2383 2438 2518 2556 2645 2652 2736 2767 2845 2892 2928 3018
7 45 89 137 183 256 295 365 404 479 510 545 625 690 716 796 814 913 966 983 1028 1097 1134 1224 1245 1306 1358 1441 1471 1527 1616 1643 1697 1756 1825 1862 1903 1995 2037 2071 2158 2167 2220 2280 2366 2410 2461 2518 2547 2628 2667 2753 2755 2825 2881 2946 3018
7 45 97 144 201 245 323 376 386 480 536 581 616 679 715 777 813 892 932 996 1037 1127 1167 1188 1248 1339 1384 1435 1474 1525 1567 1646 1723 1763 1791 1842 1914 1955 2045 2060 2157 2176 2240 2273 2350 2417 2463 2512 2583 2610 2686 2704 2756 2827 2880 2954 2991
7 45 97 161 180 246 306 352 386 439 498 589 625 678 730 771 854 916 943 972 1059 1088 1174 1211 1277 1316 1366 1427 1492 1562 1567 1635 1716 1734 1791 1884 1916 1995 2026 2100 2118 2182 2238 2273 2335 2410 2441 2530 2541 2596 2648 2718 2794 2851 2901 2954 2991
7 45 100 116 178 256 288 365 416 479 492 568 631 674 709 804 829 916 957 980 1044 1101 1156 1218 1243 1310 1361 1435 1468 1532 1616 1620 1686 1740 1814 1878 1919 1995 2026 2078 2155 2175 2239 2291 2356 2420 2467 2528 2568 2628 2662 2753 2757 2810 2865 2921 3007
7 45 100 126 165 241 278 376 416 475 506 551 625 688 736 770 840 905 918 1002 1062 1105 1178 1196 1255 1298 1360 1441 1469 1518 1616 1659 1704 1729 1814 1883 1915 1993 2042 2074 2157 2209 2243 2291 2328 2400 2448 2512 2557 2645 2649 2736 2770 2822 2878 2921 3007
7 45 101 131 192 235 275 355 431 469 504 568 616 652 704 757 843 901 945 1020 1046 1124 1150 1227 1252 1323 1361 1416 1466 1537 1606 1633 1679 1741 1832 1867 1932 1996 1998 2087 2155 2163 2241 2319 2339 2398 2446 2508 2582 2607 2693 2707 2791 2847 2870 2958 3006
7 45 102 131 197 259 309 355 390 452 528 577 646 655 729 770 846 892 945 1019 1062 1091 1143 1194 1259 1298 1394 1416 1483 1520 1583 1629 1716 1781 1798 1867 1909 1966 2025 2076 2157 2207 2214 2317 2363 2398 2480 2519 2557 2593 2649 2704 2788 2847 2874 2921 3001
7 45 102 144 213 216 314 375 379 450 528 581 643 681 725 795 850 892 936 1018 1050 1089 1139 1198 1250 1318 1389 1409 1470 1528 1595 1631 1712 1781 1786 1839 1911 1966 2025 2080 2139 2208 2257 2320 2358 2378 2465 2519 2566 2606 2677 2716 2761 2823 2887 2928 2988
4 45 102 147 174 222 294 352 390 463 494 581 605 691 743 802 829 895 926 978 1076 1103 1154 1235 1295 1335 1374 1456 1502 1554 1583 1648 1712 1744 1798 1856 1890 1995 2033 2063 2129 2175 2233 2317 2349 2386 2467 2511 2574 2596 2679 2701 2757 2810 2897 2921 3001
7 45 104 108 202 243 303 375 421 456 512 577 599 651 733 775 821 916 931 981 1041 1098 1158 1192 1282 1313 1398 1427 1481 1559 1601 1628 1706 1770 1809 1851 1891 1993 2051 2062 2148 2182 2235 2280 2323 2406 2474 2520 2575 2632 2659 2734 2760 2826 2868 2946 3018
4 45 104 130 211 228 314 375 410 438 528 571 623 649 739 760 818 913 927 1001 1033 1082 1152 1208 1282 1318 1389 1416 1458 1559 1612 1631 1712 1754 1820 1856 1893 1996 2051 2066 2148 2177 2230 2291 2339 2385 2464 2520 2569 2620 2674 2744 2779 2833 2876 2921 3007
4 45 107 108 201 218 313 365 411 440 532 592 599 669 721 787 825 901 935 996 1033 1093 1143 1224 1282 1297 1376 1416 1481 1559 1608 1640 1723 1763 1830 1846 1907 1976 2048 2078 2157 2163 2222 2291 2350 2382 2463 2520 2542 2633 2664 2745 2785 2822 2876 2946 2997
7 45 107 122 206 226 308 375 426 453 521 592 605 657 720 766 823 895 936 973 1049 1096 1164 1202 1289 1320 1382 1409 1465 1552 1608 1648 1723 1774 1815 1838 1921 1981 2048 2056 2148 2166 2232 2297 2342 2379 2457 2520 2563 2637 2654 2740 2771 2845 2862 2939 2997
7 46 54 149 194 220 314 377 386 458 501 574 606 671 724 790 855 896 967 996 1040 1082 1164 1235 1266 1314 1357 1442 1474 1523 1573 1639 1680 1765 1834 1872 1912 1955 2027 2092 2107 2210 2229 2289 2324 2395 2466 2532 2547 2634 2697 2731 2798 2835 2905 2946 2974
4 46 56 126 214 246 295 343 413 448 499 551 623 658 728 760 854 876 920 1015 1034 1102 1175 1193 1271 1345 1392 1436 1507 1548 1590 1631 1713 1737 1819 1857 1940 1997 2033 2080 2142 2180 2259 2269 2374 2423 2448 2508 2538 2633 2674 2715 2770 2815 2903 2922 3003
7 46 56 150 212 231 277 335 417 460 516 551 600 693 746 800 812 898 939 1013 1077 1106 1182 1208 1251 1300 1390 1405 1483 1526 1597 1620 1713 1764 1797 1886 1922 1964 2022 2063 2159 2167 2231 2297 2349 2381 2449 2519 2590 2631 2656 2737 2776 2856 2879 2949 2995
7 46 56 159 180 232 310 377 415 463 516 578 623 669 713 803 837 898 970 979 1068 1080 1153 1236 1256 1301 1358 1436 1475 1521 1590 1646 1686 1764 1817 1845 1919 1964 2022 2097 2119 2202 2230 2274 2323 2380 2479 2519 2560 2633 2696 2715 2800 2852 2887 2917 3003
7 46 57 153 202 238 272 356 426 469 507 568 606 674 736 775 842 875 968 989 1044 1122 1183 1202 1293 1303 1397 1442 1484 1555 1573 1638 1695 1742 1810 1841 1916 1945 2008 2094 2159 2163 2225 2303 2353 2399 2455 2536 2583 2623 2662 2741 2793 2844 2870 2922 2970
7 46 60 108 170 242 300 362 425 474 505 574 605 671 747 759 862 870 925 986 1058 1085 1144 1238 1279 1336 1375 1417 1506 1539 1584 1637 1675 1745 1803 1866 1913 1997 2043 2078 2136 2204 2256 2289 2356 2417 2481 2500 2562 2641 2661 2738 2764 2812 2898 2949 2972
7 46 60 139 214 258 296 352 427 454 505 541 614 658 727 760 844 870 941 1015 1026 1097 1184 1199 1269 1337 1380 1436 1493 1549 1568 1625 1709 1745 1818 1850 1931 1997 2043 2098 2145 2174 2242 2280 2374 2416 2439 2500 2546 2639 2676 2722 2778 2811 2911 2929 2989
4 46 61 126 213 240 300 325 430 442 512 552 600 685 715 788 857 875 924 1017 1029 1098 1175 1197 1264 1336 1369 1438 1507 1548 1566 1637 1713 1733 1792 1851 1941 1997 2039 2080 2140 2203 2257 2289 2358 2420 2453 2515 2562 2640 2661 2729 2776 2810 2896 2946 2974
7 46 61 127 212 236 273 334 426 446 509 552 623 691 749 801 817 896 934 1013 1076 1094 1173 1230 1247 1328 1383 1425 1488 1538 1570 1644 1713 1764 1810 1887 1916 1945 2029 2069 2159 2162 2225 2274 2349 2385 2449 2526 2574 2602 2684 2752 2770 2853 2884 2951 2970
7 46 61 157 181 230 292 325 405 453 491 578 623 699 726 765 826 917 944 1016 1060 1116 1136 1219 1264 1339 1400 1425 1476 1548 1570 1667 1687 1754 1830 1879 1927 1955 2039 2059 2140 2200 2230 2303 2339 2421 2461 2515 2552 2602 2672 2752 2765 2850 2864 2922 2970
7 46 62 111 193 237 276 358 381 479 530 568 626 659 752 798 850 883 918 1011 1053 1117 1154 1223 1285 1315 1365 1410 1468 1564 1579 1622 1675 1747 1805 1884 1923 1955 2016 2067 2145 2165 2239 2281 2338 2404 2456 2535 2587 2636 2683 2726 2785 2816 2908 2969 3005
7 46 62 114 208 226 274 343 381 480 538 541 600 670 718 761 859 898 920 1007 1052 1095 1161 1227 1261 1304 1360 1436 1473 1556 1579 1620 1704 1771 1805 1883 1915 1982 2049 2090 2118 2202 2247 2281 2372 2398 2457 2502 2579 2618 2676 2743 2792 2826 2893 2969 3005
7 46 62 153 168 264 300 362 400 442 505 568 600 695 702 777 848 875 968 990 1036 1120 1175 1196 1294 1336 1375 1436 1484 1555 1579 1637 1675 1772 1785 1858 1921 1964 2016 2102 2142 2189 2252 2321 2323 2381 2446 2535 2553 2618 2671 2743 2787 2844 2865 2929 3005
4 46 63 116 203 234 298 356 417 439 486 541 632 670 751 806 833 892 931 998 1071 1091 1178 1229 1285 1334 1398 1410 1475 1563 1587 1636 1686 1736 1806 1878 1907 1964 2002 2072 2159 2198 2246 2281 2326 2401 2460 2536 2574 2594 2678 2748 2757 2842 2889 2951 2985
7 46 63 125 211 247 299 356 425 435 494 551 628 664 738 798 825 883 936 997 1053 1085 1167 1238 1285 1333 1390 1417 1467 1563 1580 1643 1675 1728 1784 1867 1913 1973 2002 2066 2159 2199 2256 2274 2332 2402 2458 2536 2587 2617 2665 2740 2761 2853 2908 2955 2992
7 46 63 148 170 222 297 343 401 450 529 551 632 690 717 781 829 917 922 1005 1074 1116 1170 1225 1242 1338 1395 1410 1487 1520 1587 1669 1675 1779 1821 1858 1923 1977 2050 2076 2136 2205 2217 2303 2335 2426 2448 2488 2549 2594 2663 2748 2786 2834 2890 2929 2985
4 46 63 156 179 219 315 352 380 464 529 541 628 679 725 782 824 917 928 1016 1066 1129 1171 1224 1250 1347 1376 1417 1485 1512 1580 1655 1686 1779 1829 1852 1909 1977 2050 2068 2127 2195 2221 2307 2341 2418 2439 2488 2543 2617 2669 2740 2797 2833 2892 2922 2992
4 46 64 122 199 231 315 334 390 470 513 552 647 656 746 797 812 898 927 995 1052 1131 1165 1206 1272 1347 1393 1405 1482 1551 1614 1655 1704 1777 1824 1840 1899 1977 2040 2055 2112 2167 2249 2307 2352 2428 2449 2501 2543 2621 2669 2700 2802 2829 2881 2937 2996
4 46 64 144 176 253 289 356 420 447 517 568 647 652 738 808 813 870 947 993 1069 1085 1140 1238 1268 1314 1375 1405 1476 1561 1614 1664 1687 1767 1796 1843 1913 1955 2015 2054 2142 2193 2261 2289 2331 2417 2455 2527 2589 2621 2655 2700 2789 2831 2908 2955 2996
4 46 66 108 164 239 320 362 394 464 508 546 647 684 742 805 820 898 925 979 1067 1106 1171 1218 1253 1342 1355 1417 1485 1560 1599 1655 1707 1775 1833 1866 1910 1955 2041 2068 2127 2175 2258 2297 2340 2417 2452 2510 2565 2595 2690 2724 2806 2812 2878 2917 2979
7 46 67 118 198 222 293 343 430 450 489 552 600 670 746 761 838 892 942 1017 1052 1089 1183 1206 1272 1326 1383 1442 1499 1528 1587 1656 1709 1759 1786 1878 1941 1977 2023 2080 2159 2176 2257 2269 2372 2390 2468 2525 2579 2594 2654 2748 2754 2857 2881 2928 2980
4 46 67 149 196 223 307 343 425 432 518 574 605 699 743 773 847 896 944 986 1045 1130 1182 1193 1272 1312 1385 1405 1469 1528 1575 1648 1687 1731 1784 1879 1913 1973 2023 2078 2159 2191 2256 2307 2330 2421 2454 2525 2583 2596 2653 2752 2773 2858 2888 2922 2992
7 46 69 126 175 220 270 358 401 473 534 551 632 665 752 807 857 876 924 1005 1069 1117 1163 1223 1268 1300 1377 1405 1494 1561 1596 1628 1680 1753 1797 1880 1923 1973 2009 2076 2140 2183 2217 2289 2330 2392 2473 2527 2590 2619 2656 2720 2776 2810 2908 2969 3011
4 46 69 150 206 247 306 352 396 435 535 551 614 658 740 760 860 898 965 1023 1026 1087 1167 1204 1290 1326 1368 1457 1471 1537 1605 1643 1680 1755 1808 1857 1934 1977 2040 2061 2119 2197 2232 2269 2374 2378 2475 2495 2546 2617 2687 2715 2759 2830 2890 2955 3002
7 46 70 150 165 255 297 325 392 448 529 551 626 688 726 786 831 898 939 972 1049 1116 1144 1219 1275 1346 1395 1417 1483 1526 1585 1661 1695 1780 1789 1841 1927 1982 2049 2101 2136 2175 2243 2321 2329 2426 2440 2493 2575 2624 2665 2727 2756 2856 2864 2922 3016
7 46 71 115 178 258 315 352 422 454 513 552 626 662 715 780 858 902 921 1002 1029 1131 1138 1197 1264 1332 1393 1425 1498 1541 1568 1670 1686 1769 1798 1845 1908 1997 2047 2079 2112 2186 2234 2303 2362 2428 2441 2522 2570 2639 2684 2722 2783 2808 2896 2917 2977
7 46 71 148 206 253 280 352 398 460 527 551 595 665 734 765 860 917 943 1024 1060 1119 1134 1211 1264 1321 1366 1438 1466 1541 1572 1668 1687 1755 1829 1855 1905 1982 2047 2056 2112 2197 2224 2289 2373 2407 2475 2522 2552 2608 2689 2745 2777 2813 2864 2949 2972
7 46 72 122 213 229 299 325 392 466 526 552 614 691 727 783 857 898 927 1007 1067 1080 1137 1236 1259 1333 1358 1416 1482 1551 1583 1643 1707 1733 1789 1888 1919 1973 2025 2085 2145 2203 2253 2274 2367 2380 2453 2516 2587 2601 2665 2751 2756 2829 2872 2969 3016
7 46 72 129 204 243 294 352 429 470 525 552 600 666 702 793 835 865 965 999 1056 1090 1169 1192 1282 1299 1364 1457 1508 1517 1610 1651 1707 1744 1791 1838 1942 1982 2030 2098 2142 2209 2257 2280 2371 2398 2441 2511 2561 2608 2680 2707 2768 2851 2869 2937 2988
7 46 75 127 194 264 297 343 398 442 531 552 628 682 702 779 825 896 934 996 1056 1132 1150 1192 1282 1346 1393 1416 1488 1538 1608 1661 1675 1763 1784 1844 1900 1982 2048 2092 2112 2189 2229 2321 2324 2427 2468 2489 2575 2618 2665 2714 2761 2853 2869 2946 3019
7 46 75 145 192 225 300 362 390 446 512 552 647 666 754 805 810 883 933 995 1053 1098 1157 1239 1287 1313 1369 1433 1489 1547 1613 1659 1675 1768 1807 1842 1899 1950 2003 2055 2140 2164 2249 2280 2359 2420 2438 2534 2580 2614 2657 2702 2803 2836 2906 2951 3014
4 46 76 125 198 216 284 335 427 436 510 560 595 653 750 778 825 875 936 1017 1068 1097 1186 1199 1256 1318 1389 1436 1509 1521 1595 1630 1709 1759 1801 1862 1931 1982 2001 2096 2159 2189 2242 2274 2372 2407 2468 2519 2585 2600 2648 2741 2761 2853 2887 2946 3008
7 46 76 132 176 241 305 377 395 437 518 560 626 652 721 808 826 902 966 993 1077 1096 1155 1232 1251 1342 1387 1405 1500 1526 1595 1670 1709 1752 1831 1836 1897 1955 2001 2100 2119 2192 2216 2297 2331 2404 2470 2519 2582 2634 2673 2708 2796 2819 2879 2922 3008
7 46 76 159 202 218 307 335 418 439 518 574 623 689 749 767 820 902 961 1002 1051 1130 1178 1210 1256 1324 1385 1410 1475 1521 1602 1636 1695 1752 1790 1863 1895 1955 2001 2072 2159 2182 2241 2301 2338 2421 2445 2519 2586 2611 2646 2749 2758 2860 2905 2917 3001
7 46 77 133 215 243 272 343 411 447 507 568 595 693 750 783 818 898 922 1023 1067 1122 1178 1212 1259 1315 1397 1410 1477 1542 1597 1627 1707 1738 1805 1886 1904 1956 2013 2070 2159 2160 2223 2280 2365 2399 2434 2525 2587 2631 2683 2737 2785 2849 2872 2955 2973
7 46 77 149 165 224 317 377 415 445 507 572 605 678 719 797 853 898 967 972 1052 1087 1158 1232 1272 1319 1352 1442 1469 1528 1569 1662 1704 1738 1817 1872 1906 1956 2013 2101 2127 2211 2243 2269 2329 2395 2482 2525 2543 2627 2696 2724 2800 2835 2881 2922 3003
4 46 78 159 166 253 272 356 393 447 533 578 595 656 734 786 855 898 970 998 1049 1095 1178 1211 1275 1315 1371 1457 1475 1521 1614 1627 1695 1750 1823 1840 1929 1955 2041 2072 2112 2197 2246 2281 2363 2386 2480 2498 2575 2621 2695 2700 2782 2852 2864 2946 2981
7 46 80 112 171 264 278 352 395 457 537 560 626 687 730 780 818 870 943 993 1058 1124 1176 1204 1277 1330 1367 1438 1480 1562 1607 1634 1675 1780 1818 1867 1897 1956 2042 2100 2118 2160 2216 2321 2336 2396 2434 2529 2541 2603 2670 2717 2785 2849 2900 2955 3021
7 46 80 129 179 238 274 352 393 462 538 541 632 655 705 771 824 876 965 991 1063 1095 1174 1211 1277 1296 1360 1457 1463 1562 1615 1628 1695 1779 1793 1838 1929 1950 2042 2079 2118 2195 2246 2303 2366 2398 2439 2529 2566 2630 2694 2719 2780 2851 2894 2949 3013
7 46 80 145 170 246 279 334 414 472 538 560 628 673 728 799 854 876 945 1005 1048 1088 1157 1228 1292 1318 1354 1436 1489 1547 1607 1635 1675 1779 1801 1884 1921 1950 2042 2055 2136 2180 2238 2307 2335 2376 2448 2529 2585 2609 2648 2711 2761 2824 2866 2969 3021
7 46 81 149 203 219 279 325 422 456 490 572 606 698 736 778 847 898 944 998 1068 1131 1173 1197 1266 1318 1402 1425 1474 1523 1603 1635 1686 1736 1789 1881 1908 1950 1998 2084 2159 2184 2234 2307 2326 2419 2460 2532 2585 2625 2648 2737 2773 2858 2875 2946 2986
7 46 81 150 192 235 322 377 409 449 490 551 632 666 733 805 815 898 965 995 1067 1095 1142 1227 1253 1340 1360 1433 1471 1537 1581 1671 1707 1736 1817 1838 1915 1950 1998 2087 2107 2187 2217 2281 2359 2398 2471 2532 2565 2637 2692 2707 2804 2830 2878 2937 3009
4 46 83 127 171 242 318 377 381 474 486 572 623 650 747 803 861 876 962 987 1048 1117 1150 1223 1247 1321 1377 1410 1488 1538 1602 1631 1675 1732 1815 1842 1923 1982 2006 2092 2118 2204 2239 2289 2343 2392 2482 2526 2581 2641 2660 2719 2763 2825 2913 2951 2994
7 46 83 129 215 239 298 334 427 464 486 541 614 657 742 773 831 876 960 1015 1045 1091 1169 1205 1267 1312 1398 1438 1508 1517 1589 1657 1707 1732 1801 1849 1931 1982 2006 2098 2159 2175 2242 2297 2373 2401 2440 2526 2583 2595 2653 2735 2756 2856 2893 2922 3008
4 46 83 135 193 224 292 335 427 445 491 572 628 672 753 770 854 875 955 989 1036 1125 1158 1231 1246 1344 1400 1425 1506 1512 1589 1662 1675 1754 1801 1868 1918 1997 2039 2063 2145 2178 2255 2297 2362 2412 2450 2492 2559 2627 2648 2703 2761 2824 2914 2922 3008
7 46 83 156 213 218 289 335 381 439 512 541 600 675 723 800 852 917 928 1007 1078 1119 1149 1203 1246 1314 1380 1433 1485 1512 1602 1664 1707 1733 1815 1877 1915 1955 2039 2090 2145 2208 2247 2289 2367 2393 2453 2492 2589 2611 2655 2749 2768 2833 2871 2951 2994
4 46 83 158 211 222 279 334 411 434 490 572 600 689 746 772 848 902 963 997 1057 1131 1181 1206 1267 1311 1402 1433 1480 1517 1602 1641 1675 1728 1785 1863 1899 1956 2006 2095 2159 2176 2228 2303 2332 2419 2458 2526 2578 2611 2671 2749 2787 2844 2881 2937 2994
4 46 83 160 184 247 300 362 395 456 512 572 614 661 740 781 855 917 969 1019 1074 1124 1148 1204 1242 1313 1369 1438 1468 1516 1589 1659 1675 1733 1831 1844 1897 1955 2039 2074 2119 2197 2216 2274 2364 2394 2480 2492 2549 2595 2688 2735 2782 2852 2890 2946 3008
7 46 84 137 214 240 285 352 391 480 530 541 605 675 744 801 844 896 954 1024 1076 1082 1134 1235 1247 1334 1357 1410 1466 1552 1582 1648 1713 1745 1806 1885 1912 1956 2018 2056 2142 2174 2224 2289 2365 2395 2439 2511 2574 2603 2678 2742 2757 2831 2884 2969 3011
7 46 84 158 170 225 276 358 387 453 530 578 614 651 706 779 853 896 953 986 1056 1108 1181 1188 1282 1315 1365 1457 1480 1517 1605 1622 1675 1745 1823 1868 1938 1956 2018 2095 2136 2212 2240 2280 2356 2414 2481 2511 2575 2607 2695 2725 2782 2854 2869 2922 2987
7 46 84 159 192 264 292 335 401 457 491 578 605 697 730 774 814 898 961 995 1033 1116 1147 1225 1286 1344 1400 1410 1467 1529 1582 1662 1675 1768 1797 1863 1923 1973 2025 2087 2140 2160 2217 2321 2359 2421 2438 2504 2540 2603 2668 2742 2764 2860 2877 2937 3011
7 46 85 112 168 224 318 377 391 445 514 546 632 684 753 805 829 883 958 974 1053 1084 1176 1240 1287 1307 1350 1416 1480 1562 1569 1645 1675 1743 1821 1866 1900 1956 2036 2100 2142 2178 2236 2297 2340 2384 2474 2521 2580 2627 2663 2724 2786 2834 2906 2949 2995
4 46 87 115 198 260 309 343 420 451 510 552 595 691 709 783 838 902 921 1022 1075 1101 1159 1190 1278 1313 1364 1433 1498 1541 1574 1650 1727 1759 1807 1888 1937 1955 2001 2057 2142 2176 2237 2274 2367 2386 2468 2508 2580 2610 2657 2751 2803 2808 2880 2949 2984
7 46 87 126 202 268 305 358 402 476 518 552 623 667 706 782 831 875 924 989 1066 1108 1160 1188 1271 1347 1387 1405 1507 1548 1574 1665 1727 1752 1824 1880 1938 1982 2001 2094 2127 2170 2225 2301 2353 2392 2445 2508 2543 2643 2669 2718 2802 2810 2869 2922 2984
7 46 87 157 200 237 284 358 394 479 510 593 600 696 707 756 855 902 959 988 1034 1111 1136 1213 1271 1306 1389 1436 1476 1548 1579 1641 1687 1759 1833 1846 1910 1955 2001 2059 2127 2210 2258 2269 2350 2393 2466 2508 2542 2636 2698 2726 2798 2835 2903 2946 2979
7 46 90 123 206 220 286 334 411 458 527 568 595 652 724 766 846 902 945 1023 1047 1105 1153 1230 1244 1336 1361 1436 1502 1519 1595 1650 1680 1755 1785 1836 1904 1997 2047 2070 2119 2210 2223 2289 2374 2424 2475 2503 2553 2634 2671 2708 2787 2846 2910 2951 2994
7 46 91 112 196 234 284 358 426 434 510 560 632 665 751 807 840 870 943 986 1069 1097 1181 1229 1287 1306 1389 1433 1480 1562 1581 1641 1687 1731 1782 1855 1901 1945 2031 2095 2159 2198 2240 2280 2330 2407 2454 2521 2590 2599 2650 2745 2762 2849 2889 2949 2999
4 46 93 155 185 233 307 335 419 477 518 593 632 688 753 764 824 892 939 1008 1030 1125 1140 1231 1252 1324 1385 1405 1460 1533 1596 1636 1695 1731 1793 1841 1918 1977 2023 2071 2142 2169 2263 2280 2352 2426 2464 2499 2538 2612 2694 2727 2780 2851 2914 2922 2987
7 46 94 157 171 233 298 356 399 477 486 593 623 687 711 780 853 902 959 993 1029 1105 1140 1202 1264 1334 1398 1438 1476 1548 1592 1636 1686 1732 1832 1852 1932 1956 2006 2054 2107 2211 2261 2289 2336 2387 2482 2515 2570 2612 2682 2732 2800 2835 2896 2922 2975
4 46 95 133 175 218 298 334 421 439 534 574 632 671 723 759 832 892 958 981 1050 1084 1178 1198 1281 1334 1350 1457 1477 1542 1615 1636 1707 1753 1827 1866 1942 1956 2009 2070 2112 2208 2265 2289 2356 2384 2473 2501 2570 2611 2682 2738 2804 2813 2876 2917 2998
7 46 95 135 176 238 296 352 421 462 517 572 647 650 736 803 842 875 933 982 1068 1098 1141 1197 1266 1301 1369 1442 1458 1560 1615 1660 1709 1767 1827 1842 1941 1950 2015 2056 2119 2163 2266 2289 2343 2420 2455 2495 2560 2630 2696 2719 2791 2846 2875 2917 2998
7 46 97 118 166 236 301 325 394 446 521 552 626 656 704 786 852 892 966 998 1062 1096 1173 1195 1291 1299 1387 1457 1474 1553 1618 1644 1680 1778 1791 1836 1934 1955 2044 2084 2127 2208 2234 2307 2363 2404 2453 2512 2561 2602 2680 2704 2768 2833 2880 2951 3022
7 46 97 129 199 260 286 334 382 451 527 552 632 682 717 759 812 865 960 1001 1058 1128 1159 1215 1277 1336 1361 1438 1463 1562 1617 1650 1680 1777 1792 1849 1890 1964 2026 2093 2136 2167 2222 2321 2345 2401 2449 2529 2562 2610 2661 2709 2776 2856 2900 2949 3023
4 46 97 139 180 223 280 352 394 432 527 546 647 669 743 803 833 865 941 979 1048 1111 1161 1213 1292 1321 1366 1436 1495 1547 1618 1668 1687 1777 1791 1850 1910 1964 2026 2068 2118 2191 2258 2307 2323 2416 2467 2529 2581 2596 2660 2710 2789 2811 2866 2951 3022
4 46 97 144 184 235 307 343 386 477 521 546 632 661 733 781 850 892 940 1019 1037 1104 1140 1227 1283 1324 1381 1438 1476 1561 1617 1636 1687 1778 1786 1869 1905 1955 2044 2054 2107 2187 2236 2301 2364 2379 2435 2512 2586 2610 2646 2709 2762 2838 2878 2969 3023
4 46 97 145 178 229 306 352 386 466 535 552 628 667 744 782 858 883 933 1011 1031 1082 1137 1235 1292 1326 1368 1442 1489 1547 1617 1643 1680 1769 1786 1880 1912 1945 2026 2077 2118 2186 2229 2301 2353 2383 2441 2529 2579 2601 2654 2718 2754 2836 2884 2969 3023
4 46 98 108 212 249 317 352 408 445 488 546 605 691 705 801 840 898 921 1013 1061 1095 1158 1211 1279 1319 1371 1425 1506 1539 1583 1662 1727 1746 1808 1888 1929 1945 2005 2063 2145 2184 2231 2281 2349 2386 2467 2500 2588 2601 2651 2751 2795 2816 2894 2949 2990
4 46 98 143 199 232 291 362 385 472 488 593 606 688 713 764 837 898 968 995 1026 1122 1157 1212 1269 1306 1397 1436 1489 1549 1585 1635 1680 1746 1833 1841 1904 1945 2005 2055 2136 2202 2249 2280 2352 2399 2479 2500 2542 2624 2698 2727 2798 2854 2911 2937 2988
7 46 98 144 198 255 318 325 429 448 514 546 606 653 716 778 813 892 947 1017 1073 1084 1175 1198 1244 1321 1350 1436 1507 1530 1585 1631 1727 1765 1791 1876 1942 1982 2014 2080 2142 2185 2257 2289 2372 2384 2462 2491 2581 2624 2660 2727 2789 2831 2883 2928 2988
7 46 99 125 199 263 280 335 409 475 527 551 632 688 723 764 817 883 936 995 1030 1119 1147 1203 1294 1345 1366 1436 1467 1563 1616 1645 1704 1777 1819 1862 1915 1945 2026 2087 2112 2162 2217 2321 2352 2407 2449 2528 2538 2615 2674 2705 2770 2853 2871 2951 3007
7 46 105 123 185 230 312 334 404 453 499 578 647 656 742 797 842 892 945 1008 1052 1091 1136 1205 1261 1319 1374 1436 1465 1556 1618 1667 1709 1761 1827 1836 1931 1945 2007 2071 2127 2185 2263 2281 2352 2424 2433 2502 2543 2602 2696 2704 2791 2846 2893 2922 3015
7 46 105 132 168 251 296 352 386 482 505 578 600 697 734 793 838 883 928 974 1049 1119 1155 1211 1275 1337 1380 1417 1500 1526 1609 1625 1709 1772 1786 1877 1905 1955 2016 2100 2107 2199 2236 2321 2340 2393 2446 2493 2568 2638 2654 2728 2754 2857 2864 2949 3023
4 46 105 150 193 223 285 352 404 432 530 574 626 662 732 780 815 875 965 989 1029 1099 1182 1224 1275 1334 1357 1457 1483 1526 1618 1648 1713 1747 1827 1857 1939 1964 2016 2063 2107 2201 2255 2281 2362 2378 2456 2493 2570 2596 2682 2710 2804 2830 2885 2922 3015
7 46 106 137 202 251 317 352 394 482 507 572 606 689 740 767 813 865 954 1002 1074 1087 1138 1204 1242 1339 1352 1410 1498 1520 1609 1642 1727 1742 1791 1885 1934 1955 2008 2079 2127 2193 2234 2303 2338 2395 2455 2488 2563 2638 2660 2728 2789 2831 2890 2955 3022
7 47 54 116 173 218 321 336 407 471 526 564 601 664 723 773 852 892 966 998 1050 1084 1178 1220 1294 1327 1391 1457 1466 1549 1615 1656 1684 1762 1793 1879 1929 1949 2044 2055 2125 2207 2243 2283 2358 2396 2453 2508 2565 2598 2680 2716 2755 2821 2882 2967 3003
4 47 56 118 197 218 286 348 415 438 521 553 612 699 723 798 852 892 951 1017 1030 1104 1183 1209 1281 1340 1367 1457 1489 1541 1610 1636 1689 1739 1791 1867 1942 1994 2025 2052 2113 2207 2238 2278 2363 2403 2453 2513 2557 2632 2694 2738 2767 2809 2895 2921 2978
4 47 56 140 178 246 304 330 385 483 497 553 647 654 736 805 834 914 938 1015 1058 1122 1175 1189 1271 1342 1372 1423 1462 1551 1610 1660 1689 1763 1819 1838 1903 1973 2025 2072 2132 2188 2262 2273 2337 2422 2448 2513 2538 2630 2670 2739 2806 2828 2872 2926 2978
7 47 59 143 172 248 293 341 414 452 486 545 608 690 706 769 838 917 929 1005 1074 1120 1157 1229 1285 1334 1395 1414 1475 1528 1568 1672 1688 1759 1826 1858 1941 1951 2047 2080 2136 2200 2246 2318 2322 2411 2460 2500 2547 2614 2654 2747 2757 2834 2881 2942 3010
7 47 61 128 163 227 313 374 414 468 534 545 608 678 737 788 856 888 950 1005 1026 1121 1151 1228 1264 1312 1369 1418 1482 1564 1569 1637 1684 1740 1820 1875 1941 1973 2007 2080 2113 2183 2246 2287 2332 2380 2473 2523 2587 2619 2652 2729 2756 2829 2908 2969 3016
7 47 62 108 199 262 296 374 396 454 489 564 612 682 723 783 816 873 949 1023 1050 1119 1168 1220 1294 1332 1377 1419 1503 1535 1578 1632 1704 1772 1825 1846 1894 1949 2006 2093 2113 2162 2255 2321 2353 2406 2469 2523 2555 2636 2663 2701 2770 2858 2882 2930 3020
7 47 62 131 201 257 298 330 420 436 489 568 647 663 743 805 841 873 934 974 1026 1092 1166 1222 1264 1326 1375 1418 1478 1564 1614 1659 1700 1772 1783 1852 1913 1949 2006 2074 2156 2211 2260 2287 2327 2412 2467 2523 2570 2612 2657 2744 2789 2835 2908 2931 2983
7 47 62 133 182 249 270 332 396 442 509 568 608 694 733 758 827 914 929 1004 1064 1120 1163 1239 1286 1346 1395 1423 1485 1515 1578 1651 1700 1780 1825 1858 1931 1951 2036 2092 2111 2188 2218 2321 2343 2411 2455 2492 2544 2593 2662 2743 2771 2844 2899 2930 3020
4 47 64 130 188 252 274 337 420 483 525 553 619 665 741 772 818 881 970 984 1042 1101 1174 1190 1291 1316 1382 1457 1503 1512 1599 1661 1704 1756 1795 1860 1936 1949 2029 2088 2156 2205 2237 2275 2358 2397 2433 2517 2582 2624 2694 2728 2763 2846 2867 2926 2971
7 47 64 140 208 224 285 341 408 480 535 553 604 670 710 768 862 914 938 1012 1052 1118 1153 1232 1269 1313 1356 1411 1462 1551 1567 1663 1704 1728 1809 1882 1926 1958 2031 2094 2111 2199 2265 2294 2357 2378 2454 2515 2574 2605 2664 2743 2779 2828 2864 2969 3005
7 47 65 120 214 255 270 348 394 462 531 558 644 692 735 795 829 878 926 1002 1028 1132 1144 1209 1288 1346 1373 1433 1459 1554 1592 1651 1684 1768 1799 1843 1915 1951 2034 2087 2120 2164 2242 2321 2359 2414 2472 2507 2544 2621 2662 2703 2798 2857 2883 2921 3007
7 47 65 130 163 259 272 337 405 447 532 558 599 675 721 787 819 877 970 983 1077 1113 1183 1192 1282 1335 1371 1457 1458 1557 1601 1626 1684 1770 1785 1860 1929 1969 2021 2085 2113 2209 2245 2318 2356 2397 2443 2520 2575 2609 2691 2718 2762 2846 2904 2946 2997
7 47 68 137 199 224 316 377 394 444 488 558 644 689 740 797 813 869 957 1002 1071 1100 1135 1240 1242 1319 1371 1414 1469 1543 1609 1662 1704 1766 1817 1840 1915 1957 2004 2087 2113 2168 2242 2294 2373 2409 2474 2533 2573 2640 2658 2720 2781 2836 2885 2931 2987
4 47 70 142 211 248 275 329 411 453 501 547 604 685 742 764 851 878 963 985 1029 1112 1180 1217 1267 1335 1399 1433 1480 1524 1590 1622 1688 1771 1813 1859 1901 1969 2015 2095 2159 2164 2215 2318 2330 2376 2450 2521 2583 2613 2683 2752 2805 2849 2890 2935 2998
7 47 72 143 200 252 271 332 410 463 498 545 619 693 741 756 813 917 929 1024 1075 1126 1160 1190 1258 1307 1392 1423 1475 1528 1607 1653 1681 1737 1821 1870 1912 1957 2046 2077 2156 2205 2235 2297 2345 2399 2438 2528 2570 2643 2676 2741 2783 2834 2867 2931 2974
7 47 73 108 198 235 300 337 424 474 513 564 607 676 750 759 825 873 949 984 1034 1081 1174 1201 1279 1333 1383 1454 1503 1535 1598 1671 1679 1745 1784 1866 1932 1973 2023 2088 2159 2204 2237 2275 2348 2387 2447 2536 2583 2596 2685 2740 2760 2858 2870 2935 2992
4 47 73 143 162 257 278 352 380 451 523 545 607 678 753 767 845 917 943 1021 1060 1124 1177 1224 1268 1309 1358 1454 1474 1529 1598 1668 1700 1751 1828 1864 1928 1958 2050 2068 2116 2201 2220 2287 2354 2379 2475 2509 2539 2596 2689 2740 2777 2820 2893 2923 2992
7 47 74 119 199 253 319 377 382 455 492 558 619 675 711 790 813 873 953 1023 1027 1123 1179 1236 1284 1328 1365 1409 1492 1534 1586 1620 1681 1766 1821 1853 1910 1958 2000 2093 2136 2168 2255 2318 2353 2393 2474 2530 2549 2644 2676 2725 2783 2834 2874 2930 3004
7 47 74 144 173 238 282 337 417 470 528 547 619 665 702 772 850 892 948 998 1042 1091 1141 1219 1248 1345 1351 1409 1502 1550 1586 1629 1693 1750 1786 1863 1921 1997 2045 2055 2116 2206 2243 2282 2358 2410 2465 2486 2582 2644 2666 2725 2796 2859 2912 2967 3004
4 47 76 113 173 228 311 348 401 480 526 553 601 651 703 784 856 869 956 1007 1056 1111 1177 1221 1273 1300 1401 1454 1473 1561 1603 1639 1693 1762 1802 1880 1918 1973 2044 2069 2116 2203 2232 2283 2348 2413 2453 2484 2578 2601 2679 2708 2776 2810 2872 2969 3023
7 47 77 111 162 227 277 329 411 458 523 568 607 663 724 762 850 878 936 1003 1028 1093 1161 1230 1263 1341 1359 1411 1497 1544 1583 1623 1684 1751 1813 1879 1891 1997 2050 2083 2132 2196 2225 2287 2371 2424 2475 2505 2577 2629 2683 2717 2805 2850 2909 2967 2998
7 47 77 154 169 259 270 348 408 447 509 568 601 674 721 784 823 917 939 1016 1065 1120 1139 1229 1274 1328 1395 1418 1460 1533 1583 1669 1684 1765 1815 1847 1941 1958 2050 2091 2111 2209 2252 2318 2324 2411 2439 2505 2568 2609 2657 2737 2755 2851 2865 2935 2998
7 47 79 111 200 258 308 348 394 478 530 568 604 693 703 756 858 878 959 1024 1058 1111 1154 1221 1271 1302 1386 1423 1490 1551 1577 1622 1724 1736 1799 1876 1918 1957 2001 2073 2113 2173 2239 2273 2345 2427 2439 2513 2587 2615 2662 2736 2798 2827 2872 2969 3007
4 47 79 116 194 242 302 336 412 456 525 568 599 663 733 762 811 888 966 972 1064 1121 1186 1239 1286 1318 1354 1457 1495 1520 1601 1640 1724 1758 1804 1879 1930 1951 2027 2076 2121 2195 2259 2287 2371 2396 2441 2487 2540 2610 2693 2717 2797 2821 2899 2926 2982
7 47 79 146 172 261 274 337 394 473 525 590 612 690 725 769 859 888 920 1005 1035 1100 1185 1240 1250 1316 1382 1414 1494 1556 1577 1661 1704 1758 1799 1882 1915 1951 2027 2084 2120 2160 2242 2273 2322 2398 2462 2487 2586 2628 2690 2723 2770 2814 2900 2969 3007
7 47 80 139 207 236 311 348 413 465 537 590 623 685 748 765 816 878 918 975 1039 1115 1173 1210 1243 1316 1390 1414 1487 1523 1590 1624 1693 1764 1799 1859 1902 1949 2030 2081 2159 2162 2241 2275 2329 2421 2469 2519 2586 2613 2690 2752 2770 2858 2905 2930 2988
7 47 80 146 174 227 299 329 430 458 496 590 601 691 737 775 856 888 923 981 1067 1080 1137 1233 1293 1336 1381 1418 1502 1548 1583 1648 1693 1729 1802 1851 1914 1997 2033 2060 2121 2183 2253 2278 2370 2425 2473 2516 2542 2629 2679 2717 2776 2810 2903 2946 2995
7 47 81 125 170 216 308 374 382 481 530 547 599 649 747 799 862 877 944 1020 1048 1131 1149 1228 1254 1298 1386 1423 1474 1547 1595 1626 1700 1736 1814 1869 1931 1958 2001 2096 2136 2184 2234 2278 2334 2407 2468 2511 2584 2625 2668 2711 2775 2832 2897 2969 3011
7 47 81 129 200 235 306 352 409 474 530 564 604 668 745 780 823 877 964 995 1044 1086 1174 1204 1277 1327 1388 1457 1492 1524 1605 1671 1681 1736 1793 1857 1939 1958 2001 2098 2156 2209 2214 2273 2374 2378 2439 2511 2565 2596 2680 2734 2755 2851 2878 2935 3001
7 47 81 142 201 249 278 352 410 433 494 547 612 697 729 771 861 878 963 974 1043 1132 1176 1211 1277 1345 1387 1409 1480 1524 1595 1633 1700 1772 1786 1836 1911 1957 2001 2099 2156 2192 2236 2321 2327 2400 2467 2511 2582 2603 2666 2733 2796 2849 2879 2926 3011
7 47 84 120 198 221 290 348 418 434 510 554 601 651 751 784 853 881 926 984 1056 1103 1180 1188 1253 1329 1402 1433 1500 1513 1602 1641 1679 1745 1823 1843 1935 1994 2026 2075 2159 2176 2250 2282 2348 2414 2447 2519 2578 2632 2650 2745 2774 2857 2894 2926 3022
4 47 84 143 174 218 301 374 419 438 496 545 601 656 723 794 832 917 943 1020 1078 1119 1149 1220 1265 1296 1379 1433 1474 1529 1602 1669 1689 1729 1822 1839 1894 1969 2033 2096 2125 2207 2234 2278 2330 2404 2473 2512 2561 2632 2692 2745 2790 2820 2882 2930 3022
4 47 84 160 205 235 299 341 416 436 496 554 604 683 745 768 819 917 940 1018 1061 1129 1166 1204 1260 1324 1381 1418 1478 1536 1617 1659 1679 1729 1826 1881 1896 1969 2033 2074 2156 2209 2216 2275 2344 2376 2443 2512 2564 2635 2649 2741 2762 2846 2878 2946 3008
7 47 85 111 189 254 312 329 400 434 487 554 647 664 746 792 861 892 936 996 1052 1089 1154 1196 1269 1319 1363 1411 1490 1551 1615 1666 1724 1761 1827 1879 1927 1957 2009 2073 2125 2198 2266 2294 2339 2424 2461 2515 2550 2598 2681 2716 2795 2850 2864 2926 2970
7 47 87 149 215 262 305 329 409 454 503 564 604 657 704 764 843 881 936 995 1070 1096 1168 1194 1278 1322 1366 1411 1498 1563 1567 1632 1727 1752 1812 1884 1939 1994 2026 2098 2121 2182 2214 2297 2360 2419 2451 2516 2541 2636 2674 2713 2794 2812 2901 2930 2981
4 47 88 109 178 268 273 336 419 470 512 547 599 697 722 762 837 873 928 1015 1028 1119 1142 1220 1288 1341 1377 1433 1470 1554 1611 1628 1689 1763 1833 1868 1894 1962 2010 2101 2132 2185 2234 2321 2337 2406 2448 2507 2577 2616 2683 2700 2786 2842 2883 2967 3012
4 47 88 110 183 265 271 332 419 464 528 554 623 700 717 780 849 877 925 1004 1044 1128 1163 1231 1277 1330 1363 1409 1485 1538 1611 1631 1681 1774 1833 1873 1910 1969 2021 2092 2125 2166 2218 2321 2342 2385 2432 2496 2565 2592 2677 2724 2792 2853 2878 2967 3012
7 47 88 124 163 253 291 341 429 484 532 554 599 680 710 786 858 888 933 1005 1054 1118 1157 1232 1267 1329 1352 1433 1475 1547 1611 1640 1681 1770 1823 1885 1926 1957 2021 2080 2116 2169 2246 2318 2332 2382 2443 2496 2578 2616 2650 2700 2774 2852 2864 2969 3012
4 47 89 113 215 255 303 348 412 462 513 545 623 656 706 765 831 877 956 995 1074 1131 1165 1229 1285 1297 1380 1454 1507 1527 1592 1631 1727 1752 1804 1880 1930 1951 2016 2052 2121 2194 2259 2278 2360 2413 2451 2501 2551 2621 2689 2703 2801 2810 2881 2935 2982
7 47 89 160 167 245 289 330 399 472 529 593 623 692 713 793 810 878 955 974 1057 1093 1166 1189 1268 1338 1398 1454 1478 1536 1592 1624 1679 1743 1816 1843 1932 1969 2015 2074 2120 2193 2260 2287 2361 2385 2479 2502 2589 2621 2687 2703 2800 2831 2896 2926 2982
7 47 91 133 163 236 289 329 378 465 534 590 608 675 704 787 832 892 953 983 1062 1096 1173 1194 1286 1338 1393 1457 1485 1515 1618 1624 1681 1740 1827 1853 1939 1969 2007 2083 2116 2207 2247 2287 2356 2393 2473 2492 2589 2613 2687 2725 2790 2820 2901 2930 2994
4 47 93 154 214 216 313 374 381 481 505 593 612 682 725 783 845 892 960 1008 1050 1089 1139 1225 1262 1313 1398 1409 1460 1533 1595 1636 1684 1769 1808 1837 1898 1958 2002 2091 2120 2206 2258 2294 2353 2389 2471 2518 2555 2625 2682 2711 2766 2830 2914 2923 2999
4 47 93 160 206 217 321 336 403 466 527 593 599 697 744 762 819 878 940 989 1028 1115 1160 1210 1263 1333 1390 1423 1482 1532 1595 1650 1684 1747 1785 1836 1902 1973 2002 2070 2156 2173 2251 2275 2337 2421 2478 2518 2577 2603 2691 2733 2762 2846 2909 2942 2999
4 47 94 141 195 241 313 332 400 468 505 593 608 694 705 758 840 888 919 992 1064 1089 1151 1196 1278 1312 1398 1411 1484 1542 1600 1637 1724 1732 1782 1878 1927 1962 2040 2077 2120 2189 2266 2297 2343 2389 2470 2535 2544 2604 2695 2723 2787 2819 2907 2921 3017
4 47 95 134 162 224 292 336 417 444 520 558 599 663 710 762 862 914 934 1003 1064 1106 1135 1191 1278 1343 1362 1411 1491 1542 1585 1662 1700 1773 1814 1852 1919 1997 2039 2063 2116 2199 2245 2297 2371 2412 2454 2535 2540 2640 2668 2744 2775 2832 2907 2931 2974
7 47 95 141 173 236 293 336 421 452 531 564 608 676 704 759 852 917 928 1007 1070 1129 1157 1194 1278 1334 1350 1433 1484 1542 1570 1672 1693 1762 1830 1866 1906 1994 2039 2070 2116 2207 2231 2275 2348 2408 2453 2535 2546 2626 2655 2740 2767 2809 2901 2921 2990
7 47 95 146 185 245 281 332 426 460 520 564 623 668 713 780 859 914 920 1009 1053 1122 1137 1189 1272 1332 1372 1419 1502 1548 1570 1646 1693 1773 1825 1857 1903 1997 2039 2060 2120 2193 2223 2273 2374 2422 2430 2535 2555 2633 2663 2734 2770 2814 2896 2923 2990
4 47 97 140 169 216 271 330 413 464 498 590 623 686 747 793 862 877 938 975 1077 1102 1163 1222 1283 1330 1392 1423 1497 1516 1581 1631 1684 1737 1800 1838 1902 1997 2046 2081 2111 2184 2241 2294 2366 2422 2468 2504 2569 2641 2673 2706 2779 2828 2903 2931 2987
4 47 98 149 212 251 316 352 415 443 488 558 607 678 719 767 853 888 921 972 1060 1100 1168 1211 1272 1339 1371 1419 1498 1563 1569 1642 1727 1734 1791 1875 1942 1994 2037 2098 2113 2177 2238 2273 2354 2409 2446 2522 2539 2619 2659 2729 2803 2827 2889 2926 2978
7 47 102 113 203 249 309 332 415 442 490 553 612 670 729 768 847 869 920 1017 1061 1100 1165 1211 1259 1324 1382 1419 1507 1527 1578 1649 1727 1769 1790 1882 1942 1951 2018 2052 2156 2192 2238 2294 2357 2398 2481 2528 2564 2593 2649 2743 2799 2847 2879 2946 2979
7 47 102 143 214 238 302 374 379 484 490 593 619 692 702 795 845 869 943 1002 1032 1110 1157 1219 1258 1318 1389 1433 1475 1528 1574 1640 1688 1769 1824 1839 1901 1951 2018 2080 2116 2206 2249 2287 2359 2404 2471 2528 2540 2631 2693 2708 2777 2820 2912 2931 2983
4 47 102 147 179 237 275 329 415 478 501 593 608 682 737 787 836 873 947 996 1077 1080 1154 1233 1283 1335 1399 1423 1490 1516 1578 1622 1688 1744 1790 1846 1914 1994 2042 2073 2113 2172 2266 2294 2349 2408 2466 2504 2575 2636 2691 2701 2757 2836 2903 2946 2979
7 47 103 144 211 255 305 329 400 460 502 547 644 649 735 799 851 892 948 981 1072 1104 1137 1209 1244 1308 1367 1419 1502 1550 1597 1646 1727 1771 1827 1869 1942 1962 2014 2060 2120 2164 2253 2278 2334 2403 2450 2490 2560 2623 2681 2711 2795 2859 2883 2942 2970
7 47 103 152 179 250 289 329 387 473 529 593 619 700 724 776 836 881 925 999 1047 1093 1185 1230 1244 1300 1398 1414 1494 1550 1566 1661 1681 1744 1812 1873 1891 1973 2014 2084 2120 2172 2249 2283 2346 2385 2466 2490 2571 2638 2686 2724 2783 2811 2909 2967 3003
7 47 105 130 202 218 313 374 411 438 505 553 623 651 748 782 830 881 955 1001 1038 1093 1183 1230 1276 1313 1398 1411 1458 1557 1602 1636 1684 1732 1809 1843 1891 1969 2040 2085 2159 2182 2225 2283 2350 2385 2463 2526 2574 2632 2664 2745 2779 2860 2884 2921 3002
7 48 54 128 198 235 301 325 430 482 520 577 607 672 749 778 815 868 948 993 1055 1095 1173 1197 1266 1322 1394 1445 1496 1523 1598 1671 1690 1734 1812 1838 1909 1952 2027 2080 2159 2204 2217 2285 2359 2400 2437 2530 2572 2602 2692 2741 2772 2858 2874 2959 2982
4 48 55 118 194 251 288 365 386 453 500 582 631 682 709 801 838 877 942 1023 1044 1127 1160 1231 1291 1348 1359 1421 1496 1532 1590 1623 1690 1772 1814 1865 1910 1952 2022 2092 2107 2166 2264 2321 2348 2389 2465 2516 2568 2630 2658 2723 2754 2855 2866 2920 3012
4 48 55 125 197 266 278 325 414 451 500 555 647 648 742 802 836 877 947 978 1037 1083 1177 1214 1262 1309 1368 1408 1463 1561 1606 1667 1717 1772 1804 1847 1912 1952 2022 2059 2148 2211 2251 2306 2350 2428 2462 2516 2563 2602 2675 2734 2789 2854 2901 2933 2995
4 48 56 113 213 261 290 328 385 449 524 553 647 681 736 797 842 879 945 991 1050 1105 1138 1216 1278 1327 1361 1412 1465 1547 1618 1669 1712 1767 1797 1836 1903 1945 2026 2096 2149 2187 2261 2309 2331 2422 2481 2506 2540 2623 2670 2712 2799 2843 2884 2932 2989
7 48 56 128 184 248 275 339 385 432 521 577 602 693 712 782 812 868 967 1000 1077 1123 1180 1208 1281 1331 1357 1457 1469 1550 1618 1648 1688 1764 1797 1853 1937 1986 2020 2078 2107 2201 2227 2309 2356 2381 2455 2512 2570 2604 2691 2731 2778 2839 2913 2932 2989
7 48 56 131 214 263 280 366 407 444 524 577 635 692 745 791 820 879 920 998 1032 1129 1162 1193 1277 1343 1370 1420 1480 1548 1584 1645 1688 1767 1794 1859 1908 1945 2026 2087 2110 2180 2259 2321 2354 2407 2480 2506 2566 2601 2646 2715 2788 2849 2868 2924 3023
4 48 56 159 186 228 276 325 388 479 521 553 635 671 727 787 844 868 949 1012 1046 1108 1153 1234 1280 1301 1356 1420 1508 1551 1584 1663 1712 1764 1812 1880 1890 1986 2020 2062 2123 2190 2248 2276 2323 2411 2453 2512 2587 2601 2664 2715 2800 2834 2872 2969 3023
7 48 59 110 212 241 289 338 424 483 529 553 636 671 736 758 840 901 935 992 1050 1093 1173 1216 1278 1306 1397 1445 1484 1533 1600 1670 1691 1733 1782 1850 1916 1945 2005 2091 2159 2206 2225 2276 2353 2385 2448 2521 2579 2625 2679 2745 2766 2860 2884 2920 2999
7 48 59 129 181 230 319 377 378 455 491 553 635 699 720 796 823 865 951 982 1053 1110 1136 1240 1263 1317 1367 1446 1482 1548 1600 1650 1691 1771 1828 1862 1902 1981 2005 2093 2122 2169 2248 2272 2372 2421 2477 2521 2577 2637 2657 2733 2780 2837 2864 2924 2999
7 48 60 129 207 266 270 338 427 441 514 541 635 657 742 774 836 877 946 995 1029 1091 1174 1226 1263 1308 1396 1408 1482 1548 1609 1652 1712 1762 1800 1848 1911 1960 2004 2054 2159 2211 2246 2310 2336 2401 2462 2521 2590 2612 2676 2748 2800 2842 2889 2924 2975
7 48 63 135 184 242 300 365 425 471 488 548 631 674 705 801 846 868 952 1000 1056 1095 1144 1207 1254 1346 1373 1446 1504 1512 1616 1640 1675 1752 1825 1868 1899 1997 2039 2078 2120 2182 2227 2285 2356 2420 2467 2518 2555 2633 2651 2751 2761 2814 2914 2932 2990
4 48 63 138 215 241 298 328 425 464 486 541 636 675 736 777 827 905 937 990 1062 1105 1178 1216 1265 1302 1396 1441 1481 1514 1616 1654 1682 1739 1825 1874 1903 1957 2032 2067 2159 2206 2223 2285 2324 2387 2460 2526 2574 2643 2653 2740 2759 2858 2884 2932 2990
4 48 64 159 166 227 272 338 389 465 517 553 647 654 754 792 855 868 949 1015 1047 1095 1143 1207 1268 1320 1373 1405 1508 1551 1612 1660 1717 1777 1811 1870 1899 1981 2019 2072 2114 2191 2261 2285 2328 2420 2448 2524 2575 2592 2669 2729 2789 2834 2864 2958 2996
7 48 65 112 189 239 284 328 424 434 504 582 607 698 724 807 846 871 961 1010 1052 1093 1164 1216 1287 1341 1359 1445 1507 1529 1598 1643 1691 1731 1810 1855 1916 1997 2050 2073 2107 2198 2225 2306 2362 2423 2452 2515 2570 2634 2681 2710 2760 2815 2896 2932 2970
4 48 65 157 170 250 291 328 386 438 489 556 609 673 734 785 833 917 937 1019 1060 1119 1140 1239 1287 1333 1376 1441 1463 1529 1566 1655 1717 1746 1822 1846 1940 1952 2050 2096 2107 2205 2234 2309 2334 2415 2445 2515 2560 2621 2671 2747 2756 2839 2888 2930 3004
7 48 67 132 192 256 291 366 409 456 489 556 602 697 712 761 810 905 928 1017 1069 1119 1155 1238 1289 1332 1376 1418 1486 1525 1589 1656 1678 1780 1816 1856 1941 1959 2017 2087 2107 2194 2241 2321 2339 2415 2442 2493 2545 2594 2652 2732 2783 2855 2881 2954 3016
4 48 70 118 181 234 305 377 403 435 493 553 598 681 716 797 823 906 964 1022 1028 1115 1160 1232 1272 1333 1356 1405 1496 1532 1595 1641 1690 1771 1815 1836 1923 1952 2003 2092 2123 2169 2265 2309 2331 2404 2477 2533 2562 2644 2669 2712 2784 2833 2885 2954 3017
7 48 70 130 198 216 289 339 411 465 529 553 595 651 748 783 845 871 932 1008 1064 1093 1174 1212 1262 1347 1397 1408 1460 1542 1595 1630 1690 1735 1808 1854 1920 1986 2003 2077 2159 2189 2237 2306 2343 2385 2436 2533 2578 2604 2697 2752 2787 2853 2872 2958 3017
4 48 71 127 193 252 304 366 407 468 530 555 607 686 724 767 850 879 968 1021 1051 1106 1140 1221 1255 1324 1381 1441 1501 1559 1569 1626 1716 1751 1794 1875 1935 1948 2013 2057 2107 2185 2232 2276 2342 2427 2432 2493 2584 2614 2646 2728 2788 2818 2891 2969 3023
7 48 73 158 191 230 298 331 394 477 532 577 635 672 720 793 857 906 927 1005 1047 1092 1165 1240 1268 1302 1350 1405 1509 1551 1596 1654 1678 1753 1787 1876 1921 1957 2009 2079 2122 2169 2259 2285 2344 2409 2443 2524 2574 2616 2653 2702 2798 2827 2864 2969 3021
7 48 74 116 214 256 290 361 384 434 524 582 635 682 735 801 829 865 930 1003 1056 1126 1156 1188 1294 1346 1361 1412 1472 1530 1602 1650 1678 1767 1789 1865 1919 1960 2026 2097 2120 2170 2250 2321 2348 2401 2480 2487 2555 2617 2651 2723 2798 2856 2873 2932 3007
7 48 75 110 171 262 300 365 403 442 488 553 598 695 730 800 822 901 935 1022 1033 1124 1172 1222 1277 1346 1373 1420 1484 1533 1594 1640 1675 1768 1827 1844 1923 1960 2023 2092 2114 2160 2265 2321 2341 2391 2463 2522 2543 2618 2664 2713 2785 2860 2867 2959 3005
7 48 75 113 193 224 279 331 423 479 526 553 609 659 720 795 854 879 945 1021 1053 1092 1177 1240 1263 1347 1382 1408 1465 1547 1594 1639 1675 1730 1808 1882 1921 1981 2023 2057 2148 2175 2232 2310 2342 2376 2454 2522 2578 2605 2697 2726 2787 2843 2864 2969 3005
7 48 75 114 195 267 293 331 402 464 488 541 647 678 742 808 829 901 922 972 1029 1100 1168 1226 1263 1311 1380 1446 1464 1547 1599 1664 1688 1768 1795 1853 1901 1960 2023 2081 2148 2210 2260 2272 2333 2425 2440 2522 2556 2619 2655 2746 2802 2852 2889 2932 3000
7 48 75 138 167 263 273 361 403 440 507 541 609 694 721 756 815 905 937 1006 1059 1119 1148 1238 1282 1348 1376 1408 1481 1514 1594 1638 1688 1763 1827 1846 1941 1952 2035 2097 2123 2204 2247 2321 2350 2415 2437 2509 2550 2605 2676 2726 2772 2858 2871 2959 3005
7 48 76 112 184 219 302 365 409 484 526 548 610 660 729 781 846 906 961 1005 1037 1130 1163 1227 1262 1296 1360 1408 1475 1561 1580 1632 1688 1752 1816 1883 1941 1959 2000 2098 2107 2182 2241 2306 2351 2396 2467 2516 2584 2611 2674 2709 2760 2815 2901 2969 3016
7 48 77 133 168 216 273 336 408 443 507 556 647 667 748 803 845 871 969 977 1039 1118 1163 1199 1270 1315 1376 1408 1503 1545 1606 1672 1712 1763 1805 1886 1911 1985 2035 2070 2107 2189 2263 2284 2365 2416 2436 2507 2547 2626 2661 2710 2799 2840 2887 2959 2972
4 48 79 144 212 235 281 366 422 441 516 548 607 686 749 767 817 905 938 1002 1051 1099 1174 1197 1270 1296 1402 1408 1482 1534 1617 1652 1691 1745 1816 1863 1905 1981 2044 2054 2159 2204 2238 2284 2342 2379 2435 2519 2584 2642 2674 2740 2760 2844 2874 2917 3003
7 48 79 157 199 225 282 361 412 451 515 556 607 675 735 759 812 917 937 1007 1078 1126 1177 1188 1271 1305 1374 1408 1463 1529 1617 1667 1682 1750 1826 1874 1919 1986 2033 2059 2148 2201 2220 2269 2343 2387 2455 2529 2556 2642 2661 2740 2778 2839 2873 2932 3003
7 48 80 114 176 240 281 366 429 478 538 541 609 679 731 758 857 901 922 1016 1050 1125 1161 1221 1278 1329 1379 1412 1464 1547 1604 1620 1691 1746 1832 1885 1917 1957 2001 2088 2110 2173 2247 2309 2345 2394 2439 2506 2579 2603 2656 2721 2774 2852 2884 2969 3011
7 48 80 131 170 247 299 328 387 458 538 556 635 667 737 800 833 901 958 985 1033 1080 1167 1215 1277 1314 1362 1457 1480 1548 1605 1665 1675 1746 1802 1845 1936 1957 2001 2082 2149 2205 2240 2284 2369 2409 2445 2506 2543 2643 2695 2750 2786 2810 2867 2924 3010
7 48 81 120 203 267 299 325 413 458 497 548 635 671 742 787 829 901 926 996 1046 1083 1167 1214 1253 1314 1402 1446 1486 1537 1600 1665 1678 1760 1789 1850 1912 1959 1998 2075 2159 2210 2252 2282 2323 2395 2440 2530 2587 2625 2651 2745 2798 2856 2901 2933 2976
7 48 81 128 171 252 322 377 409 453 497 544 607 691 724 803 812 901 967 1022 1039 1125 1160 1221 1266 1315 1379 1421 1496 1523 1571 1623 1682 1760 1826 1841 1917 1959 1998 2092 2107 2185 2265 2309 2341 2394 2471 2530 2547 2629 2661 2707 2778 2839 2891 2959 3006
7 48 82 108 176 236 313 365 403 468 533 555 595 650 729 787 862 901 950 1016 1046 1130 1139 1227 1253 1301 1369 1418 1485 1558 1588 1627 1678 1737 1827 1876 1941 1952 2011 2088 2123 2163 2247 2310 2345 2386 2449 2510 2587 2630 2664 2725 2785 2820 2901 2969 3005
7 48 82 128 180 247 289 339 414 483 533 544 636 678 737 768 833 901 967 975 1026 1087 1173 1194 1288 1306 1393 1457 1496 1523 1599 1670 1690 1737 1806 1853 1925 1952 2011 2080 2148 2205 2236 2269 2374 2381 2445 2510 2571 2619 2687 2746 2756 2839 2890 2930 2993
7 48 83 117 176 244 291 366 427 454 489 541 635 680 727 791 857 871 968 995 1054 1118 1157 1199 1242 1332 1376 1441 1498 1544 1611 1656 1678 1746 1787 1887 1911 1997 2050 2054 2123 2173 2246 2284 2366 2416 2439 2496 2544 2627 2653 2727 2798 2827 2909 2930 2988
4 48 83 122 171 237 316 377 383 461 486 544 635 699 739 796 812 879 962 991 1053 1086 1146 1223 1245 1307 1377 1441 1467 1530 1611 1645 1675 1760 1831 1868 1897 1986 2010 2100 2114 2185 2257 2282 2372 2411 2471 2536 2577 2627 2667 2727 2786 2831 2883 2932 2988
4 48 83 148 189 222 278 366 403 476 504 544 607 668 708 767 847 917 920 1011 1072 1124 1153 1222 1242 1309 1364 1420 1468 1544 1583 1667 1675 1731 1815 1867 1923 1952 2050 2103 2123 2197 2265 2306 2361 2400 2452 2496 2563 2597 2675 2749 2777 2832 2890 2958 3017
7 48 84 129 180 259 304 366 416 439 530 541 610 678 721 768 823 877 951 975 1059 1131 1169 1238 1282 1324 1381 1457 1494 1536 1615 1626 1716 1742 1793 1881 1929 1952 2022 2074 2122 2208 2242 2272 2374 2402 2439 2486 2538 2597 2693 2718 2780 2837 2871 2954 2991
7 48 84 140 170 242 301 338 383 472 530 581 598 673 723 785 862 877 918 1019 1048 1086 1184 1223 1265 1322 1384 1441 1468 1552 1586 1671 1675 1742 1800 1882 1897 1952 2022 2072 2149 2163 2257 2285 2334 2404 2449 2486 2572 2632 2692 2711 2785 2820 2899 2969 3021
7 48 84 144 194 262 278 366 394 457 500 581 631 687 702 806 816 871 938 998 1036 1132 1162 1200 1282 1344 1368 1408 1480 1536 1586 1633 1675 1772 1787 1863 1921 1957 2022 2087 2122 2189 2259 2321 2373 2379 2465 2486 2557 2603 2690 2739 2761 2844 2895 2933 3021
7 48 85 154 180 235 272 366 423 441 509 541 598 675 745 777 823 917 928 1024 1061 1129 1166 1193 1248 1320 1380 1418 1458 1539 1617 1660 1690 1742 1815 1874 1908 1981 2043 2064 2148 2208 2245 2285 2324 2397 2439 2520 2575 2642 2669 2740 2784 2833 2868 2924 2997
4 48 86 129 202 250 313 328 430 438 505 553 631 659 746 776 836 865 946 999 1057 1089 1169 1203 1244 1301 1397 1420 1494 1536 1566 1627 1716 1778 1812 1861 1909 1952 2008 2074 2159 2193 2217 2310 2361 2389 2481 2526 2587 2621 2664 2747 2800 2842 2885 2933 2982
7 48 86 138 214 219 317 377 405 450 505 581 636 693 723 790 849 865 967 1003 1048 1087 1148 1223 1265 1309 1393 1421 1481 1514 1577 1629 1688 1778 1828 1853 1896 1952 2008 2097 2110 2188 2250 2306 2348 2381 2470 2526 2567 2644 2672 2731 2765 2828 2899 2932 2970
4 48 86 147 184 221 293 331 407 467 488 581 631 673 709 769 831 917 956 1005 1073 1129 1165 1193 1261 1311 1380 1420 1509 1562 1566 1664 1688 1752 1834 1846 1908 1948 2039 2079 2107 2197 2259 2285 2351 2397 2467 2494 2547 2621 2665 2747 2757 2835 2906 2959 2982
7 48 86 159 193 234 306 331 424 435 510 553 636 665 711 761 854 868 943 992 1069 1109 1160 1201 1261 1332 1372 1421 1497 1562 1577 1641 1716 1730 1810 1881 1916 1997 2039 2091 2107 2175 2225 2284 2371 2410 2454 2494 2545 2644 2652 2731 2790 2840 2910 2954 2970
4 48 87 142 215 256 319 339 389 434 503 582 595 669 712 783 810 905 923 990 1065 1123 1156 1208 1293 1317 1355 1418 1502 1543 1588 1650 1727 1758 1807 1871 1937 1981 2044 2067 2114 2194 2223 2272 2324 2383 2442 2511 2577 2617 2657 2738 2801 2836 2913 2932 3000
7 48 87 152 166 226 281 339 414 478 516 593 609 695 741 775 841 901 932 979 1076 1083 1161 1214 1293 1329 1402 1408 1492 1543 1594 1620 1717 1745 1806 1844 1912 1985 2044 2058 2114 2181 2251 2282 2365 2395 2479 2511 2548 2618 2687 2713 2756 2831 2902 2917 2993
7 48 87 158 212 251 322 331 402 453 516 582 607 650 708 779 853 901 927 992 1070 1080 1160 1215 1273 1315 1362 1405 1497 1563 1588 1623 1727 1745 1795 1876 1936 1985 2044 2091 2123 2167 2225 2284 2353 2409 2435 2511 2553 2630 2655 2725 2802 2827 2897 2920 3000
7 48 88 153 170 236 272 338 424 469 509 581 610 691 729 775 862 901 934 985 1076 1100 1155 1226 1293 1337 1380 1418 1491 1538 1571 1644 1717 1742 1782 1841 1901 1997 2043 2082 2107 2163 2240 2272 2369 2425 2449 2517 2548 2629 2679 2707 2766 2838 2902 2924 2999
4 48 89 125 209 256 314 361 404 434 520 555 602 677 712 769 822 877 963 983 1073 1131 1164 1238 1285 1311 1381 1445 1507 1517 1602 1643 1727 1756 1785 1869 1929 1960 2004 2073 2107 2194 2254 2272 2347 2402 2430 2491 2547 2617 2665 2723 2806 2838 2881 2959 2992
7 48 89 139 212 268 317 336 401 450 529 555 636 686 714 767 855 865 969 1002 1072 1090 1148 1220 1269 1309 1369 1408 1502 1546 1587 1629 1727 1733 1804 1875 1930 1981 2005 2076 2123 2191 2216 2276 2342 2426 2448 2490 2563 2595 2675 2728 2789 2834 2862 2958 3008
4 48 89 157 194 234 270 361 399 484 514 593 636 687 711 806 833 879 937 998 1045 1105 1163 1201 1285 1329 1396 1408 1475 1517 1587 1632 1690 1762 1806 1874 1920 1957 2004 2098 2107 2175 2249 2309 2373 2387 2474 2491 2548 2595 2687 2728 2756 2839 2910 2924 3008
7 48 92 108 166 241 293 336 398 464 517 555 647 667 736 803 840 901 950 979 1039 1104 1168 1210 1266 1311 1352 1445 1485 1558 1605 1664 1682 1777 1785 1845 1926 1948 2019 2058 2149 2206 2251 2285 2365 2417 2448 2495 2547 2643 2665 2750 2806 2820 2891 2917 2998
7 48 92 120 179 251 272 366 429 469 517 548 610 700 708 768 853 901 926 1017 1026 1124 1155 1222 1288 1337 1373 1405 1486 1537 1593 1644 1690 1777 1832 1854 1923 1948 2019 2087 2120 2167 2241 2321 2352 2391 2435 2495 2571 2614 2656 2703 2774 2856 2890 2958 3011
4 48 92 130 191 235 270 361 398 441 532 548 635 674 745 801 819 877 962 994 1044 1086 1174 1195 1291 1308 1377 1457 1460 1542 1605 1652 1690 1753 1785 1868 1925 1986 2009 2077 2110 2208 2252 2285 2356 2411 2443 2505 2568 2642 2698 2751 2773 2823 2866 2917 2998
7 48 93 152 195 252 313 328 387 468 505 593 595 700 724 786 812 901 932 972 1071 1093 1139 1216 1267 1301 1397 1421 1492 1543 1593 1627 1716 1738 1802 1854 1916 1986 2048 2081 2120 2185 2260 2276 2333 2385 2471 2535 2555 2614 2695 2703 2786 2831 2896 2932 3010
7 48 93 153 203 262 317 336 398 457 505 581 602 679 730 779 822 901 934 996 1070 1087 1162 1194 1273 1305 1393 1420 1491 1538 1604 1633 1727 1738 1785 1885 1925 1986 2048 2075 2110 2160 2252 2269 2323 2381 2463 2535 2553 2603 2665 2721 2806 2838 2897 2933 2998
7 48 94 135 202 249 317 336 408 461 505 544 631 669 747 759 842 871 923 1010 1078 1085 1158 1206 1254 1305 1393 1421 1504 1512 1590 1633 1727 1778 1805 1871 1939 1945 2008 2063 2148 2187 2235 2310 2349 2383 2481 2518 2556 2615 2661 2738 2799 2843 2892 2932 2972
7 48 94 159 215 265 316 325 414 452 486 544 636 662 707 765 855 877 949 975 1073 1086 1172 1195 1261 1321 1377 1420 1497 1562 1568 1631 1727 1739 1804 1880 1925 1985 2032 2080 2114 2178 2236 2285 2340 2411 2460 2494 2551 2624 2675 2724 2789 2834 2906 2954 2995
4 48 98 114 202 256 303 366 395 456 512 577 607 668 735 767 829 865 922 999 1072 1110 1170 1200 1269 1325 1395 1412 1493 1518 1589 1642 1727 1779 1791 1885 1942 1959 2031 2074 2148 2170 2217 2272 2361 2394 2480 2520 2563 2594 2659 2732 2802 2852 2862 2933 2985
7 48 98 147 168 239 270 338 385 473 514 593 607 697 724 773 831 905 956 1015 1071 1105 1143 1216 1267 1308 1396 1412 1508 1563 1589 1652 1712 1734 1801 1856 1903 1986 2034 2072 2107 2198 2261 2285 2326 2387 2466 2517 2568 2594 2698 2732 2757 2835 2896 2920 2985
7 48 98 158 209 268 305 338 408 435 492 577 598 660 732 785 843 906 936 983 1060 1085 1160 1206 1267 1333 1357 1421 1497 1563 1580 1641 1727 1756 1784 1883 1939 1985 2034 2091 2107 2172 2235 2276 2347 2419 2430 2517 2560 2611 2671 2709 2795 2818 2908 2930 2994
4 48 99 142 186 219 282 331 427 450 515 581 595 681 729 766 846 906 945 974 1076 1091 1148 1226 1293 1344 1374 1408 1502 1543 1595 1629 1712 1750 1787 1836 1911 1997 2033 2076 2123 2182 2246 2282 2363 2422 2467 2511 2557 2644 2690 2712 2761 2814 2902 2932 2988
7 48 101 159 198 262 319 339 395 442 491 553 631 670 702 780 845 868 943 993 1066 1110 1172 1200 1252 1327 1367 1412 1497 1562 1578 1640 1727 1735 1797 1869 1942 1985 2042 2080 2122 2189 2217 2269 2359 2421 2436 2504 2540 2618 2670 2730 2799 2840 2895 2959 2979
7 48 103 119 198 260 317 336 416 446 529 556 595 672 734 778 838 906 950 993 1060 1130 1152 1239 1287 1309 1369 1445 1510 1541 1596 1629 1727 1735 1793 1876 1929 1952 2003 2055 2122 2196 2242 2306 2359 2386 2436 2502 2567 2616 2672 2702 2801 2808 2888 2920 2991
4 48 103 133 210 256 305 338 387 456 493 556 635 662 735 774 860 871 949 985 1078 1108 1155 1188 1271 1318 1356 1405 1491 1557 1596 1656 1727 1771 1820 1880 1936 1986 2003 2082 2120 2170 2240 2272 2330 2411 2450 2502 2541 2594 2673 2724 2794 2859 2873 2954 2991
7 48 104 152 183 227 280 336 421 432 524 577 595 672 732 778 828 917 940 1007 1060 1129 1161 1206 1267 1321 1370 1412 1492 1543 1575 1666 1717 1755 1829 1838 1895 1985 2038 2058 2110 2212 2221 2285 2359 2407 2433 2535 2567 2626 2659 2741 2763 2823 2908 2932 2990
4 48 105 118 203 245 313 365 422 449 505 553 602 670 754 793 810 906 942 974 1047 1089 1183 1207 1268 1303 1397 1421 1478 1550 1592 1625 1678 1738 1816 1865 1905 1981 2048 2084 2159 2172 2238 2269 2346 2389 2463 2525 2574 2638 2652 2735 2783 2855 2864 2932 3003
7 48 105 140 183 230 290 361 411 455 524 553 595 654 711 763 862 905 918 1008 1069 1105 1136 1201 1261 1346 1361 1420 1498 1522 1597 1650 1678 1755 1827 1864 1920 1997 2038 2077 2149 2179 2237 2285 2358 2422 2433 2534 2543 2637 2664 2736 2785 2820 2910 2924 2997
7 49 54 110 205 244 297 339 386 450 520 569 647 653 746 804 819 902 936 980 1057 1131 1170 1211 1279 1338 1382 1411 1470 1552 1613 1666 1685 1780 1807 1849 1919 1987 2048 2064 2108 2182 2249 2313 2339 2412 2456 2499 2558 2598 2647 2716 2794 2830 2865 2940 3003
7 49 59 158 211 227 289 330 422 444 499 583 624 689 736 757 852 902 952 1002 1051 1131 1174 1215 1273 1319 1385 1428 1472 1512 1584 1623 1691 1733 1803 1863 1915 1946 2014 2090 2159 2168 2218 2313 2342 2409 2448 2531 2578 2630 2655 2747 2781 2860 2871 2927 3000
7 49 62 117 203 234 283 333 430 438 505 583 632 652 748 787 822 866 945 987 1046 1113 1181 1214 1243 1301 1385 1411 1489 1537 1587 1636 1698 1731 1824 1860 1924 1989 2021 2052 2159 2198 2264 2298 2360 2427 2443 2525 2586 2622 2664 2745 2762 2842 2904 2933 2997
4 49 62 148 171 221 311 369 420 450 487 562 632 672 717 807 810 917 955 1005 1061 1128 1170 1193 1261 1323 1370 1411 1470 1515 1587 1666 1718 1753 1834 1840 1908 1954 2038 2064 2108 2208 2222 2285 2350 2407 2462 2507 2571 2622 2681 2745 2804 2823 2875 2947 2997
7 49 62 149 175 239 310 377 420 436 489 583 601 654 730 803 843 909 964 977 1058 1092 1164 1221 1266 1311 1363 1442 1478 1513 1587 1657 1698 1747 1834 1854 1898 1946 2021 2101 2117 2211 2232 2285 2337 2413 2466 2525 2538 2637 2696 2730 2790 2835 2871 2947 2997
7 49 66 131 174 216 309 377 394 464 508 562 632 666 752 802 848 879 962 984 1053 1106 1143 1240 1274 1297 1359 1406 1485 1563 1581 1645 1685 1731 1830 1865 1932 1951 2018 2087 2150 2175 2222 2298 2359 2398 2471 2521 2580 2639 2667 2706 2786 2812 2897 2962 2975
4 49 67 117 188 264 297 333 381 452 520 542 639 692 707 785 818 907 945 981 1032 1116 1135 1202 1289 1343 1382 1411 1483 1543 1603 1661 1691 1780 1795 1860 1910 1982 2048 2092 2137 2178 2237 2321 2343 2427 2473 2484 2556 2624 2683 2704 2766 2842 2877 2940 3012
4 49 67 134 177 260 279 367 381 456 518 556 601 696 723 773 828 874 959 986 1068 1119 1185 1197 1294 1330 1374 1449 1490 1546 1603 1648 1676 1775 1795 1856 1913 1974 1998 2089 2145 2190 2234 2321 2326 2377 2436 2534 2546 2596 2658 2732 2792 2855 2888 2940 3012
7 49 67 140 187 227 275 367 408 469 533 542 617 670 710 765 838 893 953 973 1052 1085 1180 1206 1294 1325 1365 1457 1484 1546 1606 1638 1691 1759 1786 1855 1938 1954 1998 2094 2145 2195 2235 2313 2362 2390 2440 2534 2559 2605 2691 2703 2779 2859 2905 2923 3009
7 49 70 109 198 228 275 339 430 469 501 547 617 676 743 780 832 893 942 1004 1030 1080 1180 1203 1272 1325 1397 1442 1499 1532 1573 1638 1718 1741 1808 1845 1940 1989 2003 2080 2159 2163 2250 2279 2373 2408 2450 2532 2583 2604 2668 2735 2763 2848 2900 2918 3014
4 49 70 145 167 225 305 377 403 460 499 547 632 684 727 802 810 909 958 1000 1067 1102 1157 1227 1262 1329 1369 1428 1462 1542 1573 1671 1718 1743 1834 1848 1899 1974 2003 2097 2123 2193 2236 2270 2340 2379 2477 2532 2565 2627 2681 2712 2804 2823 2863 2927 3014
7 49 70 155 204 224 274 353 388 453 517 547 596 683 724 789 835 917 918 1018 1061 1120 1162 1191 1256 1320 1387 1415 1464 1527 1608 1664 1718 1748 1815 1886 1903 1960 2046 2071 2152 2200 2252 2292 2349 2391 2431 2489 2589 2619 2674 2752 2764 2840 2881 2955 2978
4 49 71 141 182 224 304 330 392 458 513 569 639 652 724 794 835 917 945 1020 1066 1116 1176 1208 1255 1347 1382 1415 1466 1524 1594 1672 1698 1769 1829 1860 1904 1982 2045 2070 2108 2200 2219 2311 2353 2427 2431 2522 2553 2614 2646 2745 2787 2818 2864 2933 2976
4 49 73 117 197 229 288 353 415 447 532 542 610 690 721 782 861 907 951 1022 1035 1093 1181 1191 1281 1325 1386 1457 1489 1537 1614 1626 1698 1755 1786 1843 1930 1989 2040 2052 2113 2197 2229 2279 2374 2388 2463 2485 2559 2597 2691 2718 2779 2836 2884 2955 3002
7 49 73 129 180 223 304 330 382 475 513 542 647 663 736 803 823 909 936 1000 1058 1131 1159 1215 1266 1347 1382 1421 1467 1551 1614 1672 1698 1774 1819 1849 1915 1987 2040 2074 2137 2172 2258 2307 2327 2412 2467 2485 2538 2610 2661 2705 2795 2811 2871 2927 3002
4 49 75 139 205 248 314 377 389 483 507 585 610 653 729 804 860 886 965 980 1046 1099 1161 1234 1243 1300 1378 1411 1468 1537 1585 1644 1676 1754 1822 1851 1926 1987 2007 2087 2117 2196 2226 2298 2339 2382 2482 2525 2569 2629 2684 2714 2769 2808 2904 2955 2973
7 49 75 150 194 267 311 367 418 465 487 542 610 663 726 762 844 874 934 972 1055 1111 1168 1192 1263 1343 1370 1411 1510 1538 1585 1647 1720 1753 1795 1841 1927 1997 2038 2103 2130 2189 2229 2307 2369 2424 2440 2493 2556 2629 2683 2714 2766 2816 2907 2947 2973
7 49 75 152 204 220 301 346 389 447 511 542 601 681 719 791 841 917 941 1018 1078 1114 1139 1196 1267 1296 1360 1421 1486 1533 1585 1667 1720 1729 1822 1887 1902 1954 2038 2071 2150 2209 2252 2298 2349 2404 2451 2493 2588 2606 2661 2737 2793 2812 2905 2955 2973
7 49 75 160 182 252 279 367 390 443 511 585 624 685 720 760 837 917 968 1020 1070 1127 1141 1194 1263 1324 1381 1442 1500 1538 1569 1653 1676 1729 1817 1850 1906 1954 2038 2070 2130 2207 2219 2275 2353 2376 2472 2493 2562 2605 2697 2741 2788 2843 2891 2933 2990
4 49 78 119 177 236 320 367 397 458 486 556 647 667 746 792 828 909 930 977 1077 1117 1176 1192 1269 1331 1364 1415 1466 1545 1605 1672 1713 1775 1823 1839 1922 1967 2031 2070 2108 2190 2262 2275 2335 2417 2436 2494 2571 2601 2673 2723 2801 2845 2886 2947 2971
4 49 78 123 173 241 294 346 419 453 514 578 647 651 754 797 827 866 931 1008 1041 1113 1162 1222 1242 1300 1401 1415 1464 1559 1605 1664 1691 1761 1802 1855 1918 1987 2008 2071 2152 2203 2260 2298 2334 2412 2438 2517 2576 2601 2677 2723 2803 2813 2913 2923 2971
7 49 79 140 211 221 281 369 417 450 494 569 601 652 749 794 824 866 969 992 1041 1090 1180 1219 1292 1309 1383 1442 1484 1546 1587 1656 1691 1745 1804 1860 1916 1954 2041 2094 2159 2176 2215 2311 2353 2404 2435 2536 2579 2622 2649 2745 2774 2844 2862 2940 2979
7 49 80 108 181 264 294 346 414 463 537 550 637 687 719 765 825 893 949 975 1052 1114 1171 1196 1294 1341 1377 1449 1472 1562 1607 1624 1691 1763 1801 1861 1902 1946 2032 2093 2113 2165 2227 2321 2344 2386 2444 2520 2559 2613 2675 2701 2760 2856 2905 2955 3018
7 49 82 129 193 216 298 330 424 464 510 585 637 653 752 773 850 866 936 992 1068 1113 1158 1222 1267 1330 1401 1421 1497 1521 1571 1630 1685 1732 1818 1849 1918 1997 2043 2053 2145 2175 2255 2298 2370 2412 2468 2506 2546 2639 2658 2716 2767 2811 2914 2940 2989
7 49 82 160 190 229 300 362 414 437 490 585 610 680 721 781 843 917 968 1005 1065 1120 1151 1191 1251 1317 1387 1447 1500 1538 1571 1668 1685 1752 1828 1836 1903 1946 2043 2060 2113 2197 2226 2292 2331 2391 2481 2506 2539 2608 2688 2748 2782 2843 2884 2947 2989
7 49 84 136 213 240 273 353 394 472 526 550 596 675 712 789 857 909 935 1024 1077 1092 1142 1221 1265 1316 1363 1428 1479 1556 1586 1642 1713 1742 1787 1882 1898 1951 2036 2079 2150 2193 2256 2285 2357 2413 2430 2488 2574 2593 2660 2742 2770 2814 2890 2969 3020
7 49 85 159 182 234 278 367 391 461 525 585 601 653 739 773 837 902 953 1002 1034 1083 1178 1201 1275 1322 1372 1457 1482 1539 1613 1641 1698 1729 1832 1849 1930 1960 2024 2056 2108 2207 2253 2298 2370 2396 2472 2494 2581 2598 2698 2716 2790 2841 2873 2927 2970
7 49 86 126 176 225 312 333 396 466 538 569 632 652 727 787 857 886 946 1012 1046 1089 1145 1227 1283 1314 1375 1449 1494 1558 1617 1628 1676 1778 1796 1880 1913 1951 2034 2065 2123 2193 2217 2311 2360 2398 2430 2512 2586 2621 2651 2725 2770 2814 2863 2969 3007
7 49 86 133 199 231 290 346 405 437 527 569 647 651 749 797 839 879 926 984 1041 1105 1151 1219 1292 1327 1351 1447 1500 1564 1601 1668 1676 1774 1806 1858 1900 1954 2026 2060 2113 2166 2249 2307 2334 2416 2449 2520 2576 2606 2650 2720 2799 2829 2862 2962 3022
4 49 87 110 211 263 322 369 401 432 528 569 637 649 708 798 824 902 939 1002 1072 1101 1148 1216 1278 1331 1375 1406 1498 1525 1575 1670 1727 1745 1833 1875 1934 1967 2006 2090 2123 2176 2218 2275 2342 2385 2435 2496 2565 2625 2679 2726 2791 2827 2880 2927 2999
4 49 87 126 215 255 318 339 429 433 503 569 596 648 724 770 831 886 923 1006 1066 1094 1175 1208 1255 1327 1355 1447 1504 1548 1575 1640 1727 1770 1806 1883 1925 1982 2006 2080 2152 2169 2248 2279 2372 2392 2456 2496 2576 2618 2650 2733 2799 2837 2864 2923 2999
7 49 89 116 211 249 317 330 404 441 501 583 639 652 714 794 852 886 938 992 1066 1099 1158 1224 1245 1296 1356 1442 1497 1534 1617 1651 1727 1733 1816 1880 1936 1954 2012 2053 2123 2168 2255 2298 2353 2405 2448 2504 2553 2621 2696 2725 2806 2834 2874 2918 3004
4 49 89 156 170 225 282 333 412 466 489 593 639 692 734 785 811 879 948 998 1032 1095 1141 1188 1258 1333 1390 1442 1475 1517 1617 1632 1718 1750 1809 1840 1940 1951 2018 2095 2130 2186 2266 2270 2343 2414 2470 2498 2556 2621 2693 2725 2796 2828 2910 2947 3004
7 49 90 123 163 253 304 346 411 446 513 542 637 670 706 765 858 902 931 997 1047 1131 1134 1211 1270 1348 1382 1415 1505 1518 1578 1670 1681 1769 1790 1855 1919 1997 2045 2085 2137 2192 2224 2313 2362 2412 2451 2503 2564 2634 2689 2703 2772 2813 2907 2933 2982
4 49 90 155 195 258 290 346 381 449 527 547 610 676 728 780 860 917 949 1007 1070 1119 1138 1197 1270 1327 1351 1449 1473 1518 1577 1668 1676 1755 1822 1845 1913 1982 2045 2066 2137 2212 2234 2279 2373 2401 2465 2503 2542 2600 2684 2735 2769 2808 2883 2960 2983
4 49 91 109 191 268 321 362 389 467 510 547 596 695 744 771 819 893 942 990 1031 1114 1160 1196 1290 1332 1377 1421 1499 1532 1580 1652 1720 1772 1785 1868 1902 1987 2002 2099 2117 2187 2252 2321 2327 2386 2452 2516 2552 2642 2666 2700 2777 2848 2879 2940 3012
4 49 91 112 183 252 298 333 428 443 510 585 647 670 748 796 816 893 931 998 1027 1113 1141 1214 1262 1306 1401 1428 1475 1560 1606 1653 1681 1772 1782 1855 1924 1987 2002 2095 2145 2179 2266 2270 2330 2412 2459 2516 2563 2605 2678 2703 2802 2824 2904 2933 2985
4 49 91 159 179 263 271 353 389 464 506 585 610 700 708 782 824 902 950 980 1047 1126 1143 1207 1286 1336 1391 1406 1485 1536 1580 1645 1681 1776 1785 1870 1926 1954 2030 2087 2150 2176 2226 2321 2364 2403 2435 2488 2547 2592 2669 2750 2774 2844 2891 2940 3012
7 49 93 120 215 264 314 326 409 463 507 550 624 675 707 789 818 907 954 1022 1061 1086 1171 1204 1261 1320 1378 1411 1498 1515 1567 1624 1727 1754 1792 1882 1937 1967 2007 2067 2152 2178 2214 2285 2357 2395 2473 2507 2589 2613 2674 2742 2789 2820 2875 2955 2996
4 49 94 126 198 264 309 333 428 452 508 562 601 672 719 784 825 893 946 1004 1060 1106 1175 1230 1254 1321 1359 1449 1504 1548 1603 1621 1727 1747 1782 1880 1942 1982 2001 2080 2150 2165 2250 2285 2373 2398 2444 2497 2548 2624 2678 2704 2802 2814 2869 2918 2985
7 49 94 154 170 247 283 333 382 479 505 593 596 700 712 799 811 902 944 993 1034 1131 1139 1215 1254 1301 1385 1421 1476 1548 1580 1636 1698 1750 1813 1870 1915 1974 2001 2082 2150 2186 2258 2313 2348 2409 2470 2497 2555 2592 2694 2750 2775 2850 2896 2923 3009
4 49 95 111 194 227 292 326 412 444 525 583 632 654 710 771 838 893 962 972 1031 1106 1174 1230 1290 1316 1359 1457 1495 1542 1612 1623 1720 1753 1814 1865 1942 1951 1999 2067 2130 2195 2264 2285 2369 2398 2440 2505 2552 2630 2682 2719 2805 2832 2879 2927 2998
7 49 95 112 171 266 278 346 414 484 525 585 610 699 716 780 857 893 931 1005 1030 1083 1176 1228 1272 1318 1372 1415 1475 1560 1593 1646 1718 1753 1801 1871 1903 1951 1999 2060 2108 2160 2226 2307 2350 2396 2462 2505 2583 2628 2675 2734 2760 2824 2900 2969 3018
4 49 96 134 184 225 314 377 383 460 507 550 617 660 734 797 811 879 964 991 1041 1086 1185 1235 1292 1300 1378 1442 1490 1546 1573 1644 1676 1737 1830 1872 1906 1974 2025 2089 2152 2186 2228 2311 2324 2395 2470 2536 2576 2627 2677 2712 2775 2850 2862 2923 2988
7 49 96 152 162 228 297 339 383 469 520 542 632 658 705 781 848 917 941 1019 1065 1116 1152 1208 1251 1338 1382 1428 1486 1533 1573 1666 1685 1778 1830 1864 1904 1989 2050 2058 2137 2201 2230 2311 2354 2427 2445 2511 2539 2604 2667 2735 2786 2812 2884 2923 2988
4 49 100 123 203 255 303 353 412 457 497 578 637 679 711 760 829 866 922 987 1070 1122 1165 1213 1270 1324 1358 1449 1505 1518 1607 1630 1727 1740 1814 1884 1942 1951 2035 2052 2130 2183 2264 2279 2360 2394 2433 2503 2562 2593 2697 2721 2791 2822 2883 2933 2998
7 49 100 141 183 246 285 326 412 480 492 593 639 687 740 778 834 893 927 998 1029 1080 1151 1203 1255 1310 1397 1447 1466 1524 1607 1625 1713 1757 1814 1861 1940 1967 2017 2095 2113 2164 2266 2279 2330 2408 2474 2522 2557 2613 2682 2701 2805 2836 2903 2933 2998
4 49 100 148 177 240 291 330 410 472 515 593 637 696 712 773 810 886 955 986 1034 1104 1155 1215 1254 1322 1394 1449 1461 1525 1607 1629 1713 1734 1816 1867 1941 1974 2017 2072 2108 2193 2251 2285 2326 2380 2477 2522 2581 2593 2698 2721 2804 2823 2896 2927 2998
7 49 101 156 199 250 291 362 386 484 515 593 624 688 735 759 851 879 948 984 1045 1104 1176 1239 1256 1305 1394 1415 1475 1517 1566 1646 1681 1746 1807 1873 1919 1987 2004 2060 2108 2188 2249 2292 2334 2380 2476 2500 2560 2642 2686 2715 2755 2828 2898 2962 3003
7 49 102 113 196 256 322 369 379 446 528 556 632 672 705 807 847 907 946 982 1061 1089 1134 1210 1256 1331 1375 1415 1505 1527 1596 1670 1727 1736 1823 1880 1929 1951 2016 2085 2137 2173 2240 2292 2350 2398 2442 2489 2571 2631 2673 2704 2801 2826 2881 2918 2991
4 49 104 120 187 267 285 326 403 468 533 583 617 689 726 776 844 874 954 1011 1057 1109 1153 1232 1279 1301 1356 1411 1461 1552 1600 1634 1713 1759 1824 1882 1912 1974 1998 2075 2123 2189 2223 2313 2322 2395 2440 2499 2586 2626 2664 2728 2762 2820 2865 2969 3023
4 49 104 123 165 257 282 333 403 478 526 578 601 699 703 784 858 866 931 1016 1036 1102 1152 1227 1273 1308 1353 1428 1464 1559 1600 1656 1718 1765 1824 1871 1899 1960 2013 2082 2137 2181 2236 2313 2346 2396 2461 2484 2572 2620 2654 2734 2772 2813 2887 2969 3023
7 49 104 132 174 251 274 353 420 483 523 578 617 694 715 774 832 879 919 984 1032 1128 1161 1193 1289 1341 1380 1411 1468 1543 1600 1644 1718 1768 1808 1877 1908 1946 2013 2087 2117 2180 2222 2321 2359 2397 2433 2484 2567 2626 2668 2728 2763 2848 2877 2962 3023
4 49 105 136 169 219 295 339 412 454 495 585 647 653 743 804 847 874 923 1014 1057 1080 1142 1203 1246 1297 1381 1447 1479 1556 1601 1659 1713 1761 1809 1851 1940 1951 2027 2079 2130 2173 2266 2298 2339 2423 2442 2509 2558 2612 2688 2714 2801 2826 2900 2918 3004
7 49 105 138 173 268 301 346 396 482 495 578 624 694 728 774 827 874 937 985 1055 1119 1148 1197 1286 1344 1374 1406 1495 1516 1598 1620 1720 1761 1796 1877 1913 1951 2027 2093 2123 2203 2217 2321 2359 2377 2438 2509 2544 2628 2662 2728 2759 2857 2883 2960 3007
7 49 106 147 166 253 281 339 410 473 494 593 637 695 706 762 830 874 942 986 1055 1108 1137 1211 1263 1333 1383 1442 1480 1521 1616 1633 1720 1745 1809 1868 1941 1946 2041 2072 2137 2192 2251 2275 2337 2386 2478 2511 2556 2607 2693 2700 2796 2809 2907 2940 3006
4 50 54 111 168 239 315 355 402 443 520 580 621 667 720 757 831 907 957 981 1039 1121 1162 1221 1271 1343 1403 1430 1461 1523 1582 1655 1712 1780 1788 1884 1934 1982 2047 2081 2154 2178 2252 2301 2329 2427 2454 2499 2543 2608 2669 2710 2775 2822 2893 2959 2972
7 50 54 153 193 235 274 367 402 480 496 577 620 672 710 773 815 895 953 1005 1049 1108 1185 1197 1294 1310 1353 1431 1511 1546 1582 1659 1715 1758 1788 1847 1926 1991 2013 2094 2145 2161 2258 2301 2340 2405 2443 2533 2559 2602 2667 2716 2777 2855 2868 2959 2972
7 50 55 116 209 245 283 371 392 442 506 582 634 683 733 809 811 907 924 1007 1067 1098 1137 1207 1286 1336 1371 1441 1485 1548 1566 1624 1707 1750 1792 1888 1915 1976 2004 2082 2145 2173 2226 2295 2367 2400 2435 2510 2589 2607 2694 2749 2774 2816 2896 2944 2987
7 50 57 144 212 225 282 361 398 451 516 580 625 701 717 801 812 890 962 1024 1061 1099 1141 1211 1270 1301 1380 1430 1467 1539 1605 1621 1718 1742 1802 1877 1908 1986 2009 2059 2145 2177 2238 2315 2357 2410 2430 2487 2584 2640 2669 2751 2760 2833 2873 2949 2984
7 50 58 119 175 222 295 362 407 440 492 582 621 696 754 807 827 904 933 976 1079 1080 1161 1237 1287 1341 1352 1435 1486 1547 1567 1656 1721 1748 1813 1845 1905 1970 2021 2055 2140 2184 2225 2306 2362 2393 2452 2530 2580 2600 2680 2720 2773 2832 2897 2960 2983
7 50 58 132 197 264 281 364 407 441 521 587 625 655 742 779 851 902 954 1021 1047 1083 1150 1192 1262 1320 1378 1431 1460 1518 1567 1636 1717 1773 1813 1844 1901 1977 2045 2052 2133 2211 2229 2306 2374 2404 2483 2507 2555 2612 2665 2708 2789 2853 2875 2960 2983
4 50 58 142 187 225 283 356 408 480 506 582 625 657 717 784 810 889 970 1016 1055 1098 1185 1211 1277 1300 1371 1431 1511 1557 1567 1659 1721 1734 1812 1842 1909 1984 2021 2094 2145 2177 2249 2311 2359 2400 2432 2530 2541 2612 2657 2708 2769 2858 2873 2954 2983
7 50 59 157 196 255 298 356 383 436 522 583 631 665 750 780 863 902 970 1002 1042 1088 1144 1208 1259 1325 1359 1431 1472 1512 1586 1623 1706 1772 1828 1859 1891 1991 2024 2083 2149 2211 2227 2295 2340 2383 2472 2486 2550 2606 2682 2722 2800 2843 2871 2957 2993
7 50 60 122 182 264 294 356 414 441 503 587 632 653 753 802 814 895 947 978 1071 1114 1150 1229 1276 1308 1368 1430 1458 1561 1573 1636 1712 1749 1810 1848 1934 1984 2022 2054 2134 2200 2240 2310 2344 2407 2444 2536 2574 2612 2675 2701 2757 2819 2915 2960 2979
7 50 60 126 162 219 315 355 396 461 520 587 637 673 706 762 840 890 951 989 1046 1131 1145 1227 1263 1343 1403 1446 1482 1529 1574 1655 1712 1777 1783 1880 1938 1977 2050 2068 2147 2171 2224 2307 2323 2418 2445 2508 2560 2621 2651 2738 2767 2839 2875 2943 2978
4 50 61 124 209 236 300 364 405 449 498 565 641 683 715 809 816 890 918 1007 1077 1091 1157 1192 1290 1330 1379 1441 1473 1522 1572 1638 1713 1733 1818 1885 1893 1976 1999 2064 2140 2181 2244 2310 2367 2391 2453 2504 2580 2616 2691 2752 2780 2810 2902 2960 2979
7 50 61 147 193 265 316 356 414 467 491 565 631 665 702 780 821 895 931 1005 1042 1086 1187 1190 1252 1332 1372 1451 1509 1560 1572 1665 1713 1740 1810 1857 1916 1971 1999 2094 2147 2175 2258 2311 2340 2397 2460 2504 2550 2644 2675 2724 2757 2812 2878 2959 2979
7 50 62 111 164 220 303 355 430 444 530 583 632 658 748 771 830 904 957 972 1038 1133 1163 1233 1270 1315 1391 1430 1469 1515 1573 1650 1717 1753 1805 1884 1924 1971 2035 2067 2140 2183 2263 2315 2338 2427 2436 2513 2562 2593 2664 2720 2776 2822 2898 2954 2977
7 50 62 113 173 250 280 350 396 481 489 583 641 665 755 774 856 895 937 988 1060 1119 1134 1239 1286 1326 1354 1441 1460 1537 1572 1635 1717 1757 1783 1857 1938 1977 2027 2069 2147 2206 2224 2295 2346 2390 2466 2522 2569 2644 2659 2724 2759 2830 2904 2955 2978
7 50 62 118 204 233 275 355 396 453 511 582 631 683 726 801 841 890 932 1023 1061 1097 1147 1204 1270 1319 1352 1451 1462 1515 1572 1640 1718 1772 1783 1885 1900 1984 2035 2092 2140 2179 2262 2295 2375 2376 2464 2513 2584 2616 2651 2752 2767 2838 2873 2955 2978
7 50 63 136 212 228 275 355 429 437 488 587 634 655 733 779 821 889 945 1006 1044 1124 1180 1221 1265 1317 1374 1436 1493 1524 1585 1642 1718 1728 1821 1844 1931 1971 2015 2098 2145 2191 2267 2306 2374 2413 2445 2500 2559 2593 2660 2708 2758 2811 2880 2959 3020
7 50 63 157 191 220 288 350 417 444 510 583 634 657 724 793 855 902 970 975 1051 1101 1163 1209 1244 1330 1367 1436 1472 1512 1585 1650 1721 1739 1833 1842 1904 1976 2014 2063 2133 2207 2218 2310 2350 2400 2466 2501 2583 2593 2688 2708 2807 2843 2867 2954 3020
7 50 64 156 199 268 305 367 408 467 515 582 625 650 725 762 818 901 927 1016 1046 1104 1187 1206 1256 1343 1362 1451 1509 1551 1580 1665 1702 1756 1795 1852 1909 1982 2001 2094 2147 2167 2249 2301 2347 2392 2439 2488 2560 2641 2651 2700 2755 2827 2883 2943 3001
4 50 66 112 215 243 294 361 429 461 503 587 634 662 739 756 818 906 930 1006 1028 1114 1169 1232 1248 1312 1368 1447 1504 1534 1570 1632 1707 1751 1830 1866 1931 1982 2020 2098 2134 2169 2267 2300 2371 2407 2437 2505 2554 2595 2656 2711 2774 2809 2887 2943 3011
7 50 68 109 212 219 295 371 394 460 488 571 634 693 706 809 840 890 922 1024 1077 1100 1142 1202 1290 1341 1356 1446 1466 1531 1577 1656 1713 1728 1801 1882 1912 1970 2015 2059 2150 2171 2238 2306 2357 2399 2445 2494 2580 2622 2680 2737 2786 2821 2902 2949 2995
7 50 68 132 202 261 271 350 394 478 505 578 636 651 737 767 851 911 954 986 1041 1087 1155 1240 1242 1309 1358 1444 1464 1514 1577 1625 1706 1776 1801 1864 1914 1987 2008 2073 2133 2213 2236 2306 2325 2385 2481 2501 2568 2629 2677 2730 2789 2853 2912 2949 2995
4 50 69 125 214 226 271 355 402 462 505 565 631 683 705 801 824 907 940 1013 1061 1089 1164 1215 1254 1301 1358 1444 1476 1536 1566 1633 1702 1776 1788 1888 1926 1991 2008 2087 2145 2164 2258 2310 2375 2383 2470 2500 2584 2607 2669 2749 2775 2829 2891 2949 2972
7 50 69 143 202 260 277 362 391 469 505 566 636 668 736 777 863 907 964 976 1044 1093 1161 1218 1265 1303 1351 1436 1486 1524 1568 1629 1701 1776 1831 1858 1921 1991 2008 2055 2139 2202 2225 2306 2335 2381 2481 2500 2561 2618 2698 2706 2790 2854 2880 2957 2970
7 50 72 129 190 257 322 350 392 485 493 580 636 652 736 767 835 889 937 1000 1056 1098 1179 1207 1255 1346 1373 1441 1504 1517 1614 1654 1707 1737 1799 1849 1915 1982 2006 2089 2139 2205 2226 2311 2324 2398 2467 2485 2553 2643 2646 2740 2756 2814 2893 2964 2980
7 50 77 120 175 218 322 350 406 432 509 577 632 696 727 807 832 907 919 976 1067 1089 1148 1224 1275 1331 1357 1435 1487 1542 1581 1669 1707 1749 1817 1855 1919 1970 2016 2063 2154 2166 2217 2310 2362 2384 2451 2503 2591 2609 2692 2710 2801 2813 2907 2957 2982
7 50 77 160 207 264 282 367 406 451 517 572 625 650 742 762 863 890 967 1008 1046 1091 1141 1192 1263 1301 1379 1442 1465 1535 1581 1621 1712 1761 1817 1836 1893 1991 2017 2061 2133 2211 2243 2310 2347 2391 2472 2502 2560 2602 2693 2717 2800 2843 2875 2957 2982
7 50 81 113 215 239 289 364 387 447 494 571 641 693 720 809 831 907 939 1021 1067 1093 1150 1218 1286 1345 1351 1430 1460 1537 1594 1630 1707 1735 1786 1882 1921 1986 2007 2052 2134 2178 2229 2306 2357 2381 2454 2522 2589 2604 2686 2737 2768 2828 2896 2955 2973
7 50 81 127 196 261 275 367 387 478 511 572 620 672 737 773 861 904 927 1002 1049 1080 1138 1237 1249 1317 1352 1451 1459 1520 1594 1642 1706 1772 1786 1851 1905 1971 2035 2065 2149 2213 2245 2306 2340 2393 2472 2493 2559 2629 2660 2712 2794 2857 2914 2955 2973
4 50 81 160 167 231 303 366 382 456 530 572 641 694 712 761 810 890 952 992 1027 1131 1151 1236 1250 1327 1391 1430 1481 1519 1594 1638 1706 1753 1793 1881 1929 1984 2035 2074 2150 2177 2228 2307 2344 2429 2432 2493 2551 2604 2676 2737 2769 2858 2881 2954 2973
7 50 82 129 171 230 288 350 385 462 510 565 632 687 751 807 812 904 937 991 1079 1103 1146 1240 1287 1330 1367 1441 1463 1558 1569 1650 1721 1743 1818 1849 1897 1986 2010 2053 2150 2160 2222 2300 2370 2398 2447 2521 2580 2603 2691 2704 2780 2814 2897 2949 2999
7 50 83 125 181 243 316 362 378 461 491 565 621 687 739 807 817 907 938 982 1067 1086 1145 1212 1275 1342 1372 1446 1482 1530 1576 1655 1707 1729 1831 1849 1892 1981 2011 2068 2147 2169 2231 2300 2370 2397 2438 2516 2591 2595 2681 2704 2806 2831 2907 2964 2985
7 50 83 131 184 250 277 362 382 484 487 572 641 650 755 781 846 901 933 992 1070 1128 1156 1239 1275 1305 1369 1435 1475 1530 1580 1627 1701 1733 1785 1852 1929 1987 2011 2074 2147 2206 2228 2310 2327 2386 2476 2516 2575 2641 2674 2700 2784 2820 2904 2944 2981
4 50 84 110 181 238 292 349 419 453 491 578 621 663 754 772 819 901 946 1020 1026 1125 1147 1222 1257 1302 1396 1451 1462 1523 1584 1640 1715 1729 1826 1847 1943 1987 2011 2092 2140 2167 2265 2300 2331 2412 2438 2515 2540 2610 2672 2725 2792 2836 2912 2959 3005
7 50 84 111 209 240 277 349 401 469 487 580 636 701 704 791 830 907 957 1007 1075 1090 1161 1205 1257 1303 1369 1435 1461 1523 1599 1629 1713 1733 1800 1887 1906 1981 2011 2082 2140 2166 2226 2315 2367 2424 2453 2515 2590 2637 2670 2742 2776 2822 2862 2944 2989
4 50 87 153 164 236 278 367 407 455 522 571 641 663 715 766 832 901 953 972 1074 1083 1186 1192 1293 1304 1377 1431 1492 1565 1584 1627 1717 1753 1795 1847 1901 1970 2043 2102 2140 2181 2229 2307 2338 2405 2436 2527 2557 2610 2647 2725 2759 2855 2902 2957 3002
7 50 88 156 191 233 292 364 391 453 532 582 621 657 720 793 825 901 936 975 1070 1093 1147 1218 1283 1302 1355 1436 1497 1563 1618 1640 1701 1763 1782 1843 1921 1976 2044 2056 2154 2185 2225 2311 2350 2377 2442 2537 2563 2616 2648 2707 2771 2818 2896 2955 3021
4 50 89 124 170 257 274 364 383 483 489 566 625 700 736 779 835 889 918 980 1044 1110 1182 1218 1265 1310 1361 1441 1468 1527 1611 1659 1718 1756 1804 1885 1903 1991 2028 2072 2149 2205 2215 2301 2328 2391 2467 2496 2559 2645 2667 2736 2760 2810 2880 2955 3018
7 50 89 125 199 217 280 366 431 444 489 583 626 654 721 758 817 889 938 1016 1043 1119 1164 1236 1258 1311 1354 1442 1476 1536 1612 1649 1702 1756 1816 1856 1941 1991 2028 2087 2147 2168 2255 2300 2347 2390 2439 2496 2538 2597 2695 2723 2806 2831 2871 2954 3017
7 50 89 126 165 265 278 366 399 484 514 566 631 699 702 804 840 911 951 986 1036 1105 1156 1190 1258 1304 1386 1435 1475 1536 1611 1627 1718 1731 1787 1877 1896 1970 2028 2074 2147 2175 2235 2307 2362 2420 2441 2496 2557 2628 2647 2753 2767 2839 2878 2949 3018
7 50 90 109 165 216 281 366 419 448 515 566 632 668 751 777 840 895 922 1011 1049 1125 1143 1222 1249 1320 1385 1451 1477 1520 1591 1636 1715 1731 1815 1858 1943 1977 2027 2101 2150 2175 2265 2306 2335 2422 2441 2493 2555 2594 2665 2706 2786 2821 2914 2943 3016
7 50 90 160 173 237 274 367 411 452 489 566 641 664 707 766 855 896 967 996 1045 1110 1154 1201 1250 1336 1361 1442 1481 1519 1591 1634 1715 1757 1823 1836 1922 1976 2027 2070 2149 2207 2233 2295 2337 2391 2466 2493 2586 2598 2697 2702 2807 2843 2863 2954 3016
4 50 93 124 196 243 315 361 398 461 539 565 637 678 711 769 835 890 918 990 1027 1132 1145 1195 1261 1343 1384 1444 1473 1522 1570 1655 1706 1769 1802 1850 1914 1982 2049 2077 2149 2198 2232 2301 2353 2425 2474 2532 2543 2595 2669 2711 2760 2810 2869 2964 2984
4 50 93 142 177 221 271 350 381 454 505 565 641 665 727 774 810 906 970 984 1060 1089 1180 1224 1283 1309 1358 1436 1503 1565 1579 1625 1706 1738 1793 1859 1919 1981 2046 2089 2145 2162 2244 2311 2346 2383 2447 2535 2569 2613 2676 2722 2769 2858 2907 2957 2974
7 50 98 131 202 223 304 366 384 439 539 577 621 651 703 767 820 896 929 986 1056 1126 1156 1193 1272 1346 1395 1444 1475 1530 1602 1672 1701 1779 1784 1865 1913 1987 2040 2074 2139 2180 2235 2307 2325 2412 2478 2519 2553 2601 2646 2729 2771 2824 2874 2964 2996
4 50 99 114 196 221 309 349 388 452 537 577 626 660 704 786 847 911 925 990 1041 1090 1154 1205 1291 1300 1398 1442 1481 1564 1612 1634 1706 1769 1811 1837 1906 1984 2051 2070 2149 2186 2239 2311 2353 2396 2474 2520 2549 2615 2649 2705 2783 2817 2862 2944 3007
7 50 99 130 211 219 314 349 383 460 527 571 621 663 713 772 824 904 934 991 1026 1111 1142 1217 1291 1321 1383 1447 1465 1564 1601 1656 1712 1779 1804 1860 1903 1991 2051 2060 2149 2164 2215 2307 2331 2395 2470 2520 2540 2622 2652 2712 2775 2829 2876 2949 3018
7 50 99 147 162 228 276 371 388 433 538 571 632 654 733 781 821 889 931 989 1070 1098 1153 1207 1283 1305 1373 1436 1506 1563 1612 1628 1712 1777 1811 1856 1915 1986 2034 2062 2147 2191 2230 2311 2323 2398 2445 2537 2575 2597 2674 2723 2757 2812 2896 2944 3007
7 50 102 110 196 218 304 349 379 432 539 577 637 672 708 773 847 902 946 1002 1047 1126 1148 1210 1256 1348 1395 1451 1469 1516 1575 1669 1717 1769 1790 1847 1895 1971 2049 2083 2139 2186 2227 2301 2340 2412 2474 2525 2561 2609 2653 2716 2763 2836 2882 2957 2990
4 50 102 118 208 222 314 349 392 440 527 582 634 653 725 778 859 890 947 1007 1046 1099 1161 1206 1256 1321 1383 1436 1461 1516 1585 1656 1712 1781 1799 1848 1915 1982 2049 2082 2139 2212 2226 2315 2368 2407 2465 2525 2544 2600 2648 2701 2754 2823 2883 2960 2980
4 50 102 153 172 224 291 362 393 439 499 577 634 660 739 787 839 895 964 987 1060 1086 1186 1212 1283 1314 1370 1436 1492 1565 1585 1643 1717 1732 1798 1841 1892 1970 2038 2102 2134 2189 2214 2311 2352 2399 2433 2535 2556 2600 2671 2701 2766 2844 2907 2964 2980
4 50 103 111 177 223 295 371 423 440 488 583 621 665 703 774 858 904 931 984 1057 1102 1161 1193 1271 1341 1356 1436 1461 1523 1618 1656 1713 1744 1835 1857 1936 1981 1998 2082 2139 2180 2251 2295 2346 2397 2440 2499 2572 2599 2688 2724 2805 2848 2874 2959 3006
7 50 103 120 187 236 285 355 431 449 502 583 626 657 715 784 832 901 919 1016 1029 1128 1152 1227 1253 1308 1360 1431 1488 1541 1618 1644 1713 1730 1827 1843 1941 1984 1998 2087 2154 2181 2255 2310 2359 2396 2436 2499 2567 2616 2682 2707 2801 2813 2865 2943 3006
4 50 105 115 172 251 290 361 411 478 499 578 634 697 714 756 838 889 924 1001 1043 1098 1138 1211 1252 1302 1371 1451 1459 1531 1619 1642 1702 1732 1826 1888 1909 1976 2038 2065 2149 2190 2246 2311 2336 2400 2433 2532 2540 2638 2672 2736 2792 2817 2877 2949 3013
7 50 105 118 169 262 285 355 422 468 495 566 634 700 724 779 823 906 932 981 1047 1082 1162 1194 1256 1320 1366 1451 1461 1516 1619 1632 1713 1747 1815 1885 1916 1981 2046 2081 2133 2165 2252 2301 2328 2376 2431 2525 2555 2638 2665 2736 2786 2838 2882 2960 3013
4 50 106 126 190 218 289 364 423 448 494 566 637 659 708 760 854 911 948 1000 1040 1085 1149 1210 1263 1345 1351 1442 1482 1529 1615 1630 1707 1737 1835 1866 1936 1981 2005 2064 2139 2186 2251 2310 2324 2389 2467 2508 2578 2592 2697 2715 2796 2842 2882 2943 3006
7 50 106 144 175 262 294 361 391 468 503 566 636 699 707 804 816 904 962 976 1045 1111 1162 1201 1250 1312 1368 1430 1485 1521 1600 1632 1707 1749 1782 1877 1921 1976 2022 2055 2154 2183 2225 2307 2362 2410 2451 2491 2548 2638 2663 2753 2756 2833 2863 2960 3021
4 50 107 114 184 246 281 366 417 450 521 587 626 673 732 758 811 901 926 992 1026 1083 1151 1199 1291 1312 1378 1447 1481 1564 1607 1644 1715 1774 1830 1872 1894 1976 2044 2074 2133 2173 2228 2307 2327 2404 2435 2520 2554 2627 2656 2745 2774 2816 2876 2944 3022
7 50 107 119 176 240 276 361 417 469 538 580 637 679 708 769 826 906 941 983 1031 1101 1161 1209 1288 1304 1373 1436 1486 1547 1607 1629 1721 1777 1830 1854 1904 1970 2034 2055 2139 2162 2218 2307 2352 2394 2430 2529 2539 2637 2666 2735 2764 2824 2884 2944 3022
7 51 54 143 210 255 281 369 384 475 511 574 598 655 750 785 863 890 967 1008 1027 1097 1137 1219 1258 1305 1373 1442 1460 1541 1587 1640 1684 1768 1834 1860 1898 1988 2017 2057 2120 2210 2229 2288 2353 2404 2472 2507 2555 2631 2693 2711 2798 2841 2888 2950 2983
7 51 59 126 195 264 287 357 383 458 532 584 604 676 742 780 851 890 942 1007 1037 1100 1149 1230 1263 1325 1359 1442 1480 1512 1573 1621 1688 1771 1818 1859 1893 1989 2050 2083 2126 2210 2216 2272 2371 2388 2483 2497 2545 2625 2677 2717 2802 2849 2900 2951 2985
4 51 59 145 179 238 302 342 414 460 529 584 632 674 727 771 830 909 957 1000 1048 1121 1157 1228 1242 1332 1403 1414 1469 1533 1573 1669 1688 1774 1787 1884 1937 1971 2050 2059 2141 2172 2246 2303 2322 2426 2439 2497 2568 2609 2648 2733 2757 2851 2880 2920 2985
7 51 60 112 209 238 296 368 398 448 487 559 627 681 727 809 830 909 920 1024 1067 1102 1141 1207 1289 1345 1365 1414 1472 1548 1590 1651 1709 1745 1819 1871 1890 1948 2028 2058 2145 2172 2227 2282 2365 2406 2439 2516 2588 2621 2686 2749 2797 2811 2903 2944 2981
7 51 61 123 186 259 281 369 414 478 509 578 638 669 755 794 846 882 939 979 1065 1120 1151 1229 1290 1317 1374 1418 1459 1538 1571 1629 1684 1756 1787 1836 1937 1971 2015 2082 2141 2194 2246 2272 2332 2395 2479 2517 2581 2644 2649 2713 2756 2838 2913 2951 2985
7 51 62 120 188 218 300 362 400 437 515 559 621 687 738 806 832 897 938 1003 1079 1104 1148 1237 1285 1344 1357 1408 1464 1564 1586 1656 1719 1729 1807 1873 1919 1957 2016 2060 2142 2191 2231 2278 2370 2387 2446 2530 2580 2595 2687 2743 2773 2808 2895 2962 2982
7 51 62 133 174 220 302 336 402 434 529 584 621 685 739 767 818 898 966 972 1033 1121 1163 1235 1270 1346 1403 1408 1473 1513 1586 1655 1694 1780 1805 1875 1930 1982 2045 2075 2141 2175 2233 2313 2343 2426 2436 2502 2562 2595 2674 2743 2771 2840 2893 2926 2982
4 51 64 110 180 217 322 369 405 449 498 553 628 695 728 798 840 902 922 997 1076 1088 1142 1219 1281 1340 1356 1424 1478 1554 1572 1666 1702 1728 1831 1872 1907 1948 2020 2064 2151 2176 2238 2278 2363 2391 2453 2523 2591 2622 2679 2732 2791 2810 2911 2950 2995
4 51 64 128 167 248 292 369 408 468 486 566 627 664 755 788 856 868 929 987 1074 1120 1136 1229 1281 1312 1368 1414 1461 1554 1590 1649 1688 1740 1811 1859 1937 1982 2020 2057 2151 2204 2252 2288 2329 2401 2482 2523 2564 2641 2647 2729 2772 2817 2913 2951 2977
7 51 64 129 213 232 290 328 408 455 528 553 604 681 710 800 836 909 947 1013 1078 1085 1158 1203 1255 1305 1353 1437 1476 1512 1590 1632 1702 1767 1811 1871 1926 1988 2036 2093 2145 2193 2261 2288 2375 2378 2478 2506 2584 2621 2664 2749 2755 2824 2867 2951 2977
7 51 64 156 215 252 288 368 427 479 486 553 613 665 707 765 818 868 943 1015 1046 1110 1175 1190 1284 1321 1372 1438 1508 1551 1572 1660 1702 1740 1810 1837 1925 1982 2020 2105 2152 2175 2248 2302 2368 2392 2436 2523 2550 2624 2670 2730 2771 2840 2864 2926 2995
4 51 64 160 211 263 273 362 405 469 528 566 613 649 743 771 863 909 964 1003 1048 1092 1148 1212 1242 1298 1370 1438 1464 1525 1572 1625 1688 1767 1831 1853 1914 1988 2036 2060 2110 2202 2231 2278 2348 2385 2480 2506 2568 2624 2682 2730 2788 2852 2880 2950 2995
7 51 67 114 182 264 299 357 430 458 488 574 632 671 752 781 848 882 941 981 1066 1113 1135 1241 1289 1319 1385 1414 1486 1542 1573 1636 1678 1731 1795 1864 1933 1989 2003 2070 2134 2200 2260 2282 2333 2425 2473 2522 2556 2625 2646 2717 2776 2819 2904 2961 2976
4 51 67 137 204 238 276 342 430 460 517 544 604 696 714 796 828 897 933 1025 1068 1098 1183 1197 1245 1307 1378 1442 1493 1514 1573 1644 1709 1775 1795 1862 1936 1971 2035 2086 2152 2186 2257 2282 2372 2377 2471 2489 2576 2609 2668 2733 2754 2830 2882 2961 2976
4 51 67 148 205 262 305 350 409 476 488 544 607 669 719 767 822 882 935 1011 1033 1096 1187 1189 1272 1346 1379 1448 1499 1559 1571 1652 1709 1731 1799 1836 1917 1989 2003 2103 2141 2169 2262 2307 2360 2399 2451 2522 2562 2644 2674 2713 2778 2833 2891 2926 2978
7 51 68 115 170 248 276 358 395 481 515 578 627 651 755 799 862 873 932 984 1065 1127 1161 1229 1290 1307 1380 1408 1474 1543 1595 1644 1694 1745 1782 1841 1930 1971 1999 2076 2151 2204 2240 2282 2342 2413 2476 2511 2576 2629 2668 2702 2767 2814 2913 2962 2993
7 51 68 147 209 240 300 368 413 473 515 559 607 660 725 762 830 873 955 1015 1034 1104 1175 1215 1273 1333 1357 1449 1508 1560 1588 1667 1713 1745 1784 1857 1939 1971 1999 2105 2142 2172 2248 2302 2374 2387 2439 2511 2553 2611 2651 2700 2757 2851 2878 2920 3001
4 51 68 154 202 256 286 350 380 457 518 578 607 669 749 767 863 898 970 1014 1033 1095 1145 1224 1270 1324 1358 1449 1467 1529 1588 1643 1694 1776 1817 1848 1895 1988 2025 2073 2116 2202 2217 2272 2360 2382 2480 2485 2562 2611 2695 2700 2788 2852 2893 2950 3001
4 51 70 113 187 239 312 358 392 442 506 553 639 695 751 798 826 908 932 990 1079 1082 1154 1223 1285 1336 1353 1408 1470 1564 1594 1657 1708 1739 1808 1872 1921 1963 2007 2052 2145 2189 2237 2278 2363 2381 2454 2530 2588 2599 2694 2732 2787 2816 2895 2944 2971
7 51 70 150 195 263 275 368 392 469 538 573 598 672 743 784 860 898 955 1007 1049 1080 1138 1207 1254 1304 1363 1449 1461 1532 1594 1635 1688 1771 1808 1846 1913 1982 2045 2054 2126 2202 2245 2278 2371 2398 2483 2493 2554 2624 2678 2707 2803 2848 2887 2944 2971
7 51 71 118 188 224 272 332 419 452 516 566 632 664 748 764 839 877 941 1020 1032 1113 1176 1231 1255 1301 1385 1437 1495 1533 1591 1623 1719 1743 1829 1864 1943 1989 2021 2092 2142 2178 2264 2288 2354 2425 2431 2484 2553 2604 2683 2724 2786 2815 2914 2920 3012
7 51 74 128 212 223 300 368 399 446 493 544 627 691 734 809 833 890 926 1007 1076 1081 1138 1213 1281 1344 1378 1424 1461 1554 1578 1656 1713 1752 1801 1882 1906 1957 2009 2054 2152 2177 2245 2278 2355 2394 2458 2523 2580 2598 2687 2752 2780 2820 2911 2951 2970
7 51 74 138 211 259 290 350 399 478 528 578 613 656 735 772 851 908 954 998 1054 1082 1151 1223 1265 1308 1353 1437 1486 1519 1578 1629 1678 1767 1801 1850 1921 1989 2036 2053 2120 2213 2230 2278 2354 2381 2480 2495 2561 2644 2672 2706 2795 2856 2912 2951 2970
7 51 75 113 204 244 281 332 413 449 511 553 613 696 709 796 847 908 925 1025 1063 1108 1180 1211 1263 1317 1373 1442 1510 1525 1581 1629 1720 1768 1784 1868 1939 1971 2017 2096 2142 2192 2248 2272 2372 2393 2477 2484 2581 2593 2649 2727 2759 2823 2872 2950 3001
7 51 75 145 210 248 293 358 379 481 511 585 598 653 745 770 860 908 960 1002 1032 1089 1157 1234 1255 1313 1362 1437 1469 1533 1595 1648 1688 1768 1808 1839 1908 1971 2017 2059 2116 2213 2244 2288 2359 2397 2472 2484 2546 2629 2678 2702 2803 2848 2914 2955 2986
7 51 79 116 198 230 270 332 428 438 508 584 627 676 739 780 813 882 929 1004 1033 1120 1186 1235 1270 1318 1368 1449 1504 1529 1597 1633 1709 1758 1821 1859 1931 1982 2014 2096 2134 2165 2267 2272 2371 2401 2432 2485 2549 2600 2684 2717 2797 2828 2893 2930 3020
7 51 79 138 162 238 305 350 417 460 516 584 639 654 714 808 850 902 954 993 1072 1083 1157 1209 1260 1329 1352 1437 1465 1540 1597 1669 1709 1750 1832 1850 1932 1963 2014 2063 2116 2186 2253 2282 2334 2381 2449 2485 2582 2609 2699 2708 2796 2856 2870 2920 3020
4 51 82 145 176 245 310 342 424 454 533 585 621 680 738 772 813 908 957 978 1054 1133 1134 1220 1265 1321 1391 1414 1479 1523 1567 1638 1678 1764 1791 1884 1933 1982 2030 2065 2142 2162 2266 2302 2329 2426 2435 2491 2561 2608 2658 2727 2775 2851 2912 2930 2988
7 51 82 157 203 264 284 358 385 464 522 585 604 670 742 756 863 902 953 997 1047 1083 1150 1230 1253 1302 1355 1431 1485 1536 1567 1628 1678 1775 1828 1866 1911 1988 2030 2076 2126 2210 2226 2282 2340 2378 2472 2491 2551 2619 2698 2716 2798 2841 2900 2950 2988
7 51 84 133 212 240 291 328 383 450 496 584 604 701 714 800 826 898 966 1007 1072 1122 1155 1209 1260 1309 1387 1418 1473 1513 1613 1620 1713 1752 1797 1886 1893 1963 2005 2083 2152 2184 2216 2302 2355 2416 2458 2514 2590 2634 2652 2742 2762 2840 2870 2944 3008
4 51 85 119 174 269 306 350 392 474 500 585 607 685 735 767 856 873 937 972 1050 1082 1174 1223 1269 1327 1355 1408 1483 1535 1614 1667 1708 1734 1783 1878 1921 1982 2006 2071 2126 2204 2237 2312 2343 2379 2482 2501 2545 2642 2675 2740 2772 2817 2912 2951 2997
7 51 85 160 186 245 295 362 417 454 509 585 638 677 704 787 843 890 964 983 1062 1100 1134 1191 1257 1337 1362 1438 1470 1518 1592 1638 1708 1756 1832 1853 1932 1963 2015 2074 2116 2197 2253 2272 2328 2385 2479 2492 2585 2608 2688 2701 2807 2852 2866 2930 3020
7 51 86 113 202 231 310 328 401 454 527 553 621 651 703 776 842 908 932 1009 1035 1111 1134 1216 1288 1321 1397 1438 1470 1564 1601 1638 1694 1778 1810 1841 1897 1978 2051 2074 2116 2187 2225 2307 2364 2413 2478 2528 2550 2623 2670 2702 2771 2816 2879 2962 3021
4 51 86 120 210 238 318 328 380 448 536 559 639 655 714 785 828 897 938 1008 1044 1122 1141 1209 1288 1322 1389 1442 1464 1564 1615 1651 1688 1769 1812 1846 1893 1988 2051 2067 2116 2186 2219 2303 2353 2414 2471 2528 2539 2621 2662 2725 2777 2808 2870 2944 3007
7 51 86 147 167 237 287 357 405 447 532 559 621 653 720 793 831 873 960 980 1073 1092 1159 1212 1283 1325 1359 1438 1506 1562 1601 1621 1688 1780 1806 1839 1914 1948 2042 2085 2151 2160 2231 2313 2336 2397 2443 2537 2569 2623 2653 2702 2765 2846 2903 2955 3021
7 51 89 108 182 266 306 357 405 474 491 574 607 694 750 773 848 873 930 984 1027 1088 1174 1219 1258 1327 1364 1424 1476 1534 1598 1667 1702 1731 1806 1888 1907 1988 2000 2078 2110 2200 2238 2307 2330 2382 2473 2515 2567 2645 2653 2744 2765 2829 2888 2962 3021
7 51 89 128 162 257 296 368 401 482 501 566 607 700 749 762 835 868 926 993 1041 1109 1173 1218 1247 1328 1351 1424 1500 1515 1598 1668 1709 1750 1810 1882 1897 1978 2029 2090 2116 2201 2225 2313 2334 2394 2449 2486 2546 2645 2663 2744 2778 2820 2899 2955 3021
7 51 90 120 198 217 290 328 419 449 489 573 638 672 728 784 832 882 938 1004 1043 1119 1180 1236 1250 1308 1392 1442 1510 1518 1596 1629 1702 1730 1822 1846 1940 1989 2003 2096 2142 2176 2267 2278 2371 2414 2460 2499 2561 2622 2672 2707 2773 2808 2894 2930 3019
7 51 90 124 192 269 312 358 406 482 489 566 604 666 745 756 859 882 940 988 1039 1089 1182 1234 1248 1334 1370 1418 1489 1520 1613 1659 1708 1730 1789 1861 1908 1989 2003 2079 2110 2194 2215 2312 2344 2388 2466 2499 2559 2635 2657 2741 2779 2836 2914 2955 3002
7 51 90 143 174 233 301 369 418 433 494 566 638 659 711 794 853 898 967 972 1068 1103 1149 1200 1245 1345 1366 1442 1487 1514 1596 1646 1708 1734 1823 1860 1916 1948 2013 2075 2126 2207 2233 2282 2343 2404 2482 2489 2578 2622 2696 2707 2807 2841 2882 2926 3019
7 51 90 150 215 234 286 342 406 457 494 573 607 701 724 789 831 898 957 1018 1061 1106 1145 1204 1244 1324 1381 1414 1478 1515 1613 1643 1702 1734 1789 1886 1891 1948 2013 2061 2152 2160 2232 2312 2365 2424 2443 2489 2587 2634 2671 2742 2765 2846 2892 2955 3002
7 51 91 126 191 220 319 362 426 434 510 584 628 657 716 802 857 890 942 973 1078 1097 1163 1196 1255 1329 1377 1437 1480 1512 1608 1655 1720 1735 1832 1847 1923 1957 2009 2068 2110 2198 2241 2288 2339 2400 2461 2506 2582 2595 2699 2721 2796 2849 2867 2926 3011
7 51 91 157 167 224 288 350 426 443 486 585 627 653 719 793 853 902 953 980 1057 1096 1156 1189 1249 1337 1372 1438 1485 1536 1608 1645 1719 1740 1832 1838 1917 1948 2020 2069 2120 2207 2247 2288 2336 2406 2482 2495 2585 2613 2688 2703 2807 2841 2891 2926 3011
7 51 93 123 210 227 313 328 387 440 539 559 628 653 725 770 828 902 947 1002 1034 1129 1151 1215 1273 1348 1382 1437 1459 1538 1608 1666 1684 1769 1803 1838 1915 1971 2048 2082 2120 2186 2221 2313 2359 2412 2471 2532 2544 2613 2659 2703 2754 2830 2878 2961 3009
7 51 93 124 206 218 317 336 398 437 527 559 627 657 732 773 859 890 940 1024 1027 1099 1148 1210 1267 1327 1390 1438 1466 1543 1608 1656 1684 1781 1793 1847 1890 1982 2048 2058 2110 2197 2227 2312 2368 2401 2463 2532 2567 2595 2653 2721 2779 2836 2877 2962 3009
4 51 94 114 206 245 318 336 388 447 536 559 638 660 704 762 859 898 928 1018 1041 1122 1135 1191 1278 1328 1389 1431 1486 1542 1584 1646 1678 1781 1805 1857 1911 1989 2040 2070 2116 2197 2223 2302 2374 2414 2463 2531 2546 2615 2663 2700 2783 2832 2866 2955 2996
4 51 96 132 198 241 284 328 387 464 491 573 604 701 703 800 832 902 958 1021 1072 1111 1150 1216 1251 1302 1386 1424 1481 1524 1605 1628 1709 1730 1803 1877 1897 1957 2001 2081 2134 2176 2239 2312 2355 2423 2460 2505 2590 2640 2659 2750 2754 2826 2879 2962 3009
4 51 96 137 209 222 293 336 428 456 497 573 638 660 733 762 811 868 939 1015 1041 1120 1183 1235 1247 1313 1374 1449 1493 1514 1603 1648 1709 1737 1830 1836 1931 1971 2019 2086 2145 2190 2267 2288 2374 2395 2448 2487 2546 2603 2678 2722 2781 2824 2899 2926 3011
7 51 97 156 186 227 272 368 389 452 521 544 632 677 727 787 826 877 943 983 1073 1102 1176 1207 1283 1301 1379 1438 1497 1562 1612 1623 1684 1777 1788 1837 1890 1963 2032 2090 2141 2184 2236 2313 2328 2392 2458 2537 2575 2601 2661 2718 2762 2840 2903 2944 3023
7 51 100 110 188 216 276 342 431 453 515 578 621 656 720 772 840 877 922 1020 1049 1127 1171 1228 1254 1320 1380 1449 1500 1532 1618 1631 1709 1729 1814 1850 1931 1978 2016 2092 2151 2183 2264 2278 2354 2413 2446 2493 2566 2605 2695 2706 2791 2810 2887 2920 3015
7 51 100 150 193 265 285 342 384 468 487 574 598 689 730 797 821 897 957 1008 1051 1112 1136 1205 1254 1319 1375 1414 1461 1532 1609 1649 1713 1757 1795 1886 1898 1957 2016 2057 2151 2185 2229 2313 2369 2424 2437 2493 2556 2626 2646 2753 2776 2846 2885 2944 3023
4 51 101 140 173 223 270 358 406 438 504 553 627 651 734 799 838 882 953 981 1065 1096 1186 1213 1292 1318 1372 1431 1501 1565 1602 1633 1684 1753 1789 1838 1891 1948 2039 2099 2152 2177 2232 2307 2342 2406 2454 2527 2576 2607 2657 2705 2779 2858 2911 2961 3002
7 51 102 118 203 230 313 332 392 438 539 553 639 671 707 768 841 890 941 990 1046 1116 1146 1190 1284 1343 1382 1437 1479 1549 1597 1672 1678 1769 1783 1864 1921 1982 2048 2052 2126 2198 2237 2303 2347 2425 2477 2525 2547 2600 2664 2717 2784 2815 2864 2961 2997
4 51 102 155 182 245 291 362 393 454 523 553 628 665 738 802 815 873 948 984 1069 1104 1152 1237 1295 1309 1361 1448 1498 1553 1592 1620 1678 1770 1790 1865 1919 1963 2038 2078 2134 2162 2238 2302 2330 2383 2433 2534 2590 2608 2652 2701 2769 2845 2895 2962 3003
7 51 103 115 191 257 307 368 407 482 496 578 613 694 743 765 847 873 923 973 1038 1080 1182 1207 1264 1339 1371 1418 1489 1528 1598 1659 1720 1735 1784 1888 1913 1978 2023 2079 2110 2208 2230 2303 2339 2389 2461 2513 2558 2645 2649 2744 2759 2823 2887 2944 3007
7 51 106 139 180 251 280 336 385 481 507 585 604 689 704 803 825 897 966 997 1062 1122 1161 1191 1257 1303 1387 1408 1474 1520 1609 1644 1702 1728 1800 1886 1911 1963 2011 2076 2151 2191 2226 2303 2363 2416 2453 2490 2569 2626 2675 2753 2755 2834 2866 2955 3018
7 51 107 116 186 247 299 328 425 458 521 584 632 685 710 777 833 882 937 979 1039 1085 1135 1203 1294 1319 1352 1431 1475 1558 1616 1636 1708 1777 1822 1878 1926 1957 2032 2082 2116 2177 2246 2313 2332 2379 2458 2528 2538 2640 2665 2740 2780 2820 2867 2951 3013
7 51 107 131 170 241 275 336 418 464 538 573 632 690 717 759 839 873 928 984 1028 1080 1150 1210 1277 1311 1363 1431 1485 1561 1616 1628 1719 1774 1829 1873 1909 1948 2042 2076 2126 2161 2240 2303 2342 2398 2448 2518 2543 2640 2683 2740 2786 2815 2892 2962 3013
7 52 55 110 209 243 294 344 427 463 506 554 594 660 743 762 822 872 935 1015 1045 1103 1169 1195 1278 1301 1397 1431 1499 1527 1576 1645 1707 1738 1824 1849 1940 1989 2028 2091 2159 2161 2250 2276 2373 2414 2434 2525 2572 2615 2663 2745 2785 2857 2894 2934 2997
7 52 55 139 186 229 316 377 420 444 495 554 621 679 720 792 833 909 958 977 1067 1092 1139 1236 1258 1340 1354 1404 1477 1548 1576 1671 1707 1748 1831 1864 1921 1953 2028 2087 2128 2199 2231 2286 2347 2377 2477 2525 2577 2637 2681 2723 2804 2815 2864 2924 2997
4 52 58 119 199 238 282 337 413 470 492 585 626 677 752 758 850 880 921 988 1052 1123 1152 1222 1284 1341 1401 1426 1506 1541 1590 1634 1682 1747 1813 1845 1928 1997 2033 2055 2134 2167 2255 2277 2362 2422 2462 2501 2549 2639 2669 2721 2783 2809 2912 2916 2996
4 52 58 120 212 244 281 340 413 441 516 548 615 671 742 763 821 878 931 1006 1058 1083 1180 1204 1261 1297 1398 1436 1509 1518 1590 1624 1720 1770 1813 1873 1931 1971 2015 2096 2159 2162 2254 2277 2372 2395 2456 2519 2579 2613 2674 2748 2777 2853 2899 2916 2996
7 52 58 144 173 253 319 377 408 455 528 548 626 658 715 802 813 890 957 973 1077 1091 1140 1232 1248 1331 1375 1426 1489 1531 1590 1670 1720 1758 1817 1865 1913 1958 2015 2093 2124 2179 2243 2268 2325 2378 2478 2519 2582 2639 2685 2721 2796 2824 2874 2925 2996
7 52 58 159 211 243 296 340 425 454 528 585 594 689 743 771 814 890 961 990 1062 1130 1178 1195 1261 1298 1399 1413 1470 1518 1591 1631 1682 1758 1802 1874 1914 1958 2015 2066 2159 2161 2253 2301 2324 2411 2442 2519 2578 2624 2675 2737 2764 2855 2894 2938 2995
7 52 59 117 180 222 292 369 393 473 530 540 626 663 752 798 857 871 946 1020 1064 1106 1135 1237 1285 1327 1361 1413 1462 1558 1585 1648 1696 1741 1787 1875 1932 1958 2011 2064 2134 2184 2245 2286 2324 2378 2468 2535 2574 2625 2672 2738 2779 2828 2897 2969 3005
7 52 59 142 184 255 288 350 383 447 499 540 603 688 731 757 836 878 968 1002 1030 1127 1175 1209 1288 1345 1387 1436 1496 1555 1585 1623 1696 1772 1799 1842 1915 1952 2011 2089 2152 2162 2240 2321 2350 2400 2441 2535 2550 2630 2676 2733 2797 2858 2871 2934 3005
7 52 59 146 200 245 280 350 409 475 530 561 611 672 714 776 813 871 953 995 1036 1108 1183 1189 1288 1298 1372 1457 1492 1555 1599 1646 1674 1741 1818 1861 1930 1958 2011 2103 2152 2209 2221 2301 2369 2407 2449 2535 2567 2609 2686 2705 2770 2850 2865 2925 2990
4 52 60 146 182 249 283 356 379 438 523 561 608 687 718 758 835 871 959 982 1052 1128 1185 1217 1291 1341 1368 1449 1501 1546 1597 1633 1692 1775 1810 1851 1902 1953 2022 2099 2134 2165 2218 2321 2351 2379 2455 2534 2549 2612 2669 2738 2786 2844 2905 2916 3012
7 52 63 113 190 238 318 377 380 470 497 540 621 673 752 792 842 884 951 994 1064 1122 1147 1237 1285 1299 1379 1422 1470 1563 1586 1638 1682 1729 1821 1841 1917 1958 2002 2097 2140 2167 2225 2277 2353 2393 2471 2530 2580 2639 2662 2725 2792 2827 2897 2962 3000
7 52 63 156 197 240 275 344 380 437 537 548 611 671 733 763 851 917 935 1021 1066 1124 1150 1210 1243 1316 1363 1431 1487 1524 1586 1653 1674 1771 1821 1873 1901 1977 2045 2095 2121 2197 2241 2277 2372 2390 2469 2488 2570 2617 2683 2748 2770 2811 2890 2962 3000
7 52 64 148 214 232 288 344 406 462 499 540 602 683 707 795 829 917 924 1018 1061 1127 1145 1211 1272 1299 1387 1422 1459 1539 1592 1668 1702 1740 1821 1886 1911 1953 2043 2056 2152 2195 2224 2283 2365 2400 2436 2507 2580 2636 2662 2749 2792 2840 2887 2949 2972
7 52 65 112 175 222 285 324 424 464 489 585 621 670 752 767 857 871 942 985 1052 1118 1153 1222 1284 1336 1391 1413 1491 1528 1567 1656 1692 1746 1792 1867 1933 1997 2046 2058 2140 2184 2265 2290 2366 2412 2468 2515 2540 2634 2675 2729 2775 2832 2912 2931 2974
7 52 65 121 166 247 319 377 386 439 528 557 621 679 739 792 816 896 962 996 1067 1082 1156 1227 1245 1331 1375 1413 1495 1530 1567 1670 1720 1744 1828 1858 1920 1944 2029 2100 2114 2180 2235 2283 2347 2387 2464 2532 2577 2634 2690 2729 2805 2821 2877 2938 2974
7 52 66 114 204 218 299 324 429 458 534 557 603 679 731 781 847 884 958 1010 1050 1084 1183 1198 1289 1313 1362 1457 1508 1535 1610 1662 1707 1731 1788 1864 1936 1971 2017 2088 2152 2200 2257 2283 2358 2377 2446 2523 2543 2603 2680 2723 2774 2840 2882 2924 2983
7 52 66 119 213 235 294 344 387 466 533 557 602 691 739 795 850 909 921 1021 1067 1109 1150 1227 1245 1321 1370 1419 1487 1560 1578 1625 1707 1751 1804 1882 1892 1944 2036 2095 2134 2193 2241 2277 2357 2386 2437 2503 2574 2598 2677 2751 2783 2809 2877 2969 3016
7 52 66 158 173 249 285 324 399 451 489 572 602 694 707 766 852 890 952 973 1046 1116 1165 1212 1289 1336 1391 1419 1465 1535 1578 1656 1692 1776 1793 1879 1922 1965 2017 2093 2152 2177 2243 2321 2325 2415 2460 2523 2567 2598 2648 2751 2781 2858 2886 2925 3016
7 52 69 128 174 250 301 369 426 482 505 566 615 659 741 778 856 880 946 986 1057 1096 1156 1229 1266 1337 1386 1413 1505 1536 1608 1627 1689 1734 1794 1838 1893 1997 2033 2090 2114 2204 2233 2268 2366 2416 2481 2489 2566 2641 2647 2727 2758 2818 2898 2949 3001
4 52 69 143 194 218 282 331 388 442 492 566 603 698 731 779 825 917 956 1012 1073 1126 1155 1198 1265 1310 1401 1426 1488 1537 1608 1664 1689 1747 1830 1870 1894 1961 2033 2081 2152 2200 2215 2301 2328 2419 2467 2489 2576 2619 2665 2749 2757 2850 2882 2916 3001
7 52 71 114 172 251 321 369 407 471 498 561 603 687 727 785 838 880 949 998 1046 1114 1168 1193 1289 1343 1356 1419 1508 1535 1569 1663 1702 1772 1794 1872 1907 1977 2012 2102 2106 2192 2256 2321 2323 2396 2453 2523 2548 2635 2650 2716 2755 2849 2886 2924 3020
7 52 71 128 184 258 275 324 419 448 498 566 647 649 751 797 812 880 927 1002 1033 1123 1138 1222 1264 1316 1401 1412 1482 1559 1614 1653 1696 1772 1798 1840 1928 1977 2012 2078 2152 2187 2251 2277 2350 2422 2441 2523 2570 2623 2683 2712 2794 2837 2913 2931 2973
7 52 71 131 214 252 280 324 388 472 530 561 608 686 734 791 844 896 942 1018 1076 1108 1162 1228 1264 1322 1372 1413 1478 1559 1569 1622 1702 1740 1812 1871 1891 1961 2012 2062 2152 2180 2218 2276 2365 2407 2436 2523 2587 2608 2689 2742 2771 2813 2868 2969 3020
7 52 72 109 204 229 272 337 383 477 525 549 594 691 740 791 858 890 921 1007 1076 1100 1155 1235 1249 1322 1378 1426 1485 1552 1571 1631 1707 1743 1799 1882 1915 1952 2035 2084 2152 2179 2240 2286 2361 2386 2433 2517 2587 2605 2689 2751 2785 2820 2885 2969 3005
4 52 72 110 213 239 298 331 429 457 526 549 611 690 722 782 848 878 966 1006 1028 1084 1169 1198 1281 1319 1351 1457 1499 1527 1599 1650 1707 1735 1795 1866 1936 1989 2031 2091 2134 2208 2257 2290 2371 2388 2454 2522 2549 2597 2691 2717 2768 2826 2891 2916 2976
7 52 72 130 164 262 311 369 393 476 501 549 615 692 706 778 830 871 955 998 1054 1128 1168 1200 1282 1332 1353 1404 1508 1519 1571 1658 1707 1767 1787 1849 1921 1971 2035 2102 2121 2170 2256 2321 2332 2395 2459 2517 2569 2643 2672 2713 2779 2856 2863 2934 3005
4 52 72 135 191 258 273 337 429 462 501 572 647 672 751 803 821 871 948 982 1049 1118 1145 1222 1249 1315 1391 1422 1459 1552 1599 1668 1683 1767 1795 1861 1933 1971 2035 2056 2152 2187 2260 2290 2342 2412 2432 2517 2576 2609 2660 2705 2799 2830 2913 2916 2976
7 52 72 136 190 245 320 350 389 475 493 549 647 673 750 792 814 909 937 994 1067 1117 1159 1207 1258 1331 1373 1422 1460 1551 1599 1669 1707 1768 1833 1860 1904 1958 2031 2063 2114 2172 2258 2268 2353 2423 2431 2522 2577 2609 2690 2705 2801 2818 2864 2938 2976
7 52 76 133 163 240 289 356 395 437 518 548 647 658 738 802 832 880 920 984 1069 1096 1150 1229 1276 1302 1386 1419 1500 1561 1613 1653 1683 1768 1796 1865 1893 1965 2005 2083 2134 2192 2262 2268 2325 2416 2458 2534 2589 2617 2659 2721 2799 2819 2901 2962 3009
7 52 76 135 206 219 312 344 397 480 535 548 594 660 717 762 846 896 939 1018 1045 1082 1145 1227 1273 1313 1375 1449 1459 1552 1603 1649 1683 1762 1806 1880 1920 1971 2048 2056 2124 2202 2224 2283 2373 2387 2469 2491 2572 2611 2651 2714 2780 2839 2899 2969 3019
7 52 76 144 205 260 313 340 401 444 520 548 639 696 724 768 812 890 933 989 1027 1116 1139 1218 1282 1343 1388 1404 1477 1543 1603 1671 1683 1777 1802 1839 1916 1977 2048 2087 2128 2171 2219 2321 2352 2418 2456 2491 2542 2606 2656 2719 2784 2848 2890 2931 3019
4 52 76 146 181 244 271 350 390 441 526 548 608 653 704 772 825 884 953 978 1068 1102 1180 1199 1291 1308 1377 1457 1501 1546 1613 1624 1683 1759 1801 1861 1934 1961 2005 2104 2140 2200 2227 2313 2356 2407 2467 2534 2568 2613 2694 2725 2757 2850 2888 2916 3009
7 52 76 151 190 264 306 350 401 435 518 549 594 692 732 767 814 880 969 1002 1052 1114 1175 1205 1291 1336 1369 1449 1496 1546 1603 1636 1682 1768 1802 1848 1895 1965 2005 2089 2140 2172 2240 2321 2344 2382 2431 2534 2540 2611 2675 2714 2764 2855 2905 2931 3019
7 52 77 121 165 254 309 377 393 474 515 572 594 676 737 797 861 880 962 984 1033 1106 1137 1237 1264 1333 1352 1413 1476 1549 1591 1636 1696 1738 1815 1858 1932 1971 2019 2101 2121 2204 2245 2276 2322 2387 2476 2531 2570 2629 2666 2732 2760 2821 2913 2962 2975
7 52 78 151 172 253 310 377 393 455 514 549 615 677 720 796 823 880 964 998 1042 1092 1184 1236 1283 1328 1351 1436 1492 1550 1590 1627 1674 1750 1815 1845 1921 1958 2030 2102 2134 2174 2256 2313 2323 2380 2474 2521 2575 2639 2666 2721 2760 2859 2864 2924 2975
7 52 79 130 196 246 281 369 417 460 516 548 621 660 738 807 834 872 955 991 1069 1083 1174 1229 1276 1300 1398 1404 1465 1562 1576 1621 1692 1744 1811 1849 1906 1965 2041 2085 2159 2186 2252 2283 2327 2395 2435 2533 2584 2615 2656 2745 2775 2856 2901 2949 2972
7 52 79 146 173 229 303 377 406 444 502 548 594 676 740 797 813 884 953 976 1033 1104 1185 1235 1292 1316 1355 1431 1501 1546 1576 1626 1692 1758 1821 1867 1911 1953 2041 2099 2152 2179 2224 2301 2322 2401 2478 2533 2570 2637 2683 2723 2770 2850 2885 2931 2972
7 52 81 156 181 218 320 350 402 458 493 548 639 660 731 807 825 917 935 1005 1072 1127 1176 1209 1246 1331 1373 1426 1487 1524 1588 1669 1707 1759 1817 1849 1915 1944 2039 2069 2115 2200 2219 2283 2327 2414 2467 2485 2582 2603 2685 2745 2796 2811 2871 2934 3002
7 52 82 127 212 227 292 344 425 433 496 549 602 691 750 795 826 896 923 1022 1067 1094 1174 1207 1258 1327 1394 1404 1489 1548 1575 1648 1720 1754 1806 1887 1927 1958 2000 2059 2159 2191 2238 2286 2357 2389 2473 2525 2574 2596 2672 2747 2759 2842 2864 2944 2991
4 52 82 149 205 238 314 377 382 470 496 585 611 653 709 790 845 896 953 1001 1045 1108 1152 1228 1278 1309 1372 1431 1461 1527 1586 1634 1683 1754 1828 1861 1891 1958 2000 2101 2128 2210 2226 2276 2338 2407 2479 2525 2544 2639 2697 2725 2798 2847 2894 2916 2980
4 52 82 152 194 220 311 356 382 457 501 549 621 671 718 806 816 917 931 1012 1075 1128 1164 1217 1267 1335 1353 1422 1480 1523 1586 1655 1720 1764 1828 1873 1902 1965 2038 2081 2121 2195 2215 2276 2328 2395 2450 2486 2573 2617 2690 2748 2805 2821 2905 2916 2980
7 52 83 145 209 218 298 331 411 442 487 540 615 683 742 795 830 909 940 1023 1067 1112 1178 1224 1245 1327 1390 1413 1471 1530 1608 1642 1707 1732 1787 1886 1910 1961 2010 2065 2159 2190 2220 2283 2365 2383 2440 2532 2574 2619 2672 2749 2779 2856 2877 2944 2987
7 52 83 148 175 239 311 369 403 457 489 540 621 654 722 807 833 917 949 1016 1072 1119 1164 1216 1246 1335 1365 1419 1485 1513 1582 1655 1707 1746 1831 1855 1892 1952 2046 2075 2124 2208 2225 2290 2334 2413 2468 2496 2582 2597 2681 2735 2804 2815 2871 2925 3014
4 52 87 119 210 255 305 350 389 447 511 557 626 655 704 806 820 909 919 1009 1075 1102 1137 1199 1284 1335 1380 1413 1506 1541 1585 1661 1727 1752 1833 1876 1934 1952 2003 2071 2121 2190 2228 2290 2345 2404 2451 2501 2573 2630 2690 2733 2801 2812 2888 2916 2976
7 52 87 128 212 260 318 331 409 445 516 557 615 691 724 795 812 890 927 1022 1061 1081 1171 1215 1266 1299 1362 1404 1505 1536 1571 1638 1727 1770 1818 1882 1930 1958 2015 2076 2152 2171 2221 2277 2357 2380 2456 2489 2580 2605 2662 2751 2794 2837 2893 2949 2990
4 52 87 143 188 222 281 369 389 473 516 593 603 687 725 785 845 890 959 983 1046 1099 1161 1225 1265 1300 1398 1436 1488 1537 1585 1621 1692 1770 1833 1851 1904 1958 2015 2075 2114 2210 2258 2290 2323 2379 2479 2489 2548 2625 2693 2738 2798 2847 2910 2916 2976
7 52 88 120 187 256 285 340 420 464 527 554 621 695 703 776 832 871 931 977 1036 1128 1153 1200 1288 1336 1353 1436 1464 1563 1616 1656 1674 1763 1808 1873 1921 1965 2037 2087 2115 2189 2231 2321 2346 2395 2461 2528 2567 2599 2648 2724 2765 2853 2865 2962 3021
7 52 88 123 165 263 282 331 420 470 537 540 626 688 726 784 839 880 954 984 1057 1114 1152 1193 1277 1341 1356 1431 1461 1553 1616 1634 1689 1774 1808 1868 1907 1953 2042 2101 2128 2181 2245 2321 2322 2396 2440 2524 2560 2616 2657 2707 2756 2848 2887 2962 3021
7 52 88 132 174 247 274 344 403 473 532 540 621 685 739 774 844 872 941 1016 1029 1109 1161 1227 1283 1308 1360 1436 1488 1547 1616 1621 1689 1779 1824 1883 1892 1961 2042 2075 2114 2180 2225 2313 2335 2397 2436 2524 2586 2599 2676 2724 2771 2813 2877 2969 3021
7 52 89 141 163 266 280 324 381 481 508 593 602 694 725 766 842 880 923 984 1046 1094 1176 1225 1265 1298 1394 1426 1474 1517 1604 1646 1702 1756 1798 1887 1909 1958 2030 2083 2115 2167 2262 2301 2325 2389 2471 2510 2567 2628 2686 2744 2792 2827 2910 2962 3013
7 52 91 113 173 265 311 356 397 467 489 540 602 688 728 784 826 884 936 976 1048 1119 1177 1190 1286 1332 1365 1413 1509 1525 1589 1658 1720 1776 1806 1868 1920 1971 2017 2099 2124 2203 2224 2321 2322 2413 2460 2498 2569 2642 2672 2707 2759 2842 2872 2931 3019
7 52 91 119 167 250 280 350 401 481 530 585 602 680 741 793 856 880 919 1005 1042 1111 1176 1223 1245 1298 1372 1413 1487 1560 1589 1646 1674 1740 1802 1876 1916 1977 2012 2069 2128 2204 2219 2283 2341 2404 2481 2503 2578 2642 2675 2707 2764 2812 2904 2969 3019
7 52 91 123 214 220 292 344 428 457 530 540 608 658 718 760 829 880 957 1015 1038 1106 1169 1230 1290 1324 1361 1457 1499 1515 1613 1650 1720 1740 1789 1865 1939 1977 2012 2091 2134 2195 2250 2276 2368 2378 2436 2503 2539 2617 2687 2721 2787 2845 2892 2925 2994
7 52 91 149 172 256 275 344 397 464 498 585 603 697 703 799 841 896 956 974 1056 1126 1170 1192 1290 1330 1401 1412 1473 1515 1589 1639 1674 1772 1806 1870 1900 1961 2012 2092 2134 2189 2244 2321 2348 2419 2453 2503 2554 2599 2651 2750 2780 2844 2873 2931 3019
7 52 92 114 174 220 279 324 381 456 532 561 621 670 718 767 829 880 958 986 1052 1092 1181 1217 1291 1325 1354 1457 1481 1562 1601 1640 1682 1779 1798 1864 1938 1953 2042 2090 2121 2195 2233 2313 2366 2377 2436 2520 2540 2618 2686 2732 2792 2840 2905 2949 3013
7 52 92 117 205 237 276 340 381 460 536 548 647 653 746 790 812 864 937 1001 1032 1117 1135 1202 1293 1328 1373 1431 1462 1558 1601 1660 1696 1777 1798 1860 1909 1958 2034 2064 2115 2171 2262 2313 2338 2423 2456 2528 2557 2624 2683 2726 2794 2837 2874 2949 3013
7 52 92 130 165 255 275 324 408 469 537 548 626 696 704 786 830 872 955 973 1068 1124 1165 1199 1291 1330 1363 1449 1465 1562 1607 1639 1696 1774 1807 1854 1913 1961 2042 2093 2121 2190 2243 2321 2333 2390 2440 2520 2554 2608 2651 2703 2779 2856 2888 2944 3007
7 52 95 121 191 265 301 337 402 482 522 572 615 694 744 760 821 880 930 992 1038 1114 1156 1205 1290 1337 1369 1412 1495 1530 1604 1627 1720 1767 1813 1887 1895 1944 2014 2100 2115 2187 2239 2321 2331 2382 2432 2487 2539 2628 2674 2744 2777 2853 2892 2944 3007
7 52 95 145 181 243 272 337 421 454 525 585 621 653 703 772 817 864 965 978 1056 1090 1178 1192 1290 1322 1378 1457 1471 1530 1601 1631 1707 1764 1816 1860 1936 1961 2014 2065 2115 2201 2265 2276 2356 2397 2462 2487 2581 2624 2695 2726 2804 2831 2873 2938 3010
4 52 96 129 185 235 313 340 426 438 520 561 621 672 739 776 850 909 948 1009 1055 1121 1146 1204 1244 1343 1388 1419 1502 1523 1582 1671 1683 1778 1794 1861 1893 1997 2047 2066 2114 2193 2233 2301 2369 2412 2437 2511 2548 2627 2650 2705 2755 2836 2902 2916 3001
7 52 97 110 188 249 276 344 386 451 536 549 639 692 707 778 840 878 935 974 1057 1127 1170 1211 1277 1337 1373 1431 1473 1553 1617 1651 1692 1777 1786 1849 1911 1944 2034 2092 2114 2177 2244 2321 2332 2414 2473 2524 2566 2598 2647 2713 2766 2857 2887 2949 3018
7 52 97 114 187 260 273 337 386 445 527 557 621 682 713 772 838 884 949 996 1068 1119 1171 1190 1291 1345 1365 1449 1481 1562 1617 1638 1683 1763 1786 1855 1920 1952 2037 2100 2106 2183 2235 2321 2326 2413 2461 2520 2568 2605 2658 2706 2755 2849 2888 2949 3018
7 52 97 132 168 229 296 331 382 477 535 549 621 667 720 793 857 864 922 1012 1042 1110 1155 1236 1283 1298 1392 1449 1488 1547 1617 1631 1692 1778 1792 1869 1902 1958 2034 2081 2128 2199 2215 2301 2354 2393 2454 2524 2578 2605 2675 2706 2775 2832 2864 2969 3018
7 52 98 143 191 235 312 344 415 466 512 593 608 694 734 760 825 890 956 992 1027 1130 1138 1195 1269 1326 1399 1412 1483 1542 1578 1637 1683 1730 1801 1879 1914 1944 2009 2077 2152 2198 2261 2301 2331 2411 2470 2507 2550 2598 2694 2751 2757 2850 2903 2934 2984
7 52 100 135 210 249 309 344 412 451 515 572 621 661 718 774 835 871 939 995 1074 1106 1165 1230 1254 1312 1352 1449 1498 1513 1617 1656 1727 1748 1820 1880 1939 1944 2008 2059 2121 2165 2264 2286 2360 2387 2455 2488 2541 2598 2688 2713 2791 2839 2892 2925 3015
7 52 100 148 164 257 294 344 389 468 506 593 603 697 705 799 847 864 924 983 1056 1117 1164 1207 1254 1301 1397 1422 1485 1513 1609 1645 1707 1757 1788 1886 1904 1952 2008 2075 2121 2176 2258 2313 2348 2400 2470 2488 2554 2632 2680 2736 2774 2840 2911 2944 3022
7 52 100 155 190 235 299 324 416 466 497 593 621 692 739 767 817 878 955 1002 1028 1083 1138 1204 1270 1339 1398 1449 1482 1532 1617 1637 1707 1729 1816 1849 1931 1965 2002 2078 2114 2193 2251 2277 2344 2395 2471 2494 2564 2598 2695 2713 2804 2831 2902 2934 3015
7 52 101 124 209 256 309 344 390 464 515 554 602 683 730 795 822 890 960 1023 1061 1091 1153 1210 1266 1312 1352 1413 1491 1517 1589 1656 1727 1738 1801 1885 1934 1961 2019 2058 2140 2161 2227 2268 2365 2402 2434 2509 2580 2599 2649 2750 2803 2838 2893 2962 3009
4 52 101 154 178 247 300 340 395 473 511 593 602 697 739 782 816 896 961 1001 1028 1121 1135 1204 1270 1319 1385 1413 1462 1522 1589 1648 1689 1733 1796 1870 1893 1965 2023 2064 2134 2180 2262 2313 2364 2415 2464 2505 2549 2599 2691 2750 2767 2859 2902 2916 3009
7 52 102 133 209 263 310 324 419 455 487 548 615 660 726 762 839 880 928 1015 1060 1111 1184 1212 1259 1328 1377 1431 1507 1554 1584 1627 1727 1732 1798 1880 1925 1989 2010 2088 2140 2181 2254 2283 2373 2399 2440 2515 2557 2631 2683 2714 2794 2810 2866 2925 2973
7 52 102 135 212 255 303 340 415 469 502 548 603 686 731 800 821 896 948 1022 1072 1104 1165 1209 1246 1302 1355 1419 1498 1513 1569 1639 1727 1770 1796 1871 1937 1944 2029 2059 2152 2162 2238 2290 2357 2401 2456 2496 2589 2608 2659 2742 2799 2830 2871 2944 2989
7 52 102 141 171 254 298 356 415 468 487 593 608 687 737 758 861 880 936 992 1052 1087 1158 1238 1284 1319 1390 1413 1463 1528 1569 1650 1682 1732 1796 1872 1914 1989 2010 2077 2106 2204 2261 2290 2351 2408 2476 2515 2549 2635 2691 2716 2767 2814 2912 2944 2989
4 52 104 109 186 218 283 340 416 442 523 566 647 664 742 790 820 872 929 997 1045 1083 1155 1204 1273 1309 1368 1449 1485 1552 1615 1664 1707 1775 1825 1866 1931 1952 2022 2084 2128 2190 2251 2283 2326 2424 2451 2491 2544 2619 2697 2743 2801 2812 2899 2916 3006
7 52 104 144 175 245 294 344 421 448 533 566 639 659 714 778 813 871 957 985 1054 1090 1167 1192 1282 1321 1370 1457 1477 1543 1615 1625 1707 1765 1820 1838 1936 1953 2022 2058 2124 2209 2265 2268 2366 2405 2449 2491 2569 2636 2682 2727 2796 2824 2863 2931 3006
7 52 105 124 200 257 292 344 386 468 530 566 611 698 717 763 858 878 960 1019 1058 1082 1158 1227 1261 1324 1361 1413 1463 1545 1609 1650 1720 1741 1786 1885 1920 1952 2011 2077 2106 2163 2235 2301 2345 2402 2449 2490 2579 2632 2647 2736 2766 2838 2899 2969 3018
7 52 105 145 178 251 306 331 382 474 505 585 611 697 733 782 834 864 940 1001 1037 1120 1137 1215 1286 1336 1381 1413 1476 1526 1609 1636 1702 1761 1792 1886 1891 1965 2004 2101 2121 2186 2226 2321 2364 2383 2435 2497 2540 2632 2675 2736 2775 2856 2884 2949 3018
4 53 54 122 199 237 289 363 407 440 492 592 642 675 744 798 812 911 937 990 1076 1085 1146 1213 1276 1340 1367 1450 1481 1549 1567 1634 1715 1743 1792 1867 1902 1993 2005 2055 2141 2190 2222 2304 2361 2393 2452 2517 2589 2603 2679 2726 2758 2832 2908 2961 2999
4 53 54 127 208 242 284 371 407 463 523 580 640 670 741 785 861 903 931 998 1047 1083 1150 1207 1258 1320 1373 1452 1475 1518 1567 1640 1726 1762 1792 1844 1898 1978 2031 2057 2155 2202 2226 2304 2364 2389 2480 2491 2540 2618 2650 2711 2788 2852 2899 2961 2999
4 53 54 153 181 246 306 357 386 459 501 592 640 657 722 769 815 913 960 1015 1049 1082 1175 1211 1279 1315 1371 1452 1508 1546 1567 1658 1715 1734 1812 1858 1894 1991 2005 2104 2146 2177 2248 2312 2335 2405 2448 2517 2541 2618 2654 2711 2766 2834 2876 2952 2999
7 53 56 123 171 226 296 368 391 454 497 575 627 691 727 807 810 912 923 976 1067 1097 1162 1218 1280 1342 1355 1450 1479 1548 1578 1662 1714 1758 1819 1855 1911 1996 2006 2054 2154 2161 2239 2317 2355 2394 2458 2503 2588 2601 2681 2714 2787 2815 2889 2957 2994
7 53 56 133 189 259 285 372 391 451 522 579 640 659 735 757 860 908 960 1002 1054 1082 1151 1192 1271 1303 1371 1437 1463 1524 1578 1626 1710 1766 1819 1858 1915 1991 2017 2069 2158 2211 2235 2317 2347 2405 2472 2492 2538 2606 2678 2709 2790 2854 2871 2957 2994
7 53 57 123 185 266 300 368 407 474 506 588 646 661 747 765 842 899 923 975 1048 1085 1172 1213 1270 1321 1366 1450 1494 1533 1598 1647 1715 1742 1810 1855 1902 1978 2023 2071 2155 2196 2222 2315 2334 2394 2468 2486 2549 2643 2647 2744 2754 2815 2905 2956 2980
7 53 57 124 199 216 292 359 429 433 515 588 633 656 734 759 816 913 922 1010 1049 1125 1158 1222 1257 1305 1392 1451 1488 1532 1575 1631 1715 1749 1825 1847 1940 1988 2000 2080 2141 2167 2255 2320 2340 2402 2446 2509 2551 2621 2660 2731 2774 2825 2900 2963 3004
7 53 57 129 200 223 286 373 429 443 506 580 641 648 720 763 823 899 928 1006 1042 1107 1159 1226 1263 1314 1380 1443 1500 1540 1575 1625 1722 1742 1825 1837 1931 1978 2023 2098 2151 2163 2264 2320 2354 2401 2454 2486 2544 2623 2666 2729 2768 2817 2899 2963 3004
7 53 59 128 214 243 278 376 414 433 499 586 643 683 732 801 814 903 932 1013 1052 1083 1158 1196 1247 1319 1363 1451 1488 1528 1572 1631 1719 1771 1803 1873 1909 1984 2018 2080 2141 2170 2254 2304 2372 2400 2463 2502 2581 2592 2675 2733 2756 2832 2873 2965 2986
7 53 60 117 185 232 315 376 414 437 520 587 638 661 733 765 834 903 950 975 1037 1121 1145 1214 1243 1339 1400 1450 1487 1539 1571 1646 1723 1765 1803 1879 1928 1978 2031 2060 2147 2181 2233 2316 2334 2427 2445 2484 2560 2610 2675 2720 2756 2812 2887 2952 2986
7 53 61 122 204 217 285 359 403 432 522 592 643 681 713 800 841 911 941 1022 1040 1109 1165 1210 1255 1302 1371 1437 1495 1535 1595 1627 1722 1766 1787 1840 1932 1988 2017 2088 2146 2186 2259 2314 2373 2378 2457 2487 2557 2621 2664 2710 2771 2828 2870 2957 2982
7 53 61 123 170 248 284 371 403 436 509 588 627 649 753 781 829 899 924 994 1053 1115 1136 1238 1280 1317 1387 1453 1479 1548 1595 1644 1726 1740 1787 1836 1935 1983 2001 2082 2151 2204 2256 2314 2332 2408 2444 2503 2569 2602 2663 2729 2772 2814 2904 2957 2982
7 53 62 115 214 218 275 370 402 453 505 592 629 693 726 791 820 912 929 1013 1063 1097 1170 1209 1264 1303 1367 1444 1476 1515 1588 1636 1719 1771 1783 1862 1922 1991 2012 2091 2141 2164 2242 2317 2372 2381 2463 2497 2570 2622 2646 2743 2783 2838 2876 2956 2981
7 53 64 124 194 236 279 371 389 434 514 589 634 693 739 806 816 912 922 1009 1067 1088 1157 1207 1268 1329 1379 1439 1478 1542 1588 1624 1714 1728 1796 1862 1893 1990 1999 2067 2141 2176 2238 2320 2357 2388 2437 2510 2589 2622 2690 2743 2774 2825 2901 2961 2979
7 53 64 128 192 259 276 371 420 451 486 579 638 651 753 774 814 910 932 984 1064 1115 1151 1238 1268 1312 1381 1456 1474 1542 1574 1626 1723 1756 1811 1859 1935 1992 1999 2057 2141 2194 2241 2304 2329 2414 2440 2510 2575 2606 2668 2713 2756 2832 2904 2957 2993
4 53 66 122 205 231 271 370 429 439 496 587 634 653 739 768 812 916 937 1017 1034 1107 1165 1226 1245 1324 1374 1443 1495 1535 1585 1620 1722 1750 1814 1852 1931 1988 2007 2088 2141 2182 2264 2304 2348 2407 2459 2497 2568 2598 2656 2718 2758 2832 2880 2966 3015
7 53 66 150 176 222 288 368 410 447 489 588 634 664 702 787 845 897 943 996 1051 1110 1154 1215 1253 1335 1358 1443 1486 1534 1585 1656 1721 1751 1833 1841 1900 1990 2011 2054 2158 2193 2218 2317 2342 2388 2468 2493 2565 2598 2688 2718 2804 2854 2863 2952 3015
7 53 67 126 208 248 270 364 393 441 518 587 629 677 745 778 851 908 954 998 1035 1086 1163 1208 1255 1297 1357 1437 1466 1515 1590 1648 1726 1762 1813 1857 1908 1992 2036 2064 2155 2211 2219 2314 2364 2392 2480 2508 2549 2596 2672 2702 2782 2847 2875 2956 2991
4 53 67 153 180 225 283 372 408 465 498 592 629 669 730 771 822 913 960 1010 1033 1091 1185 1189 1273 1316 1359 1437 1508 1546 1590 1663 1721 1731 1799 1865 1916 1984 2022 2094 2151 2191 2242 2308 2359 2399 2438 2523 2544 2596 2664 2702 2759 2834 2862 2963 2991
4 53 68 115 186 259 292 364 409 445 515 588 638 664 753 787 820 916 929 987 1053 1125 1146 1238 1280 1307 1392 1450 1461 1530 1571 1629 1710 1730 1782 1841 1924 1983 2020 2076 2141 2194 2253 2317 2342 2402 2434 2522 2563 2612 2647 2718 2783 2838 2904 2964 2977
4 53 68 129 204 232 277 376 409 437 504 575 640 691 722 789 835 904 926 1022 1030 1103 1159 1203 1244 1326 1353 1448 1500 1540 1571 1632 1722 1766 1782 1849 1927 1978 2035 2098 2146 2192 2250 2317 2373 2389 2457 2506 2548 2610 2674 2720 2755 2819 2886 2964 2977
4 53 69 111 172 222 308 370 403 447 513 588 627 661 734 769 838 904 950 994 1049 1130 1154 1222 1257 1315 1391 1456 1460 1536 1583 1656 1723 1753 1794 1879 1935 1988 2030 2082 2146 2160 2256 2315 2330 2427 2431 2505 2541 2598 2654 2720 2785 2818 2900 2952 2975
7 53 69 118 165 231 307 368 388 439 500 589 627 691 739 807 839 903 926 982 1067 1083 1134 1207 1268 1331 1373 1456 1459 1537 1583 1651 1722 1752 1808 1849 1898 1990 2019 2081 2147 2182 2245 2304 2355 2389 2432 2516 2588 2598 2692 2720 2797 2830 2901 2964 2975
7 53 71 122 190 267 296 363 392 482 497 587 643 673 745 767 814 916 937 972 1035 1098 1168 1208 1255 1339 1355 1450 1495 1535 1604 1665 1719 1758 1803 1867 1896 1992 2006 2085 2143 2194 2221 2302 2322 2393 2440 2487 2560 2635 2675 2728 2756 2832 2875 2957 3008
4 53 71 145 166 244 279 363 404 434 516 584 634 654 724 775 855 912 949 989 1040 1081 1157 1199 1255 1329 1377 1437 1472 1535 1602 1624 1721 1739 1823 1842 1916 1996 2006 2073 2143 2203 2246 2314 2339 2376 2456 2487 2582 2614 2697 2716 2804 2843 2870 2966 3010
4 53 72 108 182 257 296 368 389 482 491 580 643 652 741 758 835 916 945 987 1047 1088 1168 1207 1258 1339 1362 1439 1489 1519 1609 1665 1714 1744 1791 1845 1893 1978 2016 2090 2153 2188 2238 2316 2346 2406 2461 2490 2567 2643 2669 2734 2765 2809 2899 2964 2984
7 53 72 128 162 266 306 357 385 474 501 579 643 658 747 786 848 910 941 973 1038 1109 1160 1230 1247 1315 1371 1439 1488 1528 1609 1658 1715 1735 1795 1840 1913 1988 2004 2078 2158 2196 2225 2315 2350 2378 2462 2502 2546 2643 2649 2734 2778 2823 2888 2965 2984
4 53 72 139 173 237 300 368 410 442 502 579 641 651 731 774 855 897 955 1001 1062 1104 1135 1190 1258 1323 1370 1452 1458 1519 1579 1645 1715 1733 1833 1859 1894 1996 2016 2081 2153 2203 2224 2304 2329 2391 2456 2490 2577 2601 2688 2713 2804 2843 2883 2966 3015
7 53 72 144 188 225 290 370 385 436 502 580 629 698 730 791 818 897 956 1014 1058 1105 1136 1189 1249 1311 1380 1453 1479 1527 1609 1644 1714 1733 1795 1877 1901 1996 2016 2082 2151 2191 2237 2315 2367 2403 2442 2490 2576 2626 2670 2751 2757 2826 2862 2965 2984
7 53 75 111 166 219 304 370 402 455 531 580 638 667 720 762 840 912 950 989 1042 1121 1148 1226 1263 1328 1400 1456 1482 1514 1574 1657 1710 1754 1783 1879 1918 1978 2041 2073 2154 2168 2246 2308 2339 2427 2442 2514 2545 2605 2646 2714 2783 2818 2899 2966 2981
4 53 76 114 193 227 274 372 385 462 510 589 633 686 728 798 827 911 933 997 1076 1109 1161 1230 1276 1329 1352 1439 1458 1543 1569 1630 1715 1748 1796 1872 1913 1996 2013 2053 2151 2165 2225 2314 2349 2398 2447 2523 2589 2600 2690 2719 2774 2814 2908 2950 2983
7 53 76 138 168 245 315 376 390 443 520 580 633 684 712 777 811 908 944 978 1028 1131 1138 1220 1265 1339 1400 1439 1474 1532 1569 1646 1723 1759 1791 1874 1933 1992 2036 2070 2154 2189 2234 2302 2337 2418 2430 2499 2567 2600 2669 2719 2765 2833 2865 2963 2983
7 53 77 135 199 233 312 372 400 437 515 575 633 675 721 798 817 908 919 990 1077 1089 1145 1202 1274 1342 1372 1450 1487 1522 1586 1646 1708 1749 1819 1861 1903 1993 2000 2060 2147 2166 2217 2320 2361 2387 2446 2488 2588 2609 2681 2732 2787 2808 2906 2964 2985
7 53 77 150 206 242 298 368 400 457 495 573 640 665 741 762 860 912 943 986 1042 1088 1144 1207 1263 1296 1379 1443 1480 1540 1586 1621 1710 1760 1819 1841 1893 1984 2002 2061 2155 2202 2227 2320 2341 2388 2481 2486 2545 2624 2678 2717 2790 2854 2899 2964 2985
7 53 78 114 174 267 312 372 397 482 508 587 646 666 735 764 829 913 933 995 1056 1082 1168 1192 1269 1322 1378 1439 1489 1512 1593 1665 1708 1737 1799 1872 1915 1983 2009 2090 2153 2204 2229 2312 2324 2398 2444 2485 2550 2635 2651 2739 2772 2814 2871 2957 3002
7 53 78 136 194 233 299 373 419 437 514 587 634 662 721 779 825 910 920 1006 1039 1113 1159 1231 1251 1304 1360 1448 1500 1534 1596 1632 1708 1728 1820 1860 1941 1992 1999 2098 2146 2166 2264 2320 2360 2380 2437 2495 2541 2609 2665 2721 2792 2829 2875 2952 2998
7 53 79 128 180 224 298 359 428 442 516 579 642 669 715 771 833 910 941 1010 1032 1113 1158 1231 1260 1296 1360 1437 1488 1528 1608 1621 1719 1736 1816 1838 1941 1984 2010 2080 2154 2173 2255 2320 2359 2380 2433 2489 2545 2615 2678 2730 2793 2823 2881 2966 3017
4 53 81 126 206 250 294 357 387 470 490 584 646 654 747 773 851 911 954 986 1031 1109 1156 1230 1254 1317 1352 1444 1461 1520 1566 1635 1710 1760 1807 1851 1913 1983 2008 2065 2155 2210 2223 2314 2341 2398 2481 2515 2554 2625 2677 2707 2782 2847 2888 2965 2971
4 53 81 131 188 221 288 371 387 447 494 575 634 683 721 806 826 897 932 1014 1077 1093 1154 1202 1274 1335 1353 1456 1460 1516 1566 1656 1719 1739 1807 1873 1899 1993 2029 2082 2146 2178 2237 2314 2367 2400 2435 2494 2580 2599 2673 2733 2786 2828 2906 2965 2971
4 53 81 133 186 231 313 373 402 438 519 584 634 685 739 779 839 903 963 992 1029 1121 1151 1226 1250 1310 1401 1456 1463 1524 1566 1639 1710 1732 1793 1870 1918 1991 2008 2069 2141 2182 2246 2316 2336 2426 2432 2515 2551 2599 2655 2733 2777 2851 2880 2963 2971
7 53 85 117 179 228 306 364 423 435 501 579 638 668 711 787 853 911 921 977 1051 1109 1141 1210 1243 1335 1371 1452 1487 1539 1603 1638 1708 1734 1832 1860 1932 1993 2005 2064 2158 2174 2241 2314 2338 2378 2450 2484 2565 2616 2688 2715 2805 2841 2872 2952 3006
7 53 85 127 187 258 299 373 391 458 514 579 640 689 731 795 819 904 961 1002 1062 1084 1138 1190 1258 1304 1360 1439 1475 1518 1600 1632 1708 1729 1805 1887 1915 1996 1998 2069 2154 2183 2235 2316 2349 2409 2441 2491 2556 2638 2649 2750 2767 2822 2883 2961 3009
7 53 86 142 179 236 278 368 407 461 499 586 634 668 739 787 817 899 955 977 1053 1083 1176 1207 1283 1307 1363 1452 1503 1562 1570 1642 1726 1747 1810 1850 1898 1993 2042 2079 2141 2176 2226 2308 2338 2400 2436 2535 2563 2594 2647 2725 2754 2840 2901 2964 2980
7 53 86 146 170 230 287 357 405 452 505 586 642 677 740 799 813 913 954 983 1071 1087 1164 1219 1292 1301 1356 1444 1484 1553 1570 1637 1726 1741 1812 1857 1890 1979 2042 2078 2151 2184 2215 2315 2344 2392 2443 2535 2564 2617 2658 2702 2762 2826 2897 2956 2980
4 53 88 136 189 219 313 373 378 444 537 586 642 668 710 772 847 911 920 997 1031 1090 1142 1217 1267 1316 1382 1448 1480 1554 1603 1634 1710 1769 1789 1860 1919 1984 2048 2063 2158 2179 2215 2308 2353 2380 2469 2529 2555 2616 2652 2715 2770 2829 2873 2950 3003
7 53 88 146 166 243 292 364 391 433 528 586 633 654 712 775 818 913 954 989 1069 1082 1158 1192 1293 1305 1378 1437 1484 1553 1597 1631 1710 1754 1805 1851 1915 1996 2044 2084 2154 2191 2235 2312 2339 2398 2442 2534 2552 2592 2659 2707 2757 2826 2895 2965 3009
7 53 90 127 186 245 312 372 404 443 515 580 638 671 730 794 843 903 931 992 1058 1091 1138 1189 1249 1342 1372 1451 1475 1518 1584 1646 1708 1730 1823 1848 1916 1996 2020 2069 2143 2170 2246 2317 2336 2385 2434 2500 2573 2600 2696 2703 2805 2852 2862 2963 3010
4 53 90 131 181 227 270 376 419 462 493 573 638 660 728 765 826 899 932 1015 1048 1115 1143 1233 1270 1297 1381 1451 1462 1514 1584 1648 1715 1734 1809 1859 1940 1992 2014 2086 2146 2165 2265 2314 2335 2414 2448 2506 2549 2600 2672 2703 2786 2828 2905 2966 3010
7 53 90 150 162 238 289 363 404 444 492 573 641 678 716 766 845 912 943 973 1030 1097 1142 1209 1244 1340 1367 1448 1480 1540 1584 1634 1715 1735 1823 1847 1922 1979 2014 2063 2158 2199 2240 2317 2350 2381 2462 2506 2571 2595 2697 2708 2804 2854 2886 2963 3010
7 53 91 115 193 221 272 373 428 447 510 588 633 649 721 767 815 916 947 999 1035 1113 1170 1231 1255 1325 1354 1437 1476 1515 1597 1641 1719 1748 1827 1864 1941 1991 2013 2091 2147 2178 2255 2314 2347 2386 2447 2508 2560 2599 2689 2700 2781 2820 2875 2952 3006
4 53 91 124 170 267 288 371 378 474 489 588 640 690 735 785 829 913 922 983 1028 1110 1160 1198 1265 1333 1358 1439 1488 1532 1600 1658 1719 1740 1789 1862 1919 1984 2022 2078 2158 2204 2215 2302 2344 2388 2444 2499 2559 2642 2662 2746 2760 2825 2865 2956 3003
4 53 91 126 165 258 286 373 378 458 506 584 629 699 724 800 831 911 956 982 1040 1105 1145 1199 1255 1314 1380 1450 1466 1515 1600 1625 1722 1752 1789 1877 1891 1996 2013 2083 2147 2190 2243 2302 2355 2403 2432 2508 2557 2638 2652 2750 2770 2845 2870 2956 3003
4 53 92 109 206 218 315 376 381 461 536 586 627 654 726 773 820 912 918 986 1043 1117 1155 1203 1272 1322 1384 1444 1469 1537 1602 1662 1723 1779 1790 1842 1914 1983 2040 2061 2143 2164 2227 2312 2341 2408 2463 2512 2543 2614 2658 2716 2785 2836 2882 2964 2989
7 53 95 115 172 247 290 370 421 470 517 588 641 690 709 785 838 916 929 981 1047 1098 1156 1194 1278 1320 1366 1444 1461 1530 1616 1635 1714 1753 1814 1862 1910 1979 2026 2065 2155 2160 2228 2302 2344 2381 2431 2524 2540 2628 2650 2746 2764 2838 2877 2961 3022
4 53 95 118 169 253 285 359 410 464 522 579 641 674 716 761 823 913 939 1001 1043 1082 1134 1211 1272 1302 1371 1444 1459 1537 1616 1627 1722 1746 1825 1878 1894 1990 2037 2081 2158 2184 2224 2312 2333 2405 2433 2512 2555 2628 2666 2746 2768 2817 2882 2950 3022
7 53 95 128 177 258 277 376 421 458 504 579 634 680 724 756 812 910 932 978 1027 1093 1138 1197 1266 1326 1353 1451 1474 1542 1616 1632 1722 1764 1814 1873 1904 1993 2037 2070 2143 2190 2234 2302 2328 2400 2452 2512 2566 2638 2656 2736 2758 2832 2872 2961 3022
7 53 96 109 186 267 306 364 383 474 507 588 643 685 745 779 820 910 918 992 1039 1086 1160 1208 1251 1315 1365 1456 1483 1523 1611 1658 1708 1730 1794 1868 1908 1991 2028 2084 2143 2194 2231 2312 2336 2383 2434 2507 2541 2642 2654 2736 2785 2836 2875 2956 2997
4 53 96 121 199 247 294 359 388 470 488 588 646 689 702 783 816 911 961 990 1051 1090 1156 1215 1253 1317 1354 1453 1470 1521 1611 1635 1708 1749 1787 1887 1921 1990 2028 2055 2147 2167 2222 2308 2361 2409 2446 2507 2569 2628 2663 2750 2772 2827 2863 2961 2997
7 53 96 144 175 253 271 370 383 464 496 573 646 699 716 789 813 904 956 991 1030 1111 1140 1209 1244 1324 1374 1453 1473 1533 1611 1620 1722 1737 1794 1877 1907 1979 2021 2058 2154 2184 2232 2312 2365 2403 2443 2514 2548 2628 2676 2750 2762 2826 2886 2956 2997
7 53 97 131 201 226 315 376 384 454 536 575 642 651 703 764 841 897 932 1008 1056 1112 1162 1188 1252 1322 1384 1451 1460 1516 1579 1662 1723 1769 1800 1859 1897 1988 2049 2074 2153 2186 2230 2308 2340 2414 2457 2518 2550 2601 2651 2713 2771 2828 2890 2957 2990
7 53 97 153 190 219 294 357 384 455 490 589 641 659 720 781 822 916 960 972 1053 1101 1171 1224 1283 1317 1352 1452 1492 1562 1579 1635 1710 1738 1800 1858 1906 1990 2032 2085 2151 2168 2221 2308 2322 2405 2460 2535 2569 2605 2663 2709 2759 2834 2901 2957 2990
7 53 99 108 201 232 313 359 406 449 537 592 633 656 722 759 835 904 945 1008 1049 1084 1139 1211 1279 1310 1382 1448 1465 1543 1592 1639 1723 1769 1804 1866 1892 1991 2048 2068 2153 2192 2236 2316 2340 2386 2457 2520 2551 2597 2655 2712 2765 2809 2876 2950 3014
4 53 99 146 162 233 284 371 399 448 523 589 633 678 721 766 825 910 935 973 1059 1093 1164 1202 1293 1320 1373 1448 1484 1553 1592 1640 1726 1759 1811 1843 1899 1979 2034 2078 2147 2166 2225 2302 2350 2379 2437 2534 2542 2597 2648 2712 2776 2845 2906 2965 3014
7 53 99 151 176 223 270 364 406 462 518 589 638 664 720 787 823 899 936 996 1053 1096 1143 1224 1283 1297 1357 1443 1490 1563 1592 1648 1726 1765 1804 1853 1912 1990 2034 2056 2154 2163 2216 2316 2342 2382 2454 2534 2563 2604 2657 2705 2763 2822 2901 2950 3014
7 53 104 129 168 225 284 376 416 436 523 580 627 667 732 773 811 899 926 988 1031 1083 1136 1196 1267 1317 1373 1448 1486 1554 1617 1644 1721 1759 1809 1849 1909 1990 2034 2074 2155 2189 2252 2308 2327 2389 2430 2529 2554 2626 2677 2744 2780 2819 2873 2965 3013
4 53 104 136 185 246 270 376 421 457 518 587 642 666 718 764 834 910 938 985 1038 1086 1144 1206 1267 1324 1357 1443 1480 1554 1607 1621 1715 1765 1814 1872 1910 1979 2034 2061 2155 2181 2228 2312 2324 2392 2445 2529 2568 2620 2656 2739 2758 2810 2866 2950 3022
